Order_ID,Customer_Name,Product_Category,Product_Name,Units_Sold,Unit_Price,Discount_%,Order_Date,City,Segment,Profit,sales_amount.1,discount_c
BF100304,Shreya Kapoor,Bottomwear,Parachute Pants,3,2785.03,30.0,2025-01-01,Lucknow,Working Professional,1419.83,5848.56,2506.53
BF100647,Aditya Agarwal,Jackets,Denim Jacket,4,4458.54,0.0,2025-01-01,Jaipur,Premium Shopper,5025.41,17834.16,0.0
BF100872,Aditi Gupta,Hoodies,Essential Hoodie,1,1826.16,25.0,2025-01-01,Chennai,Student,331.83,1369.62,456.54
BF101568,Aanya Shah,Jackets,Varsity Jacket,2,3451.73,40.0,2025-01-01,Mumbai,Working Professional,853.23,4142.08,2761.38
BF101769,Karan Bansal,Jackets,Varsity Jacket,1,4438.11,15.0,2025-01-01,Delhi,Young Professional,918.69,3772.39,665.72
BF102564,Karan Singh,Jeans,Wide Leg Jeans,5,2549.49,20.0,2025-01-01,Pune,Casual Shopper,2360.87,10197.96,2549.49
BF102818,Vivaan Patel,Hoodies,Heavyweight Hoodie,1,2566.76,0.0,2025-01-01,Kolkata,Casual Shopper,730.35,2566.76,0.0
BF101130,Kavya Kumar,T-Shirts,Vintage Print Tee,3,1643.3,10.0,2025-01-02,Hyderabad,Premium Shopper,1438.73,4436.91,492.99
BF101494,Vivaan Gupta,Jeans,Relaxed Jeans,2,2949.14,15.0,2025-01-02,Chandigarh,Student,1112.37,5013.54,884.74
BF101714,Yash Verma,Bottomwear,Joggers,1,2006.68,25.0,2025-01-02,Pune,Working Professional,314.58,1505.01,501.67
BF102028,Neha Chopra,Hoodies,Heavyweight Hoodie,1,3386.98,10.0,2025-01-02,Mumbai,Casual Shopper,866.55,3048.28,338.7
BF102397,Nisha Reddy,T-Shirts,Drop Shoulder Tee,3,1579.19,15.0,2025-01-02,Gurugram,Student,1072.56,4026.93,710.64
BF102444,Rahul Agarwal,Hoodies,Printed Hoodie,1,2912.5,15.0,2025-01-02,Surat,Premium Shopper,668.33,2475.62,436.88
BF100364,Sakshi Malhotra,Hoodies,Essential Hoodie,3,2988.76,20.0,2025-01-03,Lucknow,Casual Shopper,1845.72,7173.02,1793.26
BF101656,Kavya Mishra,Hoodies,Streetwear Hoodie,1,1712.06,0.0,2025-01-03,Pune,Student,476.53,1712.06,0.0
BF102943,Diya Das,T-Shirts,Boxy Graphic Tee,3,796.64,15.0,2025-01-03,Lucknow,Young Professional,577.97,2031.43,358.49
BF101436,Nisha Nair,T-Shirts,Vintage Print Tee,1,1364.91,10.0,2025-01-04,Hyderabad,Student,273.89,1228.42,136.49
BF101758,Simran Patel,Jackets,Overshirt Jacket,5,4333.73,15.0,2025-01-04,Hyderabad,Premium Shopper,4637.91,18418.35,3250.3
BF102569,Anika Joshi,T-Shirts,Vintage Print Tee,2,1489.05,15.0,2025-01-04,Jaipur,Student,754.32,2531.38,446.72
BF100390,Sneha Patel,T-Shirts,Drop Shoulder Tee,1,1336.47,15.0,2025-01-05,Ahmedabad,Young Professional,398.93,1136.0,200.47
BF101252,Shreya Singh,Jackets,Varsity Jacket,4,4062.55,15.0,2025-01-05,Delhi,Working Professional,3431.15,13812.67,2437.53
BF101586,Yash Mehta,T-Shirts,Oversized Street Tee,2,1365.71,5.0,2025-01-05,Ahmedabad,Student,807.83,2594.85,136.57
BF101682,Rohan Mehta,T-Shirts,Boxy Graphic Tee,2,1132.25,20.0,2025-01-05,Pune,Student,512.92,1811.6,452.9
BF101690,Ishaan Joshi,T-Shirts,Vintage Print Tee,2,727.82,15.0,2025-01-05,Surat,Young Professional,310.01,1237.29,218.35
BF101945,Tanya Sharma,T-Shirts,Boxy Graphic Tee,2,1621.85,10.0,2025-01-05,Gurugram,Casual Shopper,881.63,2919.33,324.37
BF102034,Meera Reddy,T-Shirts,Vintage Print Tee,1,1115.75,10.0,2025-01-05,Noida,Working Professional,278.05,1004.18,111.57
BF102651,Manya Singh,Bottomwear,Baggy Trousers,3,2996.62,15.0,2025-01-05,Chennai,Premium Shopper,2164.93,7641.38,1348.48
BF102904,Kavya Mehta,Hoodies,Essential Hoodie,1,2750.78,10.0,2025-01-05,Noida,Working Professional,710.74,2475.7,275.08
BF100209,Anika Shah,T-Shirts,Boxy Graphic Tee,1,1481.51,20.0,2025-01-06,Jaipur,Student,395.8,1185.21,296.3
BF102525,Ananya Verma,Jeans,Baggy Jeans,5,3669.76,25.0,2025-01-06,Mumbai,Working Professional,3296.85,13761.6,4587.2
BF101105,Riya Bansal,Jeans,Relaxed Jeans,2,1992.65,5.0,2025-01-07,Jaipur,Student,892.77,3786.04,199.27
BF101283,Riya Gupta,T-Shirts,Boxy Graphic Tee,1,1100.28,0.0,2025-01-07,Ahmedabad,Casual Shopper,317.88,1100.28,0.0
BF101570,Aanya Patel,Jeans,Distressed Jeans,2,1949.42,30.0,2025-01-07,Jaipur,Casual Shopper,609.01,2729.19,1169.65
BF102194,Ishaan Mishra,Jeans,Wide Leg Jeans,3,1929.63,10.0,2025-01-07,Surat,Casual Shopper,1278.28,5210.0,578.89
BF102548,Ananya Mehta,Bottomwear,Cargo Pants,2,2854.14,5.0,2025-01-07,Lucknow,Student,1409.85,5422.87,285.41
BF100244,Sneha Mehta,Hoodies,Heavyweight Hoodie,3,2987.22,30.0,2025-01-08,Kolkata,Casual Shopper,1468.48,6273.16,2688.5
BF100681,Meera Malhotra,Jeans,Wide Leg Jeans,1,2633.26,10.0,2025-01-08,Chennai,Student,573.41,2369.93,263.33
BF101595,Ishaan Patel,Jeans,Baggy Jeans,1,2112.41,0.0,2025-01-08,Pune,Casual Shopper,588.39,2112.41,0.0
BF102134,Arjun Chopra,Jeans,Baggy Jeans,5,3150.03,25.0,2025-01-08,Chandigarh,Premium Shopper,3023.43,11812.61,3937.54
BF100111,Tanya Malhotra,T-Shirts,Boxy Graphic Tee,1,777.76,20.0,2025-01-09,Surat,Student,240.88,622.21,155.55
BF100335,Simran Kumar,Jeans,Wide Leg Jeans,4,3051.79,30.0,2025-01-09,Chennai,Working Professional,1972.78,8545.01,3662.15
BF100575,Pooja Joshi,Bottomwear,Cargo Pants,3,2704.07,15.0,2025-01-09,Kolkata,Premium Shopper,1847.15,6895.38,1216.83
BF101185,Riya Kapoor,Jeans,Baggy Jeans,1,3440.68,15.0,2025-01-09,Mumbai,Student,695.61,2924.58,516.1
BF101195,Shreya Patel,Jeans,Baggy Jeans,1,3553.83,0.0,2025-01-09,Jaipur,Premium Shopper,989.02,3553.83,0.0
BF102474,Aditi Nair,Jeans,Distressed Jeans,1,3108.87,15.0,2025-01-09,Gurugram,Casual Shopper,536.73,2642.54,466.33
BF102662,Manya Gupta,T-Shirts,Drop Shoulder Tee,4,924.07,5.0,2025-01-09,Kolkata,Young Professional,1061.75,3511.47,184.81
BF102979,Karan Shah,Bottomwear,Parachute Pants,1,1659.22,15.0,2025-01-09,Chandigarh,Premium Shopper,378.3,1410.34,248.88
BF100702,Rahul Saxena,Jeans,Baggy Jeans,1,2169.93,15.0,2025-01-10,Ahmedabad,Young Professional,517.13,1844.44,325.49
BF100726,Aarav Verma,Hoodies,Essential Hoodie,3,3149.7,15.0,2025-01-10,Noida,Working Professional,2215.33,8031.73,1417.36
BF100779,Aditya Chopra,Jeans,Wide Leg Jeans,2,2462.22,10.0,2025-01-10,Chandigarh,Working Professional,1320.66,4432.0,492.44
BF101116,Rohan Malhotra,Bottomwear,Joggers,2,2197.62,10.0,2025-01-10,Chandigarh,Premium Shopper,1137.95,3955.72,439.52
BF100298,Kavya Malhotra,T-Shirts,Drop Shoulder Tee,1,1031.69,30.0,2025-01-11,Ahmedabad,Student,157.28,722.18,309.51
BF100423,Ishaan Jain,Bottomwear,Parachute Pants,1,1904.42,15.0,2025-01-11,Lucknow,Working Professional,484.79,1618.76,285.66
BF101029,Nisha Jain,T-Shirts,Vintage Print Tee,3,1010.34,20.0,2025-01-11,Lucknow,Student,593.69,2424.82,606.2
BF101270,Aanya Das,Bottomwear,Joggers,1,2173.66,5.0,2025-01-11,Surat,Working Professional,506.84,2064.98,108.68
BF102400,Diya Sharma,Bottomwear,Joggers,1,2392.79,25.0,2025-01-11,Jaipur,Student,422.98,1794.59,598.2
BF102229,Karan Shah,Jeans,Wide Leg Jeans,1,2191.61,25.0,2025-01-12,Bengaluru,Student,360.72,1643.71,547.9
BF102538,Karan Jain,Bottomwear,Cargo Pants,2,2950.8,20.0,2025-01-12,Delhi,Working Professional,1234.02,4721.28,1180.32
BF100021,Manya Malhotra,Jeans,Baggy Jeans,2,3069.33,25.0,2025-01-13,Noida,Student,1017.39,4604.0,1534.66
BF101556,Tanya Patel,Hoodies,Printed Hoodie,2,1681.72,10.0,2025-01-13,Delhi,Working Professional,855.49,3027.1,336.34
BF101691,Aanya Das,T-Shirts,Vintage Print Tee,2,1336.25,0.0,2025-01-13,Ahmedabad,Premium Shopper,860.96,2672.5,0.0
BF102734,Sakshi Mehta,T-Shirts,Oversized Street Tee,3,792.63,15.0,2025-01-13,Noida,Premium Shopper,613.98,2021.21,356.68
BF100008,Anika Malhotra,T-Shirts,Oversized Street Tee,1,1211.47,20.0,2025-01-14,Delhi,Working Professional,192.32,969.18,242.29
BF100272,Priya Saxena,Jackets,Overshirt Jacket,5,4443.5,10.0,2025-01-14,Bengaluru,Working Professional,5019.62,19995.75,2221.75
BF100844,Riya Joshi,T-Shirts,Vintage Print Tee,1,1200.21,0.0,2025-01-14,Pune,Student,423.07,1200.21,0.0
BF100877,Aanya Bansal,Bottomwear,Parachute Pants,1,2791.07,0.0,2025-01-14,Mumbai,Casual Shopper,727.22,2791.07,0.0
BF101718,Tanya Joshi,T-Shirts,Oversized Street Tee,2,1584.96,0.0,2025-01-15,Pune,Premium Shopper,1028.26,3169.92,0.0
BF101278,Riya Sharma,T-Shirts,Vintage Print Tee,2,1490.96,15.0,2025-01-16,Chennai,Young Professional,703.35,2534.63,447.29
BF102278,Neha Mehta,Bottomwear,Baggy Trousers,1,2568.8,25.0,2025-01-16,Delhi,Working Professional,450.24,1926.6,642.2
BF100197,Rahul Bansal,T-Shirts,Vintage Print Tee,2,1316.45,0.0,2025-01-17,Chandigarh,Premium Shopper,887.35,2632.9,0.0
BF100750,Kritika Joshi,T-Shirts,Drop Shoulder Tee,2,1457.13,0.0,2025-01-17,Bengaluru,Student,815.55,2914.26,0.0
BF100938,Rohan Agarwal,Jeans,Baggy Jeans,2,3251.92,25.0,2025-01-17,Ahmedabad,Working Professional,1173.26,4877.88,1625.96
BF101996,Isha Chopra,Hoodies,Streetwear Hoodie,1,2445.99,30.0,2025-01-17,Bengaluru,Student,389.63,1712.19,733.8
BF100458,Kabir Bansal,Jackets,Utility Jacket,5,2934.59,25.0,2025-01-18,Noida,Working Professional,2443.49,11004.71,3668.24
BF101247,Neha Mehta,T-Shirts,Vintage Print Tee,4,1475.66,0.0,2025-01-18,Mumbai,Casual Shopper,1874.36,5902.64,0.0
BF102961,Isha Mehta,T-Shirts,Vintage Print Tee,3,1493.66,20.0,2025-01-18,Gurugram,Student,949.87,3584.78,896.2
BF101172,Nisha Das,Jeans,Baggy Jeans,1,2905.44,35.0,2025-01-19,Ahmedabad,Premium Shopper,469.45,1888.54,1016.9
BF102240,Anika Chopra,Hoodies,Heavyweight Hoodie,2,1659.53,30.0,2025-01-19,Hyderabad,Student,550.85,2323.34,995.72
BF102454,Kavya Gupta,T-Shirts,Drop Shoulder Tee,4,1016.8,15.0,2025-01-19,Jaipur,Casual Shopper,1021.11,3457.12,610.08
BF102635,Sakshi Verma,Hoodies,Heavyweight Hoodie,1,2274.39,25.0,2025-01-19,Mumbai,Casual Shopper,388.65,1705.79,568.6
BF102455,Priya Joshi,Jeans,Distressed Jeans,1,3047.42,5.0,2025-01-20,Chennai,Working Professional,814.71,2895.05,152.37
BF102811,Shreya Reddy,T-Shirts,Drop Shoulder Tee,1,1296.2,15.0,2025-01-20,Delhi,Working Professional,307.37,1101.77,194.43
BF100090,Aanya Bansal,T-Shirts,Drop Shoulder Tee,1,728.76,0.0,2025-01-21,Noida,Premium Shopper,298.52,728.76,0.0
BF100169,Sakshi Mehta,Jackets,Utility Jacket,1,2708.33,20.0,2025-01-21,Gurugram,Young Professional,535.15,2166.66,541.67
BF100686,Kabir Verma,Jeans,Baggy Jeans,3,2766.23,5.0,2025-01-21,Lucknow,Working Professional,2203.85,7883.76,414.93
BF100817,Riya Sharma,T-Shirts,Oversized Street Tee,1,1641.93,15.0,2025-01-21,Delhi,Casual Shopper,374.54,1395.64,246.29
BF100959,Nisha Jain,Jackets,Utility Jacket,1,3600.04,15.0,2025-01-21,Bengaluru,Working Professional,677.53,3060.03,540.01
BF101305,Karan Mishra,T-Shirts,Drop Shoulder Tee,4,909.88,5.0,2025-01-21,Chandigarh,Student,982.6,3457.54,181.98
BF101369,Sneha Joshi,Jeans,Relaxed Jeans,2,3896.04,30.0,2025-01-21,Hyderabad,Student,1086.43,5454.46,2337.62
BF101456,Aarav Reddy,Jackets,Overshirt Jacket,2,2513.72,15.0,2025-01-21,Mumbai,Casual Shopper,1034.28,4273.32,754.12
BF101889,Kabir Reddy,Hoodies,Heavyweight Hoodie,2,2078.43,10.0,2025-01-21,Bengaluru,Working Professional,1096.57,3741.17,415.69
BF101946,Aditya Patel,Hoodies,Essential Hoodie,1,1664.54,30.0,2025-01-21,Ahmedabad,Young Professional,276.26,1165.18,499.36
BF100418,Sneha Nair,Jeans,Wide Leg Jeans,2,2235.46,30.0,2025-01-22,Mumbai,Casual Shopper,788.29,3129.64,1341.28
BF100486,Neha Sharma,Jeans,Relaxed Jeans,3,2771.11,25.0,2025-01-22,Mumbai,Casual Shopper,1434.41,6235.0,2078.33
BF100745,Yash Joshi,Jeans,Distressed Jeans,2,3466.39,25.0,2025-01-22,Mumbai,Young Professional,1233.88,5199.58,1733.19
BF101673,Arjun Agarwal,Jackets,Denim Jacket,1,3590.93,25.0,2025-01-22,Ahmedabad,Young Professional,623.73,2693.2,897.73
BF101978,Shreya Kumar,Jeans,Relaxed Jeans,5,3577.33,25.0,2025-01-22,Pune,Premium Shopper,3394.8,13414.99,4471.66
BF102628,Rohan Kumar,T-Shirts,Vintage Print Tee,1,1024.44,20.0,2025-01-22,Chandigarh,Student,216.7,819.55,204.89
BF102948,Anika Patel,T-Shirts,Oversized Street Tee,1,1437.77,15.0,2025-01-22,Gurugram,Working Professional,317.38,1222.1,215.67
BF100626,Simran Sharma,Jeans,Distressed Jeans,1,1993.75,15.0,2025-01-23,Jaipur,Student,386.35,1694.69,299.06
BF101150,Simran Das,T-Shirts,Vintage Print Tee,1,1105.72,15.0,2025-01-23,Gurugram,Student,211.57,939.86,165.86
BF102530,Sakshi Patel,Jackets,Varsity Jacket,4,2130.68,10.0,2025-01-23,Gurugram,Casual Shopper,1806.0,7670.45,852.27
BF101773,Shreya Singh,Bottomwear,Parachute Pants,1,1890.44,25.0,2025-01-24,Bengaluru,Working Professional,379.64,1417.83,472.61
BF101848,Neha Mehta,Bottomwear,Baggy Trousers,3,2835.62,15.0,2025-01-24,Surat,Premium Shopper,2020.7,7230.83,1276.03
BF100337,Ishaan Patel,Hoodies,Printed Hoodie,1,2309.17,30.0,2025-01-25,Mumbai,Working Professional,340.27,1616.42,692.75
BF100600,Yash Jain,T-Shirts,Drop Shoulder Tee,5,1356.46,15.0,2025-01-25,Ahmedabad,Premium Shopper,1814.6,5764.96,1017.35
BF100655,Sneha Joshi,Jeans,Relaxed Jeans,1,3048.85,0.0,2025-01-25,Gurugram,Young Professional,862.37,3048.85,0.0
BF101409,Meera Kumar,T-Shirts,Boxy Graphic Tee,1,1013.04,5.0,2025-01-25,Kolkata,Student,238.1,962.39,50.65
BF102159,Shreya Mishra,T-Shirts,Vintage Print Tee,1,1558.59,15.0,2025-01-25,Bengaluru,Young Professional,404.62,1324.8,233.79
BF102310,Rahul Singh,Jeans,Wide Leg Jeans,1,2579.01,20.0,2025-01-25,Gurugram,Premium Shopper,543.2,2063.21,515.8
BF102505,Karan Saxena,T-Shirts,Vintage Print Tee,1,1172.94,25.0,2025-01-25,Surat,Premium Shopper,274.25,879.7,293.24
BF102820,Arjun Singh,Jeans,Distressed Jeans,4,2386.33,0.0,2025-01-25,Gurugram,Young Professional,2689.39,9545.32,0.0
BF100294,Anika Patel,T-Shirts,Oversized Street Tee,1,1284.34,10.0,2025-01-26,Kolkata,Premium Shopper,439.63,1155.91,128.43
BF100866,Ananya Nair,T-Shirts,Boxy Graphic Tee,1,1046.17,40.0,2025-01-26,Ahmedabad,Working Professional,184.39,627.7,418.47
BF101099,Simran Reddy,Bottomwear,Parachute Pants,2,1684.47,0.0,2025-01-26,Lucknow,Young Professional,988.41,3368.94,0.0
BF101224,Nisha Das,Jeans,Relaxed Jeans,5,3360.84,15.0,2025-01-26,Jaipur,Young Professional,3558.93,14283.57,2520.63
BF102607,Vivaan Verma,T-Shirts,Oversized Street Tee,3,1446.14,20.0,2025-01-26,Pune,Young Professional,956.81,3470.74,867.68
BF100424,Simran Sharma,T-Shirts,Vintage Print Tee,1,1010.21,20.0,2025-01-27,Noida,Premium Shopper,295.98,808.17,202.04
BF101273,Sneha Singh,T-Shirts,Drop Shoulder Tee,1,1569.12,10.0,2025-01-27,Mumbai,Young Professional,452.41,1412.21,156.91
BF101927,Shreya Sharma,Bottomwear,Cargo Pants,2,2985.65,25.0,2025-01-27,Noida,Casual Shopper,1016.12,4478.48,1492.82
BF102137,Tanya Bansal,Jackets,Overshirt Jacket,2,3956.61,25.0,2025-01-27,Lucknow,Student,1102.55,5934.92,1978.31
BF101000,Shreya Nair,Jeans,Baggy Jeans,5,2039.67,10.0,2025-01-28,Mumbai,Casual Shopper,2287.48,9178.52,1019.83
BF101142,Isha Kumar,Hoodies,Streetwear Hoodie,3,3361.63,30.0,2025-01-28,Bengaluru,Premium Shopper,1852.13,7059.42,3025.47
BF101386,Ananya Shah,Hoodies,Heavyweight Hoodie,1,2873.87,10.0,2025-01-28,Hyderabad,Student,662.73,2586.48,287.39
BF102001,Meera Sharma,Jeans,Wide Leg Jeans,3,3814.23,15.0,2025-01-28,Chandigarh,Casual Shopper,2390.24,9726.29,1716.4
BF102182,Diya Malhotra,Jackets,Utility Jacket,1,3570.41,15.0,2025-01-29,Lucknow,Young Professional,737.84,3034.85,535.56
BF102660,Simran Joshi,Bottomwear,Parachute Pants,1,2880.7,5.0,2025-01-29,Ahmedabad,Working Professional,821.03,2736.66,144.04
BF102684,Sakshi Nair,Hoodies,Streetwear Hoodie,1,1951.39,10.0,2025-01-29,Noida,Student,428.23,1756.25,195.14
BF102780,Aanya Bansal,Hoodies,Heavyweight Hoodie,1,2389.08,5.0,2025-01-29,Chennai,Young Professional,685.41,2269.63,119.45
BF100827,Priya Gupta,T-Shirts,Drop Shoulder Tee,2,1335.05,10.0,2025-01-30,Gurugram,Working Professional,724.58,2403.09,267.01
BF101113,Aditi Mishra,Jeans,Baggy Jeans,2,2232.59,20.0,2025-01-30,Chandigarh,Student,879.55,3572.14,893.04
BF101528,Aditi Verma,Hoodies,Streetwear Hoodie,2,1761.55,20.0,2025-01-30,Bengaluru,Premium Shopper,875.52,2818.48,704.62
BF101657,Shreya Mehta,Jeans,Wide Leg Jeans,1,3832.84,25.0,2025-01-30,Gurugram,Student,594.18,2874.63,958.21
BF101702,Aanya Verma,Jackets,Denim Jacket,3,3694.92,20.0,2025-01-30,Delhi,Young Professional,1959.5,8867.81,2216.95
BF102602,Aanya Singh,T-Shirts,Oversized Street Tee,1,1644.72,20.0,2025-01-30,Gurugram,Premium Shopper,491.74,1315.78,328.94
BF102987,Aarav Singh,T-Shirts,Boxy Graphic Tee,1,1351.65,20.0,2025-01-30,Pune,Working Professional,352.91,1081.32,270.33
BF100426,Diya Sharma,Bottomwear,Parachute Pants,1,1733.0,5.0,2025-01-31,Kolkata,Young Professional,482.45,1646.35,86.65
BF101290,Ananya Kumar,T-Shirts,Drop Shoulder Tee,3,1262.31,15.0,2025-01-31,Chennai,Working Professional,993.49,3218.89,568.04
BF101784,Diya Chopra,T-Shirts,Drop Shoulder Tee,1,963.1,15.0,2025-01-31,Pune,Casual Shopper,263.89,818.64,144.47
BF102915,Anika Das,Bottomwear,Parachute Pants,2,2579.73,20.0,2025-01-31,Hyderabad,Working Professional,1123.78,4127.57,1031.89
BF100442,Aarav Chopra,Hoodies,Essential Hoodie,2,3131.03,5.0,2025-02-01,Noida,Casual Shopper,1635.65,5948.96,313.1
BF100967,Karan Gupta,Jackets,Overshirt Jacket,3,3507.51,0.0,2025-02-01,Hyderabad,Young Professional,2753.11,10522.53,0.0
BF101740,Shreya Mehta,Jeans,Baggy Jeans,2,2435.73,10.0,2025-02-01,Bengaluru,Young Professional,1182.9,4384.31,487.15
BF101976,Aditya Agarwal,Bottomwear,Parachute Pants,1,2146.2,10.0,2025-02-01,Surat,Young Professional,477.99,1931.58,214.62
BF100892,Karan Chopra,T-Shirts,Oversized Street Tee,2,942.59,0.0,2025-02-02,Mumbai,Working Professional,582.28,1885.18,0.0
BF101374,Diya Gupta,Bottomwear,Baggy Trousers,2,2614.62,30.0,2025-02-02,Gurugram,Student,738.89,3660.47,1568.77
BF102145,Anika Kapoor,T-Shirts,Oversized Street Tee,1,1393.49,15.0,2025-02-02,Gurugram,Premium Shopper,452.07,1184.47,209.02
BF102496,Vivaan Sharma,Jackets,Overshirt Jacket,1,3405.28,25.0,2025-02-02,Ahmedabad,Working Professional,560.8,2553.96,851.32
BF102520,Rahul Kapoor,T-Shirts,Oversized Street Tee,1,1282.48,25.0,2025-02-02,Pune,Young Professional,289.98,961.86,320.62
BF101807,Karan Reddy,Bottomwear,Joggers,2,1304.58,0.0,2025-02-03,Ahmedabad,Casual Shopper,731.34,2609.16,0.0
BF102171,Aditi Kapoor,Bottomwear,Cargo Pants,2,2579.59,5.0,2025-02-03,Bengaluru,Young Professional,1317.29,4901.22,257.96
BF102248,Tanya Patel,Jeans,Wide Leg Jeans,4,2115.12,20.0,2025-02-03,Hyderabad,Working Professional,1790.23,6768.38,1692.1
BF100773,Sneha Gupta,T-Shirts,Oversized Street Tee,2,716.07,20.0,2025-02-04,Hyderabad,Student,305.78,1145.71,286.43
BF101006,Kritika Saxena,Hoodies,Streetwear Hoodie,1,2617.81,15.0,2025-02-04,Lucknow,Student,575.15,2225.14,392.67
BF101153,Priya Shah,Hoodies,Streetwear Hoodie,1,3000.79,15.0,2025-02-04,Noida,Young Professional,709.99,2550.67,450.12
BF101822,Aarav Shah,T-Shirts,Boxy Graphic Tee,2,1427.11,20.0,2025-02-04,Chandigarh,Working Professional,738.38,2283.38,570.84
BF100536,Aanya Das,T-Shirts,Oversized Street Tee,1,1079.65,30.0,2025-02-05,Hyderabad,Student,201.17,755.76,323.9
BF101104,Vivaan Chopra,Bottomwear,Joggers,3,1776.99,15.0,2025-02-05,Delhi,Casual Shopper,1171.87,4531.32,799.65
BF101127,Kabir Sharma,Jeans,Distressed Jeans,2,3656.88,10.0,2025-02-05,Noida,Student,1629.7,6582.38,731.38
BF101319,Manya Agarwal,T-Shirts,Oversized Street Tee,1,1633.47,30.0,2025-02-05,Noida,Young Professional,296.51,1143.43,490.04
BF101886,Riya Saxena,Hoodies,Essential Hoodie,1,2226.96,10.0,2025-02-05,Hyderabad,Young Professional,630.96,2004.26,222.7
BF101913,Aditya Kumar,Jackets,Varsity Jacket,1,2038.74,25.0,2025-02-05,Bengaluru,Working Professional,357.65,1529.06,509.68
BF102493,Diya Verma,T-Shirts,Drop Shoulder Tee,1,1082.41,10.0,2025-02-05,Pune,Young Professional,300.29,974.17,108.24
BF101383,Vivaan Kapoor,T-Shirts,Vintage Print Tee,2,1011.88,10.0,2025-02-06,Gurugram,Working Professional,485.65,1821.38,202.38
BF100783,Arjun Bansal,Hoodies,Heavyweight Hoodie,3,1636.29,5.0,2025-02-07,Pune,Student,1143.54,4663.43,245.44
BF100834,Nisha Singh,Jackets,Overshirt Jacket,2,3968.85,15.0,2025-02-07,Delhi,Student,1470.78,6747.04,1190.65
BF101729,Aarav Malhotra,Jackets,Varsity Jacket,1,1854.68,5.0,2025-02-07,Surat,Premium Shopper,437.45,1761.95,92.73
BF101952,Karan Chopra,T-Shirts,Drop Shoulder Tee,1,831.97,35.0,2025-02-07,Chennai,Working Professional,136.62,540.78,291.19
BF102108,Pooja Bansal,T-Shirts,Oversized Street Tee,1,1482.06,10.0,2025-02-07,Bengaluru,Young Professional,364.07,1333.85,148.21
BF102853,Neha Kumar,T-Shirts,Oversized Street Tee,1,700.59,25.0,2025-02-07,Surat,Working Professional,100.15,525.44,175.15
BF100624,Rohan Malhotra,T-Shirts,Vintage Print Tee,2,1318.35,10.0,2025-02-08,Chandigarh,Student,656.68,2373.03,263.67
BF102081,Tanya Gupta,Bottomwear,Baggy Trousers,1,2392.49,30.0,2025-02-08,Kolkata,Working Professional,494.52,1674.74,717.75
BF102341,Sneha Kumar,Jackets,Denim Jacket,2,2191.39,20.0,2025-02-08,Ahmedabad,Student,600.29,3506.22,876.56
BF102415,Aanya Kapoor,Bottomwear,Parachute Pants,2,2856.84,5.0,2025-02-08,Gurugram,Casual Shopper,1508.77,5428.0,285.68
BF100557,Aditya Reddy,Hoodies,Essential Hoodie,2,3282.77,10.0,2025-02-09,Surat,Casual Shopper,1566.38,5908.99,656.55
BF101148,Kabir Kapoor,T-Shirts,Boxy Graphic Tee,2,1535.17,30.0,2025-02-09,Chandigarh,Student,496.7,2149.24,921.1
BF101642,Neha Jain,Jeans,Baggy Jeans,4,2237.55,15.0,2025-02-09,Kolkata,Working Professional,1949.45,7607.67,1342.53
BF102681,Shreya Mishra,Hoodies,Heavyweight Hoodie,1,2463.85,10.0,2025-02-09,Gurugram,Working Professional,649.08,2217.46,246.38
BF102847,Anika Saxena,Bottomwear,Parachute Pants,2,2292.9,15.0,2025-02-09,Mumbai,Student,949.41,3897.93,687.87
BF100553,Kritika Gupta,Jeans,Relaxed Jeans,1,2311.41,20.0,2025-02-10,Ahmedabad,Young Professional,425.57,1849.13,462.28
BF101445,Manya Kapoor,Bottomwear,Parachute Pants,1,1833.13,0.0,2025-02-10,Gurugram,Premium Shopper,612.01,1833.13,0.0
BF101601,Aditi Sharma,T-Shirts,Drop Shoulder Tee,2,1579.9,10.0,2025-02-10,Noida,Student,726.02,2843.82,315.98
BF101942,Kabir Joshi,T-Shirts,Boxy Graphic Tee,2,1620.53,5.0,2025-02-10,Jaipur,Casual Shopper,933.1,3079.01,162.05
BF100477,Ananya Sharma,Jeans,Baggy Jeans,2,2997.15,5.0,2025-02-11,Noida,Young Professional,1638.94,5694.58,299.72
BF101496,Aanya Jain,T-Shirts,Boxy Graphic Tee,1,799.39,25.0,2025-02-11,Bengaluru,Casual Shopper,100.38,599.54,199.85
BF101824,Aanya Das,Hoodies,Heavyweight Hoodie,2,1703.73,15.0,2025-02-11,Lucknow,Working Professional,822.66,2896.34,511.12
BF102328,Karan Nair,T-Shirts,Oversized Street Tee,1,1190.56,30.0,2025-02-11,Gurugram,Casual Shopper,181.99,833.39,357.17
BF102919,Ananya Mishra,T-Shirts,Vintage Print Tee,1,1180.73,5.0,2025-02-11,Gurugram,Working Professional,419.34,1121.69,59.04
BF102989,Meera Kapoor,Bottomwear,Cargo Pants,1,1990.83,10.0,2025-02-11,Bengaluru,Casual Shopper,522.38,1791.75,199.08
BF100582,Priya Shah,T-Shirts,Vintage Print Tee,4,1243.8,25.0,2025-02-12,Kolkata,Young Professional,986.03,3731.4,1243.8
BF101043,Diya Shah,T-Shirts,Vintage Print Tee,2,1137.07,15.0,2025-02-12,Chennai,Working Professional,609.47,1933.02,341.12
BF101329,Simran Jain,T-Shirts,Oversized Street Tee,3,1492.91,30.0,2025-02-12,Hyderabad,Student,788.99,3135.11,1343.62
BF101478,Aditi Malhotra,Hoodies,Streetwear Hoodie,1,2937.83,25.0,2025-02-12,Jaipur,Young Professional,515.45,2203.37,734.46
BF102237,Anika Nair,Bottomwear,Parachute Pants,4,2283.94,25.0,2025-02-12,Delhi,Student,1537.17,6851.82,2283.94
BF100447,Karan Singh,Jackets,Utility Jacket,1,3696.11,0.0,2025-02-13,Kolkata,Working Professional,1008.72,3696.11,0.0
BF100612,Aditi Mishra,Hoodies,Essential Hoodie,1,2269.98,30.0,2025-02-13,Pune,Casual Shopper,267.63,1588.99,680.99
BF100952,Manya Chopra,Jeans,Baggy Jeans,1,3532.35,5.0,2025-02-13,Bengaluru,Working Professional,981.89,3355.73,176.62
BF100166,Sakshi Shah,Jeans,Distressed Jeans,1,3031.91,15.0,2025-02-14,Noida,Young Professional,664.09,2577.12,454.79
BF100450,Arjun Kumar,Jeans,Distressed Jeans,1,2389.47,15.0,2025-02-14,Hyderabad,Working Professional,515.55,2031.05,358.42
BF100500,Aditi Das,Bottomwear,Parachute Pants,3,2005.67,40.0,2025-02-14,Chennai,Working Professional,761.27,3610.21,2406.8
BF100589,Kritika Sharma,Jackets,Denim Jacket,1,2856.8,20.0,2025-02-14,Hyderabad,Student,514.87,2285.44,571.36
BF100671,Rohan Nair,T-Shirts,Boxy Graphic Tee,3,793.33,15.0,2025-02-14,Jaipur,Working Professional,655.24,2022.99,357.0
BF101468,Neha Mishra,Hoodies,Essential Hoodie,1,1805.34,5.0,2025-02-14,Hyderabad,Working Professional,519.11,1715.07,90.27
BF101659,Pooja Singh,Jeans,Wide Leg Jeans,2,2031.03,15.0,2025-02-14,Ahmedabad,Casual Shopper,854.7,3452.75,609.31
BF102309,Aarav Kapoor,Bottomwear,Cargo Pants,1,1367.34,25.0,2025-02-14,Lucknow,Premium Shopper,319.23,1025.5,341.84
BF102488,Yash Malhotra,Jeans,Relaxed Jeans,1,3245.56,35.0,2025-02-14,Hyderabad,Premium Shopper,571.46,2109.61,1135.95
BF102511,Isha Verma,T-Shirts,Drop Shoulder Tee,2,1387.8,25.0,2025-02-14,Lucknow,Casual Shopper,557.13,2081.7,693.9
BF100694,Tanya Mishra,Jackets,Varsity Jacket,1,2790.06,25.0,2025-02-15,Lucknow,Student,304.7,2092.54,697.51
BF101246,Isha Sharma,Hoodies,Heavyweight Hoodie,2,3253.43,25.0,2025-02-15,Pune,Student,1116.26,4880.14,1626.72
BF101367,Simran Shah,Jackets,Varsity Jacket,1,2397.38,10.0,2025-02-15,Gurugram,Student,438.02,2157.64,239.74
BF102158,Ananya Agarwal,T-Shirts,Drop Shoulder Tee,1,1007.26,15.0,2025-02-15,Delhi,Student,146.24,856.17,151.09
BF101200,Ananya Agarwal,T-Shirts,Vintage Print Tee,1,762.91,10.0,2025-02-16,Bengaluru,Student,223.6,686.62,76.29
BF102466,Aanya Bansal,T-Shirts,Vintage Print Tee,1,1467.46,30.0,2025-02-16,Surat,Premium Shopper,414.49,1027.22,440.24
BF102579,Arjun Gupta,Jeans,Wide Leg Jeans,2,2967.6,15.0,2025-02-16,Noida,Working Professional,1318.53,5044.92,890.28
BF102839,Arjun Jain,Bottomwear,Parachute Pants,1,1996.39,10.0,2025-02-16,Chennai,Working Professional,518.52,1796.75,199.64
BF100173,Karan Jain,T-Shirts,Boxy Graphic Tee,2,891.16,20.0,2025-02-17,Pune,Working Professional,497.26,1425.86,356.46
BF100404,Tanya Mishra,Jeans,Relaxed Jeans,2,2883.9,35.0,2025-02-17,Pune,Working Professional,847.8,3749.07,2018.73
BF100416,Sneha Malhotra,T-Shirts,Vintage Print Tee,4,1425.81,25.0,2025-02-17,Ahmedabad,Student,1154.57,4277.43,1425.81
BF102123,Diya Jain,Hoodies,Streetwear Hoodie,2,2198.07,20.0,2025-02-17,Delhi,Working Professional,957.53,3516.91,879.23
BF102216,Ishaan Das,T-Shirts,Oversized Street Tee,1,807.52,5.0,2025-02-17,Gurugram,Young Professional,312.81,767.14,40.38
BF102335,Karan Shah,T-Shirts,Drop Shoulder Tee,2,1132.15,10.0,2025-02-17,Kolkata,Young Professional,573.22,2037.87,226.43
BF102392,Kritika Bansal,T-Shirts,Boxy Graphic Tee,1,1418.21,15.0,2025-02-17,Lucknow,Working Professional,345.55,1205.48,212.73
BF102688,Simran Agarwal,Jackets,Overshirt Jacket,5,3450.57,15.0,2025-02-17,Gurugram,Casual Shopper,3306.19,14664.92,2587.93
BF100191,Shreya Singh,T-Shirts,Boxy Graphic Tee,4,818.21,30.0,2025-02-18,Pune,Young Professional,547.52,2290.99,981.85
BF101752,Yash Saxena,Hoodies,Streetwear Hoodie,2,2928.99,10.0,2025-02-18,Ahmedabad,Casual Shopper,1419.1,5272.18,585.8
BF102693,Aanya Saxena,Hoodies,Essential Hoodie,1,3275.59,5.0,2025-02-18,Kolkata,Working Professional,885.21,3111.81,163.78
BF100255,Sakshi Malhotra,T-Shirts,Vintage Print Tee,1,1175.06,0.0,2025-02-19,Delhi,Young Professional,387.94,1175.06,0.0
BF102117,Kritika Nair,Jackets,Varsity Jacket,5,4477.42,25.0,2025-02-19,Ahmedabad,Student,3278.97,16790.32,5596.78
BF102632,Isha Saxena,T-Shirts,Vintage Print Tee,1,1168.27,5.0,2025-02-19,Chennai,Working Professional,302.66,1109.86,58.41
BF101390,Isha Nair,T-Shirts,Drop Shoulder Tee,1,722.53,15.0,2025-02-20,Delhi,Student,264.58,614.15,108.38
BF101856,Kavya Shah,T-Shirts,Oversized Street Tee,2,1310.31,0.0,2025-02-20,Mumbai,Casual Shopper,740.23,2620.62,0.0
BF102277,Vivaan Saxena,Bottomwear,Baggy Trousers,1,2465.99,25.0,2025-02-20,Delhi,Young Professional,474.16,1849.49,616.5
BF102280,Isha Shah,Jeans,Distressed Jeans,2,2844.02,15.0,2025-02-20,Mumbai,Student,1123.25,4834.83,853.21
BF100937,Simran Mishra,Jeans,Baggy Jeans,1,2352.78,5.0,2025-02-21,Surat,Young Professional,581.18,2235.14,117.64
BF100977,Isha Das,Jackets,Overshirt Jacket,1,2196.14,30.0,2025-02-21,Hyderabad,Working Professional,363.44,1537.3,658.84
BF101992,Meera Jain,T-Shirts,Boxy Graphic Tee,1,1092.76,20.0,2025-02-21,Pune,Premium Shopper,280.05,874.21,218.55
BF102346,Nisha Jain,T-Shirts,Boxy Graphic Tee,1,926.86,10.0,2025-02-21,Chandigarh,Student,169.89,834.17,92.69
BF100332,Arjun Sharma,Bottomwear,Cargo Pants,1,1695.54,35.0,2025-02-22,Lucknow,Premium Shopper,211.96,1102.1,593.44
BF101618,Kritika Das,Jeans,Baggy Jeans,1,2342.11,30.0,2025-02-22,Surat,Student,332.08,1639.48,702.63
BF100010,Kavya Jain,Hoodies,Printed Hoodie,2,2021.77,10.0,2025-02-23,Surat,Student,1007.67,3639.19,404.35
BF100137,Ananya Bansal,Jeans,Relaxed Jeans,1,2378.65,40.0,2025-02-23,Kolkata,Working Professional,370.5,1427.19,951.46
BF100162,Sneha Agarwal,Jeans,Distressed Jeans,1,2337.57,35.0,2025-02-23,Lucknow,Young Professional,326.86,1519.42,818.15
BF100604,Pooja Agarwal,T-Shirts,Oversized Street Tee,5,1457.96,30.0,2025-02-23,Jaipur,Young Professional,1324.63,5102.86,2186.94
BF101034,Simran Agarwal,T-Shirts,Vintage Print Tee,1,1542.48,10.0,2025-02-23,Kolkata,Casual Shopper,429.62,1388.23,154.25
BF101588,Diya Nair,Jeans,Relaxed Jeans,3,2674.99,25.0,2025-02-23,Jaipur,Working Professional,1479.6,6018.73,2006.24
BF101892,Kritika Jain,Jeans,Wide Leg Jeans,3,2577.15,25.0,2025-02-23,Jaipur,Casual Shopper,1277.14,5798.59,1932.86
BF100213,Neha Patel,Jeans,Wide Leg Jeans,1,3497.43,0.0,2025-02-24,Jaipur,Working Professional,1002.36,3497.43,0.0
BF101723,Kritika Patel,Bottomwear,Parachute Pants,4,2430.84,5.0,2025-02-24,Gurugram,Young Professional,2639.99,9237.19,486.17
BF102394,Aanya Saxena,Bottomwear,Parachute Pants,1,1501.61,20.0,2025-02-24,Noida,Working Professional,280.62,1201.29,300.32
BF100346,Ananya Agarwal,T-Shirts,Oversized Street Tee,2,1454.59,5.0,2025-02-25,Jaipur,Student,872.94,2763.72,145.46
BF101644,Rahul Verma,T-Shirts,Drop Shoulder Tee,1,1480.35,15.0,2025-02-25,Hyderabad,Student,249.36,1258.3,222.05
BF102114,Ananya Sharma,Jeans,Baggy Jeans,2,2394.14,10.0,2025-02-25,Ahmedabad,Casual Shopper,1069.2,4309.45,478.83
BF102364,Sneha Gupta,Jeans,Wide Leg Jeans,2,3796.38,30.0,2025-02-25,Chandigarh,Student,1101.71,5314.93,2277.83
BF102748,Riya Joshi,Bottomwear,Parachute Pants,1,2051.94,20.0,2025-02-25,Surat,Premium Shopper,382.94,1641.55,410.39
BF100098,Aanya Agarwal,Hoodies,Essential Hoodie,2,2861.78,0.0,2025-02-27,Chennai,Casual Shopper,1711.71,5723.56,0.0
BF100929,Meera Malhotra,T-Shirts,Drop Shoulder Tee,1,1282.82,20.0,2025-02-27,Pune,Casual Shopper,403.75,1026.26,256.56
BF101634,Tanya Kumar,T-Shirts,Vintage Print Tee,2,1586.54,30.0,2025-02-27,Mumbai,Working Professional,612.5,2221.16,951.92
BF101850,Aarav Mishra,Hoodies,Streetwear Hoodie,1,3470.18,15.0,2025-02-27,Hyderabad,Student,737.54,2949.65,520.53
BF101973,Priya Mishra,T-Shirts,Drop Shoulder Tee,3,1062.43,15.0,2025-02-27,Hyderabad,Premium Shopper,815.02,2709.2,478.09
BF102805,Yash Jain,Bottomwear,Cargo Pants,3,2336.51,5.0,2025-02-27,Lucknow,Working Professional,1984.61,6659.05,350.48
BF102867,Priya Gupta,Hoodies,Essential Hoodie,1,2086.56,25.0,2025-02-27,Surat,Casual Shopper,400.64,1564.92,521.64
BF100677,Karan Mishra,Hoodies,Printed Hoodie,3,1516.27,10.0,2025-02-28,Gurugram,Premium Shopper,1256.5,4093.93,454.88
BF100680,Arjun Jain,Bottomwear,Parachute Pants,2,2179.01,15.0,2025-02-28,Bengaluru,Premium Shopper,1055.51,3704.32,653.7
BF102276,Manya Reddy,Jeans,Baggy Jeans,1,2318.88,15.0,2025-02-28,Jaipur,Premium Shopper,552.31,1971.05,347.83
BF102508,Aditi Saxena,T-Shirts,Oversized Street Tee,4,1182.44,25.0,2025-02-28,Chennai,Premium Shopper,1029.21,3547.32,1182.44
BF102930,Yash Shah,T-Shirts,Drop Shoulder Tee,2,1155.87,25.0,2025-02-28,Chennai,Working Professional,473.38,1733.8,577.93
BF102435,Rahul Kapoor,Jeans,Distressed Jeans,2,2225.98,10.0,2025-03-01,Noida,Working Professional,1096.56,4006.76,445.2
BF102840,Tanya Joshi,Hoodies,Heavyweight Hoodie,2,3160.01,25.0,2025-03-01,Chennai,Young Professional,1230.64,4740.02,1580.0
BF101284,Aarav Sharma,Jeans,Wide Leg Jeans,2,3791.09,15.0,2025-03-02,Noida,Young Professional,1626.76,6444.85,1137.33
BF101970,Tanya Patel,Hoodies,Heavyweight Hoodie,1,3215.0,0.0,2025-03-02,Chandigarh,Working Professional,1004.99,3215.0,0.0
BF102571,Kabir Verma,Bottomwear,Parachute Pants,2,2130.93,15.0,2025-03-02,Surat,Young Professional,949.82,3622.58,639.28
BF102634,Aditya Shah,Bottomwear,Parachute Pants,1,1793.72,10.0,2025-03-02,Delhi,Working Professional,417.12,1614.35,179.37
BF102843,Neha Bansal,Bottomwear,Cargo Pants,1,2156.63,20.0,2025-03-02,Chennai,Young Professional,436.96,1725.3,431.33
BF100003,Anika Saxena,Hoodies,Printed Hoodie,2,2289.39,15.0,2025-03-03,Chandigarh,Student,1073.36,3891.96,686.82
BF100103,Aditya Singh,Hoodies,Streetwear Hoodie,3,2778.28,0.0,2025-03-03,Pune,Premium Shopper,2710.58,8334.84,0.0
BF101097,Meera Joshi,T-Shirts,Vintage Print Tee,1,1619.57,5.0,2025-03-03,Chandigarh,Working Professional,548.32,1538.59,80.98
BF102873,Diya Saxena,T-Shirts,Vintage Print Tee,2,1526.66,20.0,2025-03-03,Jaipur,Student,633.92,2442.66,610.66
BF100238,Aarav Chopra,Hoodies,Printed Hoodie,3,1529.7,10.0,2025-03-04,Surat,Casual Shopper,1111.01,4130.19,458.91
BF100905,Nisha Agarwal,T-Shirts,Vintage Print Tee,2,1667.91,35.0,2025-03-04,Jaipur,Young Professional,572.14,2168.28,1167.54
BF101540,Kabir Reddy,Jackets,Varsity Jacket,1,3272.48,5.0,2025-03-04,Mumbai,Working Professional,824.79,3108.86,163.62
BF102299,Meera Saxena,T-Shirts,Oversized Street Tee,1,1032.18,10.0,2025-03-04,Kolkata,Young Professional,349.44,928.96,103.22
BF102420,Meera Jain,T-Shirts,Drop Shoulder Tee,1,1234.27,0.0,2025-03-04,Hyderabad,Casual Shopper,383.84,1234.27,0.0
BF100187,Shreya Agarwal,T-Shirts,Boxy Graphic Tee,2,1086.23,5.0,2025-03-05,Bengaluru,Student,572.27,2063.84,108.62
BF101085,Riya Das,Jeans,Wide Leg Jeans,3,3976.71,30.0,2025-03-05,Ahmedabad,Premium Shopper,2007.29,8351.09,3579.04
BF101833,Yash Nair,T-Shirts,Boxy Graphic Tee,2,815.23,10.0,2025-03-05,Bengaluru,Young Professional,423.86,1467.41,163.05
BF102294,Ishaan Sharma,Bottomwear,Baggy Trousers,2,2128.84,10.0,2025-03-05,Kolkata,Student,973.17,3831.91,425.77
BF102306,Arjun Sharma,Jeans,Relaxed Jeans,1,3595.11,15.0,2025-03-05,Chennai,Casual Shopper,679.83,3055.84,539.27
BF101144,Tanya Reddy,T-Shirts,Oversized Street Tee,1,1514.82,25.0,2025-03-06,Pune,Student,260.99,1136.12,378.7
BF101214,Anika Gupta,Hoodies,Essential Hoodie,5,2549.71,10.0,2025-03-06,Surat,Casual Shopper,3110.14,11473.7,1274.85
BF102073,Aanya Jain,Hoodies,Streetwear Hoodie,3,3054.38,20.0,2025-03-06,Delhi,Student,1763.91,7330.51,1832.63
BF102074,Rahul Reddy,Jeans,Distressed Jeans,1,1937.16,5.0,2025-03-06,Mumbai,Casual Shopper,407.12,1840.3,96.86
BF102150,Sakshi Shah,T-Shirts,Boxy Graphic Tee,2,1215.88,20.0,2025-03-06,Gurugram,Working Professional,530.7,1945.41,486.35
BF102785,Tanya Verma,Hoodies,Essential Hoodie,2,1680.39,0.0,2025-03-06,Mumbai,Student,943.14,3360.78,0.0
BF100155,Kritika Shah,T-Shirts,Boxy Graphic Tee,1,1158.98,0.0,2025-03-07,Lucknow,Casual Shopper,335.66,1158.98,0.0
BF100391,Diya Mehta,T-Shirts,Boxy Graphic Tee,2,1049.69,25.0,2025-03-07,Bengaluru,Casual Shopper,397.15,1574.54,524.84
BF100398,Vivaan Verma,Hoodies,Streetwear Hoodie,1,2339.28,30.0,2025-03-07,Ahmedabad,Casual Shopper,418.84,1637.5,701.78
BF100868,Pooja Bansal,Jackets,Utility Jacket,1,2773.27,5.0,2025-03-07,Gurugram,Casual Shopper,699.96,2634.61,138.66
BF101449,Yash Saxena,Jackets,Denim Jacket,2,2929.84,25.0,2025-03-07,Bengaluru,Student,859.33,4394.76,1464.92
BF100214,Priya Sharma,Hoodies,Heavyweight Hoodie,1,3017.66,25.0,2025-03-08,Jaipur,Young Professional,599.02,2263.24,754.42
BF100746,Ishaan Nair,Hoodies,Heavyweight Hoodie,4,2472.07,30.0,2025-03-08,Gurugram,Premium Shopper,1819.89,6921.8,2966.48
BF100837,Tanya Bansal,T-Shirts,Vintage Print Tee,1,1182.36,40.0,2025-03-08,Delhi,Student,182.47,709.42,472.94
BF100862,Meera Agarwal,Bottomwear,Baggy Trousers,2,1377.89,15.0,2025-03-08,Delhi,Casual Shopper,578.3,2342.41,413.37
BF101518,Priya Jain,Hoodies,Streetwear Hoodie,2,2588.95,25.0,2025-03-08,Kolkata,Working Professional,1021.31,3883.42,1294.47
BF101639,Anika Mehta,T-Shirts,Vintage Print Tee,2,1641.02,15.0,2025-03-08,Hyderabad,Young Professional,771.8,2789.73,492.31
BF102411,Nisha Malhotra,Jeans,Wide Leg Jeans,3,2908.99,30.0,2025-03-08,Kolkata,Young Professional,1369.12,6108.88,2618.09
BF102590,Aditi Mehta,T-Shirts,Drop Shoulder Tee,2,1039.54,5.0,2025-03-08,Delhi,Premium Shopper,693.94,1975.13,103.95
BF102926,Sakshi Jain,T-Shirts,Vintage Print Tee,3,1160.53,10.0,2025-03-08,Jaipur,Student,913.65,3133.43,348.16
BF100024,Riya Saxena,Hoodies,Heavyweight Hoodie,2,2741.68,15.0,2025-03-09,Mumbai,Young Professional,1304.1,4660.86,822.5
BF100907,Ananya Das,Jeans,Distressed Jeans,1,2637.61,15.0,2025-03-09,Kolkata,Working Professional,575.99,2241.97,395.64
BF101094,Ishaan Agarwal,Jackets,Denim Jacket,1,2297.54,20.0,2025-03-09,Bengaluru,Premium Shopper,394.56,1838.03,459.51
BF101164,Aditi Patel,T-Shirts,Vintage Print Tee,1,1665.61,5.0,2025-03-09,Pune,Working Professional,471.48,1582.33,83.28
BF101624,Nisha Das,T-Shirts,Oversized Street Tee,1,872.7,20.0,2025-03-09,Bengaluru,Premium Shopper,172.03,698.16,174.54
BF101900,Meera Verma,T-Shirts,Oversized Street Tee,2,1559.45,15.0,2025-03-09,Gurugram,Student,697.4,2651.06,467.84
BF102355,Kavya Sharma,Hoodies,Printed Hoodie,2,2323.51,5.0,2025-03-09,Surat,Student,1201.3,4414.67,232.35
BF102911,Kabir Mehta,Jackets,Utility Jacket,1,3448.41,35.0,2025-03-09,Hyderabad,Casual Shopper,365.2,2241.47,1206.94
BF100073,Ishaan Gupta,Jeans,Distressed Jeans,1,1979.24,20.0,2025-03-10,Gurugram,Working Professional,465.63,1583.39,395.85
BF100130,Kabir Jain,T-Shirts,Oversized Street Tee,1,1201.7,15.0,2025-03-10,Noida,Young Professional,264.64,1021.44,180.26
BF100599,Ananya Shah,Hoodies,Printed Hoodie,2,2486.69,10.0,2025-03-10,Bengaluru,Casual Shopper,1271.78,4476.04,497.34
BF100836,Sneha Gupta,T-Shirts,Boxy Graphic Tee,1,716.48,25.0,2025-03-10,Mumbai,Working Professional,134.5,537.36,179.12
BF100990,Sneha Singh,Hoodies,Streetwear Hoodie,1,1855.31,30.0,2025-03-10,Ahmedabad,Premium Shopper,327.43,1298.72,556.59
BF101088,Rahul Kumar,Jackets,Varsity Jacket,1,4257.65,30.0,2025-03-10,Chandigarh,Working Professional,714.8,2980.35,1277.3
BF101268,Shreya Reddy,Jeans,Relaxed Jeans,3,2916.48,10.0,2025-03-10,Jaipur,Student,1883.42,7874.5,874.94
BF102008,Neha Gupta,Jackets,Overshirt Jacket,2,4371.98,30.0,2025-03-10,Gurugram,Student,1088.79,6120.77,2623.19
BF102095,Anika Das,Jackets,Varsity Jacket,2,2134.02,35.0,2025-03-10,Pune,Working Professional,583.52,2774.23,1493.81
BF100224,Simran Gupta,Jeans,Baggy Jeans,2,2959.99,10.0,2025-03-11,Surat,Premium Shopper,1517.87,5327.98,592.0
BF100534,Arjun Chopra,T-Shirts,Drop Shoulder Tee,1,1564.05,25.0,2025-03-11,Hyderabad,Working Professional,320.39,1173.04,391.01
BF100202,Manya Mishra,Jackets,Utility Jacket,5,3198.29,25.0,2025-03-12,Mumbai,Working Professional,2697.42,11993.59,3997.86
BF100650,Kabir Nair,T-Shirts,Oversized Street Tee,1,1095.15,35.0,2025-03-12,Bengaluru,Student,147.67,711.85,383.3
BF101479,Sneha Saxena,Bottomwear,Cargo Pants,2,2002.04,0.0,2025-03-12,Chennai,Working Professional,1161.38,4004.08,0.0
BF101959,Rahul Agarwal,Bottomwear,Parachute Pants,1,1580.71,15.0,2025-03-12,Gurugram,Student,289.13,1343.6,237.11
BF102275,Aditi Kumar,Bottomwear,Parachute Pants,4,2905.58,40.0,2025-03-12,Chandigarh,Working Professional,1588.39,6973.39,4648.93
BF102618,Pooja Singh,Hoodies,Streetwear Hoodie,2,1612.46,20.0,2025-03-12,Mumbai,Young Professional,640.11,2579.94,644.98
BF102758,Meera Bansal,Jeans,Relaxed Jeans,1,3388.55,25.0,2025-03-12,Bengaluru,Casual Shopper,519.08,2541.41,847.14
BF100459,Isha Shah,Hoodies,Streetwear Hoodie,1,3274.68,15.0,2025-03-13,Pune,Student,701.61,2783.48,491.2
BF100707,Simran Das,Jackets,Varsity Jacket,1,3624.29,15.0,2025-03-13,Ahmedabad,Working Professional,787.68,3080.65,543.64
BF101470,Karan Bansal,Hoodies,Essential Hoodie,4,2503.65,15.0,2025-03-13,Lucknow,Student,2086.37,8512.41,1502.19
BF101877,Rahul Mishra,Bottomwear,Parachute Pants,1,1317.05,10.0,2025-03-13,Hyderabad,Young Professional,307.8,1185.34,131.7
BF101279,Meera Jain,Hoodies,Streetwear Hoodie,2,1764.71,15.0,2025-03-14,Chandigarh,Student,765.66,3000.01,529.41
BF101579,Arjun Patel,T-Shirts,Boxy Graphic Tee,1,747.71,10.0,2025-03-14,Mumbai,Young Professional,213.06,672.94,74.77
BF101742,Anika Saxena,Jackets,Varsity Jacket,2,3173.1,40.0,2025-03-14,Pune,Casual Shopper,728.04,3807.72,2538.48
BF102239,Kavya Reddy,Jackets,Overshirt Jacket,4,1865.35,20.0,2025-03-14,Noida,Working Professional,1401.25,5969.12,1492.28
BF102749,Sneha Bansal,Hoodies,Printed Hoodie,1,2559.44,10.0,2025-03-14,Jaipur,Student,577.86,2303.5,255.94
BF102893,Pooja Shah,Jackets,Denim Jacket,3,2434.8,10.0,2025-03-14,Kolkata,Working Professional,1640.48,6573.96,730.44
BF100315,Simran Reddy,Hoodies,Printed Hoodie,2,1567.08,10.0,2025-03-15,Chennai,Student,732.43,2820.74,313.42
BF100642,Riya Nair,T-Shirts,Vintage Print Tee,2,925.9,30.0,2025-03-15,Gurugram,Working Professional,370.5,1296.26,555.54
BF100883,Kavya Chopra,T-Shirts,Vintage Print Tee,1,1608.14,20.0,2025-03-15,Lucknow,Student,323.45,1286.51,321.63
BF100924,Pooja Joshi,Bottomwear,Joggers,1,2306.64,10.0,2025-03-15,Noida,Young Professional,641.03,2075.98,230.66
BF100925,Yash Gupta,Jeans,Baggy Jeans,1,3668.31,20.0,2025-03-15,Chennai,Young Professional,729.12,2934.65,733.66
BF102313,Shreya Nair,Jeans,Relaxed Jeans,3,2056.68,15.0,2025-03-15,Kolkata,Premium Shopper,1419.05,5244.53,925.51
BF100719,Anika Singh,Jeans,Baggy Jeans,1,2039.17,20.0,2025-03-16,Pune,Premium Shopper,414.71,1631.34,407.83
BF101238,Aanya Malhotra,T-Shirts,Vintage Print Tee,1,1664.61,15.0,2025-03-16,Mumbai,Young Professional,372.0,1414.92,249.69
BF102015,Meera Malhotra,T-Shirts,Drop Shoulder Tee,1,944.2,10.0,2025-03-16,Hyderabad,Young Professional,251.28,849.78,94.42
BF102224,Aditya Joshi,Bottomwear,Joggers,2,1840.35,20.0,2025-03-16,Chennai,Student,644.5,2944.56,736.14
BF102640,Anika Das,Hoodies,Heavyweight Hoodie,3,1512.99,15.0,2025-03-16,Chandigarh,Premium Shopper,1061.36,3858.12,680.85
BF102645,Arjun Gupta,Jackets,Denim Jacket,3,4351.48,30.0,2025-03-16,Surat,Student,1680.51,9138.11,3916.33
BF102724,Anika Kumar,T-Shirts,Drop Shoulder Tee,2,1218.26,20.0,2025-03-16,Hyderabad,Student,539.61,1949.22,487.3
BF100107,Aditya Kumar,Jeans,Distressed Jeans,3,3447.77,0.0,2025-03-17,Pune,Young Professional,2910.14,10343.31,0.0
BF101123,Karan Das,T-Shirts,Vintage Print Tee,1,1394.19,30.0,2025-03-17,Jaipur,Premium Shopper,308.27,975.93,418.26
BF102694,Simran Malhotra,Jackets,Denim Jacket,1,4355.78,15.0,2025-03-17,Noida,Student,764.48,3702.41,653.37
BF102761,Nisha Mishra,Jackets,Denim Jacket,5,4305.08,40.0,2025-03-17,Lucknow,Young Professional,2415.48,12915.24,8610.16
BF100159,Yash Gupta,Hoodies,Essential Hoodie,1,3020.33,25.0,2025-03-18,Mumbai,Student,459.39,2265.25,755.08
BF100182,Pooja Malhotra,Bottomwear,Cargo Pants,1,1660.67,0.0,2025-03-18,Hyderabad,Working Professional,597.24,1660.67,0.0
BF100321,Sneha Nair,Jeans,Distressed Jeans,1,1861.05,10.0,2025-03-18,Lucknow,Student,409.61,1674.94,186.1
BF100462,Kabir Singh,T-Shirts,Vintage Print Tee,1,873.14,15.0,2025-03-18,Chennai,Casual Shopper,218.06,742.17,130.97
BF102766,Rahul Shah,Bottomwear,Baggy Trousers,1,1894.25,35.0,2025-03-18,Noida,Casual Shopper,324.57,1231.26,662.99
BF100344,Nisha Nair,Jeans,Relaxed Jeans,4,2310.35,10.0,2025-03-19,Jaipur,Casual Shopper,2144.23,8317.26,924.14
BF101527,Shreya Sharma,Bottomwear,Joggers,1,2711.09,25.0,2025-03-19,Ahmedabad,Young Professional,532.1,2033.32,677.77
BF101888,Manya Mishra,T-Shirts,Boxy Graphic Tee,1,1506.71,0.0,2025-03-19,Bengaluru,Working Professional,464.18,1506.71,0.0
BF100890,Rohan Mishra,Jeans,Baggy Jeans,3,2077.56,15.0,2025-03-20,Pune,Casual Shopper,1315.06,5297.78,934.9
BF101979,Neha Patel,T-Shirts,Oversized Street Tee,2,1263.68,15.0,2025-03-20,Kolkata,Young Professional,606.97,2148.26,379.1
BF100118,Sakshi Reddy,Jeans,Baggy Jeans,1,3059.99,25.0,2025-03-21,Lucknow,Student,569.94,2294.99,765.0
BF100946,Vivaan Kumar,Jeans,Relaxed Jeans,1,2564.11,20.0,2025-03-21,Jaipur,Working Professional,530.31,2051.29,512.82
BF101395,Nisha Chopra,T-Shirts,Boxy Graphic Tee,1,1646.2,15.0,2025-03-21,Chandigarh,Premium Shopper,384.87,1399.27,246.93
BF101594,Aarav Jain,T-Shirts,Boxy Graphic Tee,2,1490.13,15.0,2025-03-21,Chennai,Young Professional,714.41,2533.22,447.04
BF100198,Karan Agarwal,Bottomwear,Joggers,2,1524.95,30.0,2025-03-22,Noida,Working Professional,568.95,2134.93,914.97
BF100605,Aanya Chopra,Bottomwear,Parachute Pants,1,2211.48,0.0,2025-03-22,Jaipur,Working Professional,624.81,2211.48,0.0
BF101173,Aditya Reddy,Hoodies,Streetwear Hoodie,1,2448.36,15.0,2025-03-22,Noida,Working Professional,544.55,2081.11,367.25
BF101498,Priya Saxena,Jeans,Wide Leg Jeans,4,3148.22,10.0,2025-03-22,Surat,Working Professional,2993.64,11333.59,1259.29
BF101513,Ishaan Gupta,Bottomwear,Joggers,1,2973.33,0.0,2025-03-22,Chandigarh,Student,785.67,2973.33,0.0
BF101817,Aditya Reddy,T-Shirts,Vintage Print Tee,1,1689.97,10.0,2025-03-22,Pune,Working Professional,478.74,1520.97,169.0
BF101834,Kritika Shah,Bottomwear,Cargo Pants,3,2621.53,10.0,2025-03-22,Hyderabad,Young Professional,1954.78,7078.13,786.46
BF101869,Rohan Nair,T-Shirts,Oversized Street Tee,2,1087.48,0.0,2025-03-22,Pune,Student,643.19,2174.96,0.0
BF102968,Yash Das,Bottomwear,Cargo Pants,1,2129.76,20.0,2025-03-22,Pune,Premium Shopper,496.83,1703.81,425.95
BF100622,Aditya Saxena,Hoodies,Streetwear Hoodie,2,3001.05,20.0,2025-03-23,Pune,Working Professional,1363.76,4801.68,1200.42
BF100663,Tanya Mehta,Jackets,Varsity Jacket,1,2602.78,15.0,2025-03-23,Mumbai,Casual Shopper,509.77,2212.36,390.42
BF100945,Kabir Jain,Hoodies,Streetwear Hoodie,2,3191.29,20.0,2025-03-23,Ahmedabad,Premium Shopper,1452.21,5106.06,1276.52
BF101157,Vivaan Bansal,Jeans,Baggy Jeans,1,2855.98,25.0,2025-03-23,Hyderabad,Student,414.51,2141.98,713.99
BF102121,Isha Joshi,T-Shirts,Drop Shoulder Tee,2,903.06,15.0,2025-03-23,Delhi,Young Professional,509.3,1535.2,270.92
BF102577,Kritika Singh,Jeans,Wide Leg Jeans,1,3250.12,30.0,2025-03-23,Lucknow,Young Professional,462.7,2275.08,975.04
BF102829,Nisha Agarwal,T-Shirts,Boxy Graphic Tee,2,1104.89,10.0,2025-03-23,Lucknow,Student,589.59,1988.8,220.98
BF100336,Aditya Saxena,T-Shirts,Drop Shoulder Tee,1,969.83,10.0,2025-03-24,Lucknow,Working Professional,253.98,872.85,96.98
BF100699,Arjun Kapoor,Jeans,Baggy Jeans,3,2031.71,10.0,2025-03-24,Chandigarh,Student,1324.42,5485.62,609.51
BF100722,Aanya Malhotra,T-Shirts,Drop Shoulder Tee,2,751.51,20.0,2025-03-24,Noida,Young Professional,360.15,1202.42,300.6
BF101922,Tanya Shah,T-Shirts,Vintage Print Tee,3,1113.94,5.0,2025-03-24,Bengaluru,Student,878.58,3174.73,167.09
BF102020,Rahul Reddy,T-Shirts,Vintage Print Tee,1,1198.85,25.0,2025-03-24,Pune,Student,192.44,899.14,299.71
BF102233,Vivaan Agarwal,Bottomwear,Parachute Pants,1,1879.28,30.0,2025-03-24,Hyderabad,Premium Shopper,410.09,1315.5,563.78
BF102534,Sakshi Bansal,T-Shirts,Vintage Print Tee,1,1231.05,30.0,2025-03-24,Surat,Young Professional,118.71,861.73,369.32
BF102857,Rohan Verma,Hoodies,Essential Hoodie,2,1559.28,25.0,2025-03-24,Mumbai,Premium Shopper,633.28,2338.92,779.64
BF102895,Riya Nair,Jackets,Varsity Jacket,1,3221.17,25.0,2025-03-24,Kolkata,Young Professional,490.21,2415.88,805.29
BF100371,Ananya Malhotra,Jeans,Distressed Jeans,1,2051.66,20.0,2025-03-25,Chandigarh,Casual Shopper,413.28,1641.33,410.33
BF101926,Pooja Sharma,Hoodies,Streetwear Hoodie,1,2627.93,25.0,2025-03-25,Kolkata,Student,442.89,1970.95,656.98
BF102041,Ananya Patel,T-Shirts,Boxy Graphic Tee,4,856.82,0.0,2025-03-25,Mumbai,Young Professional,1124.37,3427.28,0.0
BF100184,Arjun Sharma,T-Shirts,Boxy Graphic Tee,1,1028.85,20.0,2025-03-26,Noida,Student,233.81,823.08,205.77
BF100253,Arjun Mehta,Jeans,Relaxed Jeans,2,2882.89,5.0,2025-03-26,Lucknow,Working Professional,1588.09,5477.49,288.29
BF100572,Aditya Kapoor,T-Shirts,Vintage Print Tee,1,1588.25,35.0,2025-03-26,Pune,Working Professional,235.77,1032.36,555.89
BF102428,Priya Kumar,Bottomwear,Cargo Pants,3,2473.18,15.0,2025-03-26,Delhi,Working Professional,1700.17,6306.61,1112.93
BF100055,Aanya Patel,Jackets,Overshirt Jacket,3,2147.92,35.0,2025-03-27,Mumbai,Working Professional,936.71,4188.44,2255.32
BF100164,Anika Das,T-Shirts,Vintage Print Tee,1,1594.44,15.0,2025-03-27,Noida,Casual Shopper,436.25,1355.27,239.17
BF100928,Yash Das,Bottomwear,Parachute Pants,1,1413.92,5.0,2025-03-27,Bengaluru,Young Professional,330.07,1343.22,70.7
BF101430,Meera Das,Hoodies,Essential Hoodie,1,2380.48,30.0,2025-03-27,Ahmedabad,Young Professional,428.58,1666.34,714.14
BF101488,Vivaan Verma,T-Shirts,Boxy Graphic Tee,3,1396.12,0.0,2025-03-27,Hyderabad,Casual Shopper,1274.01,4188.36,0.0
BF102051,Kritika Saxena,Jackets,Varsity Jacket,1,3065.02,0.0,2025-03-27,Kolkata,Young Professional,892.48,3065.02,0.0
BF101254,Simran Joshi,Jackets,Varsity Jacket,2,2568.21,20.0,2025-03-28,Chennai,Student,889.35,4109.14,1027.28
BF102875,Rahul Joshi,T-Shirts,Boxy Graphic Tee,4,1140.6,5.0,2025-03-28,Ahmedabad,Young Professional,1338.23,4334.28,228.12
BF100037,Riya Kapoor,Jackets,Denim Jacket,1,4220.03,15.0,2025-03-29,Noida,Premium Shopper,944.02,3587.03,633.0
BF100306,Isha Jain,Jackets,Utility Jacket,1,3179.0,10.0,2025-03-29,Noida,Premium Shopper,724.12,2861.1,317.9
BF100334,Isha Mehta,Jeans,Relaxed Jeans,2,3499.44,20.0,2025-03-29,Delhi,Student,1286.95,5599.1,1399.78
BF100362,Arjun Kumar,Jeans,Wide Leg Jeans,3,2201.87,10.0,2025-03-29,Hyderabad,Young Professional,1573.29,5945.05,660.56
BF101636,Priya Bansal,Jackets,Denim Jacket,5,2676.38,15.0,2025-03-29,Pune,Casual Shopper,2513.32,11374.62,2007.28
BF101847,Karan Mishra,Jeans,Baggy Jeans,2,3093.25,40.0,2025-03-29,Mumbai,Young Professional,775.25,3711.9,2474.6
BF101857,Aanya Jain,Bottomwear,Joggers,2,1825.21,15.0,2025-03-29,Noida,Working Professional,866.87,3102.86,547.56
BF102729,Manya Mishra,T-Shirts,Vintage Print Tee,1,1240.3,5.0,2025-03-29,Chandigarh,Premium Shopper,348.38,1178.28,62.02
BF102793,Shreya Agarwal,Bottomwear,Baggy Trousers,1,1783.28,15.0,2025-03-29,Chandigarh,Premium Shopper,401.6,1515.79,267.49
BF100042,Aanya Chopra,Bottomwear,Joggers,2,1360.01,30.0,2025-03-30,Chennai,Casual Shopper,388.92,1904.01,816.01
BF100104,Rahul Sharma,Jeans,Baggy Jeans,4,2711.29,15.0,2025-03-30,Mumbai,Casual Shopper,2289.27,9218.39,1626.77
BF100422,Vivaan Malhotra,Hoodies,Heavyweight Hoodie,3,1768.34,15.0,2025-03-30,Mumbai,Working Professional,1264.85,4509.27,795.75
BF100576,Arjun Shah,Hoodies,Heavyweight Hoodie,3,3444.29,15.0,2025-03-30,Noida,Young Professional,2411.08,8782.94,1549.93
BF100577,Sneha Sharma,Hoodies,Heavyweight Hoodie,2,2773.44,20.0,2025-03-30,Surat,Casual Shopper,1113.38,4437.5,1109.38
BF100703,Riya Bansal,Hoodies,Heavyweight Hoodie,1,2458.66,25.0,2025-03-30,Chandigarh,Student,550.51,1844.0,614.66
BF100203,Rahul Sharma,T-Shirts,Oversized Street Tee,1,875.7,15.0,2025-03-31,Pune,Student,172.76,744.34,131.36
BF101700,Aarav Chopra,Jeans,Relaxed Jeans,4,2271.21,40.0,2025-03-31,Chandigarh,Young Professional,1106.99,5450.9,3633.94
BF101844,Ishaan Chopra,T-Shirts,Oversized Street Tee,1,1313.9,5.0,2025-03-31,Delhi,Working Professional,365.91,1248.2,65.7
BF101920,Pooja Chopra,Jackets,Overshirt Jacket,2,4186.44,40.0,2025-03-31,Surat,Student,809.89,5023.73,3349.15
BF102025,Arjun Malhotra,T-Shirts,Boxy Graphic Tee,3,1058.15,25.0,2025-03-31,Mumbai,Working Professional,722.19,2380.84,793.61
BF100149,Anika Malhotra,Jeans,Wide Leg Jeans,1,3089.42,0.0,2025-04-01,Ahmedabad,Casual Shopper,825.43,3089.42,0.0
BF101061,Simran Kumar,Hoodies,Streetwear Hoodie,3,1932.79,10.0,2025-04-01,Hyderabad,Working Professional,1571.88,5218.53,579.84
BF101103,Manya Kumar,Bottomwear,Baggy Trousers,4,2372.15,20.0,2025-04-01,Chandigarh,Student,1813.24,7590.88,1897.72
BF101292,Pooja Malhotra,Hoodies,Essential Hoodie,1,2668.77,0.0,2025-04-01,Surat,Working Professional,694.78,2668.77,0.0
BF101475,Nisha Joshi,T-Shirts,Drop Shoulder Tee,2,1045.93,0.0,2025-04-01,Bengaluru,Young Professional,649.4,2091.86,0.0
BF101596,Nisha Singh,Jackets,Overshirt Jacket,1,4325.69,10.0,2025-04-01,Mumbai,Student,941.03,3893.12,432.57
BF102156,Pooja Jain,T-Shirts,Vintage Print Tee,1,1538.21,5.0,2025-04-01,Hyderabad,Working Professional,477.67,1461.3,76.91
BF102291,Aanya Singh,T-Shirts,Drop Shoulder Tee,1,1177.86,15.0,2025-04-01,Jaipur,Premium Shopper,311.43,1001.18,176.68
BF102317,Yash Mehta,T-Shirts,Oversized Street Tee,1,1458.14,10.0,2025-04-01,Noida,Young Professional,377.01,1312.33,145.81
BF102478,Manya Kumar,T-Shirts,Drop Shoulder Tee,1,1055.26,30.0,2025-04-01,Mumbai,Student,100.4,738.68,316.58
BF102759,Yash Jain,Bottomwear,Cargo Pants,1,2026.57,25.0,2025-04-01,Chandigarh,Young Professional,388.36,1519.93,506.64
BF100026,Yash Nair,T-Shirts,Vintage Print Tee,3,1438.66,15.0,2025-04-02,Lucknow,Young Professional,1130.73,3668.58,647.4
BF100158,Aditi Agarwal,Bottomwear,Parachute Pants,3,2365.11,10.0,2025-04-02,Lucknow,Working Professional,1766.55,6385.8,709.53
BF102320,Anika Nair,Hoodies,Printed Hoodie,1,1944.81,20.0,2025-04-02,Kolkata,Working Professional,366.09,1555.85,388.96
BF101005,Rohan Shah,Hoodies,Essential Hoodie,1,2599.91,25.0,2025-04-03,Gurugram,Premium Shopper,534.1,1949.93,649.98
BF101205,Isha Patel,Jeans,Relaxed Jeans,1,3617.12,10.0,2025-04-03,Delhi,Student,815.12,3255.41,361.71
BF101777,Aanya Mishra,Jeans,Wide Leg Jeans,1,3280.66,10.0,2025-04-03,Ahmedabad,Young Professional,796.38,2952.59,328.07
BF101893,Nisha Nair,T-Shirts,Oversized Street Tee,2,1293.25,0.0,2025-04-03,Surat,Casual Shopper,842.1,2586.5,0.0
BF100784,Vivaan Nair,Jeans,Relaxed Jeans,3,2372.4,10.0,2025-04-04,Mumbai,Young Professional,1687.78,6405.48,711.72
BF101583,Aditi Gupta,T-Shirts,Drop Shoulder Tee,1,744.05,30.0,2025-04-04,Ahmedabad,Young Professional,169.3,520.83,223.22
BF100189,Meera Kapoor,Hoodies,Heavyweight Hoodie,1,2279.95,30.0,2025-04-05,Lucknow,Student,398.29,1595.96,683.99
BF100380,Shreya Bansal,T-Shirts,Vintage Print Tee,3,910.19,5.0,2025-04-05,Delhi,Student,760.94,2594.04,136.53
BF100632,Simran Malhotra,Jeans,Distressed Jeans,1,3044.54,0.0,2025-04-05,Chennai,Young Professional,907.09,3044.54,0.0
BF100697,Arjun Shah,Hoodies,Essential Hoodie,1,1989.93,15.0,2025-04-05,Hyderabad,Young Professional,402.56,1691.44,298.49
BF101649,Diya Bansal,Hoodies,Printed Hoodie,1,2771.17,10.0,2025-04-05,Kolkata,Working Professional,717.02,2494.05,277.12
BF102076,Ananya Kapoor,Bottomwear,Joggers,1,2799.02,20.0,2025-04-05,Surat,Working Professional,620.15,2239.22,559.8
BF102844,Kavya Nair,Hoodies,Streetwear Hoodie,5,3308.92,10.0,2025-04-05,Delhi,Casual Shopper,4099.56,14890.14,1654.46
BF100219,Shreya Patel,T-Shirts,Drop Shoulder Tee,2,1453.11,0.0,2025-04-06,Ahmedabad,Young Professional,906.24,2906.22,0.0
BF101721,Pooja Das,Bottomwear,Baggy Trousers,1,2121.99,35.0,2025-04-06,Ahmedabad,Young Professional,255.86,1379.29,742.7
BF102215,Yash Mishra,Jeans,Wide Leg Jeans,3,2514.88,10.0,2025-04-06,Mumbai,Casual Shopper,1668.32,6790.18,754.46
BF102702,Pooja Das,Hoodies,Printed Hoodie,5,1932.22,30.0,2025-04-06,Mumbai,Working Professional,1706.95,6762.77,2898.33
BF100527,Karan Malhotra,Bottomwear,Joggers,1,2174.82,25.0,2025-04-07,Kolkata,Casual Shopper,320.52,1631.12,543.7
BF100958,Sneha Jain,Jeans,Baggy Jeans,2,3758.74,30.0,2025-04-07,Hyderabad,Casual Shopper,1123.35,5262.24,2255.24
BF101325,Pooja Agarwal,T-Shirts,Oversized Street Tee,1,1224.92,5.0,2025-04-07,Kolkata,Working Professional,372.56,1163.67,61.25
BF102421,Arjun Agarwal,T-Shirts,Oversized Street Tee,1,1146.74,10.0,2025-04-07,Bengaluru,Young Professional,316.04,1032.07,114.67
BF100788,Sakshi Mehta,T-Shirts,Boxy Graphic Tee,4,1556.05,30.0,2025-04-08,Delhi,Student,1091.93,4356.94,1867.26
BF101203,Anika Shah,T-Shirts,Boxy Graphic Tee,1,1045.73,5.0,2025-04-08,Bengaluru,Student,274.72,993.44,52.29
BF101251,Isha Gupta,T-Shirts,Oversized Street Tee,2,1123.89,15.0,2025-04-08,Delhi,Young Professional,619.59,1910.61,337.17
BF101471,Vivaan Jain,Hoodies,Printed Hoodie,1,2216.48,10.0,2025-04-08,Ahmedabad,Premium Shopper,580.85,1994.83,221.65
BF101506,Aanya Gupta,Jeans,Distressed Jeans,1,3809.06,5.0,2025-04-08,Delhi,Working Professional,1052.13,3618.61,190.45
BF102249,Anika Joshi,Bottomwear,Parachute Pants,1,2363.49,5.0,2025-04-08,Noida,Student,611.89,2245.32,118.17
BF100146,Nisha Malhotra,T-Shirts,Boxy Graphic Tee,1,992.44,5.0,2025-04-09,Hyderabad,Student,273.3,942.82,49.62
BF100720,Sakshi Nair,T-Shirts,Boxy Graphic Tee,1,1428.58,25.0,2025-04-09,Lucknow,Premium Shopper,351.43,1071.44,357.14
BF100777,Ananya Joshi,Bottomwear,Joggers,4,1307.43,15.0,2025-04-09,Mumbai,Premium Shopper,1309.66,4445.26,784.46
BF101413,Yash Saxena,Hoodies,Printed Hoodie,4,3258.66,5.0,2025-04-10,Chandigarh,Working Professional,3736.25,12382.91,651.73
BF102148,Aarav Singh,Hoodies,Essential Hoodie,1,1895.73,30.0,2025-04-10,Chennai,Working Professional,308.05,1327.01,568.72
BF100395,Aditya Singh,T-Shirts,Drop Shoulder Tee,2,942.77,5.0,2025-04-11,Lucknow,Student,480.01,1791.26,94.28
BF101155,Aditi Saxena,Jackets,Utility Jacket,2,3812.45,35.0,2025-04-11,Gurugram,Young Professional,990.87,4956.18,2668.72
BF101372,Ishaan Patel,Bottomwear,Cargo Pants,1,1341.49,30.0,2025-04-11,Jaipur,Young Professional,193.7,939.04,402.45
BF101861,Meera Malhotra,Jackets,Overshirt Jacket,3,2294.67,20.0,2025-04-11,Chandigarh,Working Professional,1273.33,5507.21,1376.8
BF101402,Kavya Bansal,Jackets,Overshirt Jacket,3,3536.99,10.0,2025-04-12,Noida,Student,2111.9,9549.87,1061.1
BF101630,Yash Malhotra,Bottomwear,Joggers,1,2124.39,10.0,2025-04-12,Gurugram,Working Professional,560.69,1911.95,212.44
BF101047,Nisha Singh,Bottomwear,Cargo Pants,2,2693.76,20.0,2025-04-13,Chennai,Student,962.47,4310.02,1077.5
BF101561,Diya Das,Bottomwear,Joggers,1,2637.79,15.0,2025-04-13,Surat,Working Professional,616.04,2242.12,395.67
BF101668,Vivaan Chopra,Jackets,Overshirt Jacket,1,3602.03,0.0,2025-04-13,Bengaluru,Working Professional,978.53,3602.03,0.0
BF100027,Ananya Chopra,Jeans,Relaxed Jeans,3,2859.94,15.0,2025-04-14,Surat,Student,1685.48,7292.85,1286.97
BF101028,Ishaan Kumar,T-Shirts,Vintage Print Tee,2,1175.96,35.0,2025-04-14,Chandigarh,Premium Shopper,455.32,1528.75,823.17
BF101907,Arjun Saxena,Jeans,Wide Leg Jeans,1,1903.07,25.0,2025-04-14,Chandigarh,Working Professional,378.31,1427.3,475.77
BF100318,Priya Mishra,T-Shirts,Vintage Print Tee,2,888.91,15.0,2025-04-15,Noida,Working Professional,529.65,1511.15,266.67
BF101428,Arjun Gupta,Jeans,Baggy Jeans,3,2821.7,40.0,2025-04-15,Delhi,Casual Shopper,1037.93,5079.06,3386.04
BF102050,Kabir Shah,Bottomwear,Joggers,5,2544.36,40.0,2025-04-15,Hyderabad,Working Professional,1703.16,7633.08,5088.72
BF101039,Nisha Singh,Jeans,Distressed Jeans,1,2799.47,25.0,2025-04-16,Chandigarh,Working Professional,558.09,2099.6,699.87
BF101949,Ananya Jain,Jeans,Wide Leg Jeans,4,3508.48,15.0,2025-04-16,Surat,Casual Shopper,2973.25,11928.83,2105.09
BF102955,Karan Gupta,T-Shirts,Boxy Graphic Tee,1,1655.48,0.0,2025-04-16,Hyderabad,Casual Shopper,509.89,1655.48,0.0
BF100865,Rohan Das,Jackets,Utility Jacket,1,2759.12,25.0,2025-04-17,Jaipur,Premium Shopper,503.76,2069.34,689.78
BF101135,Aarav Mehta,Jeans,Wide Leg Jeans,1,2510.5,25.0,2025-04-17,Ahmedabad,Student,348.02,1882.88,627.62
BF101482,Kritika Chopra,Jeans,Baggy Jeans,1,3509.35,5.0,2025-04-17,Gurugram,Casual Shopper,875.02,3333.88,175.47
BF101487,Diya Mehta,Hoodies,Heavyweight Hoodie,1,1911.42,15.0,2025-04-17,Jaipur,Working Professional,414.71,1624.71,286.71
BF102912,Simran Sharma,Hoodies,Printed Hoodie,1,1654.82,10.0,2025-04-17,Hyderabad,Student,422.15,1489.34,165.48
BF100316,Isha Das,Jeans,Distressed Jeans,2,2250.95,15.0,2025-04-18,Gurugram,Student,832.9,3826.62,675.28
BF100376,Anika Kumar,T-Shirts,Boxy Graphic Tee,1,1242.51,30.0,2025-04-18,Pune,Student,201.31,869.76,372.75
BF100651,Yash Malhotra,Jackets,Denim Jacket,3,4329.69,0.0,2025-04-18,Hyderabad,Working Professional,3531.2,12989.07,0.0
BF101069,Aanya Shah,T-Shirts,Vintage Print Tee,3,1629.9,20.0,2025-04-18,Mumbai,Premium Shopper,1194.42,3911.76,977.94
BF101188,Shreya Malhotra,T-Shirts,Vintage Print Tee,2,828.63,30.0,2025-04-18,Chennai,Young Professional,283.97,1160.08,497.18
BF101625,Aanya Gupta,Bottomwear,Baggy Trousers,2,1377.54,20.0,2025-04-18,Delhi,Student,471.57,2204.06,551.02
BF102448,Sneha Patel,T-Shirts,Drop Shoulder Tee,2,1493.33,30.0,2025-04-18,Chennai,Student,557.48,2090.66,896.0
BF102801,Ishaan Mishra,Jeans,Relaxed Jeans,1,3372.54,10.0,2025-04-18,Noida,Young Professional,772.7,3035.29,337.25
BF101391,Shreya Verma,T-Shirts,Boxy Graphic Tee,2,1182.22,10.0,2025-04-19,Lucknow,Student,530.97,2128.0,236.44
BF101563,Tanya Shah,Bottomwear,Joggers,1,1487.24,35.0,2025-04-19,Mumbai,Student,131.13,966.71,520.53
BF101796,Aarav Saxena,Hoodies,Essential Hoodie,1,2392.06,5.0,2025-04-19,Noida,Student,525.32,2272.46,119.6
BF102096,Aarav Saxena,Jackets,Overshirt Jacket,4,1894.01,5.0,2025-04-19,Surat,Young Professional,1850.14,7197.24,378.8
BF102177,Aditi Saxena,T-Shirts,Drop Shoulder Tee,2,1306.19,15.0,2025-04-19,Noida,Premium Shopper,721.61,2220.52,391.86
BF102553,Aditya Jain,Jackets,Varsity Jacket,1,4147.34,15.0,2025-04-19,Ahmedabad,Student,839.65,3525.24,622.1
BF102674,Rohan Bansal,Hoodies,Streetwear Hoodie,1,3358.87,10.0,2025-04-19,Chennai,Student,816.54,3022.98,335.89
BF100175,Anika Gupta,T-Shirts,Drop Shoulder Tee,1,765.41,15.0,2025-04-20,Mumbai,Student,159.98,650.6,114.81
BF100772,Isha Reddy,T-Shirts,Oversized Street Tee,2,1014.94,15.0,2025-04-20,Lucknow,Premium Shopper,528.18,1725.4,304.48
BF101272,Simran Joshi,T-Shirts,Boxy Graphic Tee,3,784.52,15.0,2025-04-20,Surat,Premium Shopper,555.74,2000.53,353.03
BF102070,Nisha Nair,T-Shirts,Boxy Graphic Tee,1,1108.39,5.0,2025-04-20,Lucknow,Casual Shopper,345.09,1052.97,55.42
BF102206,Isha Bansal,Hoodies,Printed Hoodie,1,3396.6,10.0,2025-04-20,Chennai,Young Professional,842.46,3056.94,339.66
BF102614,Aditi Jain,Jeans,Wide Leg Jeans,2,2065.09,20.0,2025-04-20,Mumbai,Working Professional,898.87,3304.14,826.04
BF100312,Yash Singh,Bottomwear,Parachute Pants,1,2686.59,20.0,2025-04-21,Hyderabad,Young Professional,508.08,2149.27,537.32
BF100670,Kritika Patel,Hoodies,Streetwear Hoodie,2,3497.36,15.0,2025-04-21,Pune,Working Professional,1672.0,5945.51,1049.21
BF101184,Manya Mishra,Bottomwear,Cargo Pants,2,2934.29,10.0,2025-04-21,Jaipur,Student,1345.65,5281.72,586.86
BF101610,Kabir Mehta,T-Shirts,Boxy Graphic Tee,1,858.47,25.0,2025-04-21,Noida,Young Professional,224.38,643.85,214.62
BF102046,Arjun Joshi,Jeans,Relaxed Jeans,1,1910.66,10.0,2025-04-21,Hyderabad,Working Professional,465.8,1719.59,191.07
BF100864,Ananya Mishra,Jeans,Baggy Jeans,1,2696.67,25.0,2025-04-22,Kolkata,Working Professional,387.94,2022.5,674.17
BF101239,Karan Agarwal,T-Shirts,Vintage Print Tee,2,1296.19,0.0,2025-04-22,Chandigarh,Premium Shopper,948.32,2592.38,0.0
BF101577,Kritika Patel,T-Shirts,Boxy Graphic Tee,1,1101.63,5.0,2025-04-22,Lucknow,Working Professional,269.32,1046.55,55.08
BF102451,Aarav Joshi,Bottomwear,Parachute Pants,1,2031.51,5.0,2025-04-22,Noida,Working Professional,487.32,1929.93,101.58
BF102480,Meera Mishra,Jeans,Baggy Jeans,1,2069.0,20.0,2025-04-22,Chandigarh,Working Professional,390.52,1655.2,413.8
BF102934,Riya Bansal,T-Shirts,Drop Shoulder Tee,1,1524.67,10.0,2025-04-22,Kolkata,Young Professional,423.84,1372.2,152.47
BF100420,Rahul Joshi,T-Shirts,Boxy Graphic Tee,1,1314.95,10.0,2025-04-23,Noida,Working Professional,435.48,1183.46,131.49
BF100503,Riya Shah,Hoodies,Essential Hoodie,2,1952.02,15.0,2025-04-23,Delhi,Student,847.81,3318.43,585.61
BF101197,Isha Malhotra,Hoodies,Essential Hoodie,1,2715.94,40.0,2025-04-23,Gurugram,Student,379.36,1629.56,1086.38
BF101698,Meera Nair,T-Shirts,Drop Shoulder Tee,1,1323.15,15.0,2025-04-23,Hyderabad,Young Professional,337.24,1124.68,198.47
BF101800,Simran Saxena,Bottomwear,Baggy Trousers,2,2655.18,0.0,2025-04-23,Pune,Working Professional,1605.5,5310.36,0.0
BF101956,Aanya Patel,Jeans,Relaxed Jeans,3,3637.42,30.0,2025-04-23,Pune,Young Professional,1769.35,7638.58,3273.68
BF102059,Aanya Agarwal,Bottomwear,Cargo Pants,2,2937.17,10.0,2025-04-23,Hyderabad,Working Professional,1374.45,5286.91,587.43
BF102481,Yash Chopra,Hoodies,Printed Hoodie,2,2446.01,10.0,2025-04-23,Chennai,Working Professional,1243.43,4402.82,489.2
BF101576,Kabir Sharma,Jackets,Utility Jacket,5,2159.98,0.0,2025-04-24,Mumbai,Young Professional,2760.06,10799.9,0.0
BF102179,Riya Reddy,T-Shirts,Oversized Street Tee,1,1693.06,10.0,2025-04-24,Jaipur,Premium Shopper,507.77,1523.75,169.31
BF102733,Aditi Verma,T-Shirts,Oversized Street Tee,2,1206.55,15.0,2025-04-24,Mumbai,Student,566.85,2051.13,361.97
BF100264,Isha Kumar,Hoodies,Heavyweight Hoodie,1,2365.46,15.0,2025-04-25,Kolkata,Working Professional,577.81,2010.64,354.82
BF100354,Yash Nair,Hoodies,Essential Hoodie,1,2849.62,20.0,2025-04-25,Bengaluru,Young Professional,597.96,2279.7,569.92
BF101530,Kabir Bansal,Jackets,Utility Jacket,2,4345.05,25.0,2025-04-25,Surat,Working Professional,1399.36,6517.58,2172.52
BF102109,Aditya Agarwal,Bottomwear,Parachute Pants,2,2152.91,10.0,2025-04-25,Jaipur,Working Professional,1111.73,3875.24,430.58
BF100018,Isha Chopra,Bottomwear,Parachute Pants,1,2518.1,5.0,2025-04-26,Mumbai,Casual Shopper,637.17,2392.19,125.91
BF100251,Kabir Jain,Bottomwear,Baggy Trousers,2,2917.05,25.0,2025-04-26,Pune,Young Professional,1060.38,4375.58,1458.52
BF100389,Ishaan Singh,Jeans,Relaxed Jeans,1,3929.16,5.0,2025-04-26,Jaipur,Student,881.88,3732.7,196.46
BF100803,Sakshi Saxena,Jeans,Wide Leg Jeans,1,2964.28,10.0,2025-04-26,Jaipur,Student,621.41,2667.85,296.43
BF101063,Pooja Jain,Jeans,Distressed Jeans,3,3446.64,0.0,2025-04-26,Ahmedabad,Premium Shopper,3076.23,10339.92,0.0
BF102268,Kritika Kumar,Bottomwear,Baggy Trousers,1,2651.5,25.0,2025-04-26,Chennai,Student,369.1,1988.62,662.88
BF102314,Neha Jain,Bottomwear,Parachute Pants,2,2161.11,20.0,2025-04-26,Ahmedabad,Young Professional,907.5,3457.78,864.44
BF102410,Pooja Sharma,T-Shirts,Oversized Street Tee,1,1226.77,0.0,2025-04-26,Gurugram,Working Professional,363.46,1226.77,0.0
BF100062,Manya Kumar,Hoodies,Heavyweight Hoodie,2,2511.48,10.0,2025-04-27,Jaipur,Working Professional,1294.71,4520.66,502.3
BF100154,Vivaan Chopra,T-Shirts,Boxy Graphic Tee,1,1239.29,0.0,2025-04-27,Bengaluru,Young Professional,364.28,1239.29,0.0
BF100167,Pooja Nair,Jeans,Relaxed Jeans,2,2301.45,10.0,2025-04-27,Kolkata,Young Professional,1148.06,4142.61,460.29
BF101220,Neha Shah,Jeans,Wide Leg Jeans,1,3940.14,35.0,2025-04-27,Gurugram,Casual Shopper,565.11,2561.09,1379.05
BF101476,Rahul Patel,Jackets,Denim Jacket,5,2930.07,15.0,2025-04-27,Pune,Young Professional,3012.6,12452.8,2197.55
BF102035,Shreya Nair,T-Shirts,Boxy Graphic Tee,3,1437.05,10.0,2025-04-27,Hyderabad,Premium Shopper,1239.87,3880.04,431.11
BF102572,Aarav Jain,Hoodies,Printed Hoodie,2,2845.69,25.0,2025-04-27,Gurugram,Student,1088.79,4268.54,1422.85
BF100343,Ishaan Saxena,Hoodies,Heavyweight Hoodie,2,2661.19,5.0,2025-04-28,Lucknow,Casual Shopper,1476.22,5056.26,266.12
BF101715,Kavya Malhotra,T-Shirts,Boxy Graphic Tee,3,1235.61,15.0,2025-04-28,Bengaluru,Working Professional,974.02,3150.81,556.02
BF102445,Diya Mehta,T-Shirts,Oversized Street Tee,1,906.49,15.0,2025-04-28,Gurugram,Working Professional,248.41,770.52,135.97
BF101059,Kabir Gupta,Hoodies,Heavyweight Hoodie,1,3393.81,5.0,2025-04-29,Bengaluru,Young Professional,927.06,3224.12,169.69
BF101060,Anika Das,Jackets,Varsity Jacket,1,2857.32,20.0,2025-04-29,Pune,Working Professional,526.01,2285.86,571.46
BF101338,Rahul Bansal,Bottomwear,Cargo Pants,1,1472.23,10.0,2025-04-29,Jaipur,Young Professional,333.41,1325.01,147.22
BF101350,Arjun Shah,Jeans,Distressed Jeans,1,3038.4,15.0,2025-04-29,Mumbai,Premium Shopper,728.49,2582.64,455.76
BF101415,Diya Nair,Bottomwear,Cargo Pants,2,2527.63,10.0,2025-04-29,Lucknow,Premium Shopper,1337.88,4549.73,505.53
BF102113,Rohan Gupta,T-Shirts,Vintage Print Tee,3,934.63,0.0,2025-04-29,Lucknow,Premium Shopper,943.3,2803.89,0.0
BF102344,Sneha Joshi,Jeans,Wide Leg Jeans,3,3048.9,20.0,2025-04-29,Lucknow,Working Professional,1764.48,7317.36,1829.34
BF102396,Simran Reddy,Jeans,Distressed Jeans,1,3412.84,0.0,2025-04-29,Ahmedabad,Premium Shopper,1062.02,3412.84,0.0
BF100400,Kavya Sharma,T-Shirts,Oversized Street Tee,2,1487.79,5.0,2025-04-30,Hyderabad,Casual Shopper,878.3,2826.8,148.78
BF100840,Pooja Jain,Bottomwear,Baggy Trousers,2,2933.13,10.0,2025-04-30,Noida,Premium Shopper,1563.66,5279.63,586.63
BF101255,Sneha Mishra,Hoodies,Printed Hoodie,3,2871.86,15.0,2025-04-30,Noida,Working Professional,2008.47,7323.24,1292.34
BF101381,Tanya Kapoor,Jeans,Relaxed Jeans,1,3109.51,25.0,2025-04-30,Lucknow,Student,542.7,2332.13,777.38
BF102116,Pooja Verma,Jackets,Utility Jacket,2,2318.46,5.0,2025-04-30,Kolkata,Student,963.07,4405.07,231.85
BF102129,Diya Nair,Jeans,Baggy Jeans,2,2505.36,10.0,2025-04-30,Lucknow,Working Professional,1293.37,4509.65,501.07
BF102228,Kritika Agarwal,T-Shirts,Drop Shoulder Tee,2,1142.76,20.0,2025-04-30,Delhi,Young Professional,518.85,1828.42,457.1
BF102232,Sneha Reddy,Hoodies,Streetwear Hoodie,1,2200.93,0.0,2025-04-30,Ahmedabad,Student,634.16,2200.93,0.0
BF102332,Meera Das,T-Shirts,Oversized Street Tee,3,1603.51,20.0,2025-04-30,Mumbai,Student,1008.44,3848.42,962.11
BF100814,Rahul Joshi,Hoodies,Essential Hoodie,1,2437.96,35.0,2025-05-01,Pune,Casual Shopper,404.33,1584.67,853.29
BF100900,Aditya Malhotra,T-Shirts,Vintage Print Tee,1,1211.55,20.0,2025-05-01,Chennai,Student,315.52,969.24,242.31
BF100989,Rahul Saxena,Hoodies,Printed Hoodie,1,1764.06,15.0,2025-05-01,Delhi,Casual Shopper,375.95,1499.45,264.61
BF101078,Sneha Malhotra,T-Shirts,Boxy Graphic Tee,1,1655.85,25.0,2025-05-01,Kolkata,Working Professional,325.33,1241.89,413.96
BF101179,Ananya Das,Hoodies,Essential Hoodie,4,2184.09,15.0,2025-05-01,Kolkata,Young Professional,2024.16,7425.91,1310.45
BF101262,Vivaan Mishra,Jackets,Varsity Jacket,1,3223.9,0.0,2025-05-01,Pune,Casual Shopper,756.15,3223.9,0.0
BF101779,Rahul Sharma,Jeans,Distressed Jeans,2,2390.6,10.0,2025-05-01,Hyderabad,Young Professional,1131.33,4303.08,478.12
BF102443,Arjun Chopra,T-Shirts,Oversized Street Tee,5,1208.16,10.0,2025-05-01,Chandigarh,Casual Shopper,1664.66,5436.72,604.08
BF101072,Kavya Singh,Jeans,Distressed Jeans,1,2551.82,30.0,2025-05-02,Kolkata,Student,438.62,1786.27,765.55
BF101232,Karan Patel,Jeans,Wide Leg Jeans,2,2191.69,20.0,2025-05-02,Noida,Casual Shopper,751.88,3506.7,876.68
BF101637,Tanya Malhotra,Jackets,Overshirt Jacket,4,3462.25,10.0,2025-05-02,Gurugram,Premium Shopper,3227.84,12464.1,1384.9
BF101648,Aditya Kumar,Bottomwear,Joggers,3,2493.33,25.0,2025-05-02,Kolkata,Working Professional,1416.05,5609.99,1870.0
BF101663,Rahul Mishra,Jackets,Varsity Jacket,3,2116.11,30.0,2025-05-02,Jaipur,Working Professional,1011.7,4443.83,1904.5
BF102151,Aditi Mishra,Jeans,Wide Leg Jeans,1,3056.53,0.0,2025-05-02,Chennai,Working Professional,846.18,3056.53,0.0
BF102567,Ananya Singh,Jackets,Varsity Jacket,1,3035.64,10.0,2025-05-02,Ahmedabad,Working Professional,719.78,2732.08,303.56
BF100242,Arjun Jain,Jackets,Overshirt Jacket,3,3058.68,20.0,2025-05-03,Surat,Student,1444.53,7340.83,1835.21
BF102585,Neha Joshi,Hoodies,Heavyweight Hoodie,3,3017.54,20.0,2025-05-03,Kolkata,Student,1795.52,7242.1,1810.52
BF101089,Karan Malhotra,T-Shirts,Boxy Graphic Tee,1,1492.54,10.0,2025-05-04,Noida,Premium Shopper,453.08,1343.29,149.25
BF101119,Vivaan Mehta,T-Shirts,Boxy Graphic Tee,1,1024.79,0.0,2025-05-04,Mumbai,Working Professional,380.16,1024.79,0.0
BF102222,Ishaan Kapoor,T-Shirts,Oversized Street Tee,1,827.06,10.0,2025-05-04,Chandigarh,Working Professional,185.22,744.35,82.71
BF102878,Isha Bansal,T-Shirts,Boxy Graphic Tee,1,743.88,10.0,2025-05-04,Noida,Premium Shopper,271.89,669.49,74.39
BF102031,Aarav Verma,Hoodies,Streetwear Hoodie,1,1838.01,20.0,2025-05-05,Ahmedabad,Premium Shopper,314.18,1470.41,367.6
BF101419,Riya Bansal,T-Shirts,Boxy Graphic Tee,1,1502.73,5.0,2025-05-06,Chennai,Young Professional,448.29,1427.59,75.14
BF101465,Aarav Malhotra,Bottomwear,Parachute Pants,1,2770.59,10.0,2025-05-06,Chandigarh,Working Professional,790.58,2493.53,277.06
BF101565,Rahul Mishra,Jeans,Relaxed Jeans,2,3168.43,10.0,2025-05-06,Surat,Premium Shopper,1680.89,5703.17,633.69
BF101734,Rohan Mehta,Hoodies,Essential Hoodie,3,2434.03,35.0,2025-05-06,Pune,Young Professional,1129.0,4746.36,2555.73
BF101871,Meera Patel,Jeans,Relaxed Jeans,2,3253.62,10.0,2025-05-06,Surat,Student,1404.95,5856.52,650.72
BF101911,Simran Mishra,Jeans,Baggy Jeans,3,2911.24,20.0,2025-05-06,Chennai,Casual Shopper,1580.01,6986.98,1746.74
BF102950,Kabir Kapoor,Jeans,Wide Leg Jeans,1,3824.68,30.0,2025-05-06,Surat,Young Professional,558.0,2677.28,1147.4
BF100061,Kritika Kumar,T-Shirts,Drop Shoulder Tee,2,1000.98,15.0,2025-05-07,Noida,Student,529.35,1701.67,300.29
BF101508,Riya Shah,T-Shirts,Oversized Street Tee,1,1017.36,15.0,2025-05-07,Chandigarh,Premium Shopper,275.6,864.76,152.6
BF102154,Diya Shah,T-Shirts,Vintage Print Tee,2,1457.83,0.0,2025-05-07,Jaipur,Casual Shopper,940.61,2915.66,0.0
BF101151,Vivaan Singh,Jeans,Relaxed Jeans,2,3151.46,20.0,2025-05-08,Pune,Premium Shopper,1345.89,5042.34,1260.58
BF102244,Karan Reddy,T-Shirts,Drop Shoulder Tee,1,996.51,5.0,2025-05-08,Pune,Casual Shopper,283.52,946.68,49.83
BF102281,Kabir Jain,Jackets,Utility Jacket,3,2062.36,15.0,2025-05-08,Noida,Young Professional,1210.0,5259.02,928.06
BF102337,Arjun Gupta,Jeans,Baggy Jeans,2,3301.77,20.0,2025-05-08,Surat,Working Professional,1356.18,5282.83,1320.71
BF101788,Rohan Mishra,Jeans,Relaxed Jeans,2,3527.14,5.0,2025-05-09,Chennai,Working Professional,1917.65,6701.57,352.71
BF100125,Kavya Nair,Jackets,Utility Jacket,3,3711.85,20.0,2025-05-10,Kolkata,Working Professional,2070.02,8908.44,2227.11
BF100801,Aditya Patel,Bottomwear,Parachute Pants,1,2937.86,35.0,2025-05-10,Bengaluru,Young Professional,367.72,1909.61,1028.25
BF100973,Neha Bansal,Hoodies,Essential Hoodie,1,2151.35,20.0,2025-05-10,Mumbai,Student,348.82,1721.08,430.27
BF101271,Aanya Patel,Jeans,Wide Leg Jeans,3,3302.33,15.0,2025-05-10,Noida,Student,1944.66,8420.94,1486.05
BF101356,Aditi Mehta,Jeans,Wide Leg Jeans,3,1840.58,10.0,2025-05-10,Chennai,Student,1173.36,4969.57,552.17
BF101611,Aanya Verma,T-Shirts,Oversized Street Tee,2,1445.54,20.0,2025-05-10,Jaipur,Working Professional,701.28,2312.86,578.22
BF101641,Rohan Jain,Bottomwear,Baggy Trousers,3,2930.94,0.0,2025-05-10,Chennai,Student,2383.05,8792.82,0.0
BF101768,Rohan Patel,Jeans,Baggy Jeans,2,3016.71,30.0,2025-05-10,Chennai,Student,878.5,4223.39,1810.03
BF102418,Kritika Agarwal,Jeans,Relaxed Jeans,1,2966.96,35.0,2025-05-10,Pune,Student,327.41,1928.52,1038.44
BF102552,Tanya Verma,Jackets,Denim Jacket,1,2088.96,15.0,2025-05-10,Ahmedabad,Casual Shopper,471.55,1775.62,313.34
BF102687,Rahul Sharma,T-Shirts,Vintage Print Tee,1,1145.45,0.0,2025-05-10,Lucknow,Working Professional,317.64,1145.45,0.0
BF100012,Aditi Reddy,T-Shirts,Boxy Graphic Tee,1,1063.27,0.0,2025-05-11,Gurugram,Student,281.33,1063.27,0.0
BF100156,Shreya Das,Jackets,Varsity Jacket,1,3913.53,5.0,2025-05-11,Noida,Casual Shopper,896.38,3717.85,195.68
BF100725,Pooja Nair,Bottomwear,Joggers,5,2598.01,0.0,2025-05-11,Lucknow,Casual Shopper,3584.18,12990.05,0.0
BF100000,Arjun Das,T-Shirts,Oversized Street Tee,2,1354.59,35.0,2025-05-12,Chennai,Young Professional,519.1,1760.97,948.21
BF100222,Aditya Sharma,T-Shirts,Vintage Print Tee,1,1456.37,35.0,2025-05-12,Jaipur,Casual Shopper,299.86,946.64,509.73
BF100235,Kabir Shah,T-Shirts,Drop Shoulder Tee,2,1228.85,10.0,2025-05-12,Kolkata,Premium Shopper,692.17,2211.93,245.77
BF100308,Sakshi Reddy,Jackets,Utility Jacket,2,4194.16,10.0,2025-05-12,Mumbai,Young Professional,1758.6,7549.49,838.83
BF100586,Anika Kumar,Jeans,Distressed Jeans,1,3394.24,5.0,2025-05-12,Pune,Working Professional,870.42,3224.53,169.71
BF101361,Simran Sharma,Jeans,Baggy Jeans,1,2261.46,25.0,2025-05-12,Ahmedabad,Casual Shopper,380.03,1696.1,565.36
BF102098,Simran Chopra,Bottomwear,Parachute Pants,1,2897.48,30.0,2025-05-12,Mumbai,Young Professional,420.55,2028.24,869.24
BF102713,Anika Mehta,T-Shirts,Drop Shoulder Tee,2,1654.7,30.0,2025-05-12,Lucknow,Student,611.08,2316.58,992.82
BF101096,Riya Singh,Jackets,Utility Jacket,1,1848.11,5.0,2025-05-13,Delhi,Working Professional,488.61,1755.7,92.41
BF101300,Diya Reddy,Jackets,Varsity Jacket,1,2286.28,25.0,2025-05-13,Jaipur,Young Professional,414.54,1714.71,571.57
BF101671,Aanya Joshi,T-Shirts,Oversized Street Tee,4,1173.45,0.0,2025-05-13,Hyderabad,Working Professional,1471.99,4693.8,0.0
BF101916,Riya Verma,Jeans,Distressed Jeans,1,3439.47,25.0,2025-05-13,Gurugram,Student,571.78,2579.6,859.87
BF102343,Rahul Gupta,Bottomwear,Cargo Pants,2,2475.76,15.0,2025-05-13,Chennai,Working Professional,1212.96,4208.79,742.73
BF100809,Shreya Das,T-Shirts,Drop Shoulder Tee,1,1269.77,20.0,2025-05-14,Lucknow,Working Professional,250.39,1015.82,253.95
BF101136,Kabir Singh,Jeans,Wide Leg Jeans,2,2137.0,30.0,2025-05-14,Bengaluru,Premium Shopper,731.54,2991.8,1282.2
BF101394,Ishaan Sharma,Jackets,Varsity Jacket,2,2362.78,25.0,2025-05-14,Gurugram,Young Professional,657.32,3544.17,1181.39
BF101968,Rahul Nair,T-Shirts,Vintage Print Tee,4,1238.52,20.0,2025-05-14,Pune,Casual Shopper,1037.25,3963.26,990.82
BF102226,Aarav Verma,T-Shirts,Boxy Graphic Tee,1,1234.51,5.0,2025-05-14,Kolkata,Working Professional,354.96,1172.78,61.73
BF102409,Karan Gupta,T-Shirts,Vintage Print Tee,1,1113.33,10.0,2025-05-14,Mumbai,Young Professional,276.23,1002.0,111.33
BF100133,Neha Mishra,Jeans,Relaxed Jeans,2,2042.82,10.0,2025-05-15,Surat,Young Professional,953.66,3677.08,408.56
BF100833,Arjun Kumar,Jeans,Baggy Jeans,3,2738.38,30.0,2025-05-15,Jaipur,Student,1150.4,5750.6,2464.54
BF101266,Rahul Mehta,Bottomwear,Cargo Pants,2,2787.82,25.0,2025-05-15,Delhi,Casual Shopper,973.41,4181.73,1393.91
BF100259,Karan Patel,T-Shirts,Vintage Print Tee,4,886.53,20.0,2025-05-16,Pune,Working Professional,839.86,2836.9,709.22
BF101980,Sneha Shah,Jeans,Relaxed Jeans,1,3753.58,20.0,2025-05-16,Jaipur,Student,657.07,3002.86,750.72
BF102347,Vivaan Saxena,T-Shirts,Vintage Print Tee,1,934.91,0.0,2025-05-16,Gurugram,Casual Shopper,235.59,934.91,0.0
BF100181,Aanya Mehta,T-Shirts,Oversized Street Tee,1,1631.91,0.0,2025-05-17,Delhi,Working Professional,551.29,1631.91,0.0
BF100636,Rohan Joshi,T-Shirts,Vintage Print Tee,4,1469.63,25.0,2025-05-17,Mumbai,Young Professional,1237.58,4408.89,1469.63
BF100799,Shreya Saxena,Jackets,Overshirt Jacket,1,3753.3,15.0,2025-05-17,Delhi,Casual Shopper,693.93,3190.3,562.99
BF100141,Priya Saxena,Bottomwear,Baggy Trousers,2,2690.56,25.0,2025-05-18,Chandigarh,Working Professional,1039.23,4035.84,1345.28
BF100439,Ishaan Jain,T-Shirts,Drop Shoulder Tee,1,944.05,20.0,2025-05-18,Noida,Casual Shopper,204.73,755.24,188.81
BF100453,Neha Jain,T-Shirts,Boxy Graphic Tee,1,1209.73,10.0,2025-05-18,Chandigarh,Casual Shopper,374.33,1088.76,120.97
BF100561,Diya Kapoor,Bottomwear,Joggers,3,1643.51,5.0,2025-05-18,Noida,Young Professional,1302.83,4684.0,246.53
BF100563,Kritika Singh,T-Shirts,Boxy Graphic Tee,2,704.84,0.0,2025-05-18,Pune,Casual Shopper,516.85,1409.68,0.0
BF100804,Isha Malhotra,Jackets,Varsity Jacket,1,3504.92,30.0,2025-05-18,Chennai,Working Professional,482.05,2453.44,1051.48
BF101210,Arjun Singh,T-Shirts,Boxy Graphic Tee,1,993.82,10.0,2025-05-18,Ahmedabad,Premium Shopper,205.13,894.44,99.38
BF102574,Anika Malhotra,Bottomwear,Baggy Trousers,2,2401.31,15.0,2025-05-18,Delhi,Young Professional,1074.86,4082.23,720.39
BF102613,Ishaan Joshi,Jeans,Distressed Jeans,1,2962.13,15.0,2025-05-18,Jaipur,Premium Shopper,723.62,2517.81,444.32
BF100709,Sakshi Bansal,T-Shirts,Boxy Graphic Tee,2,1544.02,35.0,2025-05-19,Gurugram,Student,448.61,2007.23,1080.81
BF101298,Anika Bansal,Jackets,Utility Jacket,1,1861.87,0.0,2025-05-19,Noida,Premium Shopper,629.86,1861.87,0.0
BF101349,Kavya Verma,Jeans,Baggy Jeans,1,3036.7,25.0,2025-05-19,Delhi,Casual Shopper,469.65,2277.52,759.18
BF101631,Simran Jain,Jackets,Utility Jacket,3,3956.79,0.0,2025-05-19,Kolkata,Young Professional,3122.71,11870.37,0.0
BF101874,Manya Verma,Jackets,Utility Jacket,1,3265.8,20.0,2025-05-19,Lucknow,Casual Shopper,546.72,2612.64,653.16
BF101876,Aditya Gupta,Bottomwear,Parachute Pants,1,2861.06,30.0,2025-05-19,Jaipur,Premium Shopper,546.38,2002.74,858.32
BF102476,Pooja Reddy,Hoodies,Essential Hoodie,3,2699.72,10.0,2025-05-19,Pune,Casual Shopper,2022.0,7289.24,809.92
BF102838,Kavya Singh,Hoodies,Essential Hoodie,3,1999.14,20.0,2025-05-19,Jaipur,Casual Shopper,1236.75,4797.94,1199.48
BF102986,Rahul Das,Jackets,Denim Jacket,1,2192.42,15.0,2025-05-19,Ahmedabad,Working Professional,423.17,1863.56,328.86
BF100767,Aarav Shah,Hoodies,Heavyweight Hoodie,1,2817.2,20.0,2025-05-20,Bengaluru,Casual Shopper,589.49,2253.76,563.44
BF101731,Kritika Kumar,Hoodies,Essential Hoodie,2,2003.15,30.0,2025-05-20,Surat,Premium Shopper,759.23,2804.41,1201.89
BF101735,Isha Verma,Jackets,Overshirt Jacket,2,2011.25,0.0,2025-05-20,Surat,Young Professional,1059.73,4022.5,0.0
BF102516,Sneha Das,T-Shirts,Oversized Street Tee,2,908.08,35.0,2025-05-20,Noida,Working Professional,345.46,1180.5,635.66
BF100165,Ishaan Mishra,T-Shirts,Vintage Print Tee,1,1120.61,25.0,2025-05-21,Chennai,Student,173.24,840.46,280.15
BF100793,Aditi Verma,Jackets,Denim Jacket,2,3718.02,0.0,2025-05-21,Chennai,Casual Shopper,1812.08,7436.04,0.0
BF101168,Vivaan Malhotra,Jackets,Utility Jacket,1,2547.45,25.0,2025-05-21,Noida,Student,382.29,1910.59,636.86
BF102836,Nisha Kapoor,Bottomwear,Parachute Pants,1,1418.1,0.0,2025-05-21,Gurugram,Student,435.21,1418.1,0.0
BF100876,Vivaan Das,Hoodies,Streetwear Hoodie,4,2199.67,15.0,2025-05-22,Noida,Casual Shopper,1872.43,7478.88,1319.8
BF101315,Meera Agarwal,Hoodies,Printed Hoodie,3,3075.12,25.0,2025-05-22,Ahmedabad,Young Professional,1806.66,6919.02,2306.34
BF101339,Sneha Mishra,Jackets,Overshirt Jacket,2,1974.14,15.0,2025-05-22,Lucknow,Premium Shopper,830.22,3356.04,592.24
BF102907,Nisha Shah,Jackets,Varsity Jacket,2,3711.0,20.0,2025-05-22,Jaipur,Working Professional,1385.22,5937.6,1484.4
BF100934,Sneha Kumar,Jeans,Distressed Jeans,2,2499.55,25.0,2025-05-23,Noida,Working Professional,919.87,3749.32,1249.78
BF102262,Rohan Saxena,T-Shirts,Boxy Graphic Tee,1,968.83,0.0,2025-05-23,Ahmedabad,Working Professional,389.37,968.83,0.0
BF102981,Pooja Agarwal,Jeans,Relaxed Jeans,1,2618.25,40.0,2025-05-23,Delhi,Working Professional,335.01,1570.95,1047.3
BF100236,Sakshi Agarwal,Hoodies,Streetwear Hoodie,2,1693.88,10.0,2025-05-24,Kolkata,Working Professional,948.06,3048.98,338.78
BF101004,Kavya Nair,T-Shirts,Vintage Print Tee,1,1434.82,40.0,2025-05-24,Ahmedabad,Working Professional,214.64,860.89,573.93
BF101384,Ishaan Nair,Hoodies,Essential Hoodie,3,2545.41,5.0,2025-05-24,Chennai,Working Professional,2188.48,7254.42,381.81
BF101480,Aanya Bansal,Hoodies,Essential Hoodie,4,1705.28,30.0,2025-05-24,Chennai,Student,957.93,4774.78,2046.34
BF101621,Sakshi Shah,Jeans,Relaxed Jeans,2,3078.55,20.0,2025-05-24,Gurugram,Working Professional,1241.81,4925.68,1231.42
BF102804,Ishaan Nair,T-Shirts,Vintage Print Tee,1,1178.87,10.0,2025-05-24,Mumbai,Working Professional,314.85,1060.98,117.89
BF100163,Ananya Mehta,Bottomwear,Cargo Pants,4,2454.44,10.0,2025-05-25,Ahmedabad,Casual Shopper,2360.37,8835.98,981.78
BF100193,Rohan Malhotra,T-Shirts,Boxy Graphic Tee,1,731.1,20.0,2025-05-25,Jaipur,Premium Shopper,162.17,584.88,146.22
BF101507,Aanya Saxena,T-Shirts,Boxy Graphic Tee,1,884.8,25.0,2025-05-25,Delhi,Student,136.86,663.6,221.2
BF100212,Kritika Kumar,Jackets,Denim Jacket,2,2227.92,0.0,2025-05-26,Ahmedabad,Student,1041.62,4455.84,0.0
BF100569,Manya Gupta,T-Shirts,Vintage Print Tee,2,1484.57,15.0,2025-05-26,Hyderabad,Casual Shopper,715.45,2523.77,445.37
BF101334,Yash Das,Bottomwear,Joggers,1,2371.06,5.0,2025-05-26,Kolkata,Student,617.13,2252.51,118.55
BF101810,Manya Malhotra,T-Shirts,Drop Shoulder Tee,1,1037.23,10.0,2025-05-26,Chennai,Working Professional,286.83,933.51,103.72
BF101866,Meera Sharma,Jackets,Overshirt Jacket,1,2196.9,10.0,2025-05-26,Bengaluru,Working Professional,516.5,1977.21,219.69
BF102627,Tanya Agarwal,Bottomwear,Parachute Pants,1,2460.03,25.0,2025-05-26,Jaipur,Young Professional,442.56,1845.02,615.01
BF100116,Anika Das,Hoodies,Printed Hoodie,2,3210.39,10.0,2025-05-27,Ahmedabad,Premium Shopper,1718.42,5778.7,642.08
BF100168,Isha Mishra,T-Shirts,Drop Shoulder Tee,4,1111.21,5.0,2025-05-27,Gurugram,Young Professional,1315.14,4222.6,222.24
BF100215,Meera Nair,Bottomwear,Cargo Pants,1,1539.33,10.0,2025-05-27,Ahmedabad,Young Professional,400.15,1385.4,153.93
BF100521,Arjun Gupta,Jeans,Baggy Jeans,5,3265.23,10.0,2025-05-27,Surat,Student,3586.1,14693.54,1632.61
BF100615,Arjun Mishra,Jeans,Distressed Jeans,1,2030.56,20.0,2025-05-27,Chandigarh,Casual Shopper,422.08,1624.45,406.11
BF101457,Priya Reddy,T-Shirts,Boxy Graphic Tee,2,744.04,5.0,2025-05-27,Chandigarh,Working Professional,475.89,1413.68,74.4
BF101512,Ananya Kumar,Hoodies,Heavyweight Hoodie,2,1565.07,15.0,2025-05-27,Kolkata,Working Professional,768.67,2660.62,469.52
BF101864,Meera Jain,T-Shirts,Boxy Graphic Tee,1,1434.66,15.0,2025-05-27,Jaipur,Casual Shopper,316.16,1219.46,215.2
BF100257,Ishaan Gupta,T-Shirts,Drop Shoulder Tee,2,757.76,25.0,2025-05-28,Gurugram,Young Professional,221.27,1136.64,378.88
BF100369,Kritika Agarwal,T-Shirts,Drop Shoulder Tee,1,1536.92,5.0,2025-05-28,Chandigarh,Working Professional,477.86,1460.07,76.85
BF101567,Rohan Chopra,Jackets,Denim Jacket,1,1967.06,25.0,2025-05-28,Jaipur,Casual Shopper,301.29,1475.3,491.76
BF102208,Sakshi Kapoor,Jeans,Relaxed Jeans,2,2293.59,25.0,2025-05-28,Kolkata,Young Professional,798.55,3440.38,1146.8
BF100394,Diya Kumar,T-Shirts,Drop Shoulder Tee,2,1324.47,10.0,2025-05-29,Delhi,Premium Shopper,725.15,2384.05,264.89
BF102082,Aarav Sharma,T-Shirts,Vintage Print Tee,1,1138.54,0.0,2025-05-29,Mumbai,Student,411.45,1138.54,0.0
BF102329,Simran Jain,T-Shirts,Vintage Print Tee,2,1142.38,20.0,2025-05-29,Gurugram,Casual Shopper,495.55,1827.81,456.95
BF102570,Simran Chopra,T-Shirts,Oversized Street Tee,1,1284.31,0.0,2025-05-29,Pune,Casual Shopper,354.86,1284.31,0.0
BF102728,Aditi Saxena,Jeans,Wide Leg Jeans,2,3749.0,10.0,2025-05-29,Ahmedabad,Young Professional,1733.79,6748.2,749.8
BF102778,Sakshi Das,Hoodies,Printed Hoodie,3,2556.76,20.0,2025-05-29,Kolkata,Student,1463.84,6136.22,1534.06
BF100068,Riya Mehta,T-Shirts,Vintage Print Tee,4,1189.56,5.0,2025-05-30,Jaipur,Premium Shopper,1410.41,4520.33,237.91
BF100076,Tanya Singh,Hoodies,Heavyweight Hoodie,1,1799.45,15.0,2025-05-30,Chandigarh,Casual Shopper,445.51,1529.53,269.92
BF100881,Ananya Shah,T-Shirts,Oversized Street Tee,1,804.79,15.0,2025-05-30,Mumbai,Young Professional,186.99,684.07,120.72
BF100901,Sneha Kapoor,Jeans,Baggy Jeans,1,3695.86,0.0,2025-05-30,Chandigarh,Casual Shopper,1058.73,3695.86,0.0
BF101328,Diya Malhotra,Hoodies,Essential Hoodie,1,1841.66,5.0,2025-05-30,Delhi,Student,492.14,1749.58,92.08
BF101675,Tanya Singh,Bottomwear,Parachute Pants,1,1671.22,25.0,2025-05-30,Ahmedabad,Casual Shopper,285.38,1253.42,417.81
BF102356,Aarav Sharma,Jackets,Utility Jacket,2,3081.73,5.0,2025-05-30,Pune,Young Professional,1494.16,5855.29,308.17
BF100637,Aditya Kumar,T-Shirts,Boxy Graphic Tee,4,1584.25,10.0,2025-05-31,Kolkata,Student,1660.68,5703.3,633.7
BF100656,Manya Singh,T-Shirts,Boxy Graphic Tee,2,1214.45,0.0,2025-05-31,Chennai,Young Professional,849.36,2428.9,0.0
BF101627,Riya Gupta,T-Shirts,Vintage Print Tee,2,1285.64,0.0,2025-05-31,Kolkata,Working Professional,816.27,2571.28,0.0
BF100345,Aarav Singh,Jackets,Varsity Jacket,1,4321.88,0.0,2025-06-01,Gurugram,Working Professional,1137.9,4321.88,0.0
BF101688,Vivaan Joshi,Jeans,Relaxed Jeans,1,2673.37,25.0,2025-06-01,Mumbai,Student,274.98,2005.03,668.34
BF102315,Sneha Patel,T-Shirts,Boxy Graphic Tee,2,1235.99,30.0,2025-06-01,Mumbai,Premium Shopper,489.47,1730.39,741.59
BF100902,Ananya Kumar,Bottomwear,Baggy Trousers,2,2425.8,10.0,2025-06-02,Lucknow,Young Professional,1220.94,4366.44,485.16
BF101363,Priya Joshi,T-Shirts,Oversized Street Tee,1,1544.72,0.0,2025-06-02,Gurugram,Working Professional,518.09,1544.72,0.0
BF101988,Rohan Singh,Jackets,Varsity Jacket,2,2943.08,35.0,2025-06-02,Jaipur,Young Professional,716.89,3826.0,2060.16
BF102407,Aditya Shah,T-Shirts,Boxy Graphic Tee,1,1526.53,5.0,2025-06-02,Lucknow,Student,445.55,1450.2,76.33
BF100848,Sneha Bansal,T-Shirts,Oversized Street Tee,2,1381.83,5.0,2025-06-03,Jaipur,Student,775.38,2625.48,138.18
BF101533,Pooja Malhotra,T-Shirts,Drop Shoulder Tee,4,782.55,10.0,2025-06-03,Kolkata,Young Professional,848.23,2817.18,313.02
BF102458,Vivaan Nair,T-Shirts,Drop Shoulder Tee,3,1602.8,15.0,2025-06-03,Gurugram,Young Professional,1196.03,4087.14,721.26
BF102514,Meera Gupta,T-Shirts,Oversized Street Tee,2,1261.84,25.0,2025-06-03,Delhi,Working Professional,540.08,1892.76,630.92
BF100407,Aarav Mehta,T-Shirts,Boxy Graphic Tee,2,965.36,5.0,2025-06-04,Bengaluru,Casual Shopper,539.07,1834.18,96.54
BF101902,Nisha Gupta,T-Shirts,Vintage Print Tee,2,728.03,10.0,2025-06-04,Hyderabad,Young Professional,431.64,1310.45,145.61
BF102657,Sakshi Reddy,T-Shirts,Oversized Street Tee,2,1674.52,10.0,2025-06-04,Jaipur,Working Professional,1006.88,3014.14,334.9
BF102720,Diya Joshi,Bottomwear,Baggy Trousers,1,2537.11,20.0,2025-06-04,Mumbai,Working Professional,563.01,2029.69,507.42
BF102965,Kavya Sharma,T-Shirts,Boxy Graphic Tee,1,988.17,25.0,2025-06-04,Gurugram,Casual Shopper,214.21,741.13,247.04
BF100382,Diya Chopra,Hoodies,Essential Hoodie,3,3021.7,35.0,2025-06-05,Noida,Working Professional,1540.72,5892.32,3172.78
BF100696,Sakshi Joshi,T-Shirts,Vintage Print Tee,2,1428.84,5.0,2025-06-05,Chennai,Young Professional,782.24,2714.8,142.88
BF100949,Ishaan Sharma,Jackets,Denim Jacket,1,1868.77,10.0,2025-06-05,Gurugram,Working Professional,373.82,1681.89,186.88
BF101441,Kritika Verma,Hoodies,Streetwear Hoodie,2,2481.9,10.0,2025-06-05,Noida,Student,1258.78,4467.42,496.38
BF101775,Kabir Joshi,Hoodies,Printed Hoodie,1,1948.1,5.0,2025-06-05,Pune,Student,472.36,1850.7,97.4
BF101938,Sakshi Mishra,Hoodies,Printed Hoodie,5,2848.23,0.0,2025-06-05,Gurugram,Student,4000.48,14241.15,0.0
BF102054,Rahul Verma,Jeans,Baggy Jeans,1,2509.38,15.0,2025-06-05,Pune,Casual Shopper,523.6,2132.97,376.41
BF100286,Aarav Mishra,T-Shirts,Oversized Street Tee,5,1357.58,20.0,2025-06-06,Kolkata,Student,1390.13,5430.32,1357.58
BF101555,Anika Mehta,Bottomwear,Parachute Pants,2,1703.58,5.0,2025-06-06,Chennai,Premium Shopper,934.52,3236.8,170.36
BF101575,Isha Jain,T-Shirts,Boxy Graphic Tee,4,949.16,5.0,2025-06-06,Noida,Young Professional,1099.47,3606.81,189.83
BF102014,Tanya Nair,Jackets,Varsity Jacket,1,3345.47,10.0,2025-06-06,Noida,Young Professional,817.8,3010.92,334.55
BF102225,Rahul Kumar,T-Shirts,Drop Shoulder Tee,2,785.83,10.0,2025-06-06,Noida,Working Professional,488.47,1414.49,157.17
BF102439,Kritika Das,Hoodies,Printed Hoodie,1,3151.11,0.0,2025-06-06,Ahmedabad,Working Professional,941.97,3151.11,0.0
BF102735,Yash Reddy,Jackets,Denim Jacket,1,3389.48,10.0,2025-06-06,Lucknow,Working Professional,729.42,3050.53,338.95
BF102882,Rahul Verma,T-Shirts,Vintage Print Tee,1,1390.31,15.0,2025-06-06,Chandigarh,Casual Shopper,274.76,1181.76,208.55
BF100171,Kabir Mehta,Bottomwear,Joggers,1,2972.99,30.0,2025-06-07,Chandigarh,Student,499.09,2081.09,891.9
BF100740,Diya Agarwal,T-Shirts,Oversized Street Tee,1,715.17,15.0,2025-06-07,Jaipur,Young Professional,195.29,607.89,107.28
BF101208,Shreya Singh,Bottomwear,Cargo Pants,1,2324.97,0.0,2025-06-07,Noida,Young Professional,621.53,2324.97,0.0
BF101357,Pooja Mehta,Hoodies,Heavyweight Hoodie,1,1978.69,10.0,2025-06-07,Jaipur,Student,566.29,1780.82,197.87
BF101382,Rohan Joshi,Jackets,Overshirt Jacket,2,4084.19,10.0,2025-06-07,Chennai,Working Professional,1865.89,7351.54,816.84
BF102495,Karan Mishra,T-Shirts,Boxy Graphic Tee,2,701.51,30.0,2025-06-07,Pune,Student,192.36,982.11,420.91
BF102745,Pooja Patel,T-Shirts,Vintage Print Tee,2,1296.3,20.0,2025-06-07,Delhi,Working Professional,595.95,2074.08,518.52
BF102795,Isha Nair,Jeans,Wide Leg Jeans,2,2815.75,0.0,2025-06-07,Ahmedabad,Working Professional,1664.81,5631.5,0.0
BF100585,Sakshi Kumar,Jackets,Overshirt Jacket,4,2376.75,5.0,2025-06-08,Mumbai,Working Professional,2352.28,9031.65,475.35
BF101038,Rohan Singh,T-Shirts,Drop Shoulder Tee,1,1638.17,15.0,2025-06-08,Chandigarh,Student,408.11,1392.44,245.73
BF101253,Aditya Shah,Bottomwear,Cargo Pants,1,2816.91,15.0,2025-06-08,Delhi,Premium Shopper,694.21,2394.37,422.54
BF101941,Nisha Patel,Hoodies,Heavyweight Hoodie,2,2327.83,5.0,2025-06-08,Mumbai,Working Professional,1303.67,4422.88,232.78
BF100606,Sneha Agarwal,T-Shirts,Boxy Graphic Tee,1,1599.16,25.0,2025-06-09,Delhi,Working Professional,378.59,1199.37,399.79
BF100950,Sneha Nair,Hoodies,Heavyweight Hoodie,2,2659.59,30.0,2025-06-09,Bengaluru,Working Professional,1036.48,3723.43,1595.75
BF102940,Anika Bansal,Jeans,Relaxed Jeans,2,2175.95,25.0,2025-06-09,Chennai,Working Professional,804.66,3263.92,1087.97
BF100289,Pooja Kapoor,T-Shirts,Vintage Print Tee,1,1588.06,25.0,2025-06-10,Kolkata,Premium Shopper,353.86,1191.04,397.01
BF100532,Aditi Gupta,T-Shirts,Boxy Graphic Tee,1,1140.86,15.0,2025-06-10,Mumbai,Working Professional,373.59,969.73,171.13
BF100581,Sakshi Mishra,Hoodies,Essential Hoodie,2,2850.89,0.0,2025-06-10,Lucknow,Working Professional,1728.89,5701.78,0.0
BF100806,Priya Chopra,Hoodies,Essential Hoodie,1,1605.69,35.0,2025-06-10,Chennai,Young Professional,290.74,1043.7,561.99
BF101080,Diya Nair,T-Shirts,Vintage Print Tee,1,1044.6,25.0,2025-06-10,Mumbai,Working Professional,249.94,783.45,261.15
BF101098,Rahul Das,T-Shirts,Boxy Graphic Tee,1,1199.3,5.0,2025-06-10,Mumbai,Casual Shopper,336.94,1139.33,59.97
BF101112,Anika Verma,Jackets,Overshirt Jacket,1,2156.93,15.0,2025-06-10,Jaipur,Working Professional,475.74,1833.39,323.54
BF102531,Kritika Mehta,T-Shirts,Boxy Graphic Tee,3,793.93,25.0,2025-06-10,Hyderabad,Young Professional,517.26,1786.34,595.45
BF100823,Yash Mishra,Jeans,Wide Leg Jeans,1,2626.03,0.0,2025-06-11,Gurugram,Casual Shopper,595.37,2626.03,0.0
BF100953,Aditya Mishra,Bottomwear,Joggers,1,2916.98,15.0,2025-06-11,Jaipur,Working Professional,651.64,2479.43,437.55
BF100981,Shreya Nair,T-Shirts,Vintage Print Tee,1,1405.41,35.0,2025-06-11,Noida,Premium Shopper,281.07,913.52,491.89
BF102308,Neha Mehta,Hoodies,Streetwear Hoodie,1,2447.01,5.0,2025-06-11,Lucknow,Casual Shopper,718.96,2324.66,122.35
BF100060,Shreya Verma,Bottomwear,Joggers,1,2154.44,20.0,2025-06-12,Hyderabad,Casual Shopper,454.97,1723.55,430.89
BF100385,Riya Joshi,Bottomwear,Joggers,1,1500.74,30.0,2025-06-12,Hyderabad,Premium Shopper,300.1,1050.52,450.22
BF100528,Kritika Bansal,T-Shirts,Drop Shoulder Tee,2,1305.08,10.0,2025-06-12,Chennai,Working Professional,755.34,2349.14,261.02
BF100786,Riya Agarwal,Hoodies,Essential Hoodie,2,1961.39,5.0,2025-06-12,Gurugram,Student,1085.35,3726.64,196.14
BF101207,Priya Bansal,T-Shirts,Drop Shoulder Tee,4,785.39,5.0,2025-06-12,Delhi,Student,913.09,2984.48,157.08
BF101571,Kritika Malhotra,Bottomwear,Joggers,1,1680.34,15.0,2025-06-12,Surat,Working Professional,388.38,1428.29,252.05
BF102091,Karan Saxena,Bottomwear,Cargo Pants,1,2938.37,0.0,2025-06-12,Chennai,Working Professional,866.23,2938.37,0.0
BF102133,Karan Verma,Jeans,Wide Leg Jeans,2,2406.27,10.0,2025-06-12,Lucknow,Working Professional,1282.65,4331.29,481.25
BF102549,Yash Nair,T-Shirts,Drop Shoulder Tee,5,760.17,15.0,2025-06-12,Delhi,Working Professional,949.58,3230.72,570.13
BF102799,Aarav Sharma,T-Shirts,Boxy Graphic Tee,1,1419.19,20.0,2025-06-12,Hyderabad,Casual Shopper,371.59,1135.35,283.84
BF100256,Manya Mishra,T-Shirts,Boxy Graphic Tee,2,1562.6,40.0,2025-06-13,Bengaluru,Student,514.59,1875.12,1250.08
BF100664,Isha Kumar,Jeans,Distressed Jeans,2,3734.13,15.0,2025-06-13,Lucknow,Working Professional,1682.1,6348.02,1120.24
BF101282,Karan Chopra,T-Shirts,Boxy Graphic Tee,2,1217.45,5.0,2025-06-13,Lucknow,Working Professional,699.87,2313.16,121.74
BF102436,Manya Kumar,Jeans,Distressed Jeans,1,3649.67,15.0,2025-06-13,Mumbai,Young Professional,837.09,3102.22,547.45
BF100126,Tanya Reddy,Jeans,Relaxed Jeans,1,3433.01,5.0,2025-06-14,Ahmedabad,Working Professional,926.86,3261.36,171.65
BF101370,Diya Kapoor,Bottomwear,Joggers,3,1532.93,10.0,2025-06-14,Hyderabad,Student,1109.33,4138.91,459.88
BF102241,Rahul Chopra,Jeans,Baggy Jeans,4,3227.22,25.0,2025-06-14,Mumbai,Premium Shopper,2422.35,9681.66,3227.22
BF100413,Ishaan Sharma,T-Shirts,Drop Shoulder Tee,5,1575.27,0.0,2025-06-15,Bengaluru,Casual Shopper,2365.92,7876.35,0.0
BF100646,Kabir Malhotra,Hoodies,Essential Hoodie,3,3479.22,10.0,2025-06-15,Bengaluru,Young Professional,2647.29,9393.89,1043.77
BF102166,Isha Bansal,Bottomwear,Baggy Trousers,2,2700.74,30.0,2025-06-15,Lucknow,Casual Shopper,865.9,3781.04,1620.44
BF102431,Karan Agarwal,T-Shirts,Oversized Street Tee,1,1340.7,20.0,2025-06-15,Bengaluru,Premium Shopper,334.25,1072.56,268.14
BF100744,Sneha Singh,Jeans,Baggy Jeans,1,2845.69,35.0,2025-06-16,Jaipur,Student,382.61,1849.7,995.99
BF101677,Ananya Das,T-Shirts,Vintage Print Tee,1,1462.27,30.0,2025-06-16,Surat,Young Professional,229.28,1023.59,438.68
BF101751,Aanya Agarwal,Jeans,Wide Leg Jeans,1,2865.58,30.0,2025-06-16,Noida,Casual Shopper,350.4,2005.91,859.67
BF101860,Diya Verma,T-Shirts,Boxy Graphic Tee,1,1603.62,20.0,2025-06-16,Noida,Casual Shopper,321.06,1282.9,320.72
BF102545,Aditya Bansal,T-Shirts,Oversized Street Tee,1,750.29,25.0,2025-06-16,Bengaluru,Working Professional,75.6,562.72,187.57
BF100070,Anika Nair,T-Shirts,Vintage Print Tee,1,1209.72,20.0,2025-06-17,Surat,Casual Shopper,209.36,967.78,241.94
BF100097,Kabir Joshi,Jackets,Varsity Jacket,4,1836.76,5.0,2025-06-17,Chandigarh,Premium Shopper,1860.0,6979.69,367.35
BF101242,Aarav Nair,T-Shirts,Vintage Print Tee,4,1538.99,0.0,2025-06-17,Bengaluru,Working Professional,2050.95,6155.96,0.0
BF102442,Aditi Malhotra,Jeans,Baggy Jeans,2,1967.98,20.0,2025-06-17,Delhi,Working Professional,846.29,3148.77,787.19
BF102535,Sakshi Kumar,Jackets,Utility Jacket,3,2108.64,5.0,2025-06-17,Chennai,Working Professional,1523.17,6009.62,316.3
BF102731,Sakshi Joshi,Hoodies,Heavyweight Hoodie,4,2842.61,15.0,2025-06-17,Mumbai,Young Professional,2636.93,9664.87,1705.57
BF102963,Tanya Mishra,Hoodies,Essential Hoodie,3,2068.01,0.0,2025-06-17,Chennai,Casual Shopper,1794.75,6204.03,0.0
BF100374,Isha Shah,T-Shirts,Drop Shoulder Tee,2,1488.79,30.0,2025-06-18,Gurugram,Young Professional,600.21,2084.31,893.27
BF101808,Kabir Chopra,Bottomwear,Cargo Pants,5,2064.54,20.0,2025-06-18,Jaipur,Young Professional,2130.86,8258.16,2064.54
BF101977,Sneha Kumar,Hoodies,Printed Hoodie,2,2455.77,5.0,2025-06-18,Ahmedabad,Young Professional,1381.63,4665.96,245.58
BF102349,Vivaan Joshi,Hoodies,Streetwear Hoodie,1,1536.38,30.0,2025-06-18,Ahmedabad,Young Professional,252.45,1075.47,460.91
BF102369,Pooja Verma,Jackets,Denim Jacket,3,3570.51,25.0,2025-06-18,Gurugram,Premium Shopper,1862.34,8033.65,2677.88
BF102743,Riya Agarwal,Hoodies,Printed Hoodie,1,1665.81,10.0,2025-06-18,Surat,Young Professional,479.97,1499.23,166.58
BF100115,Kabir Mehta,Jeans,Distressed Jeans,3,2192.03,15.0,2025-06-19,Mumbai,Casual Shopper,1391.27,5589.68,986.41
BF100849,Pooja Singh,Hoodies,Essential Hoodie,1,2714.2,15.0,2025-06-19,Mumbai,Working Professional,659.12,2307.07,407.13
BF101562,Pooja Singh,Jeans,Relaxed Jeans,2,2315.16,5.0,2025-06-19,Kolkata,Student,1129.87,4398.8,231.52
BF101825,Shreya Gupta,T-Shirts,Vintage Print Tee,2,1296.06,30.0,2025-06-19,Mumbai,Young Professional,431.77,1814.48,777.64
BF102282,Anika Jain,T-Shirts,Boxy Graphic Tee,1,872.09,10.0,2025-06-19,Lucknow,Working Professional,275.34,784.88,87.21
BF100005,Simran Sharma,Hoodies,Printed Hoodie,1,3466.14,20.0,2025-06-20,Kolkata,Young Professional,828.82,2772.91,693.23
BF100461,Vivaan Shah,Jeans,Distressed Jeans,1,3445.68,20.0,2025-06-20,Delhi,Working Professional,692.16,2756.54,689.14
BF101757,Shreya Chopra,Hoodies,Streetwear Hoodie,2,2067.24,20.0,2025-06-20,Jaipur,Student,847.23,3307.58,826.9
BF102958,Aanya Sharma,Jeans,Distressed Jeans,2,3160.53,15.0,2025-06-20,Chandigarh,Casual Shopper,1197.67,5372.9,948.16
BF101062,Nisha Joshi,Bottomwear,Baggy Trousers,2,2241.67,5.0,2025-06-21,Ahmedabad,Young Professional,1234.68,4259.17,224.17
BF101257,Isha Bansal,T-Shirts,Drop Shoulder Tee,1,1108.57,0.0,2025-06-21,Hyderabad,Working Professional,357.7,1108.57,0.0
BF102324,Sneha Kapoor,Hoodies,Printed Hoodie,2,2379.56,10.0,2025-06-21,Ahmedabad,Young Professional,1268.11,4283.21,475.91
BF101035,Aditi Das,T-Shirts,Boxy Graphic Tee,3,751.25,35.0,2025-06-22,Chennai,Casual Shopper,396.46,1464.94,788.81
BF102817,Rohan Das,T-Shirts,Drop Shoulder Tee,3,1623.17,15.0,2025-06-22,Surat,Premium Shopper,1297.3,4139.08,730.43
BF100290,Priya Mishra,T-Shirts,Vintage Print Tee,2,1377.07,20.0,2025-06-23,Noida,Casual Shopper,651.08,2203.31,550.83
BF102492,Rohan Saxena,T-Shirts,Oversized Street Tee,1,1413.17,15.0,2025-06-23,Noida,Working Professional,335.8,1201.19,211.98
BF102800,Kabir Malhotra,Hoodies,Essential Hoodie,2,2686.16,20.0,2025-06-23,Mumbai,Student,1040.1,4297.86,1074.46
BF102896,Yash Saxena,T-Shirts,Vintage Print Tee,2,1420.3,15.0,2025-06-23,Gurugram,Student,649.51,2414.51,426.09
BF100034,Tanya Nair,T-Shirts,Boxy Graphic Tee,2,1409.0,10.0,2025-06-24,Gurugram,Student,733.49,2536.2,281.8
BF100048,Kavya Verma,Hoodies,Streetwear Hoodie,3,2687.34,15.0,2025-06-24,Kolkata,Premium Shopper,2024.57,6852.72,1209.3
BF102593,Ananya Shah,Jeans,Wide Leg Jeans,1,2660.12,10.0,2025-06-24,Kolkata,Student,588.03,2394.11,266.01
BF100715,Aditya Agarwal,Hoodies,Essential Hoodie,2,3256.18,10.0,2025-06-25,Gurugram,Student,1625.27,5861.12,651.24
BF100759,Anika Reddy,T-Shirts,Oversized Street Tee,1,749.27,0.0,2025-06-25,Lucknow,Student,248.35,749.27,0.0
BF101126,Kavya Das,Jackets,Denim Jacket,1,3845.68,20.0,2025-06-25,Chennai,Working Professional,729.52,3076.54,769.14
BF101345,Ananya Agarwal,Hoodies,Streetwear Hoodie,1,2601.32,30.0,2025-06-25,Surat,Premium Shopper,455.03,1820.92,780.4
BF101486,Ishaan Nair,T-Shirts,Boxy Graphic Tee,2,1417.53,5.0,2025-06-25,Bengaluru,Student,784.47,2693.31,141.75
BF101896,Neha Kumar,Jackets,Varsity Jacket,1,4019.31,10.0,2025-06-25,Jaipur,Working Professional,919.68,3617.38,401.93
BF102030,Ishaan Saxena,Jeans,Wide Leg Jeans,3,1956.91,10.0,2025-06-25,Ahmedabad,Young Professional,1418.61,5283.66,587.07
BF101660,Pooja Malhotra,T-Shirts,Oversized Street Tee,1,1144.3,10.0,2025-06-26,Bengaluru,Working Professional,272.22,1029.87,114.43
BF102509,Kritika Nair,Hoodies,Printed Hoodie,1,2145.45,15.0,2025-06-26,Hyderabad,Young Professional,577.67,1823.63,321.82
BF102834,Aditi Saxena,T-Shirts,Oversized Street Tee,3,1675.53,40.0,2025-06-26,Chandigarh,Working Professional,797.92,3015.95,2010.64
BF102033,Nisha Kumar,T-Shirts,Oversized Street Tee,4,877.6,35.0,2025-06-27,Chandigarh,Young Professional,652.61,2281.76,1228.64
BF102141,Arjun Joshi,T-Shirts,Oversized Street Tee,1,1304.87,15.0,2025-06-27,Ahmedabad,Working Professional,359.52,1109.14,195.73
BF102522,Rohan Verma,Jeans,Relaxed Jeans,1,2629.27,30.0,2025-06-27,Mumbai,Young Professional,291.83,1840.49,788.78
BF102931,Diya Shah,Bottomwear,Baggy Trousers,2,1853.0,20.0,2025-06-27,Lucknow,Casual Shopper,796.24,2964.8,741.2
BF101183,Kavya Saxena,Bottomwear,Baggy Trousers,2,2682.78,15.0,2025-06-28,Bengaluru,Casual Shopper,1131.01,4560.73,804.83
BF101426,Neha Sharma,Bottomwear,Baggy Trousers,2,1556.99,25.0,2025-06-28,Mumbai,Young Professional,580.71,2335.48,778.49
BF101756,Vivaan Malhotra,Bottomwear,Cargo Pants,1,2928.44,0.0,2025-06-28,Chandigarh,Premium Shopper,865.62,2928.44,0.0
BF102463,Sakshi Jain,Bottomwear,Joggers,1,1855.31,0.0,2025-06-28,Hyderabad,Young Professional,525.4,1855.31,0.0
BF102906,Diya Reddy,Jackets,Denim Jacket,2,3413.3,15.0,2025-06-28,Noida,Casual Shopper,1363.53,5802.61,1023.99
BF100387,Nisha Patel,T-Shirts,Vintage Print Tee,2,1204.36,10.0,2025-06-29,Mumbai,Young Professional,716.85,2167.85,240.87
BF100667,Riya Shah,Hoodies,Printed Hoodie,3,1788.8,20.0,2025-06-29,Hyderabad,Working Professional,1161.2,4293.12,1073.28
BF101622,Rahul Gupta,Jeans,Baggy Jeans,1,2296.47,20.0,2025-06-29,Mumbai,Working Professional,424.46,1837.18,459.29
BF102097,Vivaan Mishra,Jeans,Distressed Jeans,2,2453.42,20.0,2025-06-29,Chandigarh,Student,797.43,3925.47,981.37
BF102285,Arjun Das,Jackets,Utility Jacket,1,3487.21,5.0,2025-06-29,Hyderabad,Working Professional,867.37,3312.85,174.36
BF102751,Isha Kapoor,Jackets,Overshirt Jacket,1,4153.52,0.0,2025-06-29,Pune,Young Professional,1125.48,4153.52,0.0
BF100654,Karan Agarwal,Jeans,Relaxed Jeans,1,1984.5,20.0,2025-06-30,Pune,Casual Shopper,426.85,1587.6,396.9
BF102677,Vivaan Das,Jackets,Denim Jacket,2,2849.38,10.0,2025-06-30,Noida,Young Professional,1298.16,5128.88,569.88
BF102736,Isha Gupta,Bottomwear,Joggers,2,1839.72,5.0,2025-06-30,Surat,Student,971.92,3495.47,183.97
BF102005,Sneha Gupta,T-Shirts,Drop Shoulder Tee,3,1567.91,30.0,2025-07-01,Bengaluru,Casual Shopper,924.59,3292.61,1411.12
BF102936,Pooja Singh,Jackets,Denim Jacket,3,3978.14,15.0,2025-07-01,Chandigarh,Young Professional,2342.69,10144.26,1790.16
BF100511,Rohan Jain,Jackets,Denim Jacket,3,3663.18,30.0,2025-07-02,Hyderabad,Young Professional,1596.31,7692.68,3296.86
BF100556,Neha Joshi,Jeans,Relaxed Jeans,2,3813.99,20.0,2025-07-02,Gurugram,Student,1349.25,6102.38,1525.6
BF100603,Rohan Saxena,Bottomwear,Joggers,1,2809.78,35.0,2025-07-02,Delhi,Student,424.9,1826.36,983.42
BF100666,Tanya Saxena,T-Shirts,Drop Shoulder Tee,2,963.51,30.0,2025-07-02,Jaipur,Working Professional,397.35,1348.91,578.11
BF101732,Diya Kumar,Hoodies,Streetwear Hoodie,1,2394.8,0.0,2025-07-02,Hyderabad,Working Professional,729.26,2394.8,0.0
BF102469,Priya Agarwal,T-Shirts,Oversized Street Tee,4,1483.26,25.0,2025-07-02,Jaipur,Student,1236.63,4449.78,1483.26
BF102672,Ishaan Mishra,T-Shirts,Boxy Graphic Tee,4,832.2,35.0,2025-07-02,Pune,Working Professional,497.6,2163.72,1165.08
BF100199,Kavya Kapoor,Jeans,Distressed Jeans,3,1957.72,15.0,2025-07-03,Surat,Young Professional,1218.73,4992.19,880.97
BF100373,Aditi Malhotra,Jackets,Varsity Jacket,1,3002.31,5.0,2025-07-03,Chennai,Casual Shopper,724.3,2852.19,150.12
BF100618,Riya Gupta,Bottomwear,Baggy Trousers,1,1975.99,5.0,2025-07-03,Surat,Student,501.93,1877.19,98.8
BF101437,Aanya Chopra,T-Shirts,Oversized Street Tee,1,1117.53,15.0,2025-07-03,Gurugram,Young Professional,313.32,949.9,167.63
BF102197,Karan Malhotra,Bottomwear,Cargo Pants,2,1869.35,25.0,2025-07-03,Chandigarh,Student,722.17,2804.02,934.68
BF102765,Neha Kumar,Bottomwear,Joggers,1,2067.1,25.0,2025-07-03,Gurugram,Working Professional,452.06,1550.32,516.78
BF100456,Sakshi Singh,T-Shirts,Drop Shoulder Tee,1,775.51,20.0,2025-07-04,Ahmedabad,Premium Shopper,149.82,620.41,155.1
BF101169,Nisha Kumar,T-Shirts,Drop Shoulder Tee,3,1068.48,35.0,2025-07-04,Noida,Student,483.79,2083.54,1121.9
BF101626,Manya Chopra,Hoodies,Streetwear Hoodie,2,2436.21,40.0,2025-07-04,Gurugram,Casual Shopper,640.26,2923.45,1948.97
BF101835,Aarav Bansal,Jackets,Utility Jacket,2,3360.21,30.0,2025-07-04,Pune,Young Professional,1005.0,4704.29,2016.13
BF101974,Sneha Jain,T-Shirts,Boxy Graphic Tee,2,873.78,35.0,2025-07-04,Hyderabad,Student,265.03,1135.91,611.65
BF102102,Meera Mehta,Hoodies,Essential Hoodie,5,1786.25,15.0,2025-07-04,Kolkata,Student,1966.61,7591.56,1339.69
BF102620,Rahul Saxena,Hoodies,Heavyweight Hoodie,1,2067.29,10.0,2025-07-04,Lucknow,Young Professional,479.59,1860.56,206.73
BF100771,Riya Reddy,T-Shirts,Drop Shoulder Tee,1,1616.71,15.0,2025-07-05,Noida,Young Professional,404.89,1374.2,242.51
BF100980,Aanya Bansal,Bottomwear,Cargo Pants,1,2550.87,35.0,2025-07-05,Gurugram,Student,303.58,1658.07,892.8
BF102155,Aditya Shah,T-Shirts,Boxy Graphic Tee,2,1429.32,35.0,2025-07-05,Chandigarh,Working Professional,551.05,1858.12,1000.52
BF102200,Arjun Chopra,Jackets,Utility Jacket,1,2744.1,20.0,2025-07-05,Noida,Student,394.55,2195.28,548.82
BF102235,Kabir Verma,Jeans,Wide Leg Jeans,5,3380.39,20.0,2025-07-05,Bengaluru,Young Professional,3230.38,13521.56,3380.39
BF102903,Nisha Chopra,Jeans,Distressed Jeans,4,3441.96,15.0,2025-07-05,Lucknow,Student,2770.82,11702.66,2065.18
BF102128,Neha Singh,T-Shirts,Oversized Street Tee,2,1271.35,10.0,2025-07-06,Chennai,Premium Shopper,756.17,2288.43,254.27
BF102920,Diya Gupta,Jackets,Varsity Jacket,1,2842.19,20.0,2025-07-06,Delhi,Casual Shopper,449.32,2273.75,568.44
BF100752,Shreya Kumar,Bottomwear,Cargo Pants,4,1857.58,10.0,2025-07-07,Delhi,Working Professional,1868.24,6687.29,743.03
BF100825,Aarav Patel,T-Shirts,Oversized Street Tee,1,1279.63,20.0,2025-07-07,Pune,Casual Shopper,254.79,1023.7,255.93
BF101829,Diya Joshi,T-Shirts,Drop Shoulder Tee,2,956.77,10.0,2025-07-07,Kolkata,Student,506.31,1722.19,191.35
BF102066,Priya Mishra,Jeans,Distressed Jeans,2,1937.46,0.0,2025-07-07,Gurugram,Working Professional,1140.61,3874.92,0.0
BF102375,Ishaan Chopra,Bottomwear,Cargo Pants,1,1692.66,5.0,2025-07-07,Hyderabad,Working Professional,416.81,1608.03,84.63
BF102414,Diya Kumar,T-Shirts,Boxy Graphic Tee,4,755.5,25.0,2025-07-07,Gurugram,Casual Shopper,624.02,2266.5,755.5
BF102807,Priya Patel,Bottomwear,Cargo Pants,2,1647.55,5.0,2025-07-07,Surat,Student,810.18,3130.34,164.76
BF100265,Nisha Sharma,Bottomwear,Baggy Trousers,1,1724.89,20.0,2025-07-08,Kolkata,Student,316.33,1379.91,344.98
BF100679,Sneha Mishra,Jackets,Denim Jacket,1,3501.99,15.0,2025-07-08,Mumbai,Student,606.77,2976.69,525.3
BF100947,Simran Singh,Bottomwear,Joggers,1,1890.59,20.0,2025-07-08,Chennai,Student,306.6,1512.47,378.12
BF101170,Anika Shah,Hoodies,Streetwear Hoodie,2,2418.17,20.0,2025-07-08,Gurugram,Young Professional,977.55,3869.07,967.27
BF101852,Sneha Bansal,Jackets,Overshirt Jacket,2,3700.19,5.0,2025-07-08,Chandigarh,Young Professional,1706.2,7030.36,370.02
BF102169,Ishaan Nair,Hoodies,Heavyweight Hoodie,1,2934.53,10.0,2025-07-08,Surat,Casual Shopper,768.05,2641.08,293.45
BF102259,Riya Sharma,Hoodies,Essential Hoodie,1,2086.55,20.0,2025-07-08,Ahmedabad,Working Professional,409.51,1669.24,417.31
BF102732,Riya Malhotra,T-Shirts,Oversized Street Tee,2,836.85,35.0,2025-07-08,Delhi,Young Professional,300.62,1087.9,585.8
BF102784,Sakshi Malhotra,T-Shirts,Oversized Street Tee,2,1484.94,20.0,2025-07-08,Pune,Premium Shopper,802.37,2375.9,593.98
BF102976,Aanya Shah,Hoodies,Heavyweight Hoodie,5,2543.2,10.0,2025-07-08,Noida,Young Professional,3144.28,11444.4,1271.6
BF101619,Sneha Malhotra,Hoodies,Essential Hoodie,1,3193.97,0.0,2025-07-09,Lucknow,Casual Shopper,932.79,3193.97,0.0
BF101897,Kavya Malhotra,T-Shirts,Boxy Graphic Tee,1,858.75,25.0,2025-07-09,Surat,Working Professional,121.54,644.06,214.69
BF102391,Arjun Patel,T-Shirts,Boxy Graphic Tee,2,1329.52,15.0,2025-07-09,Noida,Casual Shopper,547.82,2260.18,398.86
BF101324,Kritika Gupta,Jackets,Varsity Jacket,1,1874.1,15.0,2025-07-10,Hyderabad,Young Professional,325.21,1592.98,281.12
BF101713,Diya Nair,Jeans,Wide Leg Jeans,2,1923.85,35.0,2025-07-10,Mumbai,Casual Shopper,543.27,2501.0,1346.69
BF101818,Kabir Singh,T-Shirts,Vintage Print Tee,4,1656.98,15.0,2025-07-10,Bengaluru,Premium Shopper,1766.84,5633.73,994.19
BF101991,Neha Kapoor,T-Shirts,Oversized Street Tee,1,1214.59,15.0,2025-07-10,Mumbai,Student,278.05,1032.4,182.19
BF102594,Aanya Verma,Hoodies,Essential Hoodie,1,2373.9,25.0,2025-07-10,Mumbai,Working Professional,420.13,1780.43,593.47
BF102823,Sakshi Chopra,T-Shirts,Boxy Graphic Tee,1,1256.23,0.0,2025-07-10,Mumbai,Student,382.07,1256.23,0.0
BF102974,Aditya Jain,Hoodies,Heavyweight Hoodie,1,2147.45,25.0,2025-07-10,Pune,Working Professional,417.1,1610.59,536.86
BF100737,Sakshi Jain,T-Shirts,Vintage Print Tee,4,1561.88,30.0,2025-07-11,Noida,Working Professional,1184.74,4373.26,1874.26
BF100839,Priya Mehta,Bottomwear,Parachute Pants,2,1892.34,10.0,2025-07-11,Bengaluru,Working Professional,975.59,3406.21,378.47
BF100857,Aarav Bansal,T-Shirts,Boxy Graphic Tee,4,1015.07,35.0,2025-07-11,Jaipur,Young Professional,700.69,2639.18,1421.1
BF101355,Priya Malhotra,T-Shirts,Drop Shoulder Tee,1,1435.62,5.0,2025-07-11,Hyderabad,Student,409.98,1363.84,71.78
BF101898,Aanya Reddy,Jeans,Distressed Jeans,4,3876.12,15.0,2025-07-11,Kolkata,Student,3141.53,13178.81,2325.67
BF102792,Kabir Bansal,Jeans,Relaxed Jeans,1,2486.32,20.0,2025-07-11,Kolkata,Young Professional,563.52,1989.06,497.26
BF100377,Neha Malhotra,Jeans,Relaxed Jeans,2,1997.82,10.0,2025-07-12,Hyderabad,Casual Shopper,947.78,3596.08,399.56
BF100921,Karan Gupta,T-Shirts,Oversized Street Tee,4,1465.24,20.0,2025-07-12,Chennai,Working Professional,1322.28,4688.77,1172.19
BF101580,Neha Sharma,Jeans,Distressed Jeans,1,3979.15,10.0,2025-07-12,Ahmedabad,Young Professional,903.02,3581.24,397.92
BF102069,Aanya Gupta,T-Shirts,Drop Shoulder Tee,3,1605.84,10.0,2025-07-12,Hyderabad,Student,1179.8,4335.77,481.75
BF102977,Nisha Shah,Jeans,Distressed Jeans,1,3809.7,10.0,2025-07-12,Chandigarh,Young Professional,923.94,3428.73,380.97
BF100342,Rohan Agarwal,Hoodies,Streetwear Hoodie,1,1831.98,25.0,2025-07-13,Delhi,Young Professional,275.02,1373.98,457.99
BF100591,Rohan Kapoor,T-Shirts,Vintage Print Tee,1,1668.14,25.0,2025-07-13,Jaipur,Working Professional,362.74,1251.1,417.04
BF101044,Aanya Jain,Hoodies,Printed Hoodie,1,2881.72,10.0,2025-07-13,Hyderabad,Student,641.92,2593.55,288.17
BF101145,Kabir Sharma,Bottomwear,Joggers,2,2977.99,5.0,2025-07-13,Kolkata,Casual Shopper,1510.56,5658.18,297.8
BF101276,Priya Bansal,Jackets,Varsity Jacket,1,1868.1,10.0,2025-07-13,Chennai,Casual Shopper,397.25,1681.29,186.81
BF101587,Pooja Joshi,T-Shirts,Oversized Street Tee,1,1241.68,20.0,2025-07-13,Lucknow,Young Professional,319.17,993.34,248.34
BF101881,Sneha Singh,Hoodies,Printed Hoodie,1,2219.11,10.0,2025-07-13,Gurugram,Student,559.52,1997.2,221.91
BF102292,Anika Shah,Bottomwear,Parachute Pants,2,2552.45,40.0,2025-07-13,Lucknow,Student,627.2,3062.94,2041.96
BF102532,Manya Joshi,Bottomwear,Joggers,1,1465.94,0.0,2025-07-13,Noida,Student,384.25,1465.94,0.0
BF102565,Anika Sharma,Bottomwear,Parachute Pants,1,1550.26,20.0,2025-07-13,Kolkata,Casual Shopper,350.97,1240.21,310.05
BF102753,Anika Agarwal,Jeans,Baggy Jeans,2,2357.58,10.0,2025-07-13,Delhi,Working Professional,1123.52,4243.64,471.52
BF102983,Riya Nair,Jackets,Overshirt Jacket,2,2898.26,5.0,2025-07-13,Kolkata,Young Professional,1354.67,5506.69,289.83
BF101193,Meera Agarwal,Hoodies,Heavyweight Hoodie,3,2146.29,15.0,2025-07-14,Pune,Young Professional,1452.02,5473.04,965.83
BF101760,Rohan Singh,Jackets,Varsity Jacket,4,3810.98,15.0,2025-07-14,Ahmedabad,Casual Shopper,2850.46,12957.33,2286.59
BF102550,Isha Singh,T-Shirts,Vintage Print Tee,2,799.15,0.0,2025-07-14,Surat,Student,436.4,1598.3,0.0
BF100530,Anika Singh,Jeans,Baggy Jeans,1,2650.95,25.0,2025-07-15,Kolkata,Casual Shopper,463.11,1988.21,662.74
BF101160,Anika Saxena,Hoodies,Streetwear Hoodie,1,1560.56,20.0,2025-07-15,Gurugram,Young Professional,311.09,1248.45,312.11
BF102079,Shreya Agarwal,Jackets,Denim Jacket,4,3315.01,25.0,2025-07-15,Jaipur,Young Professional,2173.79,9945.03,3315.01
BF100267,Meera Chopra,T-Shirts,Oversized Street Tee,2,1004.72,20.0,2025-07-16,Gurugram,Young Professional,564.69,1607.55,401.89
BF100540,Sneha Saxena,T-Shirts,Drop Shoulder Tee,2,812.11,5.0,2025-07-16,Chandigarh,Young Professional,498.35,1543.01,81.21
BF101558,Anika Chopra,T-Shirts,Drop Shoulder Tee,4,1018.15,15.0,2025-07-16,Surat,Casual Shopper,999.33,3461.71,610.89
BF102403,Meera Mishra,Jeans,Relaxed Jeans,1,3005.24,0.0,2025-07-16,Kolkata,Student,782.9,3005.24,0.0
BF102764,Aditi Jain,Jeans,Baggy Jeans,1,3658.45,25.0,2025-07-16,Chandigarh,Working Professional,697.14,2743.84,914.61
BF101215,Nisha Singh,T-Shirts,Oversized Street Tee,1,845.63,25.0,2025-07-17,Surat,Casual Shopper,220.94,634.22,211.41
BF101269,Rohan Sharma,T-Shirts,Oversized Street Tee,4,929.84,10.0,2025-07-17,Lucknow,Working Professional,1110.15,3347.42,371.94
BF101376,Ananya Kumar,Bottomwear,Baggy Trousers,1,2547.94,15.0,2025-07-17,Mumbai,Casual Shopper,539.08,2165.75,382.19
BF102462,Isha Chopra,Jeans,Relaxed Jeans,2,2490.79,5.0,2025-07-17,Pune,Student,1183.84,4732.5,249.08
BF100982,Riya Bansal,Hoodies,Streetwear Hoodie,1,3316.72,20.0,2025-07-18,Mumbai,Student,681.86,2653.38,663.34
BF101317,Rohan Shah,T-Shirts,Oversized Street Tee,1,1204.6,20.0,2025-07-18,Chennai,Young Professional,203.52,963.68,240.92
BF102219,Arjun Sharma,T-Shirts,Drop Shoulder Tee,1,1382.76,0.0,2025-07-18,Chandigarh,Student,374.94,1382.76,0.0
BF101681,Karan Patel,Jeans,Relaxed Jeans,1,3738.62,20.0,2025-07-19,Mumbai,Young Professional,776.75,2990.9,747.72
BF102223,Rahul Sharma,Hoodies,Essential Hoodie,1,1621.69,20.0,2025-07-19,Bengaluru,Student,240.89,1297.35,324.34
BF102663,Kritika Sharma,Jeans,Baggy Jeans,4,3405.19,20.0,2025-07-19,Pune,Working Professional,2720.03,10896.61,2724.15
BF102676,Tanya Bansal,Bottomwear,Parachute Pants,3,1305.94,40.0,2025-07-19,Chandigarh,Casual Shopper,529.12,2350.69,1567.13
BF100465,Rahul Shah,Bottomwear,Cargo Pants,2,1832.6,5.0,2025-07-20,Surat,Working Professional,1035.54,3481.94,183.26
BF100613,Aanya Nair,Hoodies,Streetwear Hoodie,3,3431.65,15.0,2025-07-20,Lucknow,Working Professional,2481.5,8750.71,1544.24
BF100941,Tanya Nair,T-Shirts,Vintage Print Tee,1,1227.03,5.0,2025-07-20,Chennai,Young Professional,355.1,1165.68,61.35
BF101079,Riya Kumar,Hoodies,Essential Hoodie,3,3089.19,40.0,2025-07-20,Mumbai,Student,1135.58,5560.54,3707.03
BF101281,Diya Agarwal,T-Shirts,Boxy Graphic Tee,2,1583.8,0.0,2025-07-20,Kolkata,Student,977.83,3167.6,0.0
BF102062,Sneha Patel,Jeans,Wide Leg Jeans,4,1818.66,0.0,2025-07-20,Ahmedabad,Student,1847.23,7274.64,0.0
BF102822,Karan Jain,Bottomwear,Baggy Trousers,3,1340.43,15.0,2025-07-20,Mumbai,Casual Shopper,873.07,3418.1,603.19
BF102993,Aarav Malhotra,Jackets,Utility Jacket,4,3420.01,15.0,2025-07-20,Mumbai,Young Professional,2687.86,11628.03,2052.01
BF100639,Nisha Agarwal,Jeans,Distressed Jeans,1,3067.03,10.0,2025-07-21,Jaipur,Working Professional,750.58,2760.33,306.7
BF101108,Pooja Sharma,Bottomwear,Baggy Trousers,1,2068.4,0.0,2025-07-21,Kolkata,Casual Shopper,725.75,2068.4,0.0
BF102685,Yash Singh,Jeans,Baggy Jeans,3,2454.52,10.0,2025-07-21,Hyderabad,Young Professional,1751.25,6627.2,736.36
BF100206,Aanya Saxena,Hoodies,Streetwear Hoodie,1,2511.29,15.0,2025-07-22,Jaipur,Premium Shopper,701.44,2134.6,376.69
BF100322,Isha Reddy,Bottomwear,Parachute Pants,1,2102.38,30.0,2025-07-22,Delhi,Working Professional,327.13,1471.67,630.71
BF100411,Kavya Gupta,T-Shirts,Drop Shoulder Tee,3,1598.44,25.0,2025-07-22,Chandigarh,Working Professional,1008.14,3596.49,1198.83
BF100658,Yash Mishra,Jackets,Denim Jacket,2,4360.24,0.0,2025-07-22,Chennai,Young Professional,2256.07,8720.48,0.0
BF100794,Meera Kapoor,T-Shirts,Oversized Street Tee,1,1580.24,15.0,2025-07-22,Kolkata,Student,270.56,1343.2,237.04
BF101975,Rohan Malhotra,Hoodies,Heavyweight Hoodie,4,2409.95,20.0,2025-07-22,Bengaluru,Working Professional,2079.47,7711.84,1927.96
BF102218,Riya Kapoor,T-Shirts,Vintage Print Tee,5,1461.4,15.0,2025-07-22,Bengaluru,Young Professional,1900.91,6210.95,1096.05
BF102399,Aditya Singh,T-Shirts,Drop Shoulder Tee,1,741.23,10.0,2025-07-22,Bengaluru,Casual Shopper,197.04,667.11,74.12
BF100151,Ishaan Verma,Bottomwear,Parachute Pants,4,1811.71,35.0,2025-07-23,Hyderabad,Casual Shopper,1051.19,4710.45,2536.39
BF100482,Manya Patel,Hoodies,Essential Hoodie,3,2873.98,35.0,2025-07-23,Jaipur,Student,1240.73,5604.26,3017.68
BF101190,Aditi Verma,Jeans,Relaxed Jeans,3,2920.74,25.0,2025-07-23,Delhi,Young Professional,1472.99,6571.66,2190.56
BF101425,Aditya Nair,Jeans,Baggy Jeans,3,3009.05,10.0,2025-07-23,Jaipur,Young Professional,2057.52,8124.44,902.72
BF102821,Ananya Chopra,Jeans,Distressed Jeans,1,3715.41,25.0,2025-07-23,Delhi,Working Professional,749.92,2786.56,928.85
BF100326,Neha Das,T-Shirts,Vintage Print Tee,2,925.65,15.0,2025-07-24,Delhi,Young Professional,422.8,1573.6,277.69
BF100630,Aditya Singh,Jeans,Relaxed Jeans,2,2356.39,15.0,2025-07-25,Ahmedabad,Working Professional,1025.36,4005.86,706.92
BF102617,Meera Nair,T-Shirts,Drop Shoulder Tee,1,839.54,15.0,2025-07-25,Delhi,Casual Shopper,183.15,713.61,125.93
BF102725,Manya Reddy,Jeans,Baggy Jeans,1,3401.56,15.0,2025-07-25,Chennai,Working Professional,809.55,2891.33,510.23
BF101146,Priya Patel,Hoodies,Streetwear Hoodie,2,2560.53,20.0,2025-07-26,Kolkata,Young Professional,1060.83,4096.85,1024.21
BF102638,Sakshi Mehta,Bottomwear,Cargo Pants,3,2319.2,20.0,2025-07-26,Lucknow,Young Professional,1431.01,5566.08,1391.52
BF100513,Simran Kapoor,Bottomwear,Cargo Pants,1,1573.7,20.0,2025-07-27,Surat,Premium Shopper,301.55,1258.96,314.74
BF100708,Aditi Joshi,Jackets,Utility Jacket,1,3523.39,25.0,2025-07-27,Delhi,Casual Shopper,600.04,2642.54,880.85
BF100933,Simran Mehta,Hoodies,Streetwear Hoodie,1,3173.93,25.0,2025-07-27,Ahmedabad,Premium Shopper,592.64,2380.45,793.48
BF100957,Karan Kapoor,T-Shirts,Oversized Street Tee,1,1666.27,10.0,2025-07-27,Chennai,Student,412.01,1499.64,166.63
BF101450,Aditya Gupta,T-Shirts,Drop Shoulder Tee,1,1460.13,25.0,2025-07-27,Chandigarh,Working Professional,294.04,1095.1,365.03
BF101765,Shreya Mishra,Jackets,Varsity Jacket,1,3416.84,15.0,2025-07-27,Delhi,Casual Shopper,684.58,2904.31,512.53
BF100049,Sneha Das,Jeans,Distressed Jeans,1,2610.29,20.0,2025-07-28,Pune,Casual Shopper,400.57,2088.23,522.06
BF100508,Kabir Kapoor,T-Shirts,Drop Shoulder Tee,1,1662.2,35.0,2025-07-28,Kolkata,Student,331.96,1080.43,581.77
BF100620,Sneha Joshi,T-Shirts,Boxy Graphic Tee,1,1248.13,40.0,2025-07-28,Ahmedabad,Casual Shopper,230.94,748.88,499.25
BF100781,Aditi Mishra,Jackets,Overshirt Jacket,3,2384.21,35.0,2025-07-28,Chennai,Student,967.59,4649.21,2503.42
BF101589,Yash Saxena,Jackets,Denim Jacket,2,3790.94,5.0,2025-07-28,Delhi,Working Professional,1835.61,7202.79,379.09
BF102013,Rohan Singh,T-Shirts,Drop Shoulder Tee,5,1652.31,20.0,2025-07-28,Bengaluru,Working Professional,1938.21,6609.24,1652.31
BF102861,Aditi Jain,Jackets,Varsity Jacket,3,2638.71,5.0,2025-07-28,Noida,Casual Shopper,1775.77,7520.32,395.81
BF101599,Shreya Mishra,Jackets,Varsity Jacket,2,1815.13,10.0,2025-07-29,Jaipur,Working Professional,807.75,3267.23,363.03
BF101880,Arjun Reddy,Jeans,Distressed Jeans,2,3175.19,15.0,2025-07-29,Lucknow,Young Professional,1341.29,5397.82,952.56
BF102250,Priya Mehta,Jeans,Distressed Jeans,2,2947.21,0.0,2025-07-29,Hyderabad,Student,1440.96,5894.42,0.0
BF102619,Priya Jain,Bottomwear,Baggy Trousers,1,2209.98,15.0,2025-07-29,Pune,Young Professional,488.96,1878.48,331.5
BF100855,Isha Nair,Jeans,Wide Leg Jeans,1,1831.19,15.0,2025-07-30,Delhi,Working Professional,326.17,1556.51,274.68
BF102236,Rahul Singh,Bottomwear,Joggers,1,2172.56,30.0,2025-07-30,Hyderabad,Student,300.27,1520.79,651.77
BF102852,Karan Verma,T-Shirts,Boxy Graphic Tee,2,1131.62,20.0,2025-07-30,Noida,Young Professional,485.59,1810.59,452.65
BF102856,Aanya Gupta,T-Shirts,Oversized Street Tee,3,867.56,5.0,2025-07-30,Noida,Young Professional,799.63,2472.55,130.13
BF100331,Riya Das,Hoodies,Essential Hoodie,4,1571.37,0.0,2025-07-31,Pune,Casual Shopper,1859.31,6285.48,0.0
BF101086,Rahul Jain,Jeans,Distressed Jeans,1,2702.29,15.0,2025-07-31,Gurugram,Student,606.44,2296.95,405.34
BF101643,Nisha Joshi,T-Shirts,Drop Shoulder Tee,1,1044.54,5.0,2025-07-31,Delhi,Casual Shopper,254.94,992.31,52.23
BF102812,Yash Kapoor,Bottomwear,Joggers,1,2230.49,40.0,2025-07-31,Surat,Young Professional,282.53,1338.29,892.2
BF100494,Aanya Malhotra,T-Shirts,Oversized Street Tee,2,1421.45,10.0,2025-08-01,Hyderabad,Young Professional,856.99,2558.61,284.29
BF101244,Riya Bansal,Hoodies,Printed Hoodie,3,2499.51,0.0,2025-08-01,Surat,Casual Shopper,2165.51,7498.53,0.0
BF101733,Priya Kumar,T-Shirts,Oversized Street Tee,3,1649.58,30.0,2025-08-01,Gurugram,Student,867.0,3464.12,1484.62
BF101750,Shreya Singh,Jackets,Utility Jacket,1,1938.89,5.0,2025-08-01,Gurugram,Working Professional,514.65,1841.95,96.94
BF102475,Karan Shah,Jackets,Overshirt Jacket,2,4245.65,15.0,2025-08-01,Gurugram,Young Professional,1609.83,7217.6,1273.69
BF100328,Kritika Patel,T-Shirts,Boxy Graphic Tee,1,1017.58,15.0,2025-08-02,Gurugram,Casual Shopper,292.63,864.94,152.64
BF100378,Kabir Jain,T-Shirts,Vintage Print Tee,1,1163.51,5.0,2025-08-02,Hyderabad,Working Professional,406.72,1105.33,58.18
BF100917,Manya Das,Bottomwear,Parachute Pants,1,1816.87,15.0,2025-08-02,Surat,Student,374.06,1544.34,272.53
BF101617,Kabir Chopra,Bottomwear,Joggers,1,2297.73,20.0,2025-08-02,Noida,Working Professional,498.44,1838.18,459.55
BF101697,Diya Patel,Hoodies,Essential Hoodie,5,2418.19,10.0,2025-08-02,Noida,Student,2891.24,10881.86,1209.09
BF101937,Aditi Patel,Bottomwear,Joggers,1,1817.98,15.0,2025-08-02,Noida,Young Professional,439.36,1545.28,272.7
BF102209,Isha Verma,Hoodies,Heavyweight Hoodie,1,2606.0,15.0,2025-08-02,Kolkata,Young Professional,635.83,2215.1,390.9
BF100706,Nisha Shah,Hoodies,Heavyweight Hoodie,1,3036.19,15.0,2025-08-03,Ahmedabad,Student,662.81,2580.76,455.43
BF102652,Simran Kapoor,Jeans,Wide Leg Jeans,2,2924.43,15.0,2025-08-03,Chennai,Young Professional,1253.29,4971.53,877.33
BF102835,Rahul Nair,Jackets,Utility Jacket,2,1972.23,0.0,2025-08-03,Lucknow,Working Professional,1030.83,3944.46,0.0
BF100089,Aarav Verma,T-Shirts,Oversized Street Tee,5,1612.31,0.0,2025-08-04,Jaipur,Young Professional,2570.87,8061.55,0.0
BF101196,Aarav Reddy,Jackets,Utility Jacket,3,2261.32,10.0,2025-08-04,Delhi,Young Professional,1494.15,6105.56,678.4
BF102472,Rahul Jain,T-Shirts,Vintage Print Tee,2,1626.67,10.0,2025-08-04,Gurugram,Young Professional,890.44,2928.01,325.33
BF101932,Tanya Patel,Bottomwear,Joggers,4,1691.98,20.0,2025-08-05,Hyderabad,Student,1296.4,5414.34,1353.58
BF100022,Meera Chopra,Jeans,Wide Leg Jeans,1,2271.79,25.0,2025-08-06,Delhi,Student,385.12,1703.84,567.95
BF100260,Ishaan Saxena,T-Shirts,Boxy Graphic Tee,2,1678.94,15.0,2025-08-06,Hyderabad,Young Professional,724.86,2854.2,503.68
BF101081,Priya Das,T-Shirts,Drop Shoulder Tee,1,837.21,10.0,2025-08-06,Lucknow,Student,154.92,753.49,83.72
BF101176,Shreya Agarwal,Jeans,Distressed Jeans,4,2345.46,25.0,2025-08-06,Delhi,Casual Shopper,1543.07,7036.38,2345.46
BF101332,Aanya Singh,T-Shirts,Vintage Print Tee,2,1668.64,15.0,2025-08-06,Jaipur,Premium Shopper,893.62,2836.69,500.59
BF100578,Isha Agarwal,T-Shirts,Vintage Print Tee,1,980.81,20.0,2025-08-07,Surat,Premium Shopper,264.99,784.65,196.16
BF102554,Aditya Mehta,Jackets,Overshirt Jacket,2,3930.03,0.0,2025-08-07,Kolkata,Young Professional,2090.22,7860.06,0.0
BF100057,Aditya Nair,T-Shirts,Boxy Graphic Tee,1,923.4,15.0,2025-08-08,Kolkata,Student,305.11,784.89,138.51
BF100661,Simran Singh,Hoodies,Streetwear Hoodie,3,2267.1,40.0,2025-08-08,Chandigarh,Student,889.9,4080.78,2720.52
BF101249,Kritika Das,T-Shirts,Oversized Street Tee,1,839.79,35.0,2025-08-08,Mumbai,Casual Shopper,113.66,545.86,293.93
BF101585,Ananya Nair,Bottomwear,Cargo Pants,2,2121.04,10.0,2025-08-08,Pune,Young Professional,1044.49,3817.87,424.21
BF102816,Diya Shah,T-Shirts,Boxy Graphic Tee,1,1192.77,10.0,2025-08-08,Ahmedabad,Working Professional,393.96,1073.49,119.28
BF102927,Anika Bansal,T-Shirts,Vintage Print Tee,4,732.77,20.0,2025-08-08,Delhi,Casual Shopper,641.42,2344.86,586.22
BF100002,Meera Kapoor,Jackets,Denim Jacket,2,3104.87,20.0,2025-08-09,Jaipur,Casual Shopper,1033.88,4967.79,1241.95
BF101753,Ananya Malhotra,Bottomwear,Parachute Pants,1,2029.91,0.0,2025-08-09,Kolkata,Young Professional,625.0,2029.91,0.0
BF102359,Pooja Bansal,Bottomwear,Baggy Trousers,1,2282.9,10.0,2025-08-09,Pune,Working Professional,591.2,2054.61,228.29
BF100065,Kavya Verma,Hoodies,Printed Hoodie,1,2484.44,30.0,2025-08-10,Bengaluru,Premium Shopper,504.53,1739.11,745.33
BF100695,Yash Chopra,Jackets,Utility Jacket,1,3430.21,15.0,2025-08-10,Delhi,Student,631.9,2915.68,514.53
BF100774,Arjun Patel,Hoodies,Essential Hoodie,3,3297.31,20.0,2025-08-10,Hyderabad,Working Professional,2214.0,7913.54,1978.39
BF101074,Manya Saxena,Jackets,Varsity Jacket,1,2376.11,40.0,2025-08-10,Gurugram,Working Professional,214.32,1425.67,950.44
BF101186,Neha Malhotra,Hoodies,Heavyweight Hoodie,3,2356.7,15.0,2025-08-10,Pune,Premium Shopper,1759.08,6009.58,1060.52
BF101661,Riya Kumar,T-Shirts,Drop Shoulder Tee,1,961.93,15.0,2025-08-10,Hyderabad,Casual Shopper,255.29,817.64,144.29
BF101854,Tanya Reddy,Bottomwear,Parachute Pants,1,2538.94,15.0,2025-08-10,Surat,Student,527.78,2158.1,380.84
BF101858,Meera Sharma,Bottomwear,Joggers,1,1569.48,0.0,2025-08-10,Gurugram,Casual Shopper,502.82,1569.48,0.0
BF102184,Riya Kapoor,T-Shirts,Drop Shoulder Tee,2,1045.15,20.0,2025-08-10,Kolkata,Working Professional,532.32,1672.24,418.06
BF102263,Karan Gupta,Jackets,Varsity Jacket,1,1924.46,10.0,2025-08-10,Ahmedabad,Working Professional,432.49,1732.01,192.45
BF102682,Pooja Kapoor,Jeans,Wide Leg Jeans,1,2735.04,15.0,2025-08-10,Jaipur,Student,532.54,2324.78,410.26
BF100388,Meera Nair,T-Shirts,Drop Shoulder Tee,3,1568.41,40.0,2025-08-11,Chandigarh,Premium Shopper,752.34,2823.14,1882.09
BF100963,Anika Verma,T-Shirts,Boxy Graphic Tee,1,712.09,15.0,2025-08-11,Pune,Working Professional,132.21,605.28,106.81
BF101455,Diya Sharma,Hoodies,Essential Hoodie,1,1766.71,15.0,2025-08-11,Surat,Young Professional,476.76,1501.7,265.01
BF102381,Karan Saxena,Hoodies,Essential Hoodie,1,1959.04,15.0,2025-08-11,Chandigarh,Student,454.25,1665.18,293.86
BF100678,Rahul Shah,Hoodies,Printed Hoodie,3,2802.7,10.0,2025-08-12,Jaipur,Student,1990.63,7567.29,840.81
BF102398,Ananya Nair,Hoodies,Streetwear Hoodie,1,1593.37,15.0,2025-08-12,Ahmedabad,Student,277.9,1354.36,239.01
BF102787,Rohan Gupta,T-Shirts,Vintage Print Tee,2,1074.92,10.0,2025-08-12,Chandigarh,Young Professional,512.03,1934.86,214.98
BF102938,Arjun Patel,Jeans,Distressed Jeans,1,3032.43,30.0,2025-08-12,Chennai,Casual Shopper,412.93,2122.7,909.73
BF100144,Isha Patel,Jeans,Baggy Jeans,5,3655.87,15.0,2025-08-13,Chennai,Student,3648.17,15537.45,2741.9
BF100338,Yash Chopra,T-Shirts,Drop Shoulder Tee,1,795.04,10.0,2025-08-13,Delhi,Student,188.17,715.54,79.5
BF100559,Aditi Kumar,Jeans,Baggy Jeans,1,2365.25,5.0,2025-08-13,Lucknow,Premium Shopper,646.87,2246.99,118.26
BF100813,Aanya Mehta,Bottomwear,Joggers,1,2342.88,35.0,2025-08-13,Lucknow,Casual Shopper,348.14,1522.87,820.01
BF100908,Tanya Bansal,T-Shirts,Drop Shoulder Tee,1,865.72,10.0,2025-08-13,Chandigarh,Casual Shopper,171.71,779.15,86.57
BF101030,Sakshi Sharma,Jeans,Wide Leg Jeans,1,1806.39,30.0,2025-08-13,Bengaluru,Young Professional,288.41,1264.47,541.92
BF101310,Anika Chopra,Bottomwear,Cargo Pants,1,1674.65,10.0,2025-08-13,Pune,Young Professional,370.04,1507.19,167.46
BF101341,Sneha Chopra,T-Shirts,Vintage Print Tee,4,1356.6,20.0,2025-08-13,Chennai,Premium Shopper,1280.52,4341.12,1085.28
BF102312,Shreya Kapoor,T-Shirts,Oversized Street Tee,2,936.07,10.0,2025-08-13,Bengaluru,Casual Shopper,407.53,1684.93,187.21
BF100730,Kritika Kumar,Jackets,Denim Jacket,3,4467.47,15.0,2025-08-14,Delhi,Young Professional,2673.8,11392.05,2010.36
BF101904,Nisha Reddy,Jackets,Varsity Jacket,1,2675.6,0.0,2025-08-14,Chennai,Student,602.91,2675.6,0.0
BF102296,Ishaan Saxena,Jeans,Relaxed Jeans,1,1865.73,10.0,2025-08-14,Kolkata,Student,410.51,1679.16,186.57
BF102883,Kabir Gupta,Bottomwear,Joggers,1,1898.65,10.0,2025-08-14,Ahmedabad,Premium Shopper,533.19,1708.78,189.86
BF101490,Kabir Agarwal,Hoodies,Printed Hoodie,3,1751.61,15.0,2025-08-15,Pune,Young Professional,1249.49,4466.61,788.22
BF101550,Karan Das,Hoodies,Heavyweight Hoodie,1,2461.4,25.0,2025-08-15,Chennai,Working Professional,519.76,1846.05,615.35
BF101711,Ananya Malhotra,T-Shirts,Drop Shoulder Tee,2,1519.88,15.0,2025-08-15,Noida,Young Professional,719.44,2583.8,455.96
BF101917,Aanya Bansal,Bottomwear,Cargo Pants,1,2624.91,10.0,2025-08-15,Surat,Student,544.01,2362.42,262.49
BF102043,Manya Kapoor,Hoodies,Essential Hoodie,2,2411.31,25.0,2025-08-15,Chennai,Student,850.47,3616.96,1205.65
BF100724,Riya Chopra,T-Shirts,Oversized Street Tee,2,1603.66,35.0,2025-08-16,Surat,Working Professional,589.37,2084.76,1122.56
BF100731,Kabir Patel,T-Shirts,Drop Shoulder Tee,3,802.42,10.0,2025-08-16,Chennai,Casual Shopper,643.6,2166.53,240.73
BF102234,Rohan Malhotra,Hoodies,Streetwear Hoodie,3,3480.5,10.0,2025-08-16,Chennai,Premium Shopper,2810.29,9397.35,1044.15
BF102432,Ishaan Saxena,T-Shirts,Boxy Graphic Tee,1,1436.57,5.0,2025-08-16,Bengaluru,Student,377.32,1364.74,71.83
BF102626,Priya Gupta,T-Shirts,Boxy Graphic Tee,3,1575.6,30.0,2025-08-16,Bengaluru,Student,835.78,3308.76,1418.04
BF102973,Diya Das,Hoodies,Essential Hoodie,4,2439.8,15.0,2025-08-16,Mumbai,Student,2081.9,8295.32,1463.88
BF102990,Karan Saxena,Hoodies,Heavyweight Hoodie,1,2117.37,5.0,2025-08-16,Noida,Working Professional,598.7,2011.5,105.87
BF100417,Riya Agarwal,Bottomwear,Joggers,1,1675.47,0.0,2025-08-17,Chennai,Working Professional,490.9,1675.47,0.0
BF101342,Kritika Verma,Bottomwear,Baggy Trousers,1,2570.9,15.0,2025-08-17,Chennai,Young Professional,599.71,2185.26,385.64
BF101549,Tanya Shah,Jackets,Varsity Jacket,1,2955.24,20.0,2025-08-17,Bengaluru,Casual Shopper,505.65,2364.19,591.05
BF102755,Aanya Mishra,Jackets,Varsity Jacket,1,2113.68,25.0,2025-08-17,Hyderabad,Working Professional,342.47,1585.26,528.42
BF100978,Kavya Verma,Jackets,Varsity Jacket,1,2867.73,15.0,2025-08-18,Ahmedabad,Working Professional,560.82,2437.57,430.16
BF101554,Shreya Shah,Bottomwear,Cargo Pants,3,2084.56,10.0,2025-08-18,Chennai,Student,1452.64,5628.31,625.37
BF102437,Neha Patel,Bottomwear,Joggers,5,2455.0,35.0,2025-08-18,Bengaluru,Premium Shopper,1948.72,7978.75,4296.25
BF102666,Kabir Mishra,T-Shirts,Drop Shoulder Tee,1,1645.92,10.0,2025-08-18,Hyderabad,Young Professional,516.78,1481.33,164.59
BF100207,Riya Nair,Jeans,Distressed Jeans,4,3482.95,10.0,2025-08-19,Lucknow,Working Professional,3396.93,12538.62,1393.18
BF100691,Nisha Mishra,Jeans,Baggy Jeans,3,2781.67,25.0,2025-08-19,Ahmedabad,Working Professional,1497.41,6258.76,2086.25
BF101405,Nisha Mehta,Hoodies,Heavyweight Hoodie,4,2435.41,0.0,2025-08-19,Gurugram,Student,2751.74,9741.64,0.0
BF102017,Rahul Patel,T-Shirts,Drop Shoulder Tee,3,1679.66,20.0,2025-08-19,Gurugram,Student,1079.1,4031.18,1007.8
BF102527,Riya Das,Bottomwear,Joggers,3,2221.26,10.0,2025-08-19,Noida,Young Professional,1575.65,5997.4,666.38
BF100217,Meera Mishra,T-Shirts,Boxy Graphic Tee,2,1384.28,15.0,2025-08-20,Kolkata,Student,589.8,2353.28,415.28
BF102389,Riya Joshi,T-Shirts,Boxy Graphic Tee,1,818.76,25.0,2025-08-20,Hyderabad,Young Professional,162.96,614.07,204.69
BF100785,Pooja Kumar,Jeans,Wide Leg Jeans,1,3939.88,20.0,2025-08-21,Surat,Student,639.98,3151.9,787.98
BF101905,Nisha Chopra,Hoodies,Heavyweight Hoodie,2,3467.92,15.0,2025-08-21,Mumbai,Young Professional,1647.84,5895.46,1040.38
BF100263,Arjun Singh,Bottomwear,Parachute Pants,2,1823.64,10.0,2025-08-22,Gurugram,Young Professional,890.31,3282.55,364.73
BF100478,Sneha Sharma,T-Shirts,Boxy Graphic Tee,2,787.8,15.0,2025-08-22,Surat,Working Professional,414.0,1339.26,236.34
BF102606,Ananya Gupta,Hoodies,Heavyweight Hoodie,1,3419.8,0.0,2025-08-22,Pune,Working Professional,1063.89,3419.8,0.0
BF101260,Aditya Verma,Bottomwear,Baggy Trousers,1,2815.35,25.0,2025-08-23,Kolkata,Young Professional,480.59,2111.51,703.84
BF101741,Rahul Kumar,Jackets,Overshirt Jacket,1,3631.41,35.0,2025-08-23,Lucknow,Working Professional,463.34,2360.42,1270.99
BF100001,Kavya Malhotra,T-Shirts,Vintage Print Tee,2,1681.2,35.0,2025-08-24,Lucknow,Student,539.26,2185.56,1176.84
BF100019,Arjun Singh,Hoodies,Essential Hoodie,2,2125.49,10.0,2025-08-24,Chandigarh,Student,915.43,3825.88,425.1
BF100069,Rohan Malhotra,Jeans,Baggy Jeans,1,2324.5,20.0,2025-08-24,Chandigarh,Casual Shopper,524.83,1859.6,464.9
BF100240,Nisha Shah,Jeans,Relaxed Jeans,3,3824.63,30.0,2025-08-24,Chennai,Young Professional,1865.91,8031.72,3442.17
BF100692,Neha Mishra,Jeans,Relaxed Jeans,3,3552.11,5.0,2025-08-24,Jaipur,Student,2606.45,10123.51,532.82
BF101375,Aditya Jain,Jeans,Baggy Jeans,3,3537.96,30.0,2025-08-24,Mumbai,Working Professional,1841.44,7429.72,3184.16
BF101686,Rohan Das,Hoodies,Essential Hoodie,1,2881.65,10.0,2025-08-24,Hyderabad,Student,586.94,2593.48,288.16
BF102144,Karan Malhotra,Hoodies,Printed Hoodie,1,1998.71,15.0,2025-08-24,Kolkata,Working Professional,480.87,1698.9,299.81
BF102327,Simran Nair,T-Shirts,Boxy Graphic Tee,4,1417.46,15.0,2025-08-24,Surat,Working Professional,1443.1,4819.36,850.48
BF102426,Pooja Jain,Hoodies,Heavyweight Hoodie,1,3105.52,0.0,2025-08-24,Chandigarh,Working Professional,940.24,3105.52,0.0
BF102582,Kritika Nair,Jackets,Varsity Jacket,1,3670.39,30.0,2025-08-24,Ahmedabad,Premium Shopper,648.97,2569.27,1101.12
BF100082,Anika Mehta,Hoodies,Streetwear Hoodie,3,2454.43,0.0,2025-08-25,Pune,Student,1960.84,7363.29,0.0
BF100501,Vivaan Mehta,Hoodies,Essential Hoodie,1,2957.87,10.0,2025-08-25,Kolkata,Young Professional,851.57,2662.08,295.79
BF102354,Aditya Mishra,T-Shirts,Vintage Print Tee,1,1362.48,5.0,2025-08-25,Hyderabad,Student,261.63,1294.36,68.12
BF100299,Meera Patel,T-Shirts,Vintage Print Tee,1,860.15,10.0,2025-08-26,Noida,Young Professional,223.28,774.14,86.01
BF101052,Priya Agarwal,Jackets,Overshirt Jacket,2,1812.74,25.0,2025-08-26,Chandigarh,Casual Shopper,582.69,2719.11,906.37
BF101839,Kritika Sharma,T-Shirts,Oversized Street Tee,1,1230.04,10.0,2025-08-26,Delhi,Premium Shopper,321.92,1107.04,123.0
BF101914,Meera Malhotra,Hoodies,Heavyweight Hoodie,3,1966.47,35.0,2025-08-26,Lucknow,Working Professional,1011.7,3834.62,2064.79
BF102089,Meera Malhotra,Hoodies,Streetwear Hoodie,2,1815.22,0.0,2025-08-26,Surat,Working Professional,1158.49,3630.44,0.0
BF102124,Tanya Shah,Jeans,Wide Leg Jeans,2,3215.61,15.0,2025-08-26,Hyderabad,Young Professional,1388.01,5466.54,964.68
BF102573,Sakshi Das,T-Shirts,Oversized Street Tee,1,1204.37,10.0,2025-08-26,Delhi,Student,304.7,1083.93,120.44
BF100467,Meera Chopra,Jeans,Distressed Jeans,2,3737.74,5.0,2025-08-27,Lucknow,Premium Shopper,2051.56,7101.71,373.77
BF100188,Vivaan Mishra,Jeans,Relaxed Jeans,4,3868.12,10.0,2025-08-28,Gurugram,Working Professional,3724.04,13925.23,1547.25
BF100756,Sneha Chopra,T-Shirts,Oversized Street Tee,1,1308.15,30.0,2025-08-28,Chandigarh,Student,251.2,915.7,392.45
BF100816,Aditi Mishra,T-Shirts,Boxy Graphic Tee,2,1218.62,5.0,2025-08-28,Bengaluru,Student,671.87,2315.38,121.86
BF100324,Riya Patel,Hoodies,Printed Hoodie,1,2996.15,15.0,2025-08-29,Chennai,Premium Shopper,777.85,2546.73,449.42
BF100495,Priya Mishra,Bottomwear,Baggy Trousers,2,2430.73,15.0,2025-08-29,Gurugram,Working Professional,1156.58,4132.24,729.22
BF101493,Priya Das,Bottomwear,Baggy Trousers,1,2084.34,25.0,2025-08-29,Mumbai,Working Professional,456.82,1563.26,521.08
BF101603,Arjun Saxena,Jackets,Denim Jacket,3,4272.72,10.0,2025-08-29,Kolkata,Premium Shopper,2898.38,11536.34,1281.82
BF102068,Aarav Gupta,Jackets,Overshirt Jacket,1,3606.33,20.0,2025-08-29,Kolkata,Student,659.7,2885.06,721.27
BF102650,Aanya Shah,Hoodies,Essential Hoodie,4,3312.85,10.0,2025-08-29,Hyderabad,Working Professional,3503.84,11926.26,1325.14
BF102704,Pooja Gupta,T-Shirts,Oversized Street Tee,1,1022.15,15.0,2025-08-29,Noida,Working Professional,202.51,868.83,153.32
BF100186,Ananya Gupta,Jeans,Baggy Jeans,1,3983.98,20.0,2025-08-30,Chandigarh,Working Professional,726.5,3187.18,796.8
BF100307,Simran Kapoor,Jeans,Distressed Jeans,2,2485.1,20.0,2025-08-30,Kolkata,Casual Shopper,857.95,3976.16,994.04
BF100487,Tanya Chopra,T-Shirts,Boxy Graphic Tee,2,943.62,30.0,2025-08-30,Pune,Student,444.57,1321.07,566.17
BF100787,Neha Singh,T-Shirts,Drop Shoulder Tee,2,832.01,25.0,2025-08-30,Mumbai,Working Professional,341.61,1248.01,416.01
BF101514,Diya Bansal,Jeans,Baggy Jeans,2,3613.88,25.0,2025-08-30,Chandigarh,Student,1163.79,5420.82,1806.94
BF101915,Tanya Mishra,T-Shirts,Drop Shoulder Tee,2,883.15,35.0,2025-08-30,Ahmedabad,Premium Shopper,248.52,1148.1,618.2
BF101948,Diya Gupta,T-Shirts,Oversized Street Tee,2,1461.57,25.0,2025-08-30,Kolkata,Young Professional,617.98,2192.36,730.78
BF101997,Ananya Jain,Hoodies,Heavyweight Hoodie,1,1931.3,35.0,2025-08-30,Delhi,Student,376.3,1255.34,675.96
BF102441,Kritika Das,T-Shirts,Vintage Print Tee,2,1612.59,0.0,2025-08-30,Jaipur,Young Professional,1080.28,3225.18,0.0
BF101235,Arjun Saxena,T-Shirts,Drop Shoulder Tee,2,1278.32,25.0,2025-08-31,Pune,Young Professional,459.83,1917.48,639.16
BF101452,Isha Agarwal,T-Shirts,Boxy Graphic Tee,1,783.09,15.0,2025-08-31,Pune,Casual Shopper,178.45,665.63,117.46
BF102367,Ishaan Malhotra,Jackets,Denim Jacket,1,4279.03,15.0,2025-08-31,Hyderabad,Working Professional,915.27,3637.18,641.85
BF100729,Shreya Joshi,Jeans,Baggy Jeans,1,2891.75,5.0,2025-09-01,Chennai,Working Professional,847.47,2747.16,144.59
BF101388,Sakshi Das,T-Shirts,Boxy Graphic Tee,1,1180.0,10.0,2025-09-01,Ahmedabad,Working Professional,391.15,1062.0,118.0
BF101638,Arjun Kapoor,T-Shirts,Drop Shoulder Tee,2,1191.33,20.0,2025-09-01,Chennai,Working Professional,493.33,1906.13,476.53
BF102557,Riya Das,Bottomwear,Cargo Pants,2,2207.46,20.0,2025-09-01,Chennai,Young Professional,894.66,3531.94,882.98
BF100274,Priya Singh,Bottomwear,Joggers,3,1631.26,25.0,2025-09-02,Delhi,Casual Shopper,847.36,3670.34,1223.44
BF100401,Yash Mehta,Jackets,Utility Jacket,1,3986.94,10.0,2025-09-02,Mumbai,Casual Shopper,826.58,3588.25,398.69
BF100700,Anika Joshi,Bottomwear,Cargo Pants,2,2978.06,25.0,2025-09-02,Surat,Young Professional,1038.36,4467.09,1489.03
BF100732,Diya Shah,Jeans,Relaxed Jeans,1,3579.2,10.0,2025-09-02,Mumbai,Young Professional,832.73,3221.28,357.92
BF100976,Riya Saxena,T-Shirts,Oversized Street Tee,3,1257.64,10.0,2025-09-02,Delhi,Working Professional,1030.27,3395.63,377.29
BF101344,Shreya Jain,Hoodies,Heavyweight Hoodie,2,3388.8,35.0,2025-09-02,Chennai,Premium Shopper,1186.53,4405.44,2372.16
BF101451,Kavya Reddy,T-Shirts,Drop Shoulder Tee,3,1492.83,0.0,2025-09-02,Kolkata,Casual Shopper,1396.97,4478.49,0.0
BF101606,Isha Saxena,Bottomwear,Parachute Pants,2,2655.66,20.0,2025-09-02,Noida,Young Professional,1034.77,4249.06,1062.26
BF101670,Sakshi Bansal,Hoodies,Streetwear Hoodie,5,2925.73,5.0,2025-09-02,Pune,Young Professional,3982.35,13897.22,731.43
BF101726,Simran Singh,T-Shirts,Drop Shoulder Tee,1,1418.92,10.0,2025-09-02,Kolkata,Working Professional,429.35,1277.03,141.89
BF101878,Aanya Das,T-Shirts,Oversized Street Tee,2,1688.17,20.0,2025-09-02,Noida,Premium Shopper,801.95,2701.07,675.27
BF101890,Aditi Malhotra,Bottomwear,Cargo Pants,3,2742.18,0.0,2025-09-02,Chandigarh,Working Professional,2407.72,8226.54,0.0
BF102107,Vivaan Jain,Hoodies,Printed Hoodie,5,2992.36,25.0,2025-09-02,Surat,Casual Shopper,2776.75,11221.35,3740.45
BF102175,Aditi Kumar,Jeans,Relaxed Jeans,1,2851.25,15.0,2025-09-02,Ahmedabad,Working Professional,608.44,2423.56,427.69
BF102305,Nisha Verma,Bottomwear,Parachute Pants,1,2710.98,25.0,2025-09-02,Hyderabad,Premium Shopper,505.43,2033.24,677.74
BF102721,Anika Shah,T-Shirts,Drop Shoulder Tee,2,1663.87,40.0,2025-09-02,Mumbai,Casual Shopper,469.46,1996.64,1331.1
BF101689,Priya Mishra,Bottomwear,Cargo Pants,1,1595.85,5.0,2025-09-03,Surat,Working Professional,475.03,1516.06,79.79
BF101814,Riya Mehta,Jeans,Wide Leg Jeans,1,3503.79,0.0,2025-09-03,Lucknow,Premium Shopper,1005.94,3503.79,0.0
BF102165,Meera Patel,Bottomwear,Cargo Pants,2,2877.3,20.0,2025-09-03,Surat,Working Professional,1225.04,4603.68,1150.92
BF102586,Sneha Sharma,Bottomwear,Baggy Trousers,1,1308.47,10.0,2025-09-03,Surat,Working Professional,403.59,1177.62,130.85
BF100237,Karan Gupta,Hoodies,Printed Hoodie,2,2642.49,30.0,2025-09-04,Chandigarh,Student,817.26,3699.49,1585.49
BF100913,Diya Jain,Jackets,Varsity Jacket,1,2137.5,0.0,2025-09-04,Mumbai,Premium Shopper,689.91,2137.5,0.0
BF101036,Kavya Mishra,Bottomwear,Cargo Pants,3,2875.95,35.0,2025-09-04,Ahmedabad,Young Professional,1192.63,5608.1,3019.75
BF102491,Vivaan Shah,T-Shirts,Vintage Print Tee,3,1336.06,20.0,2025-09-04,Chennai,Working Professional,978.38,3206.54,801.64
BF100221,Pooja Verma,T-Shirts,Boxy Graphic Tee,3,1282.77,20.0,2025-09-05,Gurugram,Casual Shopper,849.02,3078.65,769.66
BF100808,Yash Reddy,T-Shirts,Vintage Print Tee,1,1234.52,5.0,2025-09-05,Noida,Young Professional,375.17,1172.79,61.73
BF101502,Manya Gupta,Hoodies,Heavyweight Hoodie,2,3068.96,10.0,2025-09-05,Gurugram,Working Professional,1619.27,5524.13,613.79
BF102267,Simran Mishra,T-Shirts,Oversized Street Tee,2,1451.96,15.0,2025-09-05,Lucknow,Student,657.1,2468.33,435.59
BF102696,Meera Shah,Jeans,Baggy Jeans,3,1884.37,20.0,2025-09-05,Mumbai,Working Professional,1119.79,4522.49,1130.62
BF100040,Diya Singh,Jackets,Overshirt Jacket,2,2087.04,25.0,2025-09-06,Pune,Young Professional,672.83,3130.56,1043.52
BF101102,Simran Joshi,Hoodies,Heavyweight Hoodie,1,1987.98,5.0,2025-09-06,Pune,Working Professional,550.66,1888.58,99.4
BF100085,Aditya Nair,Jackets,Varsity Jacket,1,2930.21,10.0,2025-09-07,Surat,Student,622.43,2637.19,293.02
BF100640,Aarav Reddy,Jeans,Distressed Jeans,1,3280.17,5.0,2025-09-07,Pune,Young Professional,846.47,3116.16,164.01
BF101048,Nisha Chopra,Jackets,Utility Jacket,1,2596.14,5.0,2025-09-07,Ahmedabad,Premium Shopper,633.83,2466.33,129.81
BF101218,Aditi Kumar,T-Shirts,Vintage Print Tee,2,998.73,10.0,2025-09-07,Mumbai,Young Professional,545.34,1797.71,199.75
BF101243,Neha Malhotra,T-Shirts,Boxy Graphic Tee,1,1417.72,15.0,2025-09-07,Noida,Premium Shopper,499.43,1205.06,212.66
BF101434,Yash Kapoor,Jeans,Distressed Jeans,1,3664.96,35.0,2025-09-08,Gurugram,Young Professional,566.76,2382.22,1282.74
BF101495,Kritika Saxena,T-Shirts,Boxy Graphic Tee,1,1320.61,15.0,2025-09-08,Surat,Working Professional,373.61,1122.52,198.09
BF101957,Shreya Nair,T-Shirts,Drop Shoulder Tee,2,1340.27,20.0,2025-09-08,Gurugram,Working Professional,623.66,2144.43,536.11
BF102288,Isha Patel,T-Shirts,Drop Shoulder Tee,1,959.61,20.0,2025-09-08,Hyderabad,Casual Shopper,236.98,767.69,191.92
BF102703,Neha Patel,Hoodies,Printed Hoodie,2,2467.29,5.0,2025-09-08,Mumbai,Student,1280.37,4687.85,246.73
BF100160,Karan Kumar,T-Shirts,Drop Shoulder Tee,1,1171.14,20.0,2025-09-09,Pune,Casual Shopper,321.22,936.91,234.23
BF101206,Rahul Joshi,Bottomwear,Joggers,1,1682.67,20.0,2025-09-09,Noida,Premium Shopper,422.18,1346.14,336.53
BF101237,Meera Gupta,T-Shirts,Vintage Print Tee,1,1490.23,15.0,2025-09-09,Ahmedabad,Working Professional,368.78,1266.7,223.53
BF102176,Shreya Gupta,Jackets,Varsity Jacket,1,4395.24,15.0,2025-09-11,Bengaluru,Premium Shopper,991.81,3735.95,659.29
BF102587,Simran Reddy,Hoodies,Streetwear Hoodie,1,2856.99,20.0,2025-09-11,Chennai,Working Professional,628.92,2285.59,571.4
BF100533,Vivaan Shah,Jeans,Baggy Jeans,2,1986.53,10.0,2025-09-12,Gurugram,Working Professional,989.71,3575.75,397.31
BF100751,Kabir Reddy,Hoodies,Streetwear Hoodie,2,2114.12,35.0,2025-09-12,Lucknow,Working Professional,633.42,2748.36,1479.88
BF100822,Ishaan Saxena,Hoodies,Printed Hoodie,2,2206.42,10.0,2025-09-12,Jaipur,Student,1013.97,3971.56,441.28
BF101658,Isha Agarwal,Jeans,Relaxed Jeans,1,1853.43,15.0,2025-09-12,Mumbai,Young Professional,345.53,1575.42,278.01
BF101921,Rahul Nair,T-Shirts,Drop Shoulder Tee,2,1196.8,15.0,2025-09-12,Gurugram,Working Professional,624.4,2034.56,359.04
BF102270,Diya Nair,Jeans,Wide Leg Jeans,2,3965.27,20.0,2025-09-12,Surat,Casual Shopper,1516.98,6344.43,1586.11
BF102561,Kavya Gupta,Bottomwear,Joggers,1,1955.73,30.0,2025-09-12,Surat,Young Professional,379.38,1369.01,586.72
BF100227,Isha Patel,T-Shirts,Boxy Graphic Tee,1,1668.59,15.0,2025-09-13,Bengaluru,Student,418.73,1418.3,250.29
BF100250,Karan Gupta,Jackets,Overshirt Jacket,1,2894.55,0.0,2025-09-13,Noida,Student,619.25,2894.55,0.0
BF100741,Diya Kumar,T-Shirts,Vintage Print Tee,2,830.84,35.0,2025-09-13,Hyderabad,Premium Shopper,376.15,1080.09,581.59
BF100903,Meera Gupta,Hoodies,Printed Hoodie,2,2516.43,0.0,2025-09-13,Ahmedabad,Young Professional,1600.61,5032.86,0.0
BF101057,Priya Joshi,T-Shirts,Oversized Street Tee,1,1282.79,25.0,2025-09-13,Jaipur,Working Professional,200.25,962.09,320.7
BF101111,Ananya Verma,Hoodies,Streetwear Hoodie,2,2551.71,20.0,2025-09-13,Noida,Working Professional,1094.26,4082.74,1020.68
BF101131,Vivaan Saxena,Jeans,Distressed Jeans,1,3811.06,10.0,2025-09-13,Gurugram,Young Professional,921.95,3429.95,381.11
BF102254,Shreya Singh,T-Shirts,Drop Shoulder Tee,1,1477.8,30.0,2025-09-13,Noida,Casual Shopper,183.51,1034.46,443.34
BF102412,Sneha Shah,Hoodies,Heavyweight Hoodie,2,3340.94,35.0,2025-09-13,Lucknow,Young Professional,1028.77,4343.22,2338.66
BF101343,Diya Jain,Bottomwear,Baggy Trousers,1,1483.92,15.0,2025-09-14,Chennai,Premium Shopper,315.33,1261.33,222.59
BF102167,Ananya Chopra,Jackets,Varsity Jacket,4,3762.01,15.0,2025-09-14,Kolkata,Casual Shopper,2854.05,12790.83,2257.21
BF102204,Aditya Agarwal,Hoodies,Heavyweight Hoodie,3,1654.92,10.0,2025-09-14,Gurugram,Working Professional,1263.32,4468.28,496.48
BF102925,Priya Agarwal,Jackets,Overshirt Jacket,4,3767.27,20.0,2025-09-14,Ahmedabad,Young Professional,2734.88,12055.26,3013.82
BF100584,Karan Jain,T-Shirts,Drop Shoulder Tee,1,1316.91,20.0,2025-09-15,Lucknow,Working Professional,387.64,1053.53,263.38
BF101446,Simran Jain,Hoodies,Streetwear Hoodie,1,2223.9,15.0,2025-09-15,Lucknow,Working Professional,446.26,1890.32,333.58
BF101600,Manya Shah,Jeans,Baggy Jeans,2,3536.44,30.0,2025-09-15,Bengaluru,Student,1011.28,4951.02,2121.86
BF102604,Priya Das,T-Shirts,Boxy Graphic Tee,2,783.8,15.0,2025-09-15,Chandigarh,Premium Shopper,496.56,1332.46,235.14
BF100348,Simran Agarwal,T-Shirts,Boxy Graphic Tee,4,705.1,15.0,2025-09-16,Kolkata,Working Professional,777.58,2397.34,423.06
BF101336,Kritika Mehta,Jeans,Wide Leg Jeans,1,3980.04,10.0,2025-09-16,Gurugram,Student,815.3,3582.04,398.0
BF101353,Ishaan Mehta,Jackets,Utility Jacket,1,2393.81,5.0,2025-09-16,Pune,Working Professional,567.51,2274.12,119.69
BF102401,Sneha Jain,Hoodies,Heavyweight Hoodie,3,2595.09,5.0,2025-09-16,Lucknow,Working Professional,2303.45,7396.01,389.26
BF101613,Neha Mehta,Jackets,Utility Jacket,1,3363.79,10.0,2025-09-17,Noida,Young Professional,750.24,3027.41,336.38
BF101680,Sakshi Joshi,Jeans,Distressed Jeans,1,3629.11,25.0,2025-09-17,Noida,Young Professional,708.37,2721.83,907.28
BF100409,Kavya Gupta,Hoodies,Essential Hoodie,1,2126.52,15.0,2025-09-18,Mumbai,Casual Shopper,450.09,1807.54,318.98
BF101194,Aditi Kumar,Hoodies,Streetwear Hoodie,2,2083.19,20.0,2025-09-18,Surat,Casual Shopper,868.43,3333.1,833.28
BF101358,Kabir Jain,T-Shirts,Oversized Street Tee,1,1111.98,20.0,2025-09-18,Mumbai,Casual Shopper,273.12,889.58,222.4
BF101805,Aditya Shah,Jeans,Distressed Jeans,4,3171.72,15.0,2025-09-18,Surat,Student,2476.88,10783.85,1903.03
BF102360,Aditi Bansal,Jeans,Relaxed Jeans,2,3571.09,5.0,2025-09-18,Chennai,Working Professional,1964.91,6785.07,357.11
BF102776,Yash Kapoor,Bottomwear,Joggers,2,2162.68,0.0,2025-09-18,Lucknow,Working Professional,1298.95,4325.36,0.0
BF102923,Yash Nair,T-Shirts,Vintage Print Tee,3,1409.27,15.0,2025-09-18,Lucknow,Working Professional,1096.95,3593.64,634.17
BF101115,Tanya Singh,Jackets,Denim Jacket,3,3670.9,25.0,2025-09-19,Lucknow,Student,1626.61,8259.53,2753.17
BF101500,Kabir Kapoor,T-Shirts,Oversized Street Tee,4,724.9,15.0,2025-09-19,Lucknow,Casual Shopper,662.85,2464.66,434.94
BF101865,Priya Jain,Hoodies,Streetwear Hoodie,1,3417.89,40.0,2025-09-19,Chandigarh,Casual Shopper,412.79,2050.73,1367.16
BF102290,Riya Singh,Hoodies,Essential Hoodie,4,3268.91,15.0,2025-09-19,Delhi,Casual Shopper,3010.76,11114.29,1961.35
BF102833,Rahul Kumar,Hoodies,Printed Hoodie,3,2492.05,10.0,2025-09-19,Ahmedabad,Young Professional,1949.56,6728.54,747.61
BF102905,Simran Singh,Bottomwear,Joggers,1,1612.25,15.0,2025-09-19,Jaipur,Young Professional,325.96,1370.41,241.84
BF100593,Rohan Patel,Bottomwear,Joggers,1,2613.94,20.0,2025-09-20,Mumbai,Premium Shopper,590.01,2091.15,522.79
BF100623,Meera Gupta,Jeans,Relaxed Jeans,1,3946.13,20.0,2025-09-20,Jaipur,Young Professional,730.13,3156.9,789.23
BF100927,Isha Singh,Hoodies,Essential Hoodie,1,3337.39,5.0,2025-09-20,Surat,Young Professional,945.76,3170.52,166.87
BF101152,Arjun Shah,T-Shirts,Boxy Graphic Tee,1,1356.66,0.0,2025-09-20,Jaipur,Student,336.35,1356.66,0.0
BF102483,Kabir Sharma,Bottomwear,Parachute Pants,1,2242.07,15.0,2025-09-20,Delhi,Student,496.62,1905.76,336.31
BF100609,Arjun Das,T-Shirts,Boxy Graphic Tee,4,1081.15,5.0,2025-09-21,Kolkata,Student,1187.12,4108.37,216.23
BF101960,Manya Gupta,T-Shirts,Oversized Street Tee,1,1583.17,25.0,2025-09-21,Gurugram,Young Professional,357.97,1187.38,395.79
BF100657,Meera Sharma,T-Shirts,Vintage Print Tee,2,954.35,25.0,2025-09-22,Pune,Working Professional,395.2,1431.52,477.17
BF100721,Vivaan Agarwal,Jackets,Denim Jacket,2,2166.66,10.0,2025-09-22,Ahmedabad,Working Professional,979.68,3899.99,433.33
BF102022,Diya Reddy,Hoodies,Printed Hoodie,2,1649.05,35.0,2025-09-22,Kolkata,Student,505.14,2143.76,1154.34
BF102065,Isha Jain,Hoodies,Printed Hoodie,1,2248.03,25.0,2025-09-22,Delhi,Casual Shopper,441.43,1686.02,562.01
BF102631,Manya Reddy,Hoodies,Streetwear Hoodie,2,3196.34,15.0,2025-09-22,Surat,Casual Shopper,1448.13,5433.78,958.9
BF100056,Priya Bansal,Jackets,Denim Jacket,2,2147.36,25.0,2025-09-23,Chennai,Student,684.08,3221.04,1073.68
BF100096,Nisha Bansal,Jackets,Denim Jacket,1,4401.46,15.0,2025-09-23,Bengaluru,Casual Shopper,867.13,3741.24,660.22
BF100102,Kritika Chopra,T-Shirts,Drop Shoulder Tee,1,1697.84,15.0,2025-09-23,Jaipur,Casual Shopper,333.57,1443.16,254.68
BF100887,Sakshi Kapoor,Bottomwear,Joggers,2,2461.4,15.0,2025-09-23,Noida,Student,902.19,4184.38,738.42
BF101389,Aarav Gupta,T-Shirts,Drop Shoulder Tee,2,909.21,10.0,2025-09-23,Surat,Working Professional,483.47,1636.58,181.84
BF102307,Ananya Joshi,Jackets,Varsity Jacket,3,2237.41,5.0,2025-09-23,Bengaluru,Young Professional,1542.67,6376.62,335.61
BF102361,Sakshi Kapoor,T-Shirts,Boxy Graphic Tee,1,960.77,15.0,2025-09-23,Noida,Young Professional,300.83,816.65,144.12
BF102533,Karan Nair,Hoodies,Essential Hoodie,1,2019.97,5.0,2025-09-23,Hyderabad,Working Professional,695.89,1918.97,101.0
BF102757,Meera Mehta,T-Shirts,Oversized Street Tee,2,976.86,15.0,2025-09-23,Mumbai,Student,442.13,1660.66,293.06
BF102885,Riya Shah,Jackets,Overshirt Jacket,3,2428.2,40.0,2025-09-23,Chennai,Young Professional,832.92,4370.76,2913.84
BF102886,Kritika Chopra,T-Shirts,Oversized Street Tee,1,964.25,20.0,2025-09-23,Mumbai,Student,213.11,771.4,192.85
BF100075,Aditi Verma,T-Shirts,Oversized Street Tee,1,1026.88,30.0,2025-09-24,Chennai,Working Professional,137.24,718.82,308.06
BF100396,Isha Nair,Hoodies,Heavyweight Hoodie,1,2032.98,10.0,2025-09-24,Jaipur,Student,410.04,1829.68,203.3
BF102242,Rahul Chopra,Hoodies,Heavyweight Hoodie,3,2227.94,20.0,2025-09-24,Lucknow,Working Professional,1451.8,5347.06,1336.76
BF102390,Tanya Jain,T-Shirts,Vintage Print Tee,5,1136.85,10.0,2025-09-24,Bengaluru,Working Professional,1576.22,5115.82,568.43
BF101121,Priya Agarwal,Hoodies,Heavyweight Hoodie,2,1647.82,15.0,2025-09-25,Surat,Casual Shopper,771.89,2801.29,494.35
BF101371,Arjun Joshi,Jackets,Varsity Jacket,5,4441.48,15.0,2025-09-25,Chennai,Young Professional,4449.54,18876.29,3331.11
BF102837,Sneha Reddy,Hoodies,Heavyweight Hoodie,2,2689.23,30.0,2025-09-25,Bengaluru,Young Professional,943.23,3764.92,1613.54
BF102908,Neha Shah,Bottomwear,Cargo Pants,1,1960.13,30.0,2025-09-25,Pune,Casual Shopper,335.14,1372.09,588.04
BF102952,Meera Reddy,Jackets,Utility Jacket,1,2079.14,25.0,2025-09-25,Jaipur,Working Professional,387.1,1559.36,519.78
BF100665,Sakshi Das,T-Shirts,Drop Shoulder Tee,4,864.67,15.0,2025-09-26,Noida,Casual Shopper,858.08,2939.88,518.8
BF100770,Isha Agarwal,Jackets,Varsity Jacket,3,3984.99,25.0,2025-09-26,Bengaluru,Working Professional,2057.67,8966.23,2988.74
BF102023,Sneha Verma,T-Shirts,Vintage Print Tee,1,1291.71,20.0,2025-09-26,Gurugram,Premium Shopper,279.92,1033.37,258.34
BF100009,Ananya Patel,Jackets,Varsity Jacket,4,2817.04,5.0,2025-09-27,Surat,Casual Shopper,2558.96,10704.75,563.41
BF100183,Riya Reddy,Jackets,Utility Jacket,1,2782.36,5.0,2025-09-27,Lucknow,Premium Shopper,679.73,2643.24,139.12
BF100243,Rohan Kapoor,Jeans,Baggy Jeans,1,2359.77,20.0,2025-09-27,Noida,Young Professional,512.77,1887.82,471.95
BF101095,Meera Sharma,Bottomwear,Baggy Trousers,2,2670.53,15.0,2025-09-27,Delhi,Working Professional,1257.16,4539.9,801.16
BF101129,Isha Bansal,Bottomwear,Cargo Pants,2,1882.67,0.0,2025-09-27,Surat,Student,951.85,3765.34,0.0
BF100812,Sneha Malhotra,T-Shirts,Boxy Graphic Tee,1,844.5,20.0,2025-09-28,Chennai,Student,184.45,675.6,168.9
BF101472,Rahul Singh,Jackets,Denim Jacket,1,2154.51,10.0,2025-09-28,Bengaluru,Young Professional,493.27,1939.06,215.45
BF102019,Karan Mehta,T-Shirts,Vintage Print Tee,1,1119.68,20.0,2025-09-28,Pune,Young Professional,265.1,895.74,223.94
BF102186,Aditi Mishra,T-Shirts,Oversized Street Tee,2,1278.35,0.0,2025-09-28,Gurugram,Working Professional,869.46,2556.7,0.0
BF102489,Anika Nair,Jackets,Denim Jacket,3,4116.11,15.0,2025-09-28,Pune,Premium Shopper,2658.51,10496.08,1852.25
BF100384,Isha Bansal,Bottomwear,Joggers,1,2004.45,20.0,2025-09-29,Bengaluru,Young Professional,432.29,1603.56,400.89
BF101776,Vivaan Sharma,T-Shirts,Boxy Graphic Tee,3,705.32,10.0,2025-09-29,Ahmedabad,Student,478.12,1904.36,211.6
BF101033,Priya Verma,T-Shirts,Drop Shoulder Tee,1,1028.68,5.0,2025-09-30,Kolkata,Young Professional,317.04,977.25,51.43
BF101166,Nisha Kumar,T-Shirts,Oversized Street Tee,5,755.43,15.0,2025-09-30,Jaipur,Student,918.02,3210.58,566.57
BF101582,Neha Kumar,T-Shirts,Oversized Street Tee,2,1107.77,20.0,2025-09-30,Delhi,Premium Shopper,526.96,1772.43,443.11
BF102195,Riya Jain,Bottomwear,Joggers,1,1810.49,5.0,2025-09-30,Mumbai,Casual Shopper,397.58,1719.97,90.52
BF102796,Isha Agarwal,Bottomwear,Cargo Pants,1,2601.08,10.0,2025-09-30,Ahmedabad,Young Professional,743.83,2340.97,260.11
BF100419,Kavya Kapoor,T-Shirts,Boxy Graphic Tee,1,1560.81,15.0,2025-10-02,Bengaluru,Casual Shopper,406.99,1326.69,234.12
BF101664,Kabir Patel,Hoodies,Printed Hoodie,1,1760.81,35.0,2025-10-02,Mumbai,Working Professional,284.06,1144.53,616.28
BF102170,Shreya Verma,Hoodies,Heavyweight Hoodie,1,3101.19,25.0,2025-10-02,Ahmedabad,Student,562.96,2325.89,775.3
BF101041,Diya Reddy,T-Shirts,Vintage Print Tee,3,1373.16,0.0,2025-10-03,Chandigarh,Student,1284.54,4119.48,0.0
BF101118,Kabir Singh,T-Shirts,Drop Shoulder Tee,3,1497.34,20.0,2025-10-03,Mumbai,Young Professional,1003.5,3593.62,898.4
BF101541,Kavya Das,Jackets,Overshirt Jacket,2,3020.97,5.0,2025-10-03,Pune,Student,1275.8,5739.84,302.1
BF102086,Yash Joshi,Jeans,Distressed Jeans,1,1829.54,10.0,2025-10-03,Lucknow,Casual Shopper,354.14,1646.59,182.95
BF102138,Isha Shah,T-Shirts,Vintage Print Tee,2,1241.99,10.0,2025-10-03,Ahmedabad,Student,681.44,2235.58,248.4
BF102863,Priya Nair,Hoodies,Streetwear Hoodie,1,2382.69,25.0,2025-10-03,Lucknow,Young Professional,476.09,1787.02,595.67
BF101553,Shreya Nair,T-Shirts,Boxy Graphic Tee,5,980.16,20.0,2025-10-04,Kolkata,Student,1012.87,3920.64,980.16
BF101122,Anika Malhotra,T-Shirts,Oversized Street Tee,3,1443.4,10.0,2025-10-05,Ahmedabad,Student,1093.73,3897.18,433.02
BF101724,Sakshi Nair,Hoodies,Printed Hoodie,1,2332.52,40.0,2025-10-05,Jaipur,Premium Shopper,370.15,1399.51,933.01
BF102181,Tanya Kumar,T-Shirts,Boxy Graphic Tee,1,975.32,20.0,2025-10-05,Lucknow,Working Professional,294.9,780.26,195.06
BF102217,Tanya Gupta,Jackets,Denim Jacket,1,4050.54,30.0,2025-10-05,Noida,Student,548.82,2835.38,1215.16
BF102988,Kabir Singh,Jeans,Distressed Jeans,1,1827.75,5.0,2025-10-06,Bengaluru,Premium Shopper,569.62,1736.36,91.39
BF100481,Tanya Sharma,T-Shirts,Vintage Print Tee,1,985.55,15.0,2025-10-07,Kolkata,Student,158.53,837.72,147.83
BF100994,Kabir Chopra,T-Shirts,Boxy Graphic Tee,2,992.33,35.0,2025-10-07,Pune,Casual Shopper,379.09,1290.03,694.63
BF102266,Tanya Nair,Jackets,Denim Jacket,1,1854.95,25.0,2025-10-07,Surat,Premium Shopper,321.43,1391.21,463.74
BF100931,Aanya Saxena,T-Shirts,Vintage Print Tee,2,1189.54,15.0,2025-10-08,Delhi,Premium Shopper,676.53,2022.22,356.86
BF102589,Sakshi Reddy,Jackets,Varsity Jacket,1,2816.26,10.0,2025-10-08,Chennai,Student,514.89,2534.63,281.63
BF102643,Aditi Chopra,Jeans,Baggy Jeans,5,2491.93,5.0,2025-10-08,Chennai,Working Professional,3322.12,11836.67,622.98
BF100524,Aditi Sharma,T-Shirts,Drop Shoulder Tee,1,1090.97,25.0,2025-10-09,Chandigarh,Premium Shopper,253.02,818.23,272.74
BF101364,Yash Das,Jeans,Relaxed Jeans,1,3196.0,20.0,2025-10-09,Chennai,Working Professional,674.09,2556.8,639.2
BF101669,Shreya Jain,Hoodies,Printed Hoodie,2,2717.62,25.0,2025-10-09,Gurugram,Young Professional,1012.47,4076.43,1358.81
BF102798,Vivaan Reddy,T-Shirts,Vintage Print Tee,1,811.55,0.0,2025-10-09,Delhi,Casual Shopper,254.76,811.55,0.0
BF100201,Rohan Malhotra,Hoodies,Heavyweight Hoodie,2,2348.34,5.0,2025-10-10,Chennai,Student,1169.85,4461.85,234.83
BF101819,Rahul Singh,Hoodies,Printed Hoodie,2,3099.48,30.0,2025-10-10,Ahmedabad,Working Professional,1144.86,4339.27,1859.69
BF101936,Neha Saxena,Jackets,Denim Jacket,1,3607.16,10.0,2025-10-10,Mumbai,Student,699.96,3246.44,360.72
BF102880,Aanya Mehta,Hoodies,Streetwear Hoodie,2,1644.62,20.0,2025-10-10,Chennai,Young Professional,705.12,2631.39,657.85
BF100280,Yash Bansal,Hoodies,Essential Hoodie,1,2659.74,35.0,2025-10-11,Jaipur,Young Professional,326.27,1728.83,930.91
BF100614,Aanya Nair,Hoodies,Printed Hoodie,2,1721.62,30.0,2025-10-11,Gurugram,Student,549.8,2410.27,1032.97
BF101985,Kabir Shah,T-Shirts,Vintage Print Tee,1,755.17,10.0,2025-10-11,Surat,Working Professional,202.51,679.65,75.52
BF102393,Anika Jain,Hoodies,Streetwear Hoodie,3,2789.7,25.0,2025-10-11,Mumbai,Student,1474.72,6276.82,2092.27
BF100560,Rohan Gupta,Hoodies,Printed Hoodie,1,3065.58,0.0,2025-10-12,Gurugram,Working Professional,1000.92,3065.58,0.0
BF100768,Shreya Bansal,T-Shirts,Oversized Street Tee,4,1347.2,10.0,2025-10-12,Surat,Young Professional,1492.91,4849.92,538.88
BF101295,Sakshi Saxena,T-Shirts,Vintage Print Tee,4,1531.85,0.0,2025-10-12,Ahmedabad,Casual Shopper,1922.53,6127.4,0.0
BF102373,Sneha Kumar,T-Shirts,Vintage Print Tee,1,1553.92,35.0,2025-10-12,Mumbai,Casual Shopper,217.26,1010.05,543.87
BF102595,Aditya Malhotra,Bottomwear,Joggers,1,2441.91,25.0,2025-10-12,Chandigarh,Student,416.43,1831.43,610.48
BF100625,Nisha Joshi,T-Shirts,Oversized Street Tee,5,810.65,10.0,2025-10-13,Delhi,Student,1021.97,3647.92,405.32
BF100705,Manya Joshi,Jeans,Relaxed Jeans,1,2581.94,15.0,2025-10-13,Chandigarh,Working Professional,555.69,2194.65,387.29
BF101100,Yash Reddy,Hoodies,Essential Hoodie,2,1504.71,15.0,2025-10-13,Pune,Casual Shopper,675.08,2558.01,451.41
BF101694,Anika Verma,Jeans,Relaxed Jeans,1,2648.98,20.0,2025-10-13,Mumbai,Casual Shopper,524.61,2119.18,529.8
BF101801,Shreya Mishra,Hoodies,Printed Hoodie,1,3157.03,25.0,2025-10-13,Surat,Premium Shopper,689.26,2367.77,789.26
BF100403,Sneha Shah,Hoodies,Heavyweight Hoodie,1,1674.51,25.0,2025-10-14,Ahmedabad,Premium Shopper,344.1,1255.88,418.63
BF102016,Isha Reddy,Bottomwear,Baggy Trousers,1,1796.08,10.0,2025-10-14,Gurugram,Student,392.28,1616.47,179.61
BF102061,Yash Das,Hoodies,Streetwear Hoodie,3,1525.14,5.0,2025-10-14,Kolkata,Young Professional,1265.21,4346.65,228.77
BF100835,Sneha Jain,Jackets,Overshirt Jacket,2,2746.97,10.0,2025-10-15,Gurugram,Casual Shopper,1265.55,4944.55,549.39
BF100969,Tanya Gupta,T-Shirts,Vintage Print Tee,2,802.82,25.0,2025-10-15,Bengaluru,Casual Shopper,334.26,1204.23,401.41
BF101749,Manya Reddy,T-Shirts,Oversized Street Tee,1,1359.19,0.0,2025-10-15,Bengaluru,Student,405.5,1359.19,0.0
BF102196,Diya Agarwal,Bottomwear,Joggers,2,2346.77,25.0,2025-10-15,Jaipur,Working Professional,945.66,3520.16,1173.39
BF102888,Tanya Jain,Hoodies,Streetwear Hoodie,4,3093.02,15.0,2025-10-15,Pune,Premium Shopper,3010.96,10516.27,1855.81
BF100313,Yash Nair,Jeans,Relaxed Jeans,1,3976.55,0.0,2025-10-16,Gurugram,Young Professional,1135.27,3976.55,0.0
BF100791,Ishaan Kumar,Jeans,Wide Leg Jeans,4,2510.54,35.0,2025-10-16,Noida,Student,1232.56,6527.4,3514.76
BF101054,Simran Nair,Hoodies,Essential Hoodie,3,2389.59,10.0,2025-10-16,Lucknow,Casual Shopper,1709.38,6451.89,716.88
BF101400,Arjun Agarwal,Bottomwear,Parachute Pants,2,2101.73,15.0,2025-10-16,Delhi,Working Professional,998.11,3572.94,630.52
BF101420,Vivaan Saxena,T-Shirts,Drop Shoulder Tee,4,954.82,5.0,2025-10-16,Mumbai,Working Professional,1136.46,3628.32,190.96
BF101755,Aditi Nair,Bottomwear,Parachute Pants,3,2373.73,0.0,2025-10-16,Kolkata,Young Professional,2130.67,7121.19,0.0
BF102319,Neha Nair,Bottomwear,Baggy Trousers,2,2736.2,5.0,2025-10-16,Mumbai,Student,1381.11,5198.78,273.62
BF100509,Diya Kapoor,Hoodies,Heavyweight Hoodie,1,2708.99,0.0,2025-10-17,Gurugram,Student,798.44,2708.99,0.0
BF100912,Simran Reddy,Jeans,Wide Leg Jeans,1,3813.9,15.0,2025-10-17,Surat,Young Professional,781.6,3241.82,572.08
BF101213,Manya Mehta,T-Shirts,Drop Shoulder Tee,1,1046.55,15.0,2025-10-17,Bengaluru,Student,141.2,889.57,156.98
BF101340,Aarav Verma,Jackets,Overshirt Jacket,2,3598.84,5.0,2025-10-17,Chandigarh,Student,1603.07,6837.8,359.88
BF102106,Arjun Mishra,T-Shirts,Drop Shoulder Tee,1,1390.65,0.0,2025-10-17,Chennai,Premium Shopper,513.12,1390.65,0.0
BF102697,Karan Kapoor,Jackets,Varsity Jacket,1,3430.75,15.0,2025-10-17,Kolkata,Working Professional,615.17,2916.14,514.61
BF102933,Aditya Kapoor,Bottomwear,Cargo Pants,2,2775.46,30.0,2025-10-17,Gurugram,Premium Shopper,1040.97,3885.64,1665.28
BF100543,Karan Malhotra,T-Shirts,Boxy Graphic Tee,1,1607.64,5.0,2025-10-18,Chandigarh,Student,438.88,1527.26,80.38
BF100555,Kavya Mishra,Bottomwear,Joggers,1,2256.23,10.0,2025-10-18,Chandigarh,Student,520.18,2030.61,225.62
BF100649,Vivaan Verma,Jackets,Overshirt Jacket,1,1890.68,25.0,2025-10-18,Jaipur,Working Professional,348.82,1418.01,472.67
BF101645,Ishaan Nair,T-Shirts,Drop Shoulder Tee,1,1482.61,25.0,2025-10-18,Pune,Young Professional,274.87,1111.96,370.65
BF102899,Nisha Kumar,T-Shirts,Oversized Street Tee,3,1379.51,15.0,2025-10-18,Chandigarh,Student,1010.62,3517.75,620.78
BF100915,Ishaan Patel,Jeans,Relaxed Jeans,1,3438.75,30.0,2025-10-19,Mumbai,Student,488.8,2407.12,1031.62
BF101747,Aarav Reddy,Jackets,Varsity Jacket,1,3210.66,10.0,2025-10-19,Hyderabad,Young Professional,742.01,2889.59,321.07
BF102738,Meera Kumar,T-Shirts,Drop Shoulder Tee,1,1498.95,25.0,2025-10-19,Pune,Casual Shopper,351.23,1124.21,374.74
BF102889,Isha Mishra,T-Shirts,Vintage Print Tee,1,909.69,25.0,2025-10-19,Chandigarh,Working Professional,212.42,682.27,227.42
BF100906,Yash Mishra,Jeans,Wide Leg Jeans,2,3560.97,40.0,2025-10-20,Lucknow,Student,803.88,4273.16,2848.78
BF100991,Ishaan Singh,T-Shirts,Boxy Graphic Tee,1,1457.76,15.0,2025-10-20,Chennai,Working Professional,412.41,1239.1,218.66
BF101885,Ishaan Singh,T-Shirts,Oversized Street Tee,1,1347.9,5.0,2025-10-20,Mumbai,Student,335.9,1280.51,67.39
BF101894,Sneha Nair,Hoodies,Streetwear Hoodie,5,2789.99,10.0,2025-10-20,Delhi,Working Professional,3653.15,12554.96,1394.99
BF101485,Simran Mishra,Jeans,Wide Leg Jeans,5,2695.46,10.0,2025-10-21,Bengaluru,Working Professional,3323.92,12129.57,1347.73
BF101640,Pooja Singh,Hoodies,Streetwear Hoodie,2,2516.5,30.0,2025-10-21,Delhi,Working Professional,878.31,3523.1,1509.9
BF101823,Neha Agarwal,Jeans,Baggy Jeans,3,1817.48,20.0,2025-10-21,Hyderabad,Working Professional,1102.57,4361.95,1090.49
BF102000,Aanya Kapoor,Hoodies,Essential Hoodie,2,2211.58,15.0,2025-10-21,Jaipur,Premium Shopper,1139.22,3759.69,663.47
BF102164,Kavya Gupta,Jackets,Overshirt Jacket,1,3700.59,15.0,2025-10-21,Jaipur,Premium Shopper,736.65,3145.5,555.09
BF102295,Rohan Shah,Hoodies,Printed Hoodie,1,2150.45,10.0,2025-10-21,Jaipur,Casual Shopper,502.95,1935.4,215.04
BF100058,Ananya Patel,Bottomwear,Cargo Pants,3,2237.26,10.0,2025-10-22,Noida,Working Professional,1751.08,6040.6,671.18
BF100124,Kavya Saxena,Hoodies,Heavyweight Hoodie,1,1662.36,15.0,2025-10-22,Hyderabad,Casual Shopper,390.29,1413.01,249.35
BF101040,Aarav Saxena,T-Shirts,Vintage Print Tee,3,801.12,15.0,2025-10-22,Mumbai,Working Professional,630.35,2042.86,360.5
BF102012,Karan Mehta,Jackets,Denim Jacket,1,1988.15,35.0,2025-10-22,Chandigarh,Premium Shopper,335.75,1292.3,695.85
BF102501,Neha Das,T-Shirts,Oversized Street Tee,1,1383.78,10.0,2025-10-22,Pune,Young Professional,436.92,1245.4,138.38
BF100485,Aanya Verma,Hoodies,Printed Hoodie,3,3322.55,10.0,2025-10-23,Bengaluru,Young Professional,2490.96,8970.89,996.76
BF101051,Kritika Patel,T-Shirts,Boxy Graphic Tee,1,1145.01,10.0,2025-10-23,Noida,Student,310.74,1030.51,114.5
BF101091,Vivaan Kumar,T-Shirts,Drop Shoulder Tee,1,1064.35,15.0,2025-10-23,Surat,Premium Shopper,302.31,904.7,159.65
BF101830,Meera Nair,Jeans,Distressed Jeans,2,2665.41,10.0,2025-10-23,Chandigarh,Young Professional,1145.8,4797.74,533.08
BF101840,Sakshi Patel,T-Shirts,Boxy Graphic Tee,2,1018.35,15.0,2025-10-23,Bengaluru,Premium Shopper,516.47,1731.2,305.51
BF102376,Aanya Agarwal,Jeans,Wide Leg Jeans,1,2926.17,0.0,2025-10-23,Gurugram,Young Professional,905.52,2926.17,0.0
BF102868,Karan Malhotra,T-Shirts,Vintage Print Tee,1,760.11,20.0,2025-10-23,Jaipur,Premium Shopper,133.3,608.09,152.02
BF100596,Ananya Jain,Hoodies,Heavyweight Hoodie,2,2633.34,10.0,2025-10-24,Ahmedabad,Young Professional,1349.34,4740.01,526.67
BF101330,Nisha Malhotra,T-Shirts,Vintage Print Tee,3,1014.97,20.0,2025-10-24,Pune,Student,567.04,2435.93,608.98
BF102271,Manya Agarwal,T-Shirts,Boxy Graphic Tee,4,1377.99,20.0,2025-10-24,Bengaluru,Premium Shopper,1339.73,4409.57,1102.39
BF102683,Sakshi Saxena,Hoodies,Streetwear Hoodie,2,2577.08,25.0,2025-10-24,Gurugram,Casual Shopper,928.72,3865.62,1288.54
BF102768,Neha Saxena,T-Shirts,Boxy Graphic Tee,1,1649.21,25.0,2025-10-24,Chandigarh,Student,308.22,1236.91,412.3
BF102975,Kavya Nair,Hoodies,Printed Hoodie,2,2985.77,10.0,2025-10-24,Pune,Working Professional,1525.15,5374.39,597.15
BF102402,Rohan Bansal,Jeans,Wide Leg Jeans,1,2140.75,35.0,2025-10-25,Chennai,Student,252.28,1391.49,749.26
BF102806,Vivaan Patel,Bottomwear,Parachute Pants,1,1455.66,20.0,2025-10-25,Jaipur,Casual Shopper,342.8,1164.53,291.13
BF102865,Tanya Mehta,Jeans,Baggy Jeans,1,2534.78,25.0,2025-10-25,Pune,Working Professional,453.53,1901.08,633.7
BF100296,Yash Reddy,Hoodies,Essential Hoodie,1,2398.73,30.0,2025-10-26,Gurugram,Student,346.57,1679.11,719.62
BF101017,Ishaan Reddy,T-Shirts,Boxy Graphic Tee,1,1298.71,10.0,2025-10-26,Surat,Working Professional,344.78,1168.84,129.87
BF101147,Arjun Jain,Hoodies,Heavyweight Hoodie,1,2637.4,25.0,2025-10-26,Lucknow,Casual Shopper,439.88,1978.05,659.35
BF101167,Ishaan Shah,Bottomwear,Cargo Pants,5,2249.95,35.0,2025-10-26,Delhi,Working Professional,1711.96,7312.34,3937.41
BF101368,Pooja Gupta,Hoodies,Streetwear Hoodie,1,3096.35,5.0,2025-10-26,Mumbai,Premium Shopper,847.1,2941.53,154.82
BF101843,Priya Jain,Jeans,Relaxed Jeans,1,2099.24,5.0,2025-10-26,Delhi,Casual Shopper,550.05,1994.28,104.96
BF102449,Manya Das,Jackets,Varsity Jacket,1,3131.66,0.0,2025-10-26,Chandigarh,Working Professional,742.44,3131.66,0.0
BF100441,Priya Agarwal,Jackets,Denim Jacket,1,2029.54,20.0,2025-10-27,Lucknow,Student,419.99,1623.63,405.91
BF101438,Aditi Verma,T-Shirts,Drop Shoulder Tee,1,1667.24,20.0,2025-10-27,Jaipur,Young Professional,289.23,1333.79,333.45
BF101683,Tanya Mehta,Hoodies,Essential Hoodie,1,2248.38,15.0,2025-10-27,Kolkata,Casual Shopper,572.27,1911.12,337.26
BF102027,Sneha Saxena,Hoodies,Printed Hoodie,1,1644.35,40.0,2025-10-27,Surat,Working Professional,235.31,986.61,657.74
BF102311,Arjun Sharma,Jeans,Distressed Jeans,2,3407.15,15.0,2025-10-27,Mumbai,Student,1300.83,5792.16,1022.15
BF102630,Aarav Mishra,Jeans,Distressed Jeans,5,3114.65,5.0,2025-10-27,Chandigarh,Working Professional,4251.9,14794.59,778.66
BF100016,Isha Patel,Jeans,Baggy Jeans,1,2067.56,0.0,2025-10-28,Kolkata,Working Professional,550.28,2067.56,0.0
BF102024,Kavya Nair,Bottomwear,Parachute Pants,2,2169.41,5.0,2025-10-28,Noida,Premium Shopper,1220.69,4121.88,216.94
BF102246,Tanya Verma,Jeans,Wide Leg Jeans,1,3814.89,10.0,2025-10-28,Jaipur,Student,826.19,3433.4,381.49
BF102287,Manya Patel,Jackets,Overshirt Jacket,3,3262.9,5.0,2025-10-28,Mumbai,Student,2162.6,9299.26,489.44
BF102802,Sneha Joshi,T-Shirts,Boxy Graphic Tee,4,929.1,0.0,2025-10-28,Bengaluru,Premium Shopper,1331.03,3716.4,0.0
BF102922,Nisha Kapoor,T-Shirts,Boxy Graphic Tee,4,1263.75,30.0,2025-10-28,Jaipur,Working Professional,902.47,3538.5,1516.5
BF100275,Priya Singh,Jeans,Distressed Jeans,1,2560.24,5.0,2025-10-29,Mumbai,Casual Shopper,578.46,2432.23,128.01
BF101412,Nisha Malhotra,Bottomwear,Parachute Pants,1,2249.69,0.0,2025-10-29,Chandigarh,Working Professional,660.51,2249.69,0.0
BF101524,Aanya Verma,Jackets,Varsity Jacket,1,3359.23,15.0,2025-10-29,Kolkata,Student,597.13,2855.35,503.88
BF101537,Vivaan Kumar,T-Shirts,Oversized Street Tee,1,1451.21,35.0,2025-10-29,Delhi,Premium Shopper,211.19,943.29,507.92
BF101981,Riya Jain,Jeans,Distressed Jeans,2,2930.21,15.0,2025-10-29,Ahmedabad,Working Professional,1323.25,4981.36,879.06
BF102494,Kritika Chopra,Hoodies,Printed Hoodie,1,3123.49,0.0,2025-10-29,Chennai,Student,850.95,3123.49,0.0
BF100195,Anika Shah,Jackets,Denim Jacket,2,2928.12,20.0,2025-10-30,Noida,Working Professional,1047.3,4684.99,1171.25
BF100629,Manya Saxena,Bottomwear,Cargo Pants,1,1574.25,10.0,2025-10-30,Gurugram,Premium Shopper,448.98,1416.82,157.42
BF100824,Meera Jain,Hoodies,Streetwear Hoodie,3,3044.5,10.0,2025-10-30,Chandigarh,Student,2199.38,8220.15,913.35
BF100031,Anika Gupta,Hoodies,Printed Hoodie,1,1803.4,10.0,2025-10-31,Bengaluru,Premium Shopper,345.93,1623.06,180.34
BF100178,Nisha Sharma,Hoodies,Heavyweight Hoodie,2,2170.09,20.0,2025-10-31,Chennai,Working Professional,951.87,3472.14,868.04
BF101509,Karan Sharma,Jeans,Wide Leg Jeans,4,3775.58,15.0,2025-10-31,Kolkata,Young Professional,3346.7,12836.97,2265.35
BF101602,Rohan Nair,T-Shirts,Vintage Print Tee,2,873.74,10.0,2025-10-31,Lucknow,Working Professional,496.85,1572.73,174.75
BF101608,Simran Saxena,T-Shirts,Drop Shoulder Tee,5,1263.05,25.0,2025-10-31,Gurugram,Student,1210.86,4736.44,1578.81
BF102826,Isha Reddy,Jeans,Baggy Jeans,2,2591.38,20.0,2025-10-31,Gurugram,Student,995.87,4146.21,1036.55
BF100091,Anika Jain,Jeans,Distressed Jeans,2,2767.0,10.0,2025-11-01,Delhi,Casual Shopper,1261.11,4980.6,553.4
BF100537,Sneha Shah,T-Shirts,Drop Shoulder Tee,2,799.14,5.0,2025-11-01,Noida,Young Professional,384.79,1518.37,79.91
BF100689,Simran Das,T-Shirts,Vintage Print Tee,3,1583.21,10.0,2025-11-01,Chennai,Working Professional,1363.73,4274.67,474.96
BF102596,Tanya Chopra,Hoodies,Streetwear Hoodie,2,2406.14,0.0,2025-11-01,Gurugram,Young Professional,1424.42,4812.28,0.0
BF102599,Riya Saxena,T-Shirts,Vintage Print Tee,2,888.6,20.0,2025-11-01,Bengaluru,Working Professional,495.09,1421.76,355.44
BF102705,Aarav Chopra,Bottomwear,Cargo Pants,4,2869.85,20.0,2025-11-01,Noida,Working Professional,2427.89,9183.52,2295.88
BF102959,Yash Das,T-Shirts,Drop Shoulder Tee,1,992.41,25.0,2025-11-01,Kolkata,Premium Shopper,250.87,744.31,248.1
BF100483,Diya Gupta,Jeans,Wide Leg Jeans,2,2238.38,35.0,2025-11-02,Pune,Student,507.36,2909.89,1566.87
BF100798,Riya Gupta,Hoodies,Streetwear Hoodie,5,3192.81,5.0,2025-11-02,Lucknow,Casual Shopper,4190.96,15165.85,798.2
BF100851,Ananya Agarwal,Hoodies,Streetwear Hoodie,2,2359.21,10.0,2025-11-02,Surat,Casual Shopper,1168.93,4246.58,471.84
BF102774,Karan Singh,T-Shirts,Drop Shoulder Tee,5,1244.8,15.0,2025-11-02,Bengaluru,Student,1488.23,5290.4,933.6
BF100147,Manya Saxena,T-Shirts,Boxy Graphic Tee,3,1412.61,15.0,2025-11-03,Ahmedabad,Working Professional,1085.12,3602.16,635.67
BF100758,Rahul Reddy,T-Shirts,Boxy Graphic Tee,2,870.85,10.0,2025-11-03,Chandigarh,Working Professional,527.99,1567.53,174.17
BF101539,Meera Gupta,Jackets,Utility Jacket,1,4248.22,25.0,2025-11-03,Pune,Student,645.77,3186.16,1062.06
BF101806,Sakshi Agarwal,Jeans,Distressed Jeans,1,3551.61,30.0,2025-11-03,Jaipur,Young Professional,513.91,2486.13,1065.48
BF102559,Aarav Nair,Jeans,Distressed Jeans,2,3732.43,20.0,2025-11-03,Gurugram,Casual Shopper,1430.49,5971.89,1492.97
BF101716,Kavya Saxena,Jackets,Utility Jacket,1,2427.43,20.0,2025-11-04,Ahmedabad,Young Professional,371.78,1941.94,485.49
BF102636,Rahul Shah,Jackets,Overshirt Jacket,2,3331.93,25.0,2025-11-04,Pune,Working Professional,1126.86,4997.89,1665.96
BF102668,Neha Saxena,Hoodies,Streetwear Hoodie,1,3325.83,25.0,2025-11-04,Bengaluru,Working Professional,643.24,2494.37,831.46
BF100114,Karan Shah,Jeans,Wide Leg Jeans,1,2725.56,25.0,2025-11-05,Hyderabad,Premium Shopper,543.17,2044.17,681.39
BF100358,Simran Patel,Hoodies,Printed Hoodie,1,2659.96,10.0,2025-11-05,Noida,Student,688.16,2393.96,266.0
BF100539,Shreya Gupta,Hoodies,Heavyweight Hoodie,3,2124.47,15.0,2025-11-05,Ahmedabad,Premium Shopper,1553.0,5417.4,956.01
BF100611,Rahul Singh,T-Shirts,Vintage Print Tee,4,1018.0,30.0,2025-11-05,Delhi,Premium Shopper,779.34,2850.4,1221.6
BF100891,Shreya Sharma,Hoodies,Heavyweight Hoodie,2,2571.33,20.0,2025-11-05,Lucknow,Student,944.84,4114.13,1028.53
BF101924,Sakshi Saxena,Hoodies,Streetwear Hoodie,1,2721.45,10.0,2025-11-05,Lucknow,Young Professional,671.05,2449.3,272.14
BF102513,Sakshi Agarwal,T-Shirts,Drop Shoulder Tee,1,1113.28,10.0,2025-11-05,Kolkata,Casual Shopper,291.69,1001.95,111.33
BF100690,Nisha Malhotra,Jackets,Overshirt Jacket,3,3406.74,0.0,2025-11-06,Lucknow,Premium Shopper,2926.65,10220.22,0.0
BF102970,Ananya Singh,T-Shirts,Vintage Print Tee,2,1564.67,20.0,2025-11-06,Gurugram,Working Professional,817.51,2503.47,625.87
BF102999,Karan Mehta,T-Shirts,Oversized Street Tee,5,777.94,5.0,2025-11-06,Kolkata,Working Professional,1153.67,3695.22,194.49
BF101045,Yash Verma,Jeans,Wide Leg Jeans,1,3953.6,5.0,2025-11-07,Kolkata,Premium Shopper,1125.66,3755.92,197.68
BF100519,Ishaan Jain,Jeans,Baggy Jeans,1,1894.77,10.0,2025-11-08,Chennai,Working Professional,439.07,1705.29,189.48
BF101212,Aditya Das,Hoodies,Printed Hoodie,2,3051.11,15.0,2025-11-08,Mumbai,Casual Shopper,1282.91,5186.89,915.33
BF101665,Neha Verma,Jeans,Distressed Jeans,1,3560.45,15.0,2025-11-08,Surat,Premium Shopper,854.29,3026.38,534.07
BF102227,Yash Chopra,Bottomwear,Parachute Pants,3,1323.65,15.0,2025-11-08,Hyderabad,Student,806.01,3375.31,595.64
BF100051,Nisha Kapoor,Hoodies,Printed Hoodie,1,2805.1,10.0,2025-11-09,Mumbai,Young Professional,721.12,2524.59,280.51
BF100053,Rahul Joshi,Jeans,Baggy Jeans,1,2717.34,25.0,2025-11-09,Delhi,Young Professional,587.68,2038.0,679.34
BF100140,Simran Joshi,T-Shirts,Drop Shoulder Tee,1,1434.42,0.0,2025-11-09,Bengaluru,Casual Shopper,440.83,1434.42,0.0
BF100303,Shreya Mehta,Bottomwear,Cargo Pants,1,2355.36,10.0,2025-11-09,Surat,Student,496.77,2119.82,235.54
BF100760,Ishaan Joshi,Hoodies,Streetwear Hoodie,1,1590.22,15.0,2025-11-09,Delhi,Student,337.25,1351.69,238.53
BF101429,Sneha Bansal,Hoodies,Printed Hoodie,3,2184.46,10.0,2025-11-09,Kolkata,Student,1545.52,5898.04,655.34
BF101459,Ishaan Reddy,Jackets,Varsity Jacket,1,2488.6,0.0,2025-11-09,Pune,Student,584.7,2488.6,0.0
BF100067,Priya Shah,Jeans,Relaxed Jeans,3,3340.2,10.0,2025-11-10,Pune,Young Professional,2352.78,9018.54,1002.06
BF102625,Pooja Saxena,T-Shirts,Boxy Graphic Tee,3,812.83,15.0,2025-11-10,Pune,Working Professional,639.46,2072.72,365.77
BF100247,Shreya Chopra,Hoodies,Essential Hoodie,1,2430.64,10.0,2025-11-11,Lucknow,Casual Shopper,540.7,2187.58,243.06
BF100829,Yash Gupta,Jackets,Utility Jacket,2,1860.83,10.0,2025-11-11,Gurugram,Young Professional,793.59,3349.49,372.17
BF101010,Ishaan Nair,Bottomwear,Joggers,2,2606.01,15.0,2025-11-11,Delhi,Young Professional,1158.56,4430.22,781.8
BF101267,Isha Saxena,Bottomwear,Cargo Pants,4,1802.88,0.0,2025-11-11,Kolkata,Young Professional,2098.38,7211.52,0.0
BF102479,Neha Saxena,Hoodies,Essential Hoodie,2,3264.73,10.0,2025-11-11,Chandigarh,Young Professional,1617.73,5876.51,652.95
BF102946,Kritika Mehta,Bottomwear,Baggy Trousers,3,1574.58,20.0,2025-11-11,Delhi,Student,940.85,3778.99,944.75
BF100233,Isha Das,T-Shirts,Oversized Street Tee,3,867.52,10.0,2025-11-12,Jaipur,Casual Shopper,758.29,2342.3,260.26
BF100718,Anika Nair,T-Shirts,Drop Shoulder Tee,2,1014.22,10.0,2025-11-12,Delhi,Working Professional,614.64,1825.6,202.84
BF100914,Riya Saxena,Jeans,Relaxed Jeans,1,3893.85,0.0,2025-11-12,Jaipur,Casual Shopper,1105.17,3893.85,0.0
BF101461,Aarav Patel,Jackets,Denim Jacket,1,3365.92,15.0,2025-11-12,Kolkata,Young Professional,673.46,2861.03,504.89
BF102251,Arjun Chopra,Hoodies,Heavyweight Hoodie,1,2650.86,10.0,2025-11-12,Gurugram,Young Professional,680.24,2385.77,265.09
BF100468,Isha Verma,Hoodies,Heavyweight Hoodie,2,2351.19,15.0,2025-11-13,Jaipur,Student,1071.49,3997.02,705.36
BF101031,Ananya Reddy,Hoodies,Essential Hoodie,1,3027.97,5.0,2025-11-13,Bengaluru,Working Professional,843.1,2876.57,151.4
BF101158,Meera Kapoor,Jeans,Wide Leg Jeans,1,2095.86,0.0,2025-11-13,Pune,Premium Shopper,631.29,2095.86,0.0
BF101793,Vivaan Malhotra,T-Shirts,Oversized Street Tee,2,707.62,15.0,2025-11-13,Chennai,Casual Shopper,288.05,1202.95,212.29
BF102075,Isha Jain,Bottomwear,Baggy Trousers,1,2724.35,20.0,2025-11-13,Lucknow,Premium Shopper,572.37,2179.48,544.87
BF102136,Aditya Sharma,T-Shirts,Drop Shoulder Tee,3,831.64,15.0,2025-11-13,Chennai,Casual Shopper,603.61,2120.68,374.24
BF102855,Sneha Joshi,Hoodies,Heavyweight Hoodie,2,2698.33,5.0,2025-11-13,Hyderabad,Premium Shopper,1605.72,5126.83,269.83
BF100853,Aditi Das,T-Shirts,Vintage Print Tee,2,1273.19,15.0,2025-11-14,Delhi,Working Professional,628.93,2164.42,381.96
BF102185,Anika Gupta,T-Shirts,Vintage Print Tee,2,1591.64,20.0,2025-11-14,Delhi,Young Professional,711.52,2546.62,636.66
BF102247,Pooja Reddy,T-Shirts,Drop Shoulder Tee,1,901.93,15.0,2025-11-14,Mumbai,Working Professional,236.38,766.64,135.29
BF100232,Tanya Mishra,Hoodies,Essential Hoodie,2,2010.4,20.0,2025-11-15,Kolkata,Student,785.61,3216.64,804.16
BF101331,Aditi Mehta,Hoodies,Heavyweight Hoodie,2,1946.07,15.0,2025-11-15,Pune,Casual Shopper,923.64,3308.32,583.82
BF102504,Shreya Patel,Jeans,Baggy Jeans,3,2531.84,30.0,2025-11-15,Jaipur,Casual Shopper,1135.09,5316.86,2278.66
BF102551,Diya Sharma,Jeans,Wide Leg Jeans,4,3845.9,15.0,2025-11-15,Chandigarh,Working Professional,3466.98,13076.06,2307.54
BF100161,Pooja Malhotra,T-Shirts,Boxy Graphic Tee,1,804.29,20.0,2025-11-16,Delhi,Casual Shopper,155.56,643.43,160.86
BF100470,Anika Malhotra,Jeans,Wide Leg Jeans,1,1809.15,25.0,2025-11-16,Kolkata,Casual Shopper,255.1,1356.86,452.29
BF101275,Aarav Agarwal,T-Shirts,Boxy Graphic Tee,2,1688.6,10.0,2025-11-16,Hyderabad,Young Professional,951.83,3039.48,337.72
BF102092,Rahul Singh,Jeans,Relaxed Jeans,3,3744.22,15.0,2025-11-16,Jaipur,Student,2244.38,9547.76,1684.9
BF102252,Manya Jain,Bottomwear,Joggers,2,2040.11,10.0,2025-11-16,Chandigarh,Premium Shopper,1151.68,3672.2,408.02
BF102737,Anika Mishra,T-Shirts,Boxy Graphic Tee,4,1529.99,20.0,2025-11-16,Chandigarh,Working Professional,1449.54,4895.97,1223.99
BF102890,Aditi Saxena,T-Shirts,Boxy Graphic Tee,2,1261.78,15.0,2025-11-16,Lucknow,Student,647.84,2145.03,378.53
BF100590,Ishaan Das,T-Shirts,Boxy Graphic Tee,3,711.0,10.0,2025-11-17,Kolkata,Student,563.74,1919.7,213.3
BF101107,Kavya Nair,Hoodies,Streetwear Hoodie,3,2627.97,20.0,2025-11-17,Surat,Student,1538.42,6307.13,1576.78
BF101407,Meera Chopra,T-Shirts,Vintage Print Tee,1,1615.16,20.0,2025-11-17,Mumbai,Working Professional,414.45,1292.13,323.03
BF102477,Yash Malhotra,Hoodies,Printed Hoodie,1,2541.38,20.0,2025-11-17,Hyderabad,Young Professional,601.71,2033.1,508.28
BF102994,Yash Saxena,Hoodies,Essential Hoodie,1,2666.02,15.0,2025-11-17,Bengaluru,Student,554.84,2266.12,399.9
BF100643,Rohan Malhotra,Jackets,Overshirt Jacket,1,4180.96,0.0,2025-11-18,Noida,Casual Shopper,1062.96,4180.96,0.0
BF101202,Sneha Verma,Jeans,Relaxed Jeans,4,2047.66,15.0,2025-11-18,Surat,Casual Shopper,1689.38,6962.04,1228.6
BF101783,Aanya Shah,T-Shirts,Oversized Street Tee,1,1149.88,10.0,2025-11-18,Mumbai,Young Professional,325.63,1034.89,114.99
BF102770,Pooja Saxena,Jeans,Wide Leg Jeans,1,3488.77,20.0,2025-11-18,Mumbai,Student,663.82,2791.02,697.75
BF101772,Diya Verma,Hoodies,Printed Hoodie,3,2785.62,25.0,2025-11-19,Gurugram,Young Professional,1546.42,6267.64,2089.22
BF102047,Anika Saxena,T-Shirts,Oversized Street Tee,4,1296.27,15.0,2025-11-19,Bengaluru,Young Professional,1301.35,4407.32,777.76
BF102178,Anika Joshi,Jeans,Distressed Jeans,3,3137.1,20.0,2025-11-19,Mumbai,Young Professional,1883.08,7529.04,1882.26
BF102928,Ishaan Malhotra,Jeans,Relaxed Jeans,1,2314.88,20.0,2025-11-19,Ahmedabad,Working Professional,409.91,1851.9,462.98
BF100101,Sneha Agarwal,T-Shirts,Vintage Print Tee,2,1424.17,0.0,2025-11-20,Ahmedabad,Casual Shopper,860.16,2848.34,0.0
BF101901,Aanya Reddy,Jeans,Wide Leg Jeans,2,2284.06,20.0,2025-11-20,Delhi,Student,797.34,3654.5,913.62
BF102345,Nisha Chopra,Hoodies,Streetwear Hoodie,2,2527.08,20.0,2025-11-20,Noida,Young Professional,979.45,4043.33,1010.83
BF102935,Rahul Kumar,Bottomwear,Cargo Pants,3,2150.9,35.0,2025-11-20,Surat,Student,864.94,4194.26,2258.44
BF102972,Kabir Gupta,Hoodies,Streetwear Hoodie,1,2397.95,20.0,2025-11-20,Surat,Young Professional,497.82,1918.36,479.59
BF100084,Aditya Shah,Hoodies,Streetwear Hoodie,1,2040.79,20.0,2025-11-21,Pune,Student,398.92,1632.63,408.16
BF100475,Vivaan Chopra,Hoodies,Printed Hoodie,2,1884.92,10.0,2025-11-21,Chennai,Working Professional,967.75,3392.86,376.98
BF101574,Simran Bansal,T-Shirts,Drop Shoulder Tee,2,1139.33,0.0,2025-11-21,Noida,Working Professional,815.13,2278.66,0.0
BF102010,Sneha Agarwal,T-Shirts,Boxy Graphic Tee,1,939.75,25.0,2025-11-21,Chennai,Working Professional,240.76,704.81,234.94
BF102639,Riya Patel,Bottomwear,Cargo Pants,4,1549.54,15.0,2025-11-21,Delhi,Student,1249.98,5268.44,929.72
BF100704,Isha Saxena,T-Shirts,Drop Shoulder Tee,1,1564.27,0.0,2025-11-22,Chandigarh,Young Professional,497.1,1564.27,0.0
BF101302,Kavya Kumar,T-Shirts,Boxy Graphic Tee,1,942.21,25.0,2025-11-22,Gurugram,Premium Shopper,215.1,706.66,235.55
BF102789,Sneha Jain,T-Shirts,Vintage Print Tee,2,901.71,5.0,2025-11-22,Mumbai,Student,601.43,1713.25,90.17
BF102998,Isha Chopra,Jackets,Overshirt Jacket,1,3789.58,10.0,2025-11-22,Surat,Student,733.95,3410.62,378.96
BF101551,Aditi Saxena,T-Shirts,Drop Shoulder Tee,1,1521.68,0.0,2025-11-23,Bengaluru,Premium Shopper,593.81,1521.68,0.0
BF102417,Ishaan Das,Jeans,Baggy Jeans,3,2632.86,10.0,2025-11-23,Delhi,Young Professional,1902.94,7108.72,789.86
BF102562,Isha Kapoor,Hoodies,Essential Hoodie,2,2274.81,10.0,2025-11-23,Lucknow,Working Professional,1301.54,4094.66,454.96
BF102849,Ananya Shah,Bottomwear,Cargo Pants,2,1840.75,30.0,2025-11-23,Mumbai,Premium Shopper,686.26,2577.05,1104.45
BF100311,Pooja Nair,Jeans,Relaxed Jeans,3,3521.6,5.0,2025-11-24,Jaipur,Working Professional,2840.58,10036.56,528.24
BF100753,Aditya Mishra,Hoodies,Heavyweight Hoodie,1,1938.36,15.0,2025-11-24,Pune,Working Professional,449.91,1647.61,290.75
BF101335,Vivaan Singh,T-Shirts,Boxy Graphic Tee,1,1396.12,10.0,2025-11-24,Noida,Student,382.98,1256.51,139.61
BF101433,Aditya Jain,Hoodies,Printed Hoodie,2,1861.39,30.0,2025-11-24,Ahmedabad,Working Professional,700.25,2605.95,1116.83
BF101795,Sakshi Shah,T-Shirts,Boxy Graphic Tee,1,1451.64,5.0,2025-11-24,Bengaluru,Working Professional,436.53,1379.06,72.58
BF102286,Kavya Reddy,T-Shirts,Drop Shoulder Tee,4,1615.12,10.0,2025-11-24,Pune,Premium Shopper,1844.42,5814.43,646.05
BF102616,Riya Patel,Hoodies,Essential Hoodie,2,3188.53,10.0,2025-11-24,Lucknow,Student,1501.18,5739.35,637.71
BF102642,Aditya Gupta,Jeans,Baggy Jeans,1,2600.52,5.0,2025-11-24,Lucknow,Working Professional,691.3,2470.49,130.03
BF100023,Rohan Malhotra,T-Shirts,Oversized Street Tee,2,969.98,15.0,2025-11-25,Delhi,Casual Shopper,407.43,1648.97,290.99
BF100819,Aanya Sharma,T-Shirts,Vintage Print Tee,3,1665.89,25.0,2025-11-25,Chandigarh,Student,1033.87,3748.25,1249.42
BF101492,Sneha Mishra,Jeans,Baggy Jeans,1,1825.6,0.0,2025-11-25,Chandigarh,Working Professional,525.56,1825.6,0.0
BF101667,Shreya Kumar,Hoodies,Essential Hoodie,1,1707.51,10.0,2025-11-25,Pune,Young Professional,374.24,1536.76,170.75
BF101986,Ananya Reddy,Bottomwear,Baggy Trousers,3,1498.94,20.0,2025-11-25,Hyderabad,Casual Shopper,943.21,3597.46,899.36
BF102221,Karan Chopra,Jeans,Baggy Jeans,1,2875.3,10.0,2025-11-25,Surat,Student,617.36,2587.77,287.53
BF102293,Riya Saxena,Jackets,Utility Jacket,4,1838.55,0.0,2025-11-25,Lucknow,Premium Shopper,2078.7,7354.2,0.0
BF100234,Tanya Singh,Hoodies,Streetwear Hoodie,2,2262.06,15.0,2025-11-26,Bengaluru,Working Professional,1083.72,3845.5,678.62
BF100437,Sneha Chopra,T-Shirts,Vintage Print Tee,1,766.84,10.0,2025-11-26,Ahmedabad,Casual Shopper,195.03,690.16,76.68
BF101159,Aarav Reddy,T-Shirts,Drop Shoulder Tee,2,1484.44,15.0,2025-11-26,Hyderabad,Young Professional,688.57,2523.55,445.33
BF101299,Aditya Gupta,T-Shirts,Drop Shoulder Tee,2,1079.32,35.0,2025-11-26,Bengaluru,Student,358.05,1403.12,755.52
BF101312,Meera Bansal,Bottomwear,Cargo Pants,5,1692.21,0.0,2025-11-26,Gurugram,Young Professional,2508.66,8461.05,0.0
BF101503,Aditi Reddy,T-Shirts,Boxy Graphic Tee,2,768.1,10.0,2025-11-26,Surat,Working Professional,479.06,1382.58,153.62
BF101930,Manya Nair,Hoodies,Printed Hoodie,1,3404.91,20.0,2025-11-26,Delhi,Casual Shopper,633.18,2723.93,680.98
BF102149,Rahul Reddy,Jackets,Denim Jacket,4,2654.6,15.0,2025-11-26,Pune,Student,2001.86,9025.64,1592.76
BF102163,Tanya Mishra,Bottomwear,Cargo Pants,2,1757.44,15.0,2025-11-26,Ahmedabad,Young Professional,752.89,2987.65,527.23
BF100359,Kavya Das,Jeans,Relaxed Jeans,1,3395.21,0.0,2025-11-27,Gurugram,Working Professional,976.39,3395.21,0.0
BF101403,Rahul Joshi,Jeans,Baggy Jeans,1,2079.23,10.0,2025-11-27,Ahmedabad,Working Professional,498.41,1871.31,207.92
BF101417,Pooja Sharma,Bottomwear,Joggers,2,2849.04,40.0,2025-11-27,Delhi,Premium Shopper,768.45,3418.85,2279.23
BF101469,Riya Chopra,Jackets,Utility Jacket,2,2476.89,20.0,2025-11-27,Hyderabad,Premium Shopper,1044.63,3963.02,990.76
BF102669,Aditi Kumar,T-Shirts,Vintage Print Tee,2,1454.51,15.0,2025-11-27,Noida,Casual Shopper,713.15,2472.67,436.35
BF102803,Aarav Nair,Jackets,Overshirt Jacket,3,3969.18,30.0,2025-11-27,Lucknow,Young Professional,1776.73,8335.28,3572.26
BF100138,Simran Nair,Jeans,Baggy Jeans,1,2338.17,25.0,2025-11-28,Gurugram,Premium Shopper,436.44,1753.63,584.54
BF100446,Arjun Chopra,T-Shirts,Vintage Print Tee,1,1376.38,15.0,2025-11-28,Lucknow,Premium Shopper,384.02,1169.92,206.46
BF101378,Aanya Nair,Jeans,Distressed Jeans,1,3231.12,10.0,2025-11-28,Gurugram,Working Professional,891.44,2908.01,323.11
BF101531,Karan Mishra,T-Shirts,Drop Shoulder Tee,2,1030.88,20.0,2025-11-28,Chennai,Casual Shopper,371.2,1649.41,412.35
BF101849,Ishaan Nair,Hoodies,Printed Hoodie,2,2751.75,25.0,2025-11-28,Gurugram,Casual Shopper,983.53,4127.62,1375.88
BF101883,Tanya Reddy,T-Shirts,Oversized Street Tee,3,1260.99,10.0,2025-11-28,Chennai,Working Professional,1096.17,3404.67,378.3
BF102598,Pooja Chopra,Jackets,Utility Jacket,1,3526.29,0.0,2025-11-28,Gurugram,Young Professional,931.94,3526.29,0.0
BF102797,Tanya Kumar,Hoodies,Heavyweight Hoodie,4,1543.31,25.0,2025-11-28,Delhi,Student,1129.44,4629.93,1543.31
BF100766,Kavya Joshi,Bottomwear,Baggy Trousers,3,2308.91,0.0,2025-11-29,Noida,Casual Shopper,1896.02,6926.73,0.0
BF100882,Aanya Nair,Jackets,Utility Jacket,1,4385.59,25.0,2025-11-29,Chennai,Casual Shopper,695.78,3289.19,1096.4
BF102304,Meera Bansal,T-Shirts,Boxy Graphic Tee,2,954.68,5.0,2025-11-29,Gurugram,Working Professional,532.24,1813.89,95.47
BF102406,Diya Malhotra,Hoodies,Streetwear Hoodie,3,2397.28,15.0,2025-11-29,Kolkata,Working Professional,1755.03,6113.06,1078.78
BF100302,Shreya Verma,Bottomwear,Cargo Pants,1,1449.3,10.0,2025-11-30,Surat,Working Professional,352.87,1304.37,144.93
BF100356,Riya Nair,T-Shirts,Vintage Print Tee,2,934.17,25.0,2025-11-30,Bengaluru,Working Professional,393.89,1401.26,467.08
BF102213,Meera Verma,T-Shirts,Boxy Graphic Tee,1,748.79,25.0,2025-11-30,Kolkata,Casual Shopper,147.14,561.59,187.2
BF102274,Arjun Das,Hoodies,Essential Hoodie,2,3173.88,0.0,2025-11-30,Gurugram,Young Professional,1879.86,6347.76,0.0
BF102298,Aarav Mehta,Jeans,Baggy Jeans,1,2927.38,10.0,2025-11-30,Delhi,Student,650.37,2634.64,292.74
BF102665,Karan Verma,T-Shirts,Boxy Graphic Tee,2,1171.18,20.0,2025-11-30,Bengaluru,Student,480.73,1873.89,468.47
BF102960,Simran Malhotra,Bottomwear,Cargo Pants,1,2891.43,20.0,2025-11-30,Chennai,Student,547.46,2313.14,578.29
BF100562,Rahul Reddy,T-Shirts,Boxy Graphic Tee,1,1664.17,30.0,2025-12-01,Delhi,Student,266.29,1164.92,499.25
BF100762,Shreya Singh,T-Shirts,Oversized Street Tee,1,799.53,10.0,2025-12-01,Lucknow,Young Professional,172.92,719.58,79.95
BF100859,Isha Nair,Bottomwear,Joggers,5,1848.57,25.0,2025-12-01,Bengaluru,Premium Shopper,1864.57,6932.14,2310.71
BF100894,Anika Gupta,Jeans,Relaxed Jeans,1,3268.53,20.0,2025-12-01,Delhi,Young Professional,629.71,2614.82,653.71
BF101393,Karan Shah,Jeans,Wide Leg Jeans,1,2734.33,15.0,2025-12-01,Gurugram,Working Professional,619.29,2324.18,410.15
BF101552,Isha Kumar,T-Shirts,Vintage Print Tee,3,1113.41,40.0,2025-12-01,Jaipur,Working Professional,498.8,2004.14,1336.09
BF102127,Shreya Sharma,T-Shirts,Oversized Street Tee,1,1130.56,30.0,2025-12-01,Lucknow,Casual Shopper,150.92,791.39,339.17
BF102382,Aarav Bansal,Hoodies,Streetwear Hoodie,1,2103.29,20.0,2025-12-01,Jaipur,Premium Shopper,468.88,1682.63,420.66
BF102964,Rohan Saxena,T-Shirts,Boxy Graphic Tee,1,1400.27,20.0,2025-12-01,Kolkata,Student,322.91,1120.22,280.05
BF100249,Aarav Bansal,Hoodies,Streetwear Hoodie,2,2212.48,35.0,2025-12-02,Chandigarh,Young Professional,728.96,2876.22,1548.74
BF100293,Neha Agarwal,T-Shirts,Boxy Graphic Tee,1,1581.24,10.0,2025-12-02,Pune,Young Professional,413.75,1423.12,158.12
BF100542,Arjun Sharma,Bottomwear,Baggy Trousers,1,2856.67,10.0,2025-12-02,Kolkata,Working Professional,731.96,2571.0,285.67
BF101759,Aarav Jain,Jeans,Wide Leg Jeans,1,3134.01,0.0,2025-12-02,Chandigarh,Premium Shopper,962.46,3134.01,0.0
BF101954,Aditi Saxena,T-Shirts,Vintage Print Tee,3,780.46,0.0,2025-12-02,Jaipur,Young Professional,713.94,2341.38,0.0
BF101189,Ananya Gupta,T-Shirts,Oversized Street Tee,1,1326.69,15.0,2025-12-03,Mumbai,Student,306.78,1127.69,199.0
BF102111,Aditi Gupta,T-Shirts,Drop Shoulder Tee,4,724.48,15.0,2025-12-03,Ahmedabad,Working Professional,771.9,2463.23,434.69
BF102386,Tanya Sharma,T-Shirts,Boxy Graphic Tee,1,1148.71,5.0,2025-12-03,Delhi,Casual Shopper,366.01,1091.27,57.44
BF102601,Kabir Reddy,T-Shirts,Boxy Graphic Tee,1,778.25,0.0,2025-12-03,Bengaluru,Student,112.98,778.25,0.0
BF100408,Priya Das,Hoodies,Heavyweight Hoodie,1,1637.74,0.0,2025-12-04,Chennai,Working Professional,486.85,1637.74,0.0
BF100648,Nisha Mehta,Jackets,Utility Jacket,1,3382.04,10.0,2025-12-04,Mumbai,Casual Shopper,725.49,3043.84,338.2
BF101178,Rahul Nair,Jackets,Varsity Jacket,3,3843.6,10.0,2025-12-04,Surat,Working Professional,2615.37,10377.72,1153.08
BF101396,Vivaan Reddy,Hoodies,Essential Hoodie,3,1506.01,35.0,2025-12-04,Gurugram,Student,658.25,2936.72,1581.31
BF101699,Tanya Gupta,Hoodies,Essential Hoodie,1,2002.77,15.0,2025-12-04,Hyderabad,Young Professional,474.36,1702.35,300.42
BF100520,Simran Chopra,Jeans,Relaxed Jeans,2,3955.67,20.0,2025-12-05,Chennai,Young Professional,1437.89,6329.07,1582.27
BF101696,Nisha Chopra,Hoodies,Streetwear Hoodie,1,2515.74,35.0,2025-12-05,Bengaluru,Working Professional,361.16,1635.23,880.51
BF102395,Kabir Nair,T-Shirts,Boxy Graphic Tee,1,1003.34,0.0,2025-12-05,Chennai,Premium Shopper,343.44,1003.34,0.0
BF102581,Priya Verma,T-Shirts,Drop Shoulder Tee,3,1034.68,10.0,2025-12-05,Bengaluru,Young Professional,855.49,2793.64,310.4
BF102675,Pooja Malhotra,T-Shirts,Drop Shoulder Tee,1,793.78,10.0,2025-12-05,Ahmedabad,Young Professional,208.17,714.4,79.38
BF100714,Vivaan Mehta,Bottomwear,Joggers,3,2648.1,20.0,2025-12-06,Hyderabad,Student,1571.7,6355.44,1588.86
BF101199,Kabir Malhotra,Jackets,Denim Jacket,2,3282.72,10.0,2025-12-06,Hyderabad,Casual Shopper,1397.98,5908.9,656.54
BF101998,Diya Joshi,T-Shirts,Boxy Graphic Tee,1,1546.11,15.0,2025-12-06,Jaipur,Young Professional,352.71,1314.19,231.92
BF102006,Nisha Malhotra,Jackets,Denim Jacket,1,3700.77,40.0,2025-12-06,Delhi,Working Professional,419.69,2220.46,1480.31
BF102193,Yash Saxena,Hoodies,Essential Hoodie,1,2653.63,20.0,2025-12-06,Lucknow,Young Professional,537.88,2122.9,530.73
BF101424,Ananya Gupta,Jeans,Wide Leg Jeans,1,2707.62,10.0,2025-12-07,Pune,Young Professional,648.9,2436.86,270.76
BF101672,Pooja Mehta,Bottomwear,Joggers,2,1757.98,30.0,2025-12-07,Noida,Student,518.12,2461.17,1054.79
BF101815,Aditi Sharma,Jeans,Relaxed Jeans,2,2046.56,15.0,2025-12-07,Jaipur,Student,836.71,3479.15,613.97
BF101994,Neha Reddy,T-Shirts,Drop Shoulder Tee,2,1528.96,40.0,2025-12-07,Pune,Premium Shopper,457.78,1834.75,1223.17
BF100245,Meera Joshi,T-Shirts,Boxy Graphic Tee,1,1630.8,25.0,2025-12-08,Mumbai,Young Professional,418.17,1223.1,407.7
BF101481,Aarav Kapoor,T-Shirts,Drop Shoulder Tee,1,1667.56,15.0,2025-12-08,Bengaluru,Premium Shopper,519.52,1417.43,250.13
BF100769,Tanya Bansal,T-Shirts,Vintage Print Tee,3,959.86,0.0,2025-12-09,Surat,Student,886.93,2879.58,0.0
BF101950,Karan Patel,Bottomwear,Joggers,4,2532.9,25.0,2025-12-09,Pune,Working Professional,1884.53,7598.7,2532.9
BF102190,Riya Das,T-Shirts,Oversized Street Tee,2,1255.13,15.0,2025-12-09,Jaipur,Working Professional,555.79,2133.72,376.54
BF102379,Tanya Singh,Hoodies,Streetwear Hoodie,1,3340.68,20.0,2025-12-09,Mumbai,Student,645.37,2672.54,668.14
BF101654,Anika Mehta,Jackets,Utility Jacket,2,2896.99,10.0,2025-12-10,Hyderabad,Student,1099.33,5214.58,579.4
BF101764,Aditya Agarwal,T-Shirts,Vintage Print Tee,2,1240.7,10.0,2025-12-10,Jaipur,Student,635.22,2233.26,248.14
BF102537,Sakshi Patel,Bottomwear,Baggy Trousers,1,2751.24,10.0,2025-12-10,Pune,Casual Shopper,618.59,2476.12,275.12
BF102580,Vivaan Kumar,Bottomwear,Parachute Pants,5,1591.35,15.0,2025-12-10,Kolkata,Student,1696.34,6763.24,1193.51
BF100135,Ishaan Chopra,Bottomwear,Joggers,1,1464.46,20.0,2025-12-11,Lucknow,Student,275.39,1171.57,292.89
BF101678,Priya Sharma,T-Shirts,Oversized Street Tee,3,1174.79,15.0,2025-12-11,Chennai,Student,798.04,2995.71,528.66
BF101809,Aditya Nair,T-Shirts,Oversized Street Tee,1,1569.95,20.0,2025-12-11,Jaipur,Student,388.27,1255.96,313.99
BF101837,Ishaan Patel,Bottomwear,Baggy Trousers,3,2624.07,0.0,2025-12-11,Pune,Working Professional,2280.52,7872.21,0.0
BF101958,Pooja Shah,T-Shirts,Boxy Graphic Tee,1,1050.66,15.0,2025-12-11,Lucknow,Working Professional,296.08,893.06,157.6
BF100755,Aditya Joshi,T-Shirts,Boxy Graphic Tee,3,1446.01,20.0,2025-12-12,Hyderabad,Working Professional,961.79,3470.42,867.61
BF101277,Ishaan Kapoor,T-Shirts,Boxy Graphic Tee,1,1530.5,10.0,2025-12-12,Chandigarh,Premium Shopper,461.18,1377.45,153.05
BF101427,Diya Kumar,Jeans,Baggy Jeans,2,2203.61,25.0,2025-12-12,Noida,Working Professional,793.17,3305.42,1101.81
BF101597,Arjun Agarwal,Jeans,Baggy Jeans,3,3753.71,25.0,2025-12-12,Chandigarh,Young Professional,1997.91,8445.85,2815.28
BF102775,Aditi Bansal,Jackets,Denim Jacket,1,1981.13,15.0,2025-12-12,Jaipur,Working Professional,445.64,1683.96,297.17
BF102777,Isha Mishra,Bottomwear,Parachute Pants,2,2641.39,5.0,2025-12-12,Hyderabad,Casual Shopper,1490.49,5018.64,264.14
BF102848,Arjun Jain,Hoodies,Heavyweight Hoodie,1,2990.69,0.0,2025-12-12,Delhi,Student,886.94,2990.69,0.0
BF101803,Diya Sharma,Jeans,Distressed Jeans,3,2448.28,10.0,2025-12-13,Mumbai,Working Professional,1803.15,6610.36,734.48
BF100033,Aanya Agarwal,T-Shirts,Oversized Street Tee,5,1108.51,40.0,2025-12-14,Ahmedabad,Working Professional,822.66,3325.53,2217.02
BF100225,Arjun Shah,Bottomwear,Baggy Trousers,1,1833.58,15.0,2025-12-15,Bengaluru,Young Professional,379.53,1558.54,275.04
BF101065,Anika Mehta,Jackets,Overshirt Jacket,1,2545.13,20.0,2025-12-15,Mumbai,Working Professional,503.0,2036.1,509.03
BF102160,Kabir Reddy,Hoodies,Heavyweight Hoodie,5,2831.02,0.0,2025-12-15,Bengaluru,Student,3954.64,14155.1,0.0
BF100399,Aditya Mishra,Jackets,Utility Jacket,1,3468.07,5.0,2025-12-16,Noida,Working Professional,871.09,3294.67,173.4
BF100579,Aarav Singh,Bottomwear,Cargo Pants,2,2330.21,15.0,2025-12-16,Gurugram,Student,932.44,3961.36,699.06
BF101248,Arjun Das,Jeans,Wide Leg Jeans,2,3642.4,20.0,2025-12-16,Chandigarh,Premium Shopper,1549.83,5827.84,1456.96
BF102040,Nisha Sharma,Hoodies,Essential Hoodie,1,3088.44,10.0,2025-12-16,Lucknow,Working Professional,864.17,2779.6,308.84
BF100406,Kritika Das,Jeans,Relaxed Jeans,2,3568.97,15.0,2025-12-17,Chandigarh,Young Professional,1594.27,6067.25,1070.69
BF100886,Aditya Singh,Bottomwear,Parachute Pants,2,1994.97,15.0,2025-12-17,Hyderabad,Student,746.29,3391.45,598.49
BF101141,Riya Sharma,T-Shirts,Oversized Street Tee,1,994.22,30.0,2025-12-17,Pune,Premium Shopper,221.22,695.95,298.27
BF101598,Neha Kumar,Bottomwear,Parachute Pants,1,2004.34,15.0,2025-12-17,Bengaluru,Working Professional,492.84,1703.69,300.65
BF101972,Sakshi Patel,Jeans,Wide Leg Jeans,1,3659.32,15.0,2025-12-17,Delhi,Young Professional,746.99,3110.42,548.9
BF101285,Tanya Verma,T-Shirts,Vintage Print Tee,1,792.34,10.0,2025-12-18,Jaipur,Premium Shopper,298.56,713.11,79.23
BF101529,Isha Singh,T-Shirts,Vintage Print Tee,2,1432.9,10.0,2025-12-18,Gurugram,Young Professional,893.55,2579.22,286.58
BF101647,Riya Verma,Jackets,Overshirt Jacket,3,4119.95,10.0,2025-12-18,Ahmedabad,Young Professional,2694.33,11123.86,1235.98
BF102168,Yash Nair,Jackets,Denim Jacket,1,2844.73,10.0,2025-12-18,Pune,Premium Shopper,706.91,2560.26,284.47
BF100092,Kritika Mishra,Hoodies,Heavyweight Hoodie,2,3459.64,5.0,2025-12-19,Gurugram,Working Professional,2054.23,6573.32,345.96
BF101018,Isha Saxena,Hoodies,Streetwear Hoodie,1,3097.06,40.0,2025-12-19,Jaipur,Casual Shopper,382.69,1858.24,1238.82
BF101855,Ananya Reddy,Hoodies,Essential Hoodie,3,2270.7,30.0,2025-12-19,Mumbai,Premium Shopper,1321.18,4768.47,2043.63
BF102007,Isha Chopra,T-Shirts,Boxy Graphic Tee,2,992.82,5.0,2025-12-19,Kolkata,Young Professional,623.12,1886.36,99.28
BF100854,Nisha Shah,Jeans,Wide Leg Jeans,2,3908.53,0.0,2025-12-20,Mumbai,Working Professional,2256.89,7817.06,0.0
BF101019,Isha Das,T-Shirts,Vintage Print Tee,2,1675.37,25.0,2025-12-20,Kolkata,Student,718.94,2513.05,837.68
BF102470,Aditi Malhotra,Hoodies,Heavyweight Hoodie,2,3193.92,0.0,2025-12-20,Chandigarh,Working Professional,2046.69,6387.84,0.0
BF100142,Karan Agarwal,T-Shirts,Drop Shoulder Tee,1,1026.11,5.0,2025-12-21,Chennai,Student,337.08,974.8,51.31
BF100960,Manya Saxena,Jackets,Utility Jacket,1,4112.15,15.0,2025-12-21,Delhi,Student,711.8,3495.33,616.82
BF101346,Vivaan Reddy,Hoodies,Essential Hoodie,3,2798.11,20.0,2025-12-21,Hyderabad,Casual Shopper,1809.0,6715.46,1678.87
BF102387,Sakshi Chopra,Hoodies,Printed Hoodie,1,3104.28,15.0,2025-12-21,Ahmedabad,Working Professional,748.61,2638.64,465.64
BF102429,Aarav Sharma,T-Shirts,Oversized Street Tee,2,1356.23,20.0,2025-12-21,Chandigarh,Casual Shopper,672.22,2169.97,542.49
BF102971,Pooja Agarwal,Bottomwear,Parachute Pants,1,1901.6,15.0,2025-12-21,Delhi,Student,349.41,1616.36,285.24
BF100064,Riya Malhotra,Jeans,Wide Leg Jeans,2,3955.03,10.0,2025-12-22,Chandigarh,Student,1698.09,7119.05,791.01
BF102388,Aditya Reddy,Hoodies,Essential Hoodie,2,2524.95,5.0,2025-12-22,Pune,Premium Shopper,1476.69,4797.4,252.49
BF102858,Neha Bansal,T-Shirts,Boxy Graphic Tee,5,990.48,10.0,2025-12-22,Pune,Casual Shopper,1330.89,4457.16,495.24
BF100210,Meera Shah,Hoodies,Essential Hoodie,2,1729.87,20.0,2025-12-23,Gurugram,Casual Shopper,698.5,2767.79,691.95
BF100347,Diya Das,Hoodies,Essential Hoodie,3,2045.58,20.0,2025-12-23,Noida,Student,1205.37,4909.39,1227.35
BF100716,Aditi Joshi,T-Shirts,Boxy Graphic Tee,5,902.08,0.0,2025-12-23,Chennai,Student,1323.52,4510.4,0.0
BF101228,Aditi Kumar,Jackets,Denim Jacket,1,2595.85,5.0,2025-12-23,Kolkata,Working Professional,665.64,2466.06,129.79
BF101443,Riya Sharma,Hoodies,Printed Hoodie,1,2026.32,0.0,2025-12-23,Bengaluru,Young Professional,647.23,2026.32,0.0
BF101707,Sakshi Mehta,T-Shirts,Vintage Print Tee,1,1556.2,20.0,2025-12-23,Kolkata,Student,409.29,1244.96,311.24
BF102067,Pooja Singh,Bottomwear,Joggers,1,1365.73,15.0,2025-12-23,Surat,Student,373.32,1160.87,204.86
BF102130,Vivaan Patel,Jeans,Relaxed Jeans,1,3347.89,25.0,2025-12-23,Lucknow,Premium Shopper,666.99,2510.92,836.97
BF102655,Anika Joshi,Jackets,Varsity Jacket,1,2570.73,25.0,2025-12-23,Lucknow,Student,293.6,1928.05,642.68
BF100676,Priya Mehta,Hoodies,Essential Hoodie,1,3002.87,5.0,2025-12-24,Chennai,Casual Shopper,771.61,2852.73,150.14
BF101092,Aditya Kumar,Hoodies,Essential Hoodie,1,2395.33,25.0,2025-12-24,Chandigarh,Working Professional,504.8,1796.5,598.83
BF101536,Karan Jain,Hoodies,Heavyweight Hoodie,2,1579.69,10.0,2025-12-24,Chennai,Working Professional,794.64,2843.44,315.94
BF101117,Ishaan Reddy,T-Shirts,Drop Shoulder Tee,3,1128.86,15.0,2025-12-25,Pune,Working Professional,907.87,2878.59,507.99
BF101418,Sakshi Singh,Bottomwear,Cargo Pants,1,2072.75,40.0,2025-12-25,Jaipur,Working Professional,243.09,1243.65,829.1
BF102003,Tanya Mehta,Jeans,Distressed Jeans,1,3774.89,0.0,2025-12-25,Ahmedabad,Working Professional,1023.29,3774.89,0.0
BF100379,Pooja Verma,Jeans,Relaxed Jeans,4,2189.81,10.0,2025-12-26,Noida,Casual Shopper,1927.56,7883.32,875.92
BF101241,Aanya Nair,Bottomwear,Cargo Pants,2,2761.86,15.0,2025-12-26,Noida,Casual Shopper,1213.39,4695.16,828.56
BF102026,Manya Mishra,Jackets,Overshirt Jacket,3,3327.51,10.0,2025-12-26,Jaipur,Casual Shopper,2172.05,8984.28,998.25
BF102143,Riya Saxena,T-Shirts,Vintage Print Tee,1,1213.48,15.0,2025-12-26,Bengaluru,Student,272.84,1031.46,182.02
BF102353,Kritika Kumar,Jeans,Relaxed Jeans,2,3993.11,30.0,2025-12-26,Kolkata,Premium Shopper,1434.9,5590.35,2395.87
BF102523,Simran Patel,Bottomwear,Joggers,2,1756.68,0.0,2025-12-26,Hyderabad,Casual Shopper,1012.53,3513.36,0.0
BF102670,Riya Joshi,Hoodies,Essential Hoodie,1,2235.42,20.0,2025-12-26,Ahmedabad,Working Professional,459.55,1788.34,447.08
BF102945,Yash Kumar,T-Shirts,Drop Shoulder Tee,2,1620.47,30.0,2025-12-26,Chandigarh,Casual Shopper,590.98,2268.66,972.28
BF101612,Aditi Singh,Jeans,Relaxed Jeans,2,1802.06,10.0,2025-12-28,Gurugram,Young Professional,932.09,3243.71,360.41
BF102120,Karan Mehta,T-Shirts,Vintage Print Tee,2,861.9,15.0,2025-12-28,Delhi,Working Professional,429.18,1465.23,258.57
BF101134,Manya Reddy,T-Shirts,Vintage Print Tee,2,1565.0,15.0,2025-12-29,Hyderabad,Student,704.45,2660.5,469.5
BF101223,Aarav Kumar,Bottomwear,Cargo Pants,5,2487.85,15.0,2025-12-29,Mumbai,Student,2551.01,10573.36,1865.89
BF102131,Manya Singh,Jackets,Utility Jacket,1,3566.78,20.0,2025-12-29,Chandigarh,Working Professional,647.73,2853.42,713.36
BF102902,Neha Reddy,Jeans,Wide Leg Jeans,5,2471.51,5.0,2025-12-29,Noida,Student,2992.15,11739.67,617.88
BF102942,Arjun Singh,Jackets,Varsity Jacket,2,3306.19,30.0,2025-12-29,Gurugram,Young Professional,915.86,4628.67,1983.71
BF102566,Nisha Chopra,Jeans,Wide Leg Jeans,2,3442.64,30.0,2025-12-30,Hyderabad,Young Professional,1139.33,4819.7,2065.58
BF102568,Manya Mishra,Hoodies,Heavyweight Hoodie,1,1652.56,20.0,2025-12-30,Mumbai,Premium Shopper,375.3,1322.05,330.51
BF100109,Ananya Das,Hoodies,Heavyweight Hoodie,5,1575.58,15.0,2025-12-31,Lucknow,Casual Shopper,1831.13,6696.21,1181.69
BF100205,Neha Mehta,Jeans,Baggy Jeans,1,2608.11,5.0,2025-12-31,Delhi,Working Professional,594.81,2477.7,130.41
BF102118,Aditi Singh,T-Shirts,Drop Shoulder Tee,2,1114.39,25.0,2025-12-31,Chandigarh,Working Professional,406.27,1671.58,557.2
BF100041,Diya Mishra,Bottomwear,Parachute Pants,1,1603.01,25.0,2026-01-01,Ahmedabad,Casual Shopper,255.45,1202.26,400.75
BF100516,Shreya Malhotra,T-Shirts,Oversized Street Tee,1,726.43,0.0,2026-01-01,Gurugram,Casual Shopper,213.32,726.43,0.0
BF101447,Isha Mehta,Bottomwear,Cargo Pants,5,2857.34,30.0,2026-01-01,Chandigarh,Casual Shopper,2231.22,10000.69,4286.01
BF102084,Priya Sharma,Jeans,Baggy Jeans,1,2848.02,25.0,2026-01-01,Gurugram,Casual Shopper,475.06,2136.02,712.01
BF101327,Sneha Sharma,Jackets,Varsity Jacket,3,4401.19,25.0,2026-01-02,Bengaluru,Premium Shopper,2342.99,9902.68,3300.89
BF102433,Isha Singh,Jeans,Distressed Jeans,1,2069.2,5.0,2026-01-02,Noida,Student,451.27,1965.74,103.46
BF100285,Aditi Gupta,T-Shirts,Vintage Print Tee,1,1014.18,5.0,2026-01-03,Chennai,Working Professional,293.73,963.47,50.71
BF101314,Ananya Patel,T-Shirts,Boxy Graphic Tee,2,1197.88,10.0,2026-01-03,Surat,Student,657.77,2156.18,239.58
BF101458,Aanya Mehta,T-Shirts,Vintage Print Tee,1,1059.24,15.0,2026-01-03,Chandigarh,Premium Shopper,239.77,900.35,158.89
BF102484,Ananya Sharma,Hoodies,Streetwear Hoodie,2,2802.78,10.0,2026-01-03,Delhi,Premium Shopper,1477.73,5045.0,560.56
BF102995,Neha Bansal,Jackets,Denim Jacket,3,3501.93,15.0,2026-01-03,Gurugram,Working Professional,2209.12,8929.92,1575.87
BF100113,Vivaan Shah,T-Shirts,Boxy Graphic Tee,2,714.41,20.0,2026-01-04,Jaipur,Premium Shopper,379.75,1143.06,285.76
BF100875,Sakshi Patel,Jackets,Denim Jacket,1,2693.71,15.0,2026-01-04,Pune,Working Professional,536.85,2289.65,404.06
BF101535,Ishaan Nair,T-Shirts,Oversized Street Tee,1,1251.45,5.0,2026-01-04,Lucknow,Working Professional,437.82,1188.88,62.57
BF101842,Priya Nair,T-Shirts,Vintage Print Tee,1,804.08,10.0,2026-01-04,Noida,Student,215.1,723.67,80.41
BF102659,Anika Malhotra,T-Shirts,Drop Shoulder Tee,5,1007.02,25.0,2026-01-04,Pune,Young Professional,1053.96,3776.32,1258.78
BF101077,Isha Mishra,Hoodies,Streetwear Hoodie,1,2683.5,20.0,2026-01-05,Jaipur,Young Professional,562.47,2146.8,536.7
BF100052,Karan Kumar,Hoodies,Printed Hoodie,1,1885.1,10.0,2026-01-06,Delhi,Student,402.95,1696.59,188.51
BF102521,Riya Kumar,Jackets,Denim Jacket,1,2273.96,30.0,2026-01-06,Noida,Premium Shopper,387.93,1591.77,682.19
BF102718,Kabir Das,T-Shirts,Oversized Street Tee,1,1130.83,15.0,2026-01-06,Lucknow,Working Professional,328.22,961.21,169.62
BF100262,Aarav Saxena,Jackets,Varsity Jacket,1,2998.79,25.0,2026-01-07,Noida,Working Professional,545.06,2249.09,749.7
BF100325,Shreya Mehta,Hoodies,Heavyweight Hoodie,2,3386.91,0.0,2026-01-07,Jaipur,Working Professional,2055.06,6773.82,0.0
BF101181,Sneha Reddy,T-Shirts,Drop Shoulder Tee,1,1042.68,0.0,2026-01-07,Chennai,Student,350.5,1042.68,0.0
BF102325,Riya Mishra,T-Shirts,Oversized Street Tee,2,1658.71,20.0,2026-01-07,Noida,Premium Shopper,837.8,2653.94,663.48
BF101373,Aditi Saxena,Hoodies,Printed Hoodie,1,2543.33,15.0,2026-01-08,Surat,Casual Shopper,593.44,2161.83,381.5
BF102119,Aarav Joshi,T-Shirts,Boxy Graphic Tee,1,1626.77,25.0,2026-01-08,Gurugram,Premium Shopper,394.99,1220.08,406.69
BF100080,Anika Gupta,Jeans,Baggy Jeans,4,3365.57,10.0,2026-01-09,Gurugram,Premium Shopper,3415.14,12116.05,1346.23
BF100150,Rohan Saxena,Jeans,Wide Leg Jeans,1,3982.79,20.0,2026-01-09,Pune,Casual Shopper,810.28,3186.23,796.56
BF102440,Anika Nair,T-Shirts,Drop Shoulder Tee,1,1415.78,30.0,2026-01-09,Pune,Student,253.72,991.05,424.73
BF102447,Yash Bansal,Bottomwear,Baggy Trousers,1,2011.26,25.0,2026-01-09,Hyderabad,Working Professional,318.23,1508.44,502.82
BF102482,Tanya Reddy,Jackets,Utility Jacket,1,3250.02,25.0,2026-01-09,Delhi,Young Professional,537.76,2437.52,812.51
BF102872,Ananya Nair,T-Shirts,Oversized Street Tee,1,1664.67,35.0,2026-01-09,Hyderabad,Working Professional,263.83,1082.04,582.63
BF101525,Kavya Kapoor,Jeans,Distressed Jeans,2,3509.2,10.0,2026-01-10,Surat,Young Professional,1694.77,6316.56,701.84
BF102633,Isha Verma,T-Shirts,Boxy Graphic Tee,1,1199.65,25.0,2026-01-10,Bengaluru,Casual Shopper,248.9,899.74,299.91
BF100066,Manya Chopra,Jeans,Baggy Jeans,1,3435.02,20.0,2026-01-11,Gurugram,Working Professional,684.56,2748.02,687.0
BF100635,Isha Reddy,T-Shirts,Oversized Street Tee,2,1328.06,15.0,2026-01-11,Delhi,Casual Shopper,595.37,2257.7,398.42
BF101012,Neha Patel,Jeans,Distressed Jeans,1,1803.96,40.0,2026-01-11,Gurugram,Working Professional,261.95,1082.38,721.58
BF101015,Kritika Joshi,T-Shirts,Vintage Print Tee,2,1354.38,20.0,2026-01-11,Kolkata,Young Professional,625.24,2167.01,541.75
BF101404,Karan Kumar,Jackets,Utility Jacket,2,3034.63,20.0,2026-01-11,Ahmedabad,Student,1069.92,4855.41,1213.85
BF101564,Isha Sharma,Jeans,Distressed Jeans,4,3886.98,10.0,2026-01-11,Ahmedabad,Working Professional,3809.7,13993.13,1554.79
BF101895,Isha Jain,Jackets,Denim Jacket,3,3707.05,20.0,2026-01-11,Chennai,Student,1846.33,8896.92,2224.23
BF102083,Priya Kapoor,Jeans,Relaxed Jeans,1,1810.74,5.0,2026-01-11,Kolkata,Premium Shopper,475.47,1720.2,90.54
BF102192,Anika Jain,T-Shirts,Vintage Print Tee,1,1556.12,30.0,2026-01-11,Hyderabad,Premium Shopper,278.24,1089.28,466.84
BF102408,Sakshi Nair,T-Shirts,Oversized Street Tee,3,911.82,20.0,2026-01-11,Bengaluru,Casual Shopper,627.42,2188.37,547.09
BF102584,Rahul Shah,Hoodies,Streetwear Hoodie,2,2311.26,5.0,2026-01-11,Noida,Casual Shopper,1272.93,4391.39,231.13
BF102715,Kavya Shah,Bottomwear,Joggers,1,2480.9,5.0,2026-01-11,Delhi,Young Professional,671.58,2356.86,124.05
BF102967,Kabir Verma,Jackets,Utility Jacket,4,3171.77,15.0,2026-01-11,Ahmedabad,Student,2265.83,10784.02,1903.06
BF101090,Arjun Kapoor,Jeans,Relaxed Jeans,2,2923.8,15.0,2026-01-12,Lucknow,Young Professional,1265.05,4970.46,877.14
BF101774,Meera Agarwal,Jackets,Denim Jacket,1,2256.96,10.0,2026-01-12,Noida,Premium Shopper,615.2,2031.26,225.7
BF100717,Isha Mishra,Hoodies,Essential Hoodie,4,2137.46,35.0,2026-01-13,Chennai,Working Professional,1338.48,5557.4,2992.44
BF102485,Aanya Jain,T-Shirts,Vintage Print Tee,3,1204.8,15.0,2026-01-13,Hyderabad,Young Professional,836.26,3072.24,542.16
BF100032,Aditi Jain,T-Shirts,Oversized Street Tee,1,1363.7,10.0,2026-01-14,Lucknow,Young Professional,292.95,1227.33,136.37
BF100414,Simran Bansal,Jackets,Denim Jacket,1,1887.44,15.0,2026-01-14,Kolkata,Student,303.0,1604.32,283.12
BF100710,Shreya Nair,Jeans,Relaxed Jeans,1,1830.17,15.0,2026-01-14,Kolkata,Student,407.91,1555.64,274.53
BF100763,Nisha Kumar,Jackets,Denim Jacket,1,3300.49,15.0,2026-01-14,Ahmedabad,Premium Shopper,671.58,2805.42,495.07
BF101511,Aditi Saxena,Jeans,Wide Leg Jeans,3,2967.96,15.0,2026-01-14,Jaipur,Working Professional,1952.86,7568.3,1335.58
BF101929,Karan Chopra,Bottomwear,Baggy Trousers,1,1777.18,25.0,2026-01-14,Pune,Casual Shopper,338.8,1332.88,444.3
BF102063,Neha Bansal,Jackets,Overshirt Jacket,4,2577.55,20.0,2026-01-14,Jaipur,Premium Shopper,2015.18,8248.16,2062.04
BF100451,Priya Bansal,Jeans,Relaxed Jeans,2,3310.32,25.0,2026-01-15,Kolkata,Casual Shopper,1075.06,4965.48,1655.16
BF100754,Vivaan Jain,Jeans,Baggy Jeans,2,3589.45,25.0,2026-01-15,Ahmedabad,Working Professional,1202.14,5384.17,1794.73
BF100971,Aditi Verma,Jackets,Overshirt Jacket,1,3025.74,5.0,2026-01-15,Chennai,Student,695.27,2874.45,151.29
BF101454,Riya Jain,T-Shirts,Boxy Graphic Tee,1,1181.57,15.0,2026-01-16,Surat,Premium Shopper,374.78,1004.33,177.24
BF101933,Vivaan Das,T-Shirts,Drop Shoulder Tee,2,1594.59,25.0,2026-01-16,Lucknow,Working Professional,660.45,2391.88,797.3
BF102191,Pooja Mishra,Jackets,Denim Jacket,3,2266.82,15.0,2026-01-16,Chandigarh,Student,1248.52,5780.39,1020.07
BF102900,Kritika Chopra,Bottomwear,Baggy Trousers,2,1494.25,40.0,2026-01-16,Chennai,Young Professional,372.67,1793.1,1195.4
BF100078,Meera Shah,Bottomwear,Baggy Trousers,1,1597.92,10.0,2026-01-17,Chandigarh,Casual Shopper,393.36,1438.13,159.79
BF100319,Aditi Patel,Bottomwear,Baggy Trousers,2,1403.45,15.0,2026-01-17,Bengaluru,Casual Shopper,618.18,2385.87,421.03
BF100736,Aditya Verma,Bottomwear,Baggy Trousers,2,2727.5,25.0,2026-01-17,Surat,Young Professional,1050.53,4091.25,1363.75
BF102125,Yash Kumar,T-Shirts,Vintage Print Tee,2,1121.05,35.0,2026-01-17,Pune,Working Professional,337.15,1457.36,784.73
BF102378,Priya Mehta,T-Shirts,Drop Shoulder Tee,1,1273.37,25.0,2026-01-17,Ahmedabad,Working Professional,310.73,955.03,318.34
BF102497,Aditi Joshi,Jeans,Baggy Jeans,4,3148.85,25.0,2026-01-17,Mumbai,Premium Shopper,2444.47,9446.55,3148.85
BF100365,Shreya Jain,Jackets,Varsity Jacket,2,3581.39,20.0,2026-01-18,Lucknow,Student,1097.42,5730.22,1432.56
BF100789,Simran Agarwal,Jeans,Baggy Jeans,1,2058.16,35.0,2026-01-18,Noida,Premium Shopper,310.5,1337.8,720.36
BF100885,Simran Mishra,Jeans,Baggy Jeans,4,3567.79,10.0,2026-01-18,Chandigarh,Young Professional,3356.57,12844.04,1427.12
BF102622,Shreya Chopra,T-Shirts,Vintage Print Tee,1,786.22,20.0,2026-01-18,Ahmedabad,Young Professional,189.13,628.98,157.24
BF102701,Karan Bansal,T-Shirts,Drop Shoulder Tee,2,990.19,15.0,2026-01-18,Jaipur,Casual Shopper,482.7,1683.32,297.06
BF100554,Vivaan Kapoor,Bottomwear,Parachute Pants,1,2046.24,5.0,2026-01-19,Kolkata,Working Professional,620.95,1943.93,102.31
BF100687,Aditya Verma,Jackets,Denim Jacket,2,2376.95,15.0,2026-01-19,Bengaluru,Premium Shopper,1065.65,4040.81,713.08
BF101211,Rahul Patel,T-Shirts,Drop Shoulder Tee,3,1301.81,5.0,2026-01-19,Chennai,Young Professional,1083.78,3710.16,195.27
BF101962,Diya Jain,T-Shirts,Oversized Street Tee,1,748.97,20.0,2026-01-19,Kolkata,Working Professional,233.36,599.18,149.79
BF102461,Kavya Das,T-Shirts,Vintage Print Tee,1,852.99,0.0,2026-01-19,Hyderabad,Premium Shopper,244.86,852.99,0.0
BF102609,Anika Saxena,T-Shirts,Drop Shoulder Tee,1,940.1,0.0,2026-01-19,Chandigarh,Working Professional,317.56,940.1,0.0
BF102746,Aditi Chopra,Bottomwear,Parachute Pants,1,2305.62,0.0,2026-01-19,Noida,Working Professional,721.46,2305.62,0.0
BF102754,Simran Verma,Hoodies,Streetwear Hoodie,1,1812.99,30.0,2026-01-19,Delhi,Student,236.11,1269.09,543.9
BF100110,Kavya Shah,Hoodies,Essential Hoodie,2,1925.29,15.0,2026-01-20,Chandigarh,Young Professional,874.49,3272.99,577.59
BF100445,Kavya Das,Jeans,Distressed Jeans,1,2445.57,10.0,2026-01-20,Pune,Young Professional,687.49,2201.01,244.56
BF101084,Riya Singh,Jeans,Baggy Jeans,1,3936.81,35.0,2026-01-20,Pune,Young Professional,591.42,2558.93,1377.88
BF101566,Nisha Das,Jeans,Distressed Jeans,2,1931.06,20.0,2026-01-20,Ahmedabad,Working Professional,820.0,3089.7,772.42
BF101831,Kritika Jain,T-Shirts,Drop Shoulder Tee,2,1549.78,0.0,2026-01-20,Delhi,Working Professional,990.56,3099.56,0.0
BF102518,Aditya Bansal,T-Shirts,Boxy Graphic Tee,2,1051.61,15.0,2026-01-20,Bengaluru,Working Professional,542.93,1787.74,315.48
BF100157,Kritika Mehta,Jackets,Utility Jacket,2,1963.95,35.0,2026-01-21,Gurugram,Student,505.51,2553.14,1374.76
BF100228,Kabir Chopra,Jeans,Relaxed Jeans,2,3806.68,10.0,2026-01-21,Chandigarh,Working Professional,1925.27,6852.02,761.34
BF100607,Pooja Shah,Bottomwear,Cargo Pants,1,2125.57,15.0,2026-01-21,Ahmedabad,Young Professional,518.55,1806.73,318.84
BF100850,Kabir Singh,Jackets,Denim Jacket,1,4125.14,10.0,2026-01-21,Bengaluru,Young Professional,903.96,3712.63,412.51
BF101483,Rahul Gupta,Jackets,Overshirt Jacket,1,3759.61,20.0,2026-01-21,Bengaluru,Premium Shopper,726.03,3007.69,751.92
BF101547,Vivaan Agarwal,Jeans,Relaxed Jeans,1,1990.16,15.0,2026-01-21,Lucknow,Premium Shopper,481.8,1691.64,298.52
BF102056,Ananya Mishra,T-Shirts,Oversized Street Tee,5,959.76,15.0,2026-01-21,Ahmedabad,Student,1091.73,4078.98,719.82
BF102336,Sakshi Verma,Jackets,Overshirt Jacket,1,1990.94,10.0,2026-01-21,Pune,Student,326.53,1791.85,199.09
BF100435,Priya Joshi,T-Shirts,Drop Shoulder Tee,2,832.6,15.0,2026-01-22,Mumbai,Working Professional,419.49,1415.42,249.78
BF101544,Kabir Jain,Bottomwear,Baggy Trousers,3,2413.25,30.0,2026-01-22,Ahmedabad,Young Professional,1202.1,5067.82,2171.93
BF101982,Kritika Nair,Jeans,Wide Leg Jeans,1,2293.37,5.0,2026-01-22,Bengaluru,Premium Shopper,636.55,2178.7,114.67
BF102321,Riya Bansal,T-Shirts,Drop Shoulder Tee,1,1268.77,5.0,2026-01-22,Chandigarh,Working Professional,395.98,1205.33,63.44
BF102673,Rahul Nair,Bottomwear,Parachute Pants,4,1521.67,30.0,2026-01-22,Delhi,Premium Shopper,1074.61,4260.68,1826.0
BF100830,Yash Mishra,Hoodies,Essential Hoodie,1,1678.73,10.0,2026-01-23,Pune,Student,324.01,1510.86,167.87
BF101414,Nisha Shah,Bottomwear,Parachute Pants,1,2023.26,0.0,2026-01-23,Bengaluru,Young Professional,674.62,2023.26,0.0
BF101632,Anika Gupta,Jeans,Baggy Jeans,1,3180.62,10.0,2026-01-23,Delhi,Casual Shopper,771.85,2862.56,318.06
BF101705,Manya Mishra,Hoodies,Printed Hoodie,1,1947.08,30.0,2026-01-23,Bengaluru,Young Professional,363.31,1362.96,584.12
BF102261,Tanya Das,Hoodies,Essential Hoodie,1,1539.99,5.0,2026-01-23,Surat,Working Professional,440.1,1462.99,77.0
BF102769,Nisha Gupta,T-Shirts,Drop Shoulder Tee,1,793.14,5.0,2026-01-23,Lucknow,Young Professional,205.29,753.48,39.66
BF100252,Neha Kapoor,Hoodies,Printed Hoodie,1,2016.27,10.0,2026-01-24,Mumbai,Casual Shopper,469.41,1814.64,201.63
BF100402,Anika Reddy,T-Shirts,Boxy Graphic Tee,1,1691.44,15.0,2026-01-24,Chennai,Working Professional,444.71,1437.72,253.72
BF101969,Kavya Agarwal,Jackets,Overshirt Jacket,4,3261.11,0.0,2026-01-24,Surat,Student,3108.24,13044.44,0.0
BF102126,Pooja Shah,Hoodies,Printed Hoodie,1,3122.19,35.0,2026-01-24,Mumbai,Casual Shopper,482.7,2029.42,1092.77
BF100515,Ishaan Das,T-Shirts,Vintage Print Tee,3,895.75,0.0,2026-01-25,Noida,Student,827.3,2687.25,0.0
BF101359,Simran Agarwal,Hoodies,Essential Hoodie,1,2664.64,40.0,2026-01-25,Bengaluru,Student,350.9,1598.78,1065.86
BF101548,Rahul Shah,T-Shirts,Oversized Street Tee,1,720.42,5.0,2026-01-25,Chandigarh,Working Professional,188.87,684.4,36.02
BF102037,Ananya Gupta,T-Shirts,Vintage Print Tee,1,1134.93,10.0,2026-01-25,Ahmedabad,Working Professional,296.61,1021.44,113.49
BF102810,Kritika Das,Jeans,Baggy Jeans,1,2002.57,40.0,2026-01-25,Pune,Student,225.35,1201.54,801.03
BF100025,Aditi Malhotra,Hoodies,Essential Hoodie,1,2978.72,25.0,2026-01-26,Kolkata,Casual Shopper,508.92,2234.04,744.68
BF100148,Ishaan Shah,T-Shirts,Boxy Graphic Tee,1,1043.59,0.0,2026-01-26,Bengaluru,Working Professional,369.6,1043.59,0.0
BF101963,Anika Kapoor,Jackets,Varsity Jacket,2,3295.11,20.0,2026-01-26,Jaipur,Casual Shopper,1083.11,5272.18,1318.04
BF102658,Simran Nair,Hoodies,Heavyweight Hoodie,2,1505.79,0.0,2026-01-26,Chennai,Student,759.61,3011.58,0.0
BF100035,Aanya Singh,T-Shirts,Boxy Graphic Tee,4,955.6,10.0,2026-01-27,Kolkata,Young Professional,1116.31,3440.16,382.24
BF101799,Karan Shah,T-Shirts,Drop Shoulder Tee,2,856.32,20.0,2026-01-27,Noida,Working Professional,457.06,1370.11,342.53
BF101165,Sakshi Jain,T-Shirts,Oversized Street Tee,1,1311.47,0.0,2026-01-28,Delhi,Casual Shopper,420.31,1311.47,0.0
BF101296,Rahul Jain,Bottomwear,Parachute Pants,2,2063.47,10.0,2026-01-28,Chandigarh,Casual Shopper,979.96,3714.25,412.69
BF101931,Anika Sharma,T-Shirts,Oversized Street Tee,1,1680.46,15.0,2026-01-28,Noida,Young Professional,471.52,1428.39,252.07
BF102611,Riya Verma,Hoodies,Printed Hoodie,1,2971.48,15.0,2026-01-28,Jaipur,Casual Shopper,688.55,2525.76,445.72
BF102667,Diya Mehta,Jackets,Utility Jacket,1,2346.31,30.0,2026-01-28,Noida,Working Professional,376.29,1642.42,703.89
BF100489,Neha Singh,Hoodies,Heavyweight Hoodie,2,1999.15,20.0,2026-01-29,Jaipur,Young Professional,777.2,3198.64,799.66
BF101022,Diya Singh,Hoodies,Heavyweight Hoodie,2,2226.41,20.0,2026-01-29,Noida,Young Professional,911.9,3562.26,890.56
BF101026,Tanya Das,T-Shirts,Boxy Graphic Tee,2,1544.85,20.0,2026-01-29,Pune,Student,554.76,2471.76,617.94
BF101828,Nisha Sharma,Hoodies,Essential Hoodie,2,2478.33,15.0,2026-01-29,Gurugram,Young Professional,1201.79,4213.16,743.5
BF102656,Meera Singh,Jeans,Wide Leg Jeans,3,2616.33,20.0,2026-01-29,Jaipur,Working Professional,1568.16,6279.19,1569.8
BF102884,Ishaan Mishra,T-Shirts,Vintage Print Tee,1,1346.14,20.0,2026-01-29,Chennai,Working Professional,252.58,1076.91,269.23
BF101501,Meera Jain,T-Shirts,Boxy Graphic Tee,4,1239.37,5.0,2026-01-30,Bengaluru,Casual Shopper,1327.73,4709.61,247.87
BF101891,Riya Chopra,Jackets,Varsity Jacket,2,3442.34,40.0,2026-01-30,Bengaluru,Young Professional,723.54,4130.81,2753.87
BF102078,Tanya Nair,T-Shirts,Drop Shoulder Tee,2,1519.75,10.0,2026-01-30,Mumbai,Young Professional,925.81,2735.55,303.95
BF101001,Sakshi Verma,Hoodies,Heavyweight Hoodie,1,2920.87,15.0,2026-01-31,Kolkata,Student,630.75,2482.74,438.13
BF101049,Aarav Sharma,Jackets,Utility Jacket,1,2950.11,20.0,2026-01-31,Chennai,Premium Shopper,651.36,2360.09,590.02
BF101727,Shreya Singh,Hoodies,Streetwear Hoodie,1,2060.97,20.0,2026-01-31,Jaipur,Working Professional,428.62,1648.78,412.19
BF101919,Kavya Kapoor,T-Shirts,Oversized Street Tee,3,1668.04,15.0,2026-01-31,Chandigarh,Working Professional,1263.3,4253.5,750.62
BF102871,Aarav Sharma,Jackets,Denim Jacket,1,4434.89,25.0,2026-01-31,Chandigarh,Young Professional,742.07,3326.17,1108.72
BF100241,Aanya Agarwal,Jackets,Denim Jacket,2,3778.29,5.0,2026-02-01,Lucknow,Student,1650.3,7178.75,377.83
BF100190,Ishaan Agarwal,T-Shirts,Oversized Street Tee,1,903.09,30.0,2026-02-02,Chandigarh,Casual Shopper,105.26,632.16,270.93
BF100194,Arjun Sharma,T-Shirts,Boxy Graphic Tee,1,1663.39,30.0,2026-02-02,Lucknow,Premium Shopper,315.11,1164.37,499.02
BF100372,Ishaan Das,Jeans,Relaxed Jeans,3,2321.96,25.0,2026-02-02,Delhi,Casual Shopper,1137.78,5224.41,1741.47
BF101250,Kavya Shah,Hoodies,Essential Hoodie,1,2128.63,5.0,2026-02-02,Hyderabad,Casual Shopper,583.67,2022.2,106.43
BF101392,Rahul Reddy,Jackets,Denim Jacket,2,2946.05,0.0,2026-02-02,Delhi,Casual Shopper,1436.36,5892.1,0.0
BF102183,Arjun Bansal,T-Shirts,Vintage Print Tee,2,1014.24,0.0,2026-02-02,Mumbai,Premium Shopper,713.72,2028.48,0.0
BF102187,Vivaan Sharma,Jeans,Baggy Jeans,3,2025.3,20.0,2026-02-02,Chennai,Young Professional,1181.2,4860.72,1215.18
BF102747,Rohan Malhotra,Hoodies,Streetwear Hoodie,1,1585.65,10.0,2026-02-02,Chennai,Premium Shopper,415.13,1427.08,158.57
BF102939,Rahul Sharma,T-Shirts,Drop Shoulder Tee,2,1091.92,25.0,2026-02-02,Gurugram,Young Professional,449.1,1637.88,545.96
BF100433,Aarav Das,T-Shirts,Boxy Graphic Tee,1,1090.46,10.0,2026-02-03,Pune,Student,227.49,981.41,109.05
BF102623,Kritika Saxena,Bottomwear,Joggers,2,2919.76,15.0,2026-02-03,Chandigarh,Premium Shopper,1428.5,4963.59,875.93
BF102877,Rahul Kumar,Bottomwear,Cargo Pants,3,1956.85,5.0,2026-02-03,Jaipur,Premium Shopper,1660.04,5577.02,293.53
BF102892,Diya Gupta,T-Shirts,Oversized Street Tee,3,984.04,0.0,2026-02-03,Bengaluru,Working Professional,951.18,2952.12,0.0
BF100463,Pooja Sharma,Jeans,Distressed Jeans,2,2032.15,10.0,2026-02-04,Chandigarh,Student,890.16,3657.87,406.43
BF100512,Aarav Bansal,T-Shirts,Drop Shoulder Tee,1,1607.88,15.0,2026-02-04,Ahmedabad,Young Professional,451.11,1366.7,241.18
BF100842,Kabir Reddy,Jackets,Denim Jacket,1,2266.37,0.0,2026-02-04,Noida,Young Professional,524.19,2266.37,0.0
BF100964,Nisha Patel,Jackets,Utility Jacket,3,2278.18,15.0,2026-02-04,Lucknow,Young Professional,1324.15,5809.36,1025.18
BF101083,Tanya Jain,T-Shirts,Vintage Print Tee,2,1091.95,10.0,2026-02-04,Lucknow,Casual Shopper,628.6,1965.51,218.39
BF101274,Diya Agarwal,T-Shirts,Vintage Print Tee,1,1292.75,15.0,2026-02-04,Noida,Young Professional,331.57,1098.84,193.91
BF102962,Kabir Joshi,Jeans,Relaxed Jeans,1,3228.11,0.0,2026-02-04,Chandigarh,Young Professional,871.61,3228.11,0.0
BF100841,Pooja Mehta,Hoodies,Essential Hoodie,1,1701.69,0.0,2026-02-05,Surat,Student,422.48,1701.69,0.0
BF100983,Aanya Malhotra,T-Shirts,Drop Shoulder Tee,2,1331.06,35.0,2026-02-05,Pune,Casual Shopper,446.28,1730.38,931.74
BF102528,Aanya Mehta,T-Shirts,Boxy Graphic Tee,5,1368.08,0.0,2026-02-05,Hyderabad,Working Professional,2219.11,6840.4,0.0
BF100552,Anika Mishra,Jeans,Distressed Jeans,2,1808.53,5.0,2026-02-06,Kolkata,Young Professional,966.84,3436.21,180.85
BF100711,Arjun Jain,Hoodies,Essential Hoodie,1,3357.31,15.0,2026-02-06,Noida,Working Professional,852.78,2853.71,503.6
BF101754,Yash Das,Jackets,Varsity Jacket,2,4160.38,20.0,2026-02-06,Surat,Student,1361.16,6656.61,1664.15
BF102430,Rohan Nair,Hoodies,Printed Hoodie,2,2380.75,15.0,2026-02-06,Pune,Premium Shopper,1180.82,4047.28,714.22
BF102714,Kritika Agarwal,Jeans,Distressed Jeans,1,3073.55,20.0,2026-02-06,Chandigarh,Working Professional,670.81,2458.84,614.71
BF102744,Karan Joshi,Bottomwear,Cargo Pants,2,1602.45,20.0,2026-02-06,Mumbai,Working Professional,740.0,2563.92,640.98
BF100004,Tanya Kumar,T-Shirts,Oversized Street Tee,3,946.19,10.0,2026-02-07,Mumbai,Student,706.22,2554.71,283.86
BF101023,Aanya Sharma,Hoodies,Heavyweight Hoodie,1,2463.93,10.0,2026-02-07,Pune,Casual Shopper,556.75,2217.54,246.39
BF101236,Priya Malhotra,Jackets,Overshirt Jacket,1,4144.72,15.0,2026-02-07,Jaipur,Young Professional,842.03,3523.01,621.71
BF101462,Yash Sharma,Hoodies,Heavyweight Hoodie,2,2963.68,15.0,2026-02-07,Jaipur,Young Professional,1315.78,5038.26,889.1
BF101918,Rohan Mishra,T-Shirts,Vintage Print Tee,1,1476.01,5.0,2026-02-07,Pune,Working Professional,437.03,1402.21,73.8
BF100617,Meera Gupta,T-Shirts,Boxy Graphic Tee,1,1019.04,10.0,2026-02-08,Lucknow,Working Professional,361.06,917.14,101.9
BF100796,Neha Patel,Jeans,Relaxed Jeans,2,2664.52,35.0,2026-02-08,Chennai,Working Professional,731.21,3463.88,1865.16
BF100962,Isha Nair,Bottomwear,Cargo Pants,3,1940.12,25.0,2026-02-08,Delhi,Premium Shopper,1181.42,4365.27,1455.09
BF101021,Neha Kapoor,T-Shirts,Vintage Print Tee,1,1256.9,0.0,2026-02-08,Kolkata,Casual Shopper,376.95,1256.9,0.0
BF102348,Shreya Singh,Hoodies,Streetwear Hoodie,1,3035.02,25.0,2026-02-08,Chennai,Casual Shopper,602.7,2276.26,758.76
BF100036,Sneha Das,Jeans,Baggy Jeans,2,2513.72,10.0,2026-02-09,Ahmedabad,Premium Shopper,1262.16,4524.7,502.74
BF100108,Shreya Kapoor,Hoodies,Heavyweight Hoodie,1,2674.56,35.0,2026-02-09,Pune,Working Professional,404.93,1738.46,936.1
BF100580,Yash Gupta,T-Shirts,Oversized Street Tee,2,1041.54,20.0,2026-02-09,Surat,Young Professional,445.97,1666.46,416.62
BF100888,Pooja Patel,T-Shirts,Oversized Street Tee,1,864.6,15.0,2026-02-09,Ahmedabad,Premium Shopper,254.05,734.91,129.69
BF102090,Aditya Reddy,T-Shirts,Boxy Graphic Tee,2,1130.07,0.0,2026-02-09,Chennai,Working Professional,785.19,2260.14,0.0
BF102256,Aanya Kapoor,T-Shirts,Boxy Graphic Tee,3,1095.53,10.0,2026-02-09,Kolkata,Young Professional,888.84,2957.93,328.66
BF102269,Yash Agarwal,Hoodies,Printed Hoodie,2,2321.83,40.0,2026-02-09,Surat,Young Professional,680.56,2786.2,1857.46
BF102951,Aarav Chopra,Hoodies,Heavyweight Hoodie,4,3275.93,10.0,2026-02-09,Chandigarh,Student,3160.9,11793.35,1310.37
BF100063,Nisha Mishra,Jackets,Overshirt Jacket,2,2548.6,15.0,2026-02-10,Surat,Working Professional,1071.53,4332.62,764.58
BF100353,Kavya Verma,Bottomwear,Joggers,1,1541.88,0.0,2026-02-10,Ahmedabad,Premium Shopper,470.65,1541.88,0.0
BF100683,Neha Shah,T-Shirts,Boxy Graphic Tee,2,1042.88,15.0,2026-02-10,Gurugram,Casual Shopper,459.07,1772.9,312.86
BF102452,Ishaan Joshi,Hoodies,Printed Hoodie,2,1956.18,0.0,2026-02-10,Delhi,Student,1231.31,3912.36,0.0
BF102851,Rahul Singh,Jeans,Relaxed Jeans,2,3921.31,10.0,2026-02-10,Jaipur,Casual Shopper,1761.16,7058.36,784.26
BF101473,Sakshi Kumar,T-Shirts,Vintage Print Tee,2,986.75,5.0,2026-02-11,Surat,Premium Shopper,528.01,1874.82,98.68
BF102597,Simran Mishra,T-Shirts,Oversized Street Tee,4,1495.28,30.0,2026-02-11,Gurugram,Young Professional,1049.37,4186.78,1794.34
BF100455,Aanya Bansal,T-Shirts,Drop Shoulder Tee,2,860.73,10.0,2026-02-12,Chandigarh,Student,536.52,1549.31,172.15
BF101362,Neha Chopra,Hoodies,Printed Hoodie,1,3172.4,5.0,2026-02-12,Jaipur,Premium Shopper,900.68,3013.78,158.62
BF101546,Shreya Gupta,Hoodies,Printed Hoodie,3,2243.32,30.0,2026-02-12,Gurugram,Young Professional,1221.28,4710.97,2018.99
BF102101,Arjun Reddy,Jackets,Denim Jacket,1,2746.23,15.0,2026-02-12,Pune,Casual Shopper,566.13,2334.3,411.93
BF102365,Simran Malhotra,Jackets,Utility Jacket,2,2173.3,30.0,2026-02-12,Delhi,Premium Shopper,724.59,3042.62,1303.98
BF100496,Karan Malhotra,Jeans,Relaxed Jeans,1,1960.32,0.0,2026-02-13,Surat,Casual Shopper,528.8,1960.32,0.0
BF100551,Yash Jain,Bottomwear,Parachute Pants,2,2881.82,30.0,2026-02-13,Noida,Working Professional,965.12,4034.55,1729.09
BF100570,Sneha Jain,Hoodies,Essential Hoodie,2,2685.66,10.0,2026-02-13,Hyderabad,Premium Shopper,1432.09,4834.19,537.13
BF101137,Rahul Joshi,T-Shirts,Boxy Graphic Tee,4,1338.49,20.0,2026-02-13,Gurugram,Student,1074.44,4283.17,1070.79
BF102563,Meera Nair,T-Shirts,Boxy Graphic Tee,2,1433.18,20.0,2026-02-13,Pune,Young Professional,667.36,2293.09,573.27
BF102824,Manya Gupta,Hoodies,Streetwear Hoodie,1,2266.7,0.0,2026-02-13,Delhi,Student,670.66,2266.7,0.0
BF100301,Aarav Verma,T-Shirts,Boxy Graphic Tee,1,1399.51,0.0,2026-02-14,Gurugram,Premium Shopper,495.0,1399.51,0.0
BF100880,Kabir Gupta,Bottomwear,Baggy Trousers,1,2458.41,40.0,2026-02-14,Gurugram,Young Professional,309.72,1475.05,983.36
BF100993,Aanya Mehta,Jeans,Baggy Jeans,1,3538.72,0.0,2026-02-14,Mumbai,Working Professional,1038.37,3538.72,0.0
BF102002,Meera Mehta,Bottomwear,Baggy Trousers,1,2957.52,25.0,2026-02-14,Delhi,Young Professional,520.98,2218.14,739.38
BF102434,Isha Malhotra,Jeans,Baggy Jeans,1,2365.13,25.0,2026-02-14,Delhi,Working Professional,441.23,1773.85,591.28
BF100523,Pooja Gupta,Jackets,Denim Jacket,5,4496.52,15.0,2026-02-15,Kolkata,Student,4064.44,19110.21,3372.39
BF101999,Tanya Verma,Bottomwear,Baggy Trousers,4,1879.84,5.0,2026-02-15,Kolkata,Premium Shopper,2126.62,7143.39,375.97
BF100072,Rohan Mehta,T-Shirts,Oversized Street Tee,1,1158.92,20.0,2026-02-16,Delhi,Young Professional,290.92,927.14,231.78
BF100122,Simran Chopra,Jeans,Wide Leg Jeans,3,3209.7,0.0,2026-02-16,Hyderabad,Casual Shopper,2627.68,9629.1,0.0
BF100327,Meera Shah,Hoodies,Essential Hoodie,2,2561.17,5.0,2026-02-16,Pune,Working Professional,1364.92,4866.22,256.12
BF100535,Meera Singh,Bottomwear,Joggers,3,1378.73,5.0,2026-02-16,Lucknow,Student,1004.25,3929.38,206.81
BF100688,Priya Bansal,Hoodies,Printed Hoodie,3,2714.14,15.0,2026-02-16,Chennai,Casual Shopper,1827.66,6921.06,1221.36
BF100896,Arjun Saxena,Bottomwear,Baggy Trousers,3,1579.99,15.0,2026-02-16,Kolkata,Working Professional,1162.23,4028.97,711.0
BF101229,Karan Reddy,T-Shirts,Vintage Print Tee,1,769.57,15.0,2026-02-16,Lucknow,Student,245.62,654.13,115.44
BF102422,Yash Kapoor,T-Shirts,Boxy Graphic Tee,2,1282.64,0.0,2026-02-16,Pune,Student,830.52,2565.28,0.0
BF102719,Vivaan Jain,Bottomwear,Joggers,1,1341.11,30.0,2026-02-16,Chandigarh,Young Professional,285.75,938.78,402.33
BF100011,Tanya Saxena,T-Shirts,Oversized Street Tee,1,1333.61,20.0,2026-02-17,Delhi,Working Professional,288.58,1066.89,266.72
BF100935,Karan Malhotra,Jeans,Baggy Jeans,1,2817.05,10.0,2026-02-17,Hyderabad,Casual Shopper,661.35,2535.35,281.7
BF100987,Karan Nair,Jeans,Relaxed Jeans,2,2224.69,15.0,2026-02-17,Surat,Young Professional,930.96,3781.97,667.41
BF101725,Aarav Singh,Jackets,Overshirt Jacket,1,1912.25,20.0,2026-02-17,Surat,Working Professional,327.41,1529.8,382.45
BF102029,Diya Jain,T-Shirts,Boxy Graphic Tee,4,992.71,10.0,2026-02-17,Chennai,Working Professional,1148.98,3573.76,397.08
BF100525,Priya Bansal,Jeans,Baggy Jeans,4,2359.42,10.0,2026-02-18,Pune,Young Professional,2238.96,8493.91,943.77
BF100869,Neha Shah,T-Shirts,Boxy Graphic Tee,4,1496.99,10.0,2026-02-18,Bengaluru,Premium Shopper,1750.93,5389.16,598.8
BF101161,Anika Chopra,T-Shirts,Drop Shoulder Tee,2,1691.5,0.0,2026-02-18,Jaipur,Premium Shopper,1192.46,3383.0,0.0
BF101231,Shreya Verma,Jackets,Utility Jacket,3,3462.67,5.0,2026-02-18,Delhi,Premium Shopper,2612.62,9868.61,519.4
BF101289,Priya Sharma,Hoodies,Essential Hoodie,1,2027.55,20.0,2026-02-18,Chennai,Working Professional,430.77,1622.04,405.51
BF100044,Anika Mehta,Jeans,Baggy Jeans,2,3974.62,15.0,2026-02-19,Lucknow,Premium Shopper,1861.81,6756.85,1192.39
BF100805,Riya Agarwal,Jeans,Baggy Jeans,4,2159.47,20.0,2026-02-19,Chennai,Young Professional,1740.75,6910.3,1727.58
BF102322,Kritika Patel,Jeans,Wide Leg Jeans,1,2591.21,15.0,2026-02-19,Mumbai,Young Professional,564.14,2202.53,388.68
BF102358,Shreya Bansal,Jackets,Utility Jacket,1,2066.93,30.0,2026-02-19,Delhi,Casual Shopper,323.84,1446.85,620.08
BF102405,Priya Saxena,Bottomwear,Joggers,2,2371.53,10.0,2026-02-19,Jaipur,Casual Shopper,1079.74,4268.75,474.31
BF102503,Simran Jain,Jackets,Varsity Jacket,2,3019.55,40.0,2026-02-19,Ahmedabad,Young Professional,666.8,3623.46,2415.64
BF100105,Tanya Saxena,T-Shirts,Drop Shoulder Tee,2,1573.4,10.0,2026-02-20,Noida,Young Professional,751.02,2832.12,314.68
BF100231,Rahul Verma,Jackets,Utility Jacket,1,3764.35,20.0,2026-02-20,Delhi,Working Professional,727.59,3011.48,752.87
BF101411,Rohan Joshi,T-Shirts,Oversized Street Tee,2,1695.05,0.0,2026-02-20,Noida,Student,1055.67,3390.1,0.0
BF102004,Aditya Joshi,Bottomwear,Joggers,1,2996.0,15.0,2026-02-20,Mumbai,Working Professional,683.45,2546.6,449.4
BF102689,Kritika Mehta,T-Shirts,Drop Shoulder Tee,2,1629.22,15.0,2026-02-20,Chennai,Premium Shopper,840.74,2769.67,488.77
BF100266,Kritika Malhotra,T-Shirts,Oversized Street Tee,1,1664.32,35.0,2026-02-21,Ahmedabad,Student,312.41,1081.81,582.51
BF100314,Shreya Bansal,Jackets,Overshirt Jacket,1,3820.65,10.0,2026-02-21,Chennai,Student,746.07,3438.58,382.07
BF100797,Meera Malhotra,Hoodies,Printed Hoodie,1,2216.67,5.0,2026-02-21,Mumbai,Casual Shopper,524.46,2105.84,110.83
BF100930,Neha Kumar,T-Shirts,Boxy Graphic Tee,1,1167.39,10.0,2026-02-21,Kolkata,Premium Shopper,426.72,1050.65,116.74
BF101951,Karan Bansal,T-Shirts,Oversized Street Tee,1,738.11,25.0,2026-02-21,Ahmedabad,Working Professional,144.2,553.58,184.53
BF102992,Manya Reddy,T-Shirts,Oversized Street Tee,3,1197.08,15.0,2026-02-21,Pune,Working Professional,885.91,3052.55,538.69
BF100405,Pooja Verma,Bottomwear,Cargo Pants,4,2185.34,20.0,2026-02-22,Ahmedabad,Working Professional,1797.41,6993.09,1748.27
BF100942,Neha Malhotra,T-Shirts,Drop Shoulder Tee,1,742.77,0.0,2026-02-22,Bengaluru,Student,283.6,742.77,0.0
BF101666,Aarav Joshi,Jackets,Overshirt Jacket,1,3848.59,40.0,2026-02-22,Noida,Casual Shopper,379.75,2309.15,1539.44
BF102641,Nisha Bansal,T-Shirts,Boxy Graphic Tee,4,1549.99,10.0,2026-02-22,Mumbai,Student,1567.73,5579.96,620.0
BF102779,Kavya Malhotra,Hoodies,Printed Hoodie,1,1832.78,15.0,2026-02-22,Chandigarh,Working Professional,461.0,1557.86,274.92
BF100174,Anika Malhotra,T-Shirts,Vintage Print Tee,2,1276.68,20.0,2026-02-23,Chennai,Young Professional,601.46,2042.69,510.67
BF100939,Nisha Saxena,Jeans,Wide Leg Jeans,1,2056.26,25.0,2026-02-23,Bengaluru,Working Professional,349.7,1542.2,514.07
BF100999,Nisha Das,T-Shirts,Drop Shoulder Tee,3,1278.6,30.0,2026-02-23,Hyderabad,Working Professional,737.04,2685.06,1150.74
BF100139,Aanya Mehta,Bottomwear,Joggers,1,1657.58,25.0,2026-02-24,Delhi,Young Professional,297.02,1243.18,414.4
BF102727,Kabir Gupta,Hoodies,Essential Hoodie,2,3273.42,10.0,2026-02-25,Pune,Casual Shopper,1577.03,5892.16,654.68
BF102771,Arjun Saxena,Jeans,Baggy Jeans,2,2246.72,25.0,2026-02-25,Hyderabad,Student,671.32,3370.08,1123.36
BF102949,Aditya Verma,T-Shirts,Vintage Print Tee,1,985.84,20.0,2026-02-25,Kolkata,Premium Shopper,218.89,788.67,197.17
BF100088,Isha Shah,T-Shirts,Vintage Print Tee,2,830.85,10.0,2026-02-26,Hyderabad,Working Professional,445.65,1495.53,166.17
BF101032,Manya Shah,T-Shirts,Vintage Print Tee,1,976.0,10.0,2026-02-26,Chandigarh,Premium Shopper,242.18,878.4,97.6
BF101265,Nisha Singh,Jeans,Baggy Jeans,2,3967.18,15.0,2026-02-26,Lucknow,Student,1566.04,6744.21,1190.15
BF100514,Ananya Jain,T-Shirts,Vintage Print Tee,2,1514.57,20.0,2026-02-27,Noida,Young Professional,701.68,2423.31,605.83
BF100889,Diya Shah,T-Shirts,Oversized Street Tee,1,1237.55,10.0,2026-02-27,Surat,Student,342.63,1113.8,123.75
BF102473,Diya Malhotra,Bottomwear,Parachute Pants,1,2630.01,25.0,2026-02-27,Chennai,Working Professional,520.78,1972.51,657.5
BF102661,Kabir Jain,T-Shirts,Oversized Street Tee,1,1005.68,30.0,2026-02-27,Gurugram,Young Professional,183.36,703.98,301.7
BF100449,Aarav Reddy,Jeans,Baggy Jeans,2,3626.25,10.0,2026-02-28,Chandigarh,Student,1582.5,6527.25,725.25
BF100940,Kritika Bansal,Jackets,Varsity Jacket,3,2306.12,10.0,2026-02-28,Noida,Casual Shopper,1520.41,6226.52,691.84
BF101408,Sneha Das,Jeans,Baggy Jeans,1,1979.93,10.0,2026-02-28,Hyderabad,Young Professional,476.8,1781.94,197.99
BF101719,Anika Das,Bottomwear,Parachute Pants,1,2772.8,15.0,2026-02-28,Hyderabad,Working Professional,664.5,2356.88,415.92
BF101862,Simran Verma,T-Shirts,Oversized Street Tee,2,1619.7,5.0,2026-02-28,Kolkata,Casual Shopper,1008.06,3077.43,161.97
BF102115,Kritika Malhotra,Jackets,Utility Jacket,1,2045.51,10.0,2026-02-28,Chennai,Working Professional,444.04,1840.96,204.55
BF102498,Aditi Jain,Hoodies,Streetwear Hoodie,1,2566.69,15.0,2026-02-28,Noida,Young Professional,569.65,2181.69,385.0
BF100029,Shreya Chopra,Hoodies,Heavyweight Hoodie,2,3074.29,10.0,2026-03-02,Delhi,Working Professional,1644.24,5533.72,614.86
BF101497,Diya Verma,Bottomwear,Joggers,5,1606.72,0.0,2026-03-02,Mumbai,Casual Shopper,2225.46,8033.6,0.0
BF100017,Diya Reddy,Hoodies,Printed Hoodie,3,1926.61,25.0,2026-03-03,Pune,Casual Shopper,1016.56,4334.87,1444.96
BF100490,Tanya Malhotra,T-Shirts,Oversized Street Tee,1,700.24,5.0,2026-03-03,Bengaluru,Working Professional,184.25,665.23,35.01
BF100196,Meera Mishra,Jackets,Varsity Jacket,2,2466.91,35.0,2026-03-04,Lucknow,Student,607.94,3206.98,1726.84
BF100341,Kabir Jain,Jeans,Relaxed Jeans,4,1943.33,5.0,2026-03-04,Pune,Working Professional,2000.35,7384.65,388.67
BF100429,Sakshi Saxena,Jeans,Distressed Jeans,1,3504.88,20.0,2026-03-04,Delhi,Premium Shopper,804.47,2803.9,700.98
BF100893,Anika Kapoor,T-Shirts,Drop Shoulder Tee,3,1151.47,20.0,2026-03-04,Noida,Student,804.96,2763.53,690.88
BF101003,Priya Singh,Bottomwear,Joggers,1,1830.23,35.0,2026-03-04,Jaipur,Working Professional,277.01,1189.65,640.58
BF101650,Kabir Chopra,T-Shirts,Boxy Graphic Tee,1,1157.93,0.0,2026-03-04,Ahmedabad,Casual Shopper,359.21,1157.93,0.0
BF101909,Shreya Reddy,T-Shirts,Boxy Graphic Tee,1,915.87,15.0,2026-03-04,Gurugram,Young Professional,208.39,778.49,137.38
BF102726,Kabir Malhotra,Hoodies,Streetwear Hoodie,2,1500.38,10.0,2026-03-04,Hyderabad,Young Professional,747.03,2700.68,300.08
BF102897,Neha Agarwal,Bottomwear,Parachute Pants,3,1672.9,5.0,2026-03-04,Chandigarh,Casual Shopper,1335.26,4767.77,250.94
BF101234,Kritika Jain,Jeans,Baggy Jeans,3,3205.18,10.0,2026-03-05,Noida,Premium Shopper,2422.57,8653.99,961.55
BF102214,Rahul Verma,Bottomwear,Parachute Pants,1,2701.32,25.0,2026-03-05,Hyderabad,Student,385.74,2025.99,675.33
BF102556,Ananya Malhotra,Hoodies,Heavyweight Hoodie,5,1542.69,25.0,2026-03-05,Gurugram,Working Professional,1527.2,5785.09,1928.36
BF100340,Riya Singh,T-Shirts,Oversized Street Tee,2,1567.68,35.0,2026-03-06,Jaipur,Premium Shopper,587.13,2037.98,1097.38
BF100544,Simran Kumar,Jeans,Baggy Jeans,2,2348.23,10.0,2026-03-06,Pune,Premium Shopper,1182.08,4226.81,469.65
BF100675,Kavya Shah,Jackets,Overshirt Jacket,3,3811.43,5.0,2026-03-07,Surat,Premium Shopper,2923.35,10862.58,571.71
BF102036,Sakshi Mishra,T-Shirts,Vintage Print Tee,2,971.35,0.0,2026-03-07,Kolkata,Young Professional,710.35,1942.7,0.0
BF100546,Sakshi Mehta,Hoodies,Essential Hoodie,1,1559.57,5.0,2026-03-08,Delhi,Premium Shopper,492.17,1481.59,77.98
BF100631,Riya Chopra,Hoodies,Streetwear Hoodie,1,2999.48,20.0,2026-03-08,Lucknow,Casual Shopper,640.08,2399.58,599.9
BF101398,Manya Joshi,Jackets,Denim Jacket,1,3788.64,25.0,2026-03-08,Hyderabad,Student,510.21,2841.48,947.16
BF100277,Isha Chopra,Hoodies,Essential Hoodie,1,2817.21,20.0,2026-03-09,Gurugram,Working Professional,638.13,2253.77,563.44
BF101523,Pooja Das,Jeans,Distressed Jeans,2,2418.03,10.0,2026-03-09,Mumbai,Young Professional,1161.93,4352.45,483.61
BF102371,Nisha Saxena,Bottomwear,Cargo Pants,5,1950.53,10.0,2026-03-09,Lucknow,Premium Shopper,2501.4,8777.38,975.26
BF102450,Rohan Kumar,Bottomwear,Baggy Trousers,3,2136.88,25.0,2026-03-09,Mumbai,Premium Shopper,1263.22,4807.98,1602.66
BF102742,Aanya Malhotra,Jackets,Varsity Jacket,2,2995.11,0.0,2026-03-09,Kolkata,Working Professional,1581.3,5990.22,0.0
BF102985,Neha Jain,T-Shirts,Drop Shoulder Tee,4,1677.22,20.0,2026-03-09,Bengaluru,Casual Shopper,1481.86,5367.1,1341.78
BF100923,Riya Mehta,T-Shirts,Drop Shoulder Tee,3,1626.57,10.0,2026-03-10,Lucknow,Student,1267.02,4391.74,487.97
BF101442,Anika Shah,T-Shirts,Drop Shoulder Tee,1,704.35,15.0,2026-03-10,Kolkata,Casual Shopper,173.2,598.7,105.65
BF101573,Kritika Verma,Jeans,Relaxed Jeans,2,3057.42,15.0,2026-03-10,Lucknow,Young Professional,1298.39,5197.61,917.23
BF101785,Arjun Gupta,Jackets,Varsity Jacket,2,2716.28,15.0,2026-03-10,Mumbai,Working Professional,1106.15,4617.68,814.88
BF102507,Diya Mehta,T-Shirts,Boxy Graphic Tee,1,1537.34,20.0,2026-03-10,Surat,Premium Shopper,417.2,1229.87,307.47
BF100594,Ishaan Verma,T-Shirts,Drop Shoulder Tee,2,956.85,15.0,2026-03-11,Noida,Student,386.76,1626.64,287.06
BF102162,Aanya Kumar,T-Shirts,Oversized Street Tee,3,971.07,5.0,2026-03-11,Chandigarh,Working Professional,790.59,2767.55,145.66
BF102253,Simran Agarwal,Jeans,Baggy Jeans,1,2826.77,15.0,2026-03-11,Delhi,Casual Shopper,586.07,2402.75,424.02
BF100518,Ananya Joshi,T-Shirts,Oversized Street Tee,1,1017.25,10.0,2026-03-12,Pune,Casual Shopper,194.87,915.52,101.73
BF100828,Kritika Mehta,Bottomwear,Parachute Pants,2,2545.5,30.0,2026-03-12,Ahmedabad,Student,760.88,3563.7,1527.3
BF101572,Yash Kumar,Bottomwear,Cargo Pants,5,2878.37,5.0,2026-03-12,Bengaluru,Student,3573.11,13672.26,719.59
BF101790,Diya Kapoor,T-Shirts,Drop Shoulder Tee,1,1036.54,15.0,2026-03-12,Noida,Student,247.23,881.06,155.48
BF102524,Kritika Malhotra,Jackets,Denim Jacket,4,3501.05,5.0,2026-03-12,Gurugram,Casual Shopper,3195.89,13303.99,700.21
BF102700,Yash Kapoor,T-Shirts,Boxy Graphic Tee,1,1691.41,10.0,2026-03-12,Chandigarh,Casual Shopper,515.59,1522.27,169.14
BF100297,Pooja Sharma,Bottomwear,Parachute Pants,4,1474.23,10.0,2026-03-13,Gurugram,Young Professional,1389.58,5307.23,589.69
BF100480,Pooja Malhotra,Jackets,Overshirt Jacket,2,3870.32,10.0,2026-03-13,Gurugram,Working Professional,1789.41,6966.58,774.06
BF100529,Vivaan Patel,T-Shirts,Drop Shoulder Tee,1,1171.42,15.0,2026-03-13,Kolkata,Young Professional,247.17,995.71,175.71
BF100970,Neha Singh,Jeans,Wide Leg Jeans,2,3261.69,10.0,2026-03-13,Jaipur,Working Professional,1551.71,5871.04,652.34
BF100972,Vivaan Saxena,Jackets,Overshirt Jacket,3,3557.89,5.0,2026-03-13,Pune,Working Professional,2690.71,10139.99,533.68
BF102212,Aanya Das,Jeans,Baggy Jeans,1,2206.67,0.0,2026-03-13,Ahmedabad,Student,579.22,2206.67,0.0
BF102680,Riya Jain,Bottomwear,Cargo Pants,1,2867.58,0.0,2026-03-13,Bengaluru,Premium Shopper,935.53,2867.58,0.0
BF102850,Diya Verma,T-Shirts,Drop Shoulder Tee,4,925.74,15.0,2026-03-13,Jaipur,Casual Shopper,873.28,3147.52,555.44
BF102914,Arjun Mishra,Hoodies,Essential Hoodie,3,2476.04,25.0,2026-03-13,Hyderabad,Working Professional,1436.53,5571.09,1857.03
BF100415,Diya Saxena,Jeans,Baggy Jeans,2,2490.25,35.0,2026-03-14,Delhi,Working Professional,801.8,3237.32,1743.17
BF100884,Ananya Reddy,Jackets,Utility Jacket,4,2436.79,35.0,2026-03-14,Hyderabad,Premium Shopper,1461.4,6335.65,3411.51
BF101322,Aditi Mishra,T-Shirts,Oversized Street Tee,1,971.77,35.0,2026-03-14,Chandigarh,Student,133.76,631.65,340.12
BF102558,Aanya Sharma,Bottomwear,Joggers,1,2994.2,15.0,2026-03-14,Gurugram,Working Professional,718.77,2545.07,449.13
BF100412,Manya Malhotra,Hoodies,Printed Hoodie,1,2289.49,10.0,2026-03-16,Gurugram,Premium Shopper,631.11,2060.54,228.95
BF100616,Priya Das,Jackets,Utility Jacket,1,1915.95,5.0,2026-03-16,Chandigarh,Working Professional,511.17,1820.15,95.8
BF101422,Ishaan Singh,Hoodies,Streetwear Hoodie,2,2309.32,5.0,2026-03-16,Mumbai,Working Professional,1301.75,4387.71,230.93
BF101845,Sakshi Sharma,Hoodies,Essential Hoodie,1,1710.66,0.0,2026-03-16,Bengaluru,Student,464.5,1710.66,0.0
BF102243,Neha Patel,Hoodies,Streetwear Hoodie,1,1609.89,20.0,2026-03-16,Surat,Working Professional,383.36,1287.91,321.98
BF102264,Aanya Das,Jeans,Wide Leg Jeans,1,2139.31,15.0,2026-03-16,Lucknow,Casual Shopper,493.07,1818.41,320.9
BF102603,Nisha Agarwal,Hoodies,Streetwear Hoodie,1,3272.1,15.0,2026-03-16,Gurugram,Student,631.27,2781.28,490.82
BF102710,Isha Nair,T-Shirts,Boxy Graphic Tee,1,1455.73,10.0,2026-03-16,Ahmedabad,Premium Shopper,434.11,1310.16,145.57
BF102808,Isha Bansal,Jackets,Varsity Jacket,4,3887.07,15.0,2026-03-16,Pune,Casual Shopper,2954.6,13216.04,2332.24
BF100329,Ishaan Agarwal,Bottomwear,Cargo Pants,2,2138.49,5.0,2026-03-17,Mumbai,Student,1128.32,4063.13,213.85
BF100974,Aditi Jain,T-Shirts,Boxy Graphic Tee,1,1280.49,20.0,2026-03-17,Delhi,Premium Shopper,332.56,1024.39,256.1
BF101431,Aarav Nair,Bottomwear,Cargo Pants,3,2082.41,15.0,2026-03-17,Mumbai,Working Professional,1571.75,5310.15,937.08
BF100226,Pooja Shah,Jackets,Utility Jacket,2,2408.05,35.0,2026-03-18,Chennai,Student,658.25,3130.46,1685.64
BF100943,Rahul Kapoor,T-Shirts,Oversized Street Tee,1,825.93,15.0,2026-03-18,Mumbai,Casual Shopper,176.78,702.04,123.89
BF101910,Shreya Gupta,T-Shirts,Vintage Print Tee,1,1278.19,5.0,2026-03-18,Lucknow,Working Professional,409.59,1214.28,63.91
BF101245,Kavya Agarwal,Jackets,Overshirt Jacket,3,2536.66,5.0,2026-03-19,Gurugram,Young Professional,1769.65,7229.48,380.5
BF101256,Kavya Sharma,Hoodies,Printed Hoodie,1,1654.63,5.0,2026-03-19,Jaipur,Young Professional,485.42,1571.9,82.73
BF100733,Anika Malhotra,T-Shirts,Vintage Print Tee,3,1340.39,25.0,2026-03-20,Hyderabad,Working Professional,882.97,3015.88,1005.29
BF101474,Kritika Verma,T-Shirts,Drop Shoulder Tee,1,1674.43,10.0,2026-03-20,Delhi,Working Professional,463.87,1506.99,167.44
BF100094,Vivaan Mehta,Jeans,Wide Leg Jeans,4,2580.9,25.0,2026-03-21,Chandigarh,Working Professional,1889.01,7742.7,2580.9
BF101068,Neha Das,T-Shirts,Vintage Print Tee,5,1107.49,10.0,2026-03-21,Chandigarh,Casual Shopper,1444.34,4983.7,553.74
BF101204,Aanya Sharma,Bottomwear,Joggers,1,1883.34,5.0,2026-03-21,Surat,Student,518.54,1789.17,94.17
BF101379,Arjun Kapoor,Jackets,Varsity Jacket,1,3688.82,40.0,2026-03-21,Mumbai,Young Professional,402.61,2213.29,1475.53
BF102297,Rohan Joshi,Jeans,Distressed Jeans,4,3505.48,10.0,2026-03-21,Chandigarh,Premium Shopper,3558.93,12619.73,1402.19
BF102664,Anika Reddy,Hoodies,Essential Hoodie,5,2989.68,20.0,2026-03-21,Hyderabad,Casual Shopper,3046.05,11958.72,2989.68
BF102763,Shreya Agarwal,Jackets,Varsity Jacket,3,1985.26,35.0,2026-03-21,Delhi,Casual Shopper,747.9,3871.26,2084.52
BF101101,Simran Mishra,Bottomwear,Joggers,1,2250.23,20.0,2026-03-22,Mumbai,Casual Shopper,460.37,1800.18,450.05
BF101294,Aditi Gupta,Jackets,Utility Jacket,2,2490.41,15.0,2026-03-22,Gurugram,Student,921.98,4233.7,747.12
BF102060,Arjun Das,Jeans,Relaxed Jeans,2,2769.04,25.0,2026-03-22,Hyderabad,Premium Shopper,977.75,4153.56,1384.52
BF102424,Pooja Shah,Jeans,Relaxed Jeans,2,3598.48,15.0,2026-03-22,Hyderabad,Student,1437.8,6117.42,1079.54
BF102874,Riya Agarwal,T-Shirts,Boxy Graphic Tee,2,931.51,15.0,2026-03-22,Gurugram,Casual Shopper,499.87,1583.57,279.45
BF100428,Simran Gupta,T-Shirts,Drop Shoulder Tee,5,841.83,25.0,2026-03-23,Jaipur,Student,775.75,3156.86,1052.29
BF102045,Aditi Mehta,Jackets,Varsity Jacket,1,4237.18,10.0,2026-03-23,Surat,Casual Shopper,925.53,3813.46,423.72
BF102339,Aditya Joshi,Hoodies,Essential Hoodie,1,3239.86,25.0,2026-03-23,Jaipur,Working Professional,617.07,2429.9,809.97
BF100818,Ishaan Joshi,T-Shirts,Vintage Print Tee,4,1052.25,30.0,2026-03-24,Gurugram,Premium Shopper,909.43,2946.3,1262.7
BF100820,Sakshi Agarwal,Hoodies,Streetwear Hoodie,5,3249.32,35.0,2026-03-24,Chandigarh,Working Professional,2621.58,10560.29,5686.31
BF101463,Ananya Gupta,Hoodies,Heavyweight Hoodie,2,2709.7,5.0,2026-03-24,Jaipur,Student,1411.29,5148.43,270.97
BF101771,Aarav Joshi,T-Shirts,Oversized Street Tee,1,1446.5,15.0,2026-03-24,Noida,Student,360.55,1229.52,216.98
BF102384,Kritika Mishra,Jeans,Wide Leg Jeans,3,3840.14,5.0,2026-03-24,Pune,Young Professional,2957.46,10944.4,576.02
BF102767,Arjun Chopra,Jackets,Utility Jacket,4,3614.45,15.0,2026-03-24,Gurugram,Casual Shopper,2763.7,12289.13,2168.67
BF100211,Arjun Joshi,Hoodies,Printed Hoodie,1,1626.93,0.0,2026-03-25,Gurugram,Working Professional,490.97,1626.93,0.0
BF100393,Vivaan Chopra,Hoodies,Essential Hoodie,2,2171.46,20.0,2026-03-25,Mumbai,Casual Shopper,875.46,3474.34,868.58
BF100608,Priya Das,Jeans,Wide Leg Jeans,1,3045.32,25.0,2026-03-25,Mumbai,Student,486.18,2283.99,761.33
BF101652,Nisha Sharma,Jackets,Varsity Jacket,1,2895.64,5.0,2026-03-25,Kolkata,Working Professional,701.82,2750.86,144.78
BF100128,Ananya Mishra,Bottomwear,Joggers,1,1663.34,5.0,2026-03-26,Bengaluru,Casual Shopper,377.24,1580.17,83.17
BF100505,Sakshi Chopra,T-Shirts,Vintage Print Tee,1,1483.25,10.0,2026-03-26,Mumbai,Premium Shopper,365.74,1334.92,148.33
BF102541,Tanya Mehta,T-Shirts,Oversized Street Tee,3,1502.73,15.0,2026-03-26,Bengaluru,Student,984.06,3831.96,676.23
BF102969,Neha Joshi,Hoodies,Essential Hoodie,2,3025.01,5.0,2026-03-26,Chennai,Casual Shopper,1603.09,5747.52,302.5
BF100087,Neha Sharma,Hoodies,Heavyweight Hoodie,1,2196.35,15.0,2026-03-27,Pune,Casual Shopper,475.17,1866.9,329.45
BF101138,Simran Agarwal,T-Shirts,Drop Shoulder Tee,2,741.62,15.0,2026-03-27,Surat,Student,286.09,1260.75,222.49
BF101288,Aarav Gupta,T-Shirts,Drop Shoulder Tee,1,1307.54,15.0,2026-03-27,Mumbai,Student,365.62,1111.41,196.13
BF101406,Kavya Mishra,Jeans,Distressed Jeans,2,3563.98,15.0,2026-03-27,Hyderabad,Student,1412.54,6058.77,1069.19
BF101538,Karan Singh,T-Shirts,Oversized Street Tee,1,1528.28,15.0,2026-03-27,Hyderabad,Young Professional,440.79,1299.04,229.24
BF102188,Sakshi Kapoor,T-Shirts,Oversized Street Tee,2,1009.86,15.0,2026-03-27,Gurugram,Working Professional,487.03,1716.76,302.96
BF100119,Riya Reddy,T-Shirts,Oversized Street Tee,2,1188.02,5.0,2026-03-28,Delhi,Young Professional,676.46,2257.24,118.8
BF101780,Rohan Agarwal,Hoodies,Printed Hoodie,3,1682.7,5.0,2026-03-28,Kolkata,Student,1290.67,4795.7,252.41
BF102512,Vivaan Jain,Bottomwear,Baggy Trousers,1,1888.39,30.0,2026-03-28,Jaipur,Young Professional,333.1,1321.87,566.52
BF100192,Kavya Joshi,Jackets,Overshirt Jacket,2,4109.02,25.0,2026-03-29,Gurugram,Casual Shopper,1254.29,6163.53,2054.51
BF100491,Aarav Kumar,Hoodies,Streetwear Hoodie,2,2799.91,0.0,2026-03-29,Hyderabad,Working Professional,1751.39,5599.82,0.0
BF101192,Isha Singh,Bottomwear,Baggy Trousers,1,1702.13,10.0,2026-03-29,Bengaluru,Casual Shopper,412.96,1531.92,170.21
BF101789,Pooja Joshi,T-Shirts,Boxy Graphic Tee,1,1324.83,15.0,2026-03-29,Jaipur,Working Professional,322.07,1126.11,198.72
BF102044,Sneha Joshi,Jeans,Wide Leg Jeans,2,2314.02,15.0,2026-03-29,Hyderabad,Young Professional,985.05,3933.83,694.21
BF102245,Riya Shah,Jeans,Relaxed Jeans,2,2085.62,15.0,2026-03-29,Mumbai,Casual Shopper,868.63,3545.55,625.69
BF100909,Kritika Agarwal,Hoodies,Printed Hoodie,1,3058.07,30.0,2026-03-30,Noida,Working Professional,448.37,2140.65,917.42
BF101903,Rahul Kumar,T-Shirts,Boxy Graphic Tee,1,1272.34,10.0,2026-03-30,Pune,Student,294.87,1145.11,127.23
BF102258,Meera Saxena,Bottomwear,Parachute Pants,3,1621.98,20.0,2026-03-30,Noida,Young Professional,1061.73,3892.75,973.19
BF102374,Pooja Das,Bottomwear,Cargo Pants,2,1579.47,20.0,2026-03-30,Chandigarh,Student,617.36,2527.15,631.79
BF102941,Nisha Singh,Jackets,Overshirt Jacket,2,1995.06,0.0,2026-03-30,Pune,Working Professional,1086.36,3990.12,0.0
BF100045,Shreya Kapoor,T-Shirts,Oversized Street Tee,1,1572.87,10.0,2026-03-31,Chandigarh,Working Professional,404.11,1415.58,157.29
BF100856,Kavya Jain,Jeans,Relaxed Jeans,2,2327.57,5.0,2026-03-31,Surat,Casual Shopper,1177.76,4422.38,232.76
BF100895,Simran Malhotra,T-Shirts,Vintage Print Tee,1,1576.07,30.0,2026-03-31,Chennai,Student,243.52,1103.25,472.82
BF101578,Diya Reddy,T-Shirts,Vintage Print Tee,3,1621.37,15.0,2026-03-31,Mumbai,Working Professional,1155.83,4134.49,729.62
BF101593,Sneha Agarwal,T-Shirts,Oversized Street Tee,2,1135.01,20.0,2026-03-31,Gurugram,Young Professional,531.09,1816.02,454.0
BF102100,Isha Jain,Jeans,Relaxed Jeans,1,3586.54,5.0,2026-03-31,Lucknow,Young Professional,866.94,3407.21,179.33
BF100043,Nisha Joshi,Jeans,Baggy Jeans,3,2732.62,10.0,2026-04-01,Jaipur,Young Professional,2009.62,7378.07,819.79
BF100425,Isha Mehta,T-Shirts,Boxy Graphic Tee,5,1579.13,15.0,2026-04-01,Chennai,Working Professional,2021.29,6711.3,1184.35
BF100985,Isha Kumar,Jackets,Varsity Jacket,2,3913.71,10.0,2026-04-01,Lucknow,Young Professional,1737.4,7044.68,782.74
BF101484,Aanya Saxena,T-Shirts,Oversized Street Tee,1,1656.87,10.0,2026-04-01,Jaipur,Casual Shopper,477.75,1491.18,165.69
BF102085,Simran Reddy,Jackets,Overshirt Jacket,2,3557.21,25.0,2026-04-01,Gurugram,Working Professional,1231.81,5335.82,1778.6
BF100443,Aditi Agarwal,Hoodies,Heavyweight Hoodie,2,3283.1,20.0,2026-04-02,Lucknow,Casual Shopper,1370.77,5252.96,1313.24
BF100522,Karan Kumar,Jeans,Distressed Jeans,2,3782.99,20.0,2026-04-02,Chandigarh,Premium Shopper,1603.52,6052.78,1513.2
BF101114,Aditya Mehta,Jackets,Overshirt Jacket,2,2181.84,25.0,2026-04-02,Surat,Premium Shopper,747.42,3272.76,1090.92
BF102103,Rahul Bansal,Hoodies,Printed Hoodie,1,2690.07,15.0,2026-04-02,Hyderabad,Working Professional,667.85,2286.56,403.51
BF102383,Vivaan Saxena,T-Shirts,Boxy Graphic Tee,1,861.07,30.0,2026-04-02,Delhi,Student,140.83,602.75,258.32
BF102692,Kavya Gupta,Jeans,Distressed Jeans,1,2476.6,10.0,2026-04-02,Chandigarh,Young Professional,635.84,2228.94,247.66
BF101307,Kabir Das,T-Shirts,Drop Shoulder Tee,3,1574.36,10.0,2026-04-03,Bengaluru,Casual Shopper,1249.14,4250.77,472.31
BF101545,Manya Kapoor,Hoodies,Heavyweight Hoodie,3,2729.72,0.0,2026-04-03,Bengaluru,Premium Shopper,2635.86,8189.16,0.0
BF102575,Simran Saxena,Hoodies,Heavyweight Hoodie,1,3233.98,15.0,2026-04-03,Noida,Working Professional,787.81,2748.88,485.1
BF102794,Aarav Mishra,Jeans,Baggy Jeans,5,1905.99,0.0,2026-04-03,Hyderabad,Working Professional,2730.98,9529.95,0.0
BF100874,Ananya Singh,Hoodies,Printed Hoodie,3,3258.91,35.0,2026-04-04,Bengaluru,Premium Shopper,1676.34,6354.87,3421.86
BF101075,Rahul Chopra,T-Shirts,Vintage Print Tee,1,1326.93,25.0,2026-04-04,Hyderabad,Premium Shopper,312.62,995.2,331.73
BF101709,Rahul Mehta,Hoodies,Essential Hoodie,2,3162.82,25.0,2026-04-04,Lucknow,Young Professional,1225.74,4744.23,1581.41
BF102077,Aarav Reddy,Jackets,Denim Jacket,1,3921.13,40.0,2026-04-04,Bengaluru,Premium Shopper,537.47,2352.68,1568.45
BF102112,Aarav Patel,Jackets,Overshirt Jacket,3,3636.09,25.0,2026-04-04,Delhi,Young Professional,1742.24,8181.2,2727.07
BF102303,Nisha Agarwal,Bottomwear,Cargo Pants,1,2904.56,15.0,2026-04-04,Ahmedabad,Casual Shopper,591.52,2468.88,435.68
BF102362,Rahul Das,Hoodies,Heavyweight Hoodie,1,2338.31,5.0,2026-04-04,Delhi,Premium Shopper,720.09,2221.39,116.92
BF102786,Manya Verma,T-Shirts,Drop Shoulder Tee,1,1280.54,20.0,2026-04-04,Jaipur,Casual Shopper,310.08,1024.43,256.11
BF102869,Pooja Malhotra,Bottomwear,Cargo Pants,3,1535.94,0.0,2026-04-04,Lucknow,Working Professional,1309.51,4607.82,0.0
BF101987,Yash Bansal,T-Shirts,Boxy Graphic Tee,1,762.66,20.0,2026-04-05,Gurugram,Young Professional,172.46,610.13,152.53
BF100735,Aanya Agarwal,Bottomwear,Cargo Pants,1,2532.88,20.0,2026-04-06,Ahmedabad,Casual Shopper,441.19,2026.3,506.58
BF101233,Simran Mehta,T-Shirts,Oversized Street Tee,2,1004.03,15.0,2026-04-06,Kolkata,Premium Shopper,605.11,1706.85,301.21
BF101679,Nisha Singh,T-Shirts,Boxy Graphic Tee,4,998.86,20.0,2026-04-06,Chandigarh,Student,900.24,3196.35,799.09
BF101836,Riya Reddy,Jeans,Relaxed Jeans,2,3087.11,15.0,2026-04-06,Lucknow,Young Professional,1391.04,5248.09,926.13
BF102932,Aanya Mehta,Bottomwear,Cargo Pants,1,2977.66,5.0,2026-04-06,Mumbai,Working Professional,818.87,2828.78,148.88
BF100279,Pooja Chopra,Jackets,Utility Jacket,3,1997.37,35.0,2026-04-07,Kolkata,Working Professional,864.77,3894.87,2097.24
BF100965,Aditi Sharma,Hoodies,Heavyweight Hoodie,2,2759.99,20.0,2026-04-07,Mumbai,Premium Shopper,1250.58,4415.98,1104.0
BF102612,Sakshi Agarwal,T-Shirts,Vintage Print Tee,2,1479.58,20.0,2026-04-07,Kolkata,Casual Shopper,728.43,2367.33,591.83
BF100287,Aanya Chopra,T-Shirts,Vintage Print Tee,1,1244.38,20.0,2026-04-08,Mumbai,Premium Shopper,229.74,995.5,248.88
BF100815,Priya Agarwal,Jackets,Denim Jacket,2,4220.79,0.0,2026-04-08,Jaipur,Young Professional,2121.55,8441.58,0.0
BF101739,Aarav Malhotra,T-Shirts,Oversized Street Tee,1,1550.48,20.0,2026-04-08,Lucknow,Working Professional,286.48,1240.38,310.1
BF102057,Rahul Kumar,Jeans,Baggy Jeans,1,2242.33,30.0,2026-04-08,Bengaluru,Casual Shopper,389.56,1569.63,672.7
BF102782,Priya Verma,Jeans,Distressed Jeans,1,3247.05,10.0,2026-04-08,Jaipur,Student,694.72,2922.34,324.7
BF100276,Anika Mishra,Bottomwear,Parachute Pants,1,2551.84,10.0,2026-04-09,Delhi,Young Professional,657.13,2296.66,255.18
BF101149,Sneha Saxena,Jeans,Baggy Jeans,1,2883.17,30.0,2026-04-09,Delhi,Working Professional,485.07,2018.22,864.95
BF101761,Isha Gupta,Jackets,Denim Jacket,2,4234.84,15.0,2026-04-09,Mumbai,Casual Shopper,1611.94,7199.23,1270.45
BF101794,Kavya Reddy,Bottomwear,Parachute Pants,2,1415.84,15.0,2026-04-09,Mumbai,Student,642.1,2406.93,424.75
BF101851,Priya Nair,Hoodies,Essential Hoodie,3,1560.99,20.0,2026-04-09,Kolkata,Student,847.6,3746.38,936.59
BF101853,Sneha Gupta,T-Shirts,Drop Shoulder Tee,1,725.48,10.0,2026-04-09,Chandigarh,Student,175.87,652.93,72.55
BF102583,Kavya Nair,T-Shirts,Vintage Print Tee,1,1124.48,0.0,2026-04-09,Ahmedabad,Working Professional,395.24,1124.48,0.0
BF100979,Arjun Kapoor,T-Shirts,Boxy Graphic Tee,2,1073.28,15.0,2026-04-10,Surat,Young Professional,521.24,1824.58,321.98
BF101693,Manya Mehta,Hoodies,Streetwear Hoodie,2,2426.78,35.0,2026-04-10,Hyderabad,Working Professional,768.26,3154.81,1698.75
BF102546,Pooja Agarwal,T-Shirts,Drop Shoulder Tee,1,774.88,0.0,2026-04-10,Chandigarh,Working Professional,290.34,774.88,0.0
BF100120,Nisha Agarwal,T-Shirts,Boxy Graphic Tee,3,954.87,15.0,2026-04-11,Pune,Young Professional,703.89,2434.92,429.69
BF100476,Riya Reddy,Hoodies,Essential Hoodie,1,2684.2,10.0,2026-04-11,Noida,Premium Shopper,685.98,2415.78,268.42
BF101320,Meera Das,Hoodies,Printed Hoodie,3,2542.87,10.0,2026-04-11,Mumbai,Casual Shopper,1898.55,6865.75,762.86
BF101908,Vivaan Singh,Jackets,Denim Jacket,2,1920.55,5.0,2026-04-11,Hyderabad,Student,951.56,3649.04,192.06
BF102937,Meera Nair,T-Shirts,Boxy Graphic Tee,1,965.87,5.0,2026-04-11,Chandigarh,Premium Shopper,327.2,917.58,48.29
BF100200,Aarav Gupta,Hoodies,Heavyweight Hoodie,1,3154.57,5.0,2026-04-12,Mumbai,Working Professional,873.28,2996.84,157.73
BF101763,Sakshi Singh,T-Shirts,Vintage Print Tee,1,1561.18,20.0,2026-04-12,Hyderabad,Young Professional,389.63,1248.94,312.24
BF100185,Aarav Reddy,Hoodies,Streetwear Hoodie,2,1970.93,15.0,2026-04-13,Bengaluru,Working Professional,948.65,3350.58,591.28
BF100218,Aditya Nair,Hoodies,Essential Hoodie,2,3209.56,25.0,2026-04-13,Hyderabad,Young Professional,1273.92,4814.34,1604.78
BF100878,Riya Das,Hoodies,Heavyweight Hoodie,2,2914.54,5.0,2026-04-13,Bengaluru,Working Professional,1579.83,5537.63,291.45
BF101704,Sakshi Kumar,T-Shirts,Boxy Graphic Tee,2,822.29,0.0,2026-04-13,Chennai,Premium Shopper,560.57,1644.58,0.0
BF102819,Neha Kapoor,Jeans,Wide Leg Jeans,1,3157.06,35.0,2026-04-13,Jaipur,Working Professional,479.53,2052.09,1104.97
BF102854,Rohan Singh,Jackets,Denim Jacket,2,4060.84,20.0,2026-04-13,Chennai,Working Professional,1528.02,6497.34,1624.34
BF100847,Anika Kapoor,Hoodies,Heavyweight Hoodie,2,2001.17,25.0,2026-04-14,Lucknow,Young Professional,791.34,3001.76,1000.58
BF101180,Simran Nair,Jeans,Wide Leg Jeans,3,1912.08,30.0,2026-04-14,Lucknow,Working Professional,1022.47,4015.37,1720.87
BF102366,Neha Mehta,Jeans,Distressed Jeans,1,2320.14,35.0,2026-04-14,Bengaluru,Premium Shopper,344.91,1508.09,812.05
BF100538,Kavya Saxena,T-Shirts,Oversized Street Tee,1,1473.98,25.0,2026-04-15,Kolkata,Working Professional,278.86,1105.49,368.49
BF100897,Aanya Joshi,Jackets,Utility Jacket,1,4210.83,0.0,2026-04-15,Chennai,Young Professional,1048.49,4210.83,0.0
BF101008,Ananya Jain,T-Shirts,Drop Shoulder Tee,1,815.79,15.0,2026-04-15,Kolkata,Working Professional,218.89,693.42,122.37
BF101971,Ishaan Kumar,Jackets,Denim Jacket,1,3069.09,5.0,2026-04-15,Gurugram,Premium Shopper,795.32,2915.64,153.45
BF102910,Vivaan Jain,T-Shirts,Oversized Street Tee,2,1377.98,25.0,2026-04-15,Gurugram,Working Professional,561.81,2066.97,688.99
BF101710,Isha Gupta,Jeans,Relaxed Jeans,1,1894.48,25.0,2026-04-16,Hyderabad,Working Professional,374.26,1420.86,473.62
BF101728,Anika Nair,Jackets,Overshirt Jacket,1,1931.53,25.0,2026-04-16,Noida,Working Professional,319.71,1448.65,482.88
BF102039,Meera Joshi,T-Shirts,Boxy Graphic Tee,1,994.82,10.0,2026-04-16,Chennai,Premium Shopper,307.27,895.34,99.48
BF100669,Tanya Mishra,T-Shirts,Vintage Print Tee,1,999.32,10.0,2026-04-17,Gurugram,Premium Shopper,254.27,899.39,99.93
BF100685,Ananya Reddy,Bottomwear,Baggy Trousers,1,1826.16,30.0,2026-04-17,Pune,Young Professional,291.32,1278.31,547.85
BF100984,Manya Mishra,Bottomwear,Cargo Pants,1,1833.73,15.0,2026-04-17,Gurugram,Student,405.5,1558.67,275.06
BF101743,Simran Jain,Jeans,Distressed Jeans,1,2288.12,10.0,2026-04-17,Chandigarh,Casual Shopper,452.78,2059.31,228.81
BF102139,Ananya Nair,Hoodies,Heavyweight Hoodie,1,2550.12,20.0,2026-04-17,Chandigarh,Working Professional,572.81,2040.1,510.02
BF100757,Isha Reddy,Bottomwear,Baggy Trousers,2,1705.0,15.0,2026-04-18,Hyderabad,Casual Shopper,756.16,2898.5,511.5
BF101955,Manya Patel,T-Shirts,Oversized Street Tee,4,777.55,5.0,2026-04-18,Mumbai,Student,824.14,2954.69,155.51
BF101966,Tanya Malhotra,Jackets,Overshirt Jacket,4,2733.4,30.0,2026-04-18,Jaipur,Young Professional,1631.25,7653.52,3280.08
BF102342,Nisha Kumar,T-Shirts,Boxy Graphic Tee,1,1300.72,15.0,2026-04-18,Chennai,Young Professional,347.58,1105.61,195.11
BF102750,Karan Bansal,Hoodies,Essential Hoodie,2,2035.05,25.0,2026-04-18,Noida,Young Professional,811.18,3052.58,1017.53
BF102891,Rahul Sharma,T-Shirts,Drop Shoulder Tee,2,899.47,35.0,2026-04-18,Gurugram,Working Professional,291.99,1169.31,629.63
BF100355,Kabir Verma,T-Shirts,Drop Shoulder Tee,3,1149.32,30.0,2026-04-19,Ahmedabad,Student,521.05,2413.57,1034.39
BF100564,Simran Nair,T-Shirts,Boxy Graphic Tee,3,1268.77,20.0,2026-04-19,Chandigarh,Working Professional,877.15,3045.05,761.26
BF100583,Manya Das,Hoodies,Printed Hoodie,1,3357.98,5.0,2026-04-19,Kolkata,Student,830.39,3190.08,167.9
BF100628,Pooja Chopra,T-Shirts,Vintage Print Tee,1,1349.33,25.0,2026-04-19,Mumbai,Student,307.71,1012.0,337.33
BF100633,Rahul Mishra,T-Shirts,Vintage Print Tee,1,1284.0,15.0,2026-04-20,Noida,Student,330.62,1091.4,192.6
BF100660,Nisha Gupta,Jeans,Distressed Jeans,1,2305.5,35.0,2026-04-20,Surat,Working Professional,361.2,1498.58,806.92
BF101520,Shreya Jain,Hoodies,Essential Hoodie,1,2744.58,20.0,2026-04-20,Gurugram,Student,614.4,2195.66,548.92
BF101581,Isha Kumar,Jeans,Relaxed Jeans,1,2256.19,25.0,2026-04-20,Bengaluru,Casual Shopper,322.12,1692.14,564.05
BF101629,Kritika Jain,Hoodies,Heavyweight Hoodie,1,1679.96,15.0,2026-04-20,Chandigarh,Premium Shopper,481.4,1427.97,251.99
BF101798,Yash Mishra,Jeans,Relaxed Jeans,2,2119.82,10.0,2026-04-20,Kolkata,Premium Shopper,1147.67,3815.68,423.96
BF102615,Kritika Kapoor,Jeans,Wide Leg Jeans,1,3853.51,35.0,2026-04-20,Lucknow,Premium Shopper,610.04,2504.78,1348.73
BF102846,Manya Singh,Bottomwear,Parachute Pants,1,2123.43,10.0,2026-04-20,Lucknow,Working Professional,588.67,1911.09,212.34
BF100006,Aanya Joshi,Jeans,Relaxed Jeans,4,2356.17,30.0,2026-04-21,Jaipur,Casual Shopper,1374.23,6597.28,2827.4
BF100172,Kabir Shah,T-Shirts,Drop Shoulder Tee,3,1512.3,0.0,2026-04-21,Lucknow,Student,1420.98,4536.9,0.0
BF101067,Pooja Nair,Jackets,Denim Jacket,2,3167.96,25.0,2026-04-21,Surat,Young Professional,991.61,4751.94,1583.98
BF101230,Sneha Saxena,Jeans,Distressed Jeans,2,2706.72,30.0,2026-04-21,Chandigarh,Casual Shopper,783.25,3789.41,1624.03
BF101701,Riya Gupta,T-Shirts,Boxy Graphic Tee,5,1513.35,0.0,2026-04-21,Kolkata,Student,2262.66,7566.75,0.0
BF102153,Aditi Bansal,Bottomwear,Joggers,1,1690.02,25.0,2026-04-21,Delhi,Casual Shopper,297.93,1267.51,422.51
BF102788,Aditya Sharma,Hoodies,Heavyweight Hoodie,2,1777.32,20.0,2026-04-21,Mumbai,Student,687.35,2843.71,710.93
BF100474,Meera Kapoor,Hoodies,Printed Hoodie,1,2471.38,40.0,2026-04-22,Lucknow,Working Professional,345.65,1482.83,988.55
BF102009,Rohan Kumar,Jackets,Denim Jacket,2,4165.89,5.0,2026-04-22,Chandigarh,Casual Shopper,1945.29,7915.19,416.59
BF102140,Vivaan Gupta,T-Shirts,Oversized Street Tee,2,1660.68,15.0,2026-04-22,Hyderabad,Young Professional,803.47,2823.16,498.2
BF102741,Kabir Nair,T-Shirts,Drop Shoulder Tee,1,760.8,20.0,2026-04-22,Hyderabad,Young Professional,154.29,608.64,152.16
BF101261,Ananya Jain,T-Shirts,Boxy Graphic Tee,1,1036.28,20.0,2026-04-23,Noida,Student,232.06,829.02,207.26
BF102331,Riya Reddy,Jeans,Wide Leg Jeans,1,2444.99,25.0,2026-04-23,Delhi,Student,346.73,1833.74,611.25
BF102460,Isha Kapoor,Hoodies,Printed Hoodie,2,2222.5,25.0,2026-04-23,Hyderabad,Working Professional,854.96,3333.75,1111.25
BF102825,Anika Bansal,Jackets,Varsity Jacket,2,3429.54,30.0,2026-04-23,Ahmedabad,Working Professional,953.41,4801.36,2057.72
BF101306,Pooja Singh,Bottomwear,Baggy Trousers,2,1572.15,5.0,2026-04-24,Kolkata,Casual Shopper,853.28,2987.08,157.22
BF101720,Simran Mehta,T-Shirts,Oversized Street Tee,1,1638.84,40.0,2026-04-24,Surat,Working Professional,372.89,983.3,655.54
BF101737,Rohan Mishra,Hoodies,Printed Hoodie,4,1675.4,10.0,2026-04-24,Hyderabad,Working Professional,1775.37,6031.44,670.16
BF102038,Yash Nair,Jeans,Baggy Jeans,1,3842.27,15.0,2026-04-24,Ahmedabad,Working Professional,865.13,3265.93,576.34
BF100831,Arjun Sharma,Jeans,Wide Leg Jeans,1,2006.87,15.0,2026-04-25,Pune,Working Professional,375.37,1705.84,301.03
BF100916,Priya Jain,Jackets,Varsity Jacket,5,2734.81,30.0,2026-04-25,Pune,Student,1805.98,9571.83,4102.22
BF100948,Tanya Saxena,T-Shirts,Vintage Print Tee,2,1635.52,30.0,2026-04-25,Bengaluru,Premium Shopper,670.85,2289.73,981.31
BF101432,Anika Malhotra,T-Shirts,Vintage Print Tee,1,839.08,15.0,2026-04-25,Hyderabad,Working Professional,206.55,713.22,125.86
BF102202,Aanya Saxena,T-Shirts,Vintage Print Tee,4,1518.76,5.0,2026-04-25,Noida,Premium Shopper,1973.86,5771.29,303.75
BF102416,Kabir Nair,T-Shirts,Boxy Graphic Tee,1,916.07,10.0,2026-04-25,Hyderabad,Young Professional,192.77,824.46,91.61
BF102991,Priya Gupta,T-Shirts,Drop Shoulder Tee,2,1081.02,10.0,2026-04-25,Ahmedabad,Premium Shopper,588.54,1945.84,216.2
BF100541,Tanya Malhotra,Jackets,Overshirt Jacket,1,3234.03,15.0,2026-04-26,Delhi,Young Professional,637.99,2748.93,485.1
BF101020,Sneha Chopra,T-Shirts,Drop Shoulder Tee,2,1559.36,10.0,2026-04-26,Gurugram,Student,832.25,2806.85,311.87
BF101163,Yash Jain,Jackets,Utility Jacket,1,3610.46,30.0,2026-04-26,Lucknow,Working Professional,543.36,2527.32,1083.14
BF101399,Rahul Malhotra,Jeans,Distressed Jeans,2,2177.56,15.0,2026-04-26,Bengaluru,Working Professional,949.8,3701.85,653.27
BF102357,Aditya Joshi,Hoodies,Streetwear Hoodie,1,1907.43,20.0,2026-04-26,Noida,Casual Shopper,437.78,1525.94,381.49
BF100179,Aarav Patel,Jeans,Relaxed Jeans,2,3292.39,25.0,2026-04-27,Mumbai,Student,1094.92,4938.58,1646.19
BF100440,Ananya Verma,Hoodies,Heavyweight Hoodie,2,3404.68,5.0,2026-04-27,Delhi,Premium Shopper,2008.5,6468.89,340.47
BF101182,Tanya Reddy,Hoodies,Essential Hoodie,1,2776.14,25.0,2026-04-27,Chandigarh,Working Professional,523.71,2082.1,694.03
BF101435,Vivaan Agarwal,Hoodies,Heavyweight Hoodie,1,1824.44,20.0,2026-04-27,Surat,Casual Shopper,384.77,1459.55,364.89
BF100682,Anika Bansal,Jackets,Overshirt Jacket,1,3952.1,30.0,2026-04-29,Mumbai,Student,559.67,2766.47,1185.63
BF101011,Kabir Mehta,Jackets,Varsity Jacket,4,2531.89,0.0,2026-04-29,Lucknow,Working Professional,2791.27,10127.56,0.0
BF101286,Kavya Mishra,Jeans,Distressed Jeans,3,2839.87,15.0,2026-04-30,Chennai,Casual Shopper,1761.15,7241.67,1277.94
BF102180,Diya Nair,Bottomwear,Baggy Trousers,1,1458.1,10.0,2026-04-30,Delhi,Working Professional,337.97,1312.29,145.81
BF102576,Rohan Gupta,Jackets,Denim Jacket,3,3455.49,20.0,2026-04-30,Ahmedabad,Premium Shopper,1982.59,8293.18,2073.29
BF102686,Ishaan Reddy,Hoodies,Heavyweight Hoodie,4,1700.95,30.0,2026-04-30,Chandigarh,Premium Shopper,1250.44,4762.66,2041.14
BF101222,Manya Mehta,Hoodies,Streetwear Hoodie,1,2669.6,5.0,2026-05-01,Kolkata,Working Professional,769.03,2536.12,133.48
BF101380,Isha Mishra,T-Shirts,Vintage Print Tee,2,1193.54,10.0,2026-05-01,Surat,Young Professional,740.34,2148.37,238.71
BF101154,Anika Das,Jackets,Varsity Jacket,3,3603.14,15.0,2026-05-02,Jaipur,Working Professional,2229.28,9188.01,1621.41
BF101770,Ananya Chopra,T-Shirts,Oversized Street Tee,1,1486.19,15.0,2026-05-02,Pune,Working Professional,466.58,1263.26,222.93
BF101841,Rohan Das,T-Shirts,Vintage Print Tee,4,793.51,15.0,2026-05-02,Delhi,Student,732.95,2697.93,476.11
BF101989,Ishaan Saxena,Jackets,Varsity Jacket,1,3237.06,25.0,2026-05-02,Chennai,Young Professional,450.39,2427.8,809.26
BF102471,Simran Kumar,T-Shirts,Oversized Street Tee,1,1297.39,5.0,2026-05-02,Ahmedabad,Young Professional,408.08,1232.52,64.87
BF102654,Aanya Agarwal,Jackets,Varsity Jacket,2,1924.91,5.0,2026-05-02,Surat,Casual Shopper,884.88,3657.33,192.49
BF102982,Anika Das,T-Shirts,Boxy Graphic Tee,2,1045.93,15.0,2026-05-02,Gurugram,Working Professional,530.97,1778.08,313.78
BF100565,Ishaan Agarwal,Jackets,Denim Jacket,3,2037.67,25.0,2026-05-03,Chandigarh,Working Professional,979.51,4584.76,1528.25
BF100795,Nisha Saxena,Jeans,Distressed Jeans,2,2989.01,20.0,2026-05-03,Delhi,Casual Shopper,1127.53,4782.42,1195.6
BF101013,Aditya Chopra,Hoodies,Streetwear Hoodie,2,3493.03,15.0,2026-05-03,Pune,Student,1556.63,5938.15,1047.91
BF101333,Manya Jain,Hoodies,Printed Hoodie,1,3104.15,5.0,2026-05-03,Noida,Young Professional,837.88,2948.94,155.21
BF101499,Priya Bansal,Bottomwear,Parachute Pants,2,2417.92,15.0,2026-05-03,Chandigarh,Premium Shopper,1176.83,4110.46,725.38
BF101859,Manya Jain,Jeans,Relaxed Jeans,3,3390.73,15.0,2026-05-03,Gurugram,Young Professional,2200.34,8646.36,1525.83
BF101867,Nisha Kumar,T-Shirts,Oversized Street Tee,1,1134.09,15.0,2026-05-03,Lucknow,Young Professional,302.91,963.98,170.11
BF102711,Meera Chopra,Hoodies,Heavyweight Hoodie,4,3035.8,5.0,2026-05-03,Chennai,Student,3095.15,11536.04,607.16
BF102809,Aarav Agarwal,T-Shirts,Drop Shoulder Tee,3,922.91,0.0,2026-05-03,Kolkata,Student,777.28,2768.73,0.0
BF100457,Anika Shah,Jeans,Relaxed Jeans,3,2227.44,10.0,2026-05-04,Surat,Working Professional,1649.74,6014.09,668.23
BF100968,Anika Chopra,Bottomwear,Joggers,2,2428.03,10.0,2026-05-04,Ahmedabad,Student,1148.25,4370.45,485.61
BF101201,Nisha Gupta,T-Shirts,Drop Shoulder Tee,1,874.88,5.0,2026-05-04,Mumbai,Working Professional,284.59,831.14,43.74
BF101633,Simran Saxena,T-Shirts,Boxy Graphic Tee,1,803.71,20.0,2026-05-04,Chennai,Casual Shopper,250.13,642.97,160.74
BF101821,Yash Shah,T-Shirts,Oversized Street Tee,1,1373.82,25.0,2026-05-04,Lucknow,Student,209.95,1030.36,343.45
BF100652,Riya Singh,T-Shirts,Vintage Print Tee,4,987.31,15.0,2026-05-05,Jaipur,Casual Shopper,1002.37,3356.85,592.39
BF102173,Kavya Mehta,T-Shirts,Drop Shoulder Tee,1,746.13,0.0,2026-05-05,Lucknow,Working Professional,277.04,746.13,0.0
BF102544,Shreya Shah,T-Shirts,Drop Shoulder Tee,4,1486.89,0.0,2026-05-05,Ahmedabad,Young Professional,1974.21,5947.56,0.0
BF102924,Riya Malhotra,Hoodies,Heavyweight Hoodie,2,1805.51,15.0,2026-05-05,Hyderabad,Young Professional,838.26,3069.37,541.65
BF100220,Manya Bansal,Jeans,Distressed Jeans,1,2245.16,5.0,2026-05-06,Kolkata,Student,532.75,2132.9,112.26
BF101016,Sneha Shah,T-Shirts,Boxy Graphic Tee,2,1625.92,10.0,2026-05-06,Noida,Working Professional,977.93,2926.66,325.18
BF101024,Rohan Singh,T-Shirts,Oversized Street Tee,2,1540.83,10.0,2026-05-06,Bengaluru,Student,767.79,2773.49,308.17
BF101620,Simran Nair,T-Shirts,Drop Shoulder Tee,2,1065.6,15.0,2026-05-06,Pune,Premium Shopper,565.67,1811.52,319.68
BF102864,Anika Mishra,T-Shirts,Boxy Graphic Tee,2,1353.34,20.0,2026-05-07,Hyderabad,Student,588.84,2165.34,541.34
BF100975,Ananya Chopra,T-Shirts,Drop Shoulder Tee,3,1123.07,20.0,2026-05-08,Chennai,Young Professional,824.71,2695.37,673.84
BF101227,Isha Verma,Jackets,Overshirt Jacket,1,2913.64,10.0,2026-05-08,Gurugram,Student,621.76,2622.28,291.36
BF102011,Karan Mishra,Hoodies,Essential Hoodie,2,2477.32,10.0,2026-05-09,Noida,Working Professional,1303.4,4459.18,495.46
BF100071,Tanya Patel,Jeans,Baggy Jeans,3,3297.14,15.0,2026-05-10,Noida,Young Professional,2146.41,8407.71,1483.71
BF102490,Kabir Joshi,T-Shirts,Vintage Print Tee,1,975.04,10.0,2026-05-10,Mumbai,Casual Shopper,343.04,877.54,97.5
BF101014,Aanya Chopra,Hoodies,Streetwear Hoodie,1,1920.36,30.0,2026-05-11,Kolkata,Working Professional,362.74,1344.25,576.11
BF101466,Ananya Reddy,Bottomwear,Joggers,2,2784.5,30.0,2026-05-11,Lucknow,Working Professional,994.06,3898.3,1670.7
BF102055,Kritika Kapoor,T-Shirts,Vintage Print Tee,1,1183.49,0.0,2026-05-11,Mumbai,Premium Shopper,348.87,1183.49,0.0
BF100339,Aditya Chopra,Jackets,Utility Jacket,1,4372.58,35.0,2026-05-12,Chandigarh,Premium Shopper,608.55,2842.18,1530.4
BF100452,Tanya Patel,T-Shirts,Oversized Street Tee,5,833.91,5.0,2026-05-12,Noida,Young Professional,1241.01,3961.07,208.48
BF101263,Sakshi Kapoor,Jeans,Relaxed Jeans,2,3223.39,5.0,2026-05-12,Surat,Premium Shopper,1814.1,6124.44,322.34
BF101591,Kavya Saxena,Jeans,Distressed Jeans,5,2989.26,15.0,2026-05-12,Ahmedabad,Student,2961.4,12704.36,2241.94
BF102300,Vivaan Bansal,T-Shirts,Drop Shoulder Tee,3,1504.8,15.0,2026-05-12,Chandigarh,Premium Shopper,1187.34,3837.24,677.16
BF100510,Rahul Malhotra,Jackets,Utility Jacket,2,4307.57,10.0,2026-05-13,Pune,Premium Shopper,2047.48,7753.63,861.51
BF101076,Priya Kapoor,Jackets,Varsity Jacket,1,1875.35,25.0,2026-05-13,Kolkata,Working Professional,386.22,1406.51,468.84
BF101174,Kavya Singh,Bottomwear,Parachute Pants,2,1812.35,10.0,2026-05-13,Jaipur,Young Professional,926.19,3262.23,362.47
BF102110,Anika Nair,T-Shirts,Vintage Print Tee,4,1490.64,0.0,2026-05-13,Delhi,Casual Shopper,1915.2,5962.56,0.0
BF102326,Manya Chopra,Hoodies,Printed Hoodie,1,3037.13,15.0,2026-05-13,Jaipur,Premium Shopper,685.13,2581.56,455.57
BF102712,Nisha Patel,Hoodies,Heavyweight Hoodie,4,2447.05,15.0,2026-05-13,Delhi,Working Professional,2307.04,8319.97,1468.23
BF100291,Kritika Verma,Jeans,Wide Leg Jeans,1,2374.68,10.0,2026-05-14,Surat,Student,484.74,2137.21,237.47
BF102071,Pooja Singh,Jackets,Utility Jacket,4,4058.28,5.0,2026-05-14,Ahmedabad,Student,3588.06,15421.46,811.66
BF102174,Nisha Bansal,Jackets,Utility Jacket,5,3580.23,10.0,2026-05-14,Lucknow,Student,3587.98,16111.04,1790.11
BF100132,Kritika Shah,Jackets,Denim Jacket,1,3042.73,15.0,2026-05-15,Lucknow,Working Professional,647.09,2586.32,456.41
BF100871,Aanya Bansal,Jeans,Baggy Jeans,1,3088.58,5.0,2026-05-15,Jaipur,Student,682.4,2934.15,154.43
BF101923,Ananya Mishra,Hoodies,Streetwear Hoodie,1,3330.54,35.0,2026-05-15,Pune,Working Professional,388.64,2164.85,1165.69
BF102453,Sakshi Agarwal,Jackets,Utility Jacket,2,4291.29,35.0,2026-05-15,Gurugram,Working Professional,1149.63,5578.68,3003.9
BF100323,Rahul Saxena,Hoodies,Heavyweight Hoodie,1,3296.68,35.0,2026-05-16,Bengaluru,Working Professional,469.05,2142.84,1153.84
BF100597,Rohan Malhotra,Bottomwear,Baggy Trousers,2,2020.05,5.0,2026-05-16,Bengaluru,Working Professional,1135.3,3838.1,202.01
BF100134,Neha Nair,Jeans,Wide Leg Jeans,3,2201.36,0.0,2026-05-17,Delhi,Working Professional,1968.02,6604.08,0.0
BF100143,Sakshi Verma,Jackets,Overshirt Jacket,3,2622.85,15.0,2026-05-17,Chandigarh,Student,1464.75,6688.27,1180.28
BF100944,Ananya Joshi,Hoodies,Essential Hoodie,5,3225.71,0.0,2026-05-17,Chennai,Working Professional,4984.31,16128.55,0.0
BF102338,Simran Shah,T-Shirts,Vintage Print Tee,1,1073.41,5.0,2026-05-17,Chandigarh,Working Professional,309.66,1019.74,53.67
BF100239,Rahul Nair,Bottomwear,Joggers,1,2815.18,10.0,2026-05-18,Mumbai,Premium Shopper,670.33,2533.66,281.52
BF101557,Kritika Singh,T-Shirts,Boxy Graphic Tee,3,812.04,10.0,2026-05-18,Jaipur,Student,619.44,2192.51,243.61
BF101767,Tanya Saxena,Hoodies,Streetwear Hoodie,3,1790.28,30.0,2026-05-18,Mumbai,Student,836.18,3759.59,1611.25
BF102052,Kritika Mishra,Hoodies,Printed Hoodie,3,2945.15,5.0,2026-05-18,Ahmedabad,Young Professional,2434.53,8393.68,441.77
BF100054,Meera Mishra,Bottomwear,Cargo Pants,1,2702.86,20.0,2026-05-19,Surat,Student,525.59,2162.29,540.57
BF100295,Sneha Das,Bottomwear,Cargo Pants,2,2640.78,25.0,2026-05-19,Ahmedabad,Premium Shopper,1043.94,3961.17,1320.39
BF100361,Priya Gupta,T-Shirts,Vintage Print Tee,2,1434.14,15.0,2026-05-19,Surat,Student,609.54,2438.04,430.24
BF101326,Aanya Joshi,Jackets,Overshirt Jacket,2,2709.23,10.0,2026-05-19,Ahmedabad,Working Professional,1165.36,4876.61,541.85
BF102205,Tanya Reddy,Jeans,Relaxed Jeans,1,2197.08,10.0,2026-05-19,Mumbai,Working Professional,506.19,1977.37,219.71
BF102279,Shreya Nair,Hoodies,Essential Hoodie,1,2109.34,10.0,2026-05-19,Surat,Working Professional,515.19,1898.41,210.93
BF100229,Anika Verma,T-Shirts,Boxy Graphic Tee,1,1144.67,10.0,2026-05-20,Gurugram,Working Professional,310.7,1030.2,114.47
BF100549,Kritika Mishra,Jeans,Baggy Jeans,1,2302.26,20.0,2026-05-20,Ahmedabad,Casual Shopper,478.33,1841.81,460.45
BF100961,Anika Shah,Hoodies,Printed Hoodie,2,1669.41,35.0,2026-05-20,Kolkata,Young Professional,530.14,2170.23,1168.59
BF101532,Aarav Joshi,Jeans,Distressed Jeans,4,2604.94,0.0,2026-05-20,Bengaluru,Premium Shopper,3083.78,10419.76,0.0
BF101943,Manya Kumar,Jeans,Distressed Jeans,1,3942.05,15.0,2026-05-20,Mumbai,Casual Shopper,851.37,3350.74,591.31
BF102104,Sakshi Singh,Bottomwear,Joggers,4,2398.06,15.0,2026-05-20,Lucknow,Working Professional,2211.75,8153.4,1438.84
BF100059,Rohan Gupta,T-Shirts,Drop Shoulder Tee,3,950.72,20.0,2026-05-21,Jaipur,Student,644.89,2281.73,570.43
BF100081,Isha Bansal,Hoodies,Essential Hoodie,4,3129.84,20.0,2026-05-21,Mumbai,Working Professional,2694.52,10015.49,2503.87
BF100261,Aarav Verma,Hoodies,Essential Hoodie,1,1850.15,25.0,2026-05-21,Mumbai,Premium Shopper,306.22,1387.61,462.54
BF100370,Vivaan Shah,T-Shirts,Oversized Street Tee,3,774.14,25.0,2026-05-21,Hyderabad,Working Professional,560.73,1741.82,580.6
BF100743,Sakshi Das,Bottomwear,Joggers,2,2524.76,15.0,2026-05-21,Jaipur,Working Professional,1099.43,4292.09,757.43
BF101106,Diya Bansal,T-Shirts,Oversized Street Tee,2,1204.05,15.0,2026-05-21,Gurugram,Premium Shopper,595.71,2046.88,361.22
BF102053,Kavya Chopra,Bottomwear,Baggy Trousers,3,2704.77,5.0,2026-05-21,Surat,Working Professional,2284.31,7708.59,405.72
BF102457,Shreya Sharma,Jackets,Utility Jacket,1,2971.46,10.0,2026-05-21,Surat,Student,643.52,2674.31,297.15
BF102555,Shreya Malhotra,T-Shirts,Vintage Print Tee,1,739.28,30.0,2026-05-21,Hyderabad,Casual Shopper,82.31,517.5,221.78
BF102730,Riya Joshi,T-Shirts,Drop Shoulder Tee,2,821.38,5.0,2026-05-21,Chandigarh,Student,476.3,1560.62,82.14
BF100129,Ishaan Mishra,T-Shirts,Drop Shoulder Tee,3,1238.18,10.0,2026-05-22,Surat,Working Professional,1019.8,3343.09,371.45
BF100492,Isha Mehta,Jeans,Wide Leg Jeans,2,1892.56,30.0,2026-05-22,Bengaluru,Student,602.88,2649.58,1135.54
BF100504,Tanya Joshi,Hoodies,Streetwear Hoodie,2,1825.13,20.0,2026-05-22,Ahmedabad,Working Professional,851.1,2920.21,730.05
BF101377,Tanya Das,T-Shirts,Vintage Print Tee,2,1228.35,15.0,2026-05-22,Chennai,Working Professional,541.68,2088.19,368.51
BF101792,Karan Mehta,Jeans,Relaxed Jeans,2,3108.17,15.0,2026-05-22,Gurugram,Young Professional,1332.1,5283.89,932.45
BF102446,Arjun Kumar,Jackets,Overshirt Jacket,4,2682.24,15.0,2026-05-22,Hyderabad,Young Professional,2145.02,9119.62,1609.34
BF101906,Neha Chopra,Jackets,Varsity Jacket,1,2081.02,15.0,2026-05-23,Delhi,Working Professional,417.27,1768.87,312.15
BF101935,Vivaan Mehta,T-Shirts,Boxy Graphic Tee,1,738.75,10.0,2026-05-23,Kolkata,Premium Shopper,256.28,664.88,73.88
BF102220,Priya Sharma,Hoodies,Essential Hoodie,4,3321.5,30.0,2026-05-23,Chandigarh,Young Professional,2287.65,9300.2,3985.8
BF101162,Ishaan Das,Hoodies,Essential Hoodie,1,3155.92,10.0,2026-05-24,Mumbai,Casual Shopper,728.32,2840.33,315.59
BF102238,Arjun Kapoor,T-Shirts,Vintage Print Tee,1,1319.18,20.0,2026-05-24,Noida,Casual Shopper,206.3,1055.34,263.84
BF100484,Pooja Kapoor,Jeans,Distressed Jeans,2,3463.8,20.0,2026-05-25,Surat,Student,1257.73,5542.08,1385.52
BF100548,Diya Sharma,T-Shirts,Boxy Graphic Tee,3,1198.47,0.0,2026-05-25,Surat,Working Professional,1185.27,3595.41,0.0
BF100571,Pooja Chopra,Hoodies,Essential Hoodie,1,2001.64,35.0,2026-05-25,Ahmedabad,Working Professional,251.82,1301.07,700.57
BF100955,Kritika Gupta,Hoodies,Streetwear Hoodie,2,2374.67,0.0,2026-05-25,Delhi,Premium Shopper,1498.46,4749.34,0.0
BF101489,Simran Das,T-Shirts,Vintage Print Tee,2,713.08,25.0,2026-05-25,Noida,Casual Shopper,289.05,1069.62,356.54
BF102088,Simran Sharma,Jeans,Distressed Jeans,1,3234.57,10.0,2026-05-25,Surat,Student,724.23,2911.11,323.46
BF102105,Meera Reddy,T-Shirts,Oversized Street Tee,1,1123.57,35.0,2026-05-25,Jaipur,Student,157.44,730.32,393.25
BF100047,Vivaan Mehta,Jeans,Baggy Jeans,5,3693.41,20.0,2026-05-26,Delhi,Young Professional,3610.6,14773.64,3693.41
BF100333,Isha Reddy,Bottomwear,Joggers,2,2497.11,5.0,2026-05-26,Pune,Premium Shopper,1416.34,4744.51,249.71
BF101542,Rahul Agarwal,Jackets,Varsity Jacket,1,4164.57,30.0,2026-05-26,Lucknow,Young Professional,648.78,2915.2,1249.37
BF101884,Aditi Joshi,Jeans,Distressed Jeans,1,3257.18,35.0,2026-05-26,Hyderabad,Casual Shopper,405.59,2117.17,1140.01
BF101967,Sakshi Singh,Bottomwear,Cargo Pants,2,2513.87,25.0,2026-05-26,Lucknow,Casual Shopper,845.88,3770.8,1256.94
BF100602,Aarav Jain,T-Shirts,Drop Shoulder Tee,2,1000.46,5.0,2026-05-28,Chandigarh,Young Professional,609.33,1900.87,100.05
BF100956,Vivaan Gupta,T-Shirts,Boxy Graphic Tee,3,1370.3,15.0,2026-05-28,Delhi,Student,951.51,3494.26,616.64
BF102064,Nisha Verma,Hoodies,Printed Hoodie,4,1526.88,0.0,2026-05-28,Delhi,Student,1736.67,6107.52,0.0
BF102978,Kavya Malhotra,Hoodies,Essential Hoodie,1,2799.62,25.0,2026-05-28,Jaipur,Working Professional,623.56,2099.72,699.9
BF100432,Rohan Joshi,Bottomwear,Baggy Trousers,1,2038.68,0.0,2026-05-29,Pune,Working Professional,606.05,2038.68,0.0
BF100776,Priya Patel,Jackets,Varsity Jacket,1,1936.56,25.0,2026-05-29,Hyderabad,Young Professional,316.52,1452.42,484.14
BF101132,Meera Malhotra,T-Shirts,Drop Shoulder Tee,1,1247.5,20.0,2026-05-29,Jaipur,Casual Shopper,255.17,998.0,249.5
BF101477,Simran Bansal,Hoodies,Essential Hoodie,5,1511.8,30.0,2026-05-29,Kolkata,Young Professional,1295.59,5291.3,2267.7
BF102368,Tanya Kapoor,Jackets,Overshirt Jacket,2,1905.75,10.0,2026-05-29,Delhi,Working Professional,861.38,3430.35,381.15
BF102881,Aanya Gupta,T-Shirts,Vintage Print Tee,1,1500.92,10.0,2026-05-29,Delhi,Premium Shopper,501.97,1350.83,150.09
BF100112,Shreya Chopra,T-Shirts,Boxy Graphic Tee,2,805.69,25.0,2026-05-30,Gurugram,Casual Shopper,362.49,1208.54,402.84
BF100898,Simran Nair,Jackets,Varsity Jacket,3,2852.1,15.0,2026-05-30,Gurugram,Young Professional,1675.87,7272.86,1283.44
BF101584,Karan Bansal,Jackets,Utility Jacket,2,3377.91,15.0,2026-05-30,Mumbai,Young Professional,1333.54,5742.45,1013.37
BF102459,Manya Jain,Jackets,Varsity Jacket,2,4486.76,20.0,2026-05-30,Bengaluru,Casual Shopper,1483.04,7178.82,1794.7
BF100317,Priya Kapoor,Bottomwear,Joggers,2,1358.83,20.0,2026-05-31,Mumbai,Working Professional,630.08,2174.13,543.53
BF100014,Sakshi Bansal,T-Shirts,Drop Shoulder Tee,1,722.05,25.0,2026-06-01,Delhi,Premium Shopper,166.85,541.54,180.51
BF102352,Arjun Singh,T-Shirts,Boxy Graphic Tee,3,1635.22,10.0,2026-06-01,Gurugram,Student,1231.87,4415.09,490.57
BF100117,Tanya Mehta,Jeans,Distressed Jeans,3,3449.08,25.0,2026-06-02,Pune,Casual Shopper,1692.26,7760.43,2586.81
BF100592,Rohan Kumar,Jeans,Wide Leg Jeans,3,2970.13,20.0,2026-06-02,Ahmedabad,Premium Shopper,1895.35,7128.31,1782.08
BF100920,Priya Reddy,Jackets,Overshirt Jacket,3,4280.13,25.0,2026-06-02,Pune,Casual Shopper,1986.34,9630.29,3210.1
BF101293,Diya Mishra,T-Shirts,Drop Shoulder Tee,1,1383.46,5.0,2026-06-02,Pune,Young Professional,331.56,1314.29,69.17
BF101308,Aarav Kapoor,Bottomwear,Parachute Pants,1,1913.16,25.0,2026-06-02,Lucknow,Casual Shopper,363.82,1434.87,478.29
BF102289,Shreya Das,Jackets,Utility Jacket,1,1959.58,30.0,2026-06-02,Kolkata,Young Professional,196.94,1371.71,587.87
BF101623,Kritika Agarwal,Jackets,Utility Jacket,1,1910.74,40.0,2026-06-03,Kolkata,Young Professional,182.54,1146.44,764.3
BF101944,Kavya Malhotra,Hoodies,Streetwear Hoodie,1,1623.47,10.0,2026-06-03,Pune,Student,415.86,1461.12,162.35
BF102099,Kabir Patel,Hoodies,Heavyweight Hoodie,1,3416.23,5.0,2026-06-03,Surat,Working Professional,991.26,3245.42,170.81
BF102790,Aanya Mehta,Hoodies,Printed Hoodie,1,3061.32,40.0,2026-06-03,Mumbai,Premium Shopper,432.93,1836.79,1224.53
BF102879,Aarav Patel,Hoodies,Heavyweight Hoodie,1,2568.05,15.0,2026-06-03,Gurugram,Student,571.8,2182.84,385.21
BF100464,Sakshi Kapoor,Jackets,Utility Jacket,1,2445.97,0.0,2026-06-05,Lucknow,Casual Shopper,636.84,2445.97,0.0
BF101058,Vivaan Kumar,T-Shirts,Vintage Print Tee,1,992.03,15.0,2026-06-05,Mumbai,Student,306.65,843.23,148.8
BF101738,Aarav Kapoor,Bottomwear,Cargo Pants,2,1460.65,10.0,2026-06-05,Hyderabad,Young Professional,678.24,2629.17,292.13
BF101868,Kritika Bansal,Bottomwear,Parachute Pants,2,1872.68,15.0,2026-06-05,Ahmedabad,Premium Shopper,964.53,3183.56,561.8
BF102917,Ananya Bansal,Jackets,Overshirt Jacket,2,2496.18,15.0,2026-06-05,Pune,Student,923.68,4243.51,748.85
BF100472,Sneha Das,Hoodies,Essential Hoodie,1,1666.54,20.0,2026-06-06,Hyderabad,Working Professional,355.04,1333.23,333.31
BF100738,Aditi Sharma,Hoodies,Streetwear Hoodie,2,1849.76,20.0,2026-06-06,Noida,Young Professional,762.23,2959.62,739.9
BF101347,Aditya Singh,T-Shirts,Drop Shoulder Tee,2,733.85,30.0,2026-06-06,Pune,Student,289.36,1027.39,440.31
BF102984,Yash Shah,T-Shirts,Vintage Print Tee,2,882.59,20.0,2026-06-06,Gurugram,Premium Shopper,460.6,1412.14,353.04
BF100305,Simran Jain,Jackets,Denim Jacket,3,3681.88,10.0,2026-06-07,Mumbai,Young Professional,2395.91,9941.08,1104.56
BF100469,Riya Kapoor,T-Shirts,Vintage Print Tee,1,1217.8,20.0,2026-06-07,Mumbai,Premium Shopper,334.18,974.24,243.56
BF100713,Aditya Patel,Hoodies,Streetwear Hoodie,2,3374.73,20.0,2026-06-07,Pune,Premium Shopper,1597.24,5399.57,1349.89
BF100843,Riya Kumar,Bottomwear,Baggy Trousers,1,2530.01,30.0,2026-06-07,Mumbai,Working Professional,434.12,1771.01,759.0
BF102377,Yash Singh,Jackets,Overshirt Jacket,1,2905.31,25.0,2026-06-07,Jaipur,Student,378.86,2178.98,726.33
BF102608,Simran Verma,T-Shirts,Oversized Street Tee,2,1190.81,25.0,2026-06-07,Bengaluru,Student,506.89,1786.22,595.4
BF100269,Tanya Sharma,Hoodies,Heavyweight Hoodie,1,1773.89,25.0,2026-06-08,Kolkata,Young Professional,233.62,1330.42,443.47
BF100367,Manya Reddy,T-Shirts,Boxy Graphic Tee,2,821.14,15.0,2026-06-08,Hyderabad,Student,370.76,1395.94,246.34
BF100383,Rohan Gupta,Bottomwear,Parachute Pants,2,2563.78,10.0,2026-06-08,Delhi,Student,1130.77,4614.8,512.76
BF101025,Meera Das,T-Shirts,Drop Shoulder Tee,1,1552.35,20.0,2026-06-08,Noida,Casual Shopper,381.79,1241.88,310.47
BF101360,Arjun Agarwal,Jackets,Varsity Jacket,1,3692.59,0.0,2026-06-08,Lucknow,Working Professional,975.24,3692.59,0.0
BF101778,Vivaan Bansal,Jackets,Varsity Jacket,5,3991.07,35.0,2026-06-08,Gurugram,Premium Shopper,2817.42,12970.98,6984.37
BF102048,Priya Singh,Hoodies,Heavyweight Hoodie,2,2707.46,10.0,2026-06-08,Jaipur,Young Professional,1352.81,4873.43,541.49
BF100077,Rohan Verma,Jeans,Wide Leg Jeans,2,3792.62,0.0,2026-06-09,Pune,Working Professional,2252.04,7585.24,0.0
BF100223,Aarav Saxena,T-Shirts,Oversized Street Tee,1,954.83,20.0,2026-06-09,Ahmedabad,Working Professional,284.12,763.86,190.97
BF101093,Pooja Sharma,T-Shirts,Drop Shoulder Tee,4,1600.88,10.0,2026-06-09,Gurugram,Casual Shopper,1747.9,5763.17,640.35
BF101177,Tanya Joshi,Jeans,Distressed Jeans,3,2373.19,30.0,2026-06-09,Lucknow,Working Professional,1238.19,4983.7,2135.87
BF101863,Priya Reddy,Hoodies,Essential Hoodie,1,1779.36,5.0,2026-06-09,Gurugram,Young Professional,542.49,1690.39,88.97
BF101995,Rohan Chopra,Jeans,Baggy Jeans,5,3305.93,15.0,2026-06-09,Bengaluru,Young Professional,3519.71,14050.2,2479.45
BF102272,Meera Verma,Hoodies,Printed Hoodie,1,2986.44,30.0,2026-06-09,Chandigarh,Premium Shopper,535.04,2090.51,895.93
BF100810,Tanya Reddy,T-Shirts,Boxy Graphic Tee,1,1253.91,0.0,2026-06-10,Noida,Young Professional,457.14,1253.91,0.0
BF101009,Nisha Chopra,T-Shirts,Vintage Print Tee,3,915.93,10.0,2026-06-10,Ahmedabad,Working Professional,716.7,2473.01,274.78
BF101124,Sneha Verma,Hoodies,Streetwear Hoodie,2,3103.76,5.0,2026-06-10,Hyderabad,Working Professional,1775.79,5897.14,310.38
BF101797,Pooja Patel,Hoodies,Essential Hoodie,3,2310.02,25.0,2026-06-10,Chennai,Student,1200.12,5197.54,1732.51
BF100392,Manya Bansal,T-Shirts,Boxy Graphic Tee,1,1392.45,0.0,2026-06-11,Chandigarh,Premium Shopper,477.69,1392.45,0.0
BF101191,Aarav Mehta,T-Shirts,Vintage Print Tee,1,1376.7,20.0,2026-06-11,Jaipur,Young Professional,335.18,1101.36,275.34
BF100473,Yash Patel,T-Shirts,Vintage Print Tee,2,1397.99,20.0,2026-06-12,Hyderabad,Student,579.51,2236.78,559.2
BF101216,Anika Singh,T-Shirts,Boxy Graphic Tee,2,722.65,15.0,2026-06-12,Mumbai,Student,351.36,1228.5,216.8
BF101439,Riya Jain,Hoodies,Essential Hoodie,2,1631.21,25.0,2026-06-12,Delhi,Working Professional,725.26,2446.82,815.6
BF101444,Rahul Kumar,T-Shirts,Drop Shoulder Tee,1,1106.7,30.0,2026-06-12,Chandigarh,Premium Shopper,244.56,774.69,332.01
BF101887,Neha Joshi,Jackets,Denim Jacket,5,2004.18,5.0,2026-06-12,Kolkata,Working Professional,2488.35,9519.86,501.05
BF102465,Aditi Chopra,Jackets,Varsity Jacket,3,3138.62,35.0,2026-06-12,Gurugram,Premium Shopper,1349.55,6120.31,3295.55
BF102894,Ishaan Kapoor,T-Shirts,Drop Shoulder Tee,2,1344.0,10.0,2026-06-12,Mumbai,Working Professional,799.43,2419.2,268.8
BF100177,Vivaan Nair,Jeans,Wide Leg Jeans,1,2177.88,25.0,2026-06-13,Bengaluru,Working Professional,415.15,1633.41,544.47
BF100410,Manya Kumar,Hoodies,Streetwear Hoodie,1,3466.86,15.0,2026-06-13,Gurugram,Casual Shopper,757.69,2946.83,520.03
BF101846,Manya Jain,T-Shirts,Drop Shoulder Tee,1,1269.1,10.0,2026-06-13,Surat,Working Professional,362.03,1142.19,126.91
BF102333,Ananya Mehta,Jeans,Wide Leg Jeans,1,3546.53,25.0,2026-06-13,Mumbai,Premium Shopper,681.9,2659.9,886.63
BF100595,Kavya Reddy,Jeans,Distressed Jeans,2,3441.56,0.0,2026-06-14,Chandigarh,Student,1794.94,6883.12,0.0
BF101304,Meera Mehta,Bottomwear,Cargo Pants,5,2798.17,5.0,2026-06-14,Jaipur,Young Professional,3775.51,13291.31,699.54
BF101939,Tanya Gupta,T-Shirts,Drop Shoulder Tee,2,1612.56,25.0,2026-06-14,Hyderabad,Young Professional,702.35,2418.84,806.28
BF102423,Aarav Gupta,T-Shirts,Vintage Print Tee,1,1669.81,10.0,2026-06-14,Pune,Working Professional,497.41,1502.83,166.98
BF102540,Karan Agarwal,T-Shirts,Oversized Street Tee,3,1550.4,10.0,2026-06-14,Mumbai,Student,1167.18,4186.08,465.12
BF100330,Sneha Kumar,T-Shirts,Oversized Street Tee,1,1256.08,20.0,2026-06-15,Gurugram,Premium Shopper,338.6,1004.86,251.22
BF100879,Kavya Singh,Jeans,Baggy Jeans,2,3462.78,25.0,2026-06-15,Mumbai,Working Professional,1287.66,5194.17,1731.39
BF100988,Rahul Malhotra,T-Shirts,Boxy Graphic Tee,1,1446.41,20.0,2026-06-15,Chennai,Premium Shopper,237.89,1157.13,289.28
BF101614,Aditi Agarwal,T-Shirts,Vintage Print Tee,3,1563.69,20.0,2026-06-15,Hyderabad,Working Professional,1188.24,3752.86,938.21
BF102699,Arjun Patel,Jeans,Wide Leg Jeans,2,2448.14,5.0,2026-06-15,Pune,Working Professional,1290.06,4651.47,244.81
BF100434,Rahul Kumar,T-Shirts,Drop Shoulder Tee,1,876.61,0.0,2026-06-16,Delhi,Casual Shopper,267.76,876.61,0.0
BF100673,Ananya Agarwal,T-Shirts,Drop Shoulder Tee,2,970.62,0.0,2026-06-16,Kolkata,Student,580.25,1941.24,0.0
BF101811,Karan Saxena,T-Shirts,Drop Shoulder Tee,2,1425.55,5.0,2026-06-16,Chandigarh,Young Professional,805.17,2708.54,142.56
BF101925,Diya Nair,Jeans,Distressed Jeans,1,2446.68,20.0,2026-06-16,Ahmedabad,Premium Shopper,480.28,1957.34,489.34
BF102265,Kritika Gupta,T-Shirts,Oversized Street Tee,1,1061.68,25.0,2026-06-16,Gurugram,Student,191.63,796.26,265.42
BF102302,Meera Sharma,Hoodies,Printed Hoodie,1,1506.0,20.0,2026-06-16,Noida,Casual Shopper,308.03,1204.8,301.2
BF100996,Kabir Nair,T-Shirts,Boxy Graphic Tee,1,1421.67,20.0,2026-06-17,Delhi,Premium Shopper,371.38,1137.34,284.33
BF102591,Rohan Kumar,T-Shirts,Drop Shoulder Tee,1,871.88,5.0,2026-06-17,Ahmedabad,Student,218.99,828.29,43.59
BF100284,Sneha Reddy,T-Shirts,Oversized Street Tee,1,1415.6,15.0,2026-06-18,Delhi,Casual Shopper,377.31,1203.26,212.34
BF100547,Pooja Shah,T-Shirts,Drop Shoulder Tee,2,830.85,35.0,2026-06-18,Surat,Young Professional,325.64,1080.1,581.6
BF101064,Kabir Kumar,Hoodies,Streetwear Hoodie,1,1523.47,10.0,2026-06-18,Mumbai,Student,375.42,1371.12,152.35
BF101605,Ishaan Das,T-Shirts,Drop Shoulder Tee,2,1170.29,15.0,2026-06-18,Noida,Premium Shopper,637.83,1989.49,351.09
BF102539,Anika Joshi,Jeans,Wide Leg Jeans,1,1892.5,0.0,2026-06-18,Lucknow,Young Professional,531.88,1892.5,0.0
BF102592,Ananya Patel,T-Shirts,Drop Shoulder Tee,1,1033.25,5.0,2026-06-18,Kolkata,Premium Shopper,357.69,981.59,51.66
BF100349,Kavya Nair,T-Shirts,Boxy Graphic Tee,2,1498.45,25.0,2026-06-19,Jaipur,Student,560.09,2247.68,749.22
BF101139,Pooja Kapoor,Jackets,Varsity Jacket,3,2822.58,15.0,2026-06-19,Gurugram,Student,1567.91,7197.58,1270.16
BF101534,Priya Mishra,T-Shirts,Boxy Graphic Tee,1,1340.49,10.0,2026-06-19,Bengaluru,Student,316.47,1206.44,134.05
BF101543,Yash Mishra,Hoodies,Streetwear Hoodie,1,2296.39,15.0,2026-06-19,Kolkata,Young Professional,522.54,1951.93,344.46
BF101609,Anika Mehta,Jackets,Varsity Jacket,3,2662.57,5.0,2026-06-19,Chandigarh,Young Professional,1835.35,7588.32,399.39
BF102698,Rohan Gupta,Bottomwear,Baggy Trousers,5,2392.48,10.0,2026-06-19,Chandigarh,Working Professional,3017.22,10766.16,1196.24
BF100170,Aarav Bansal,T-Shirts,Boxy Graphic Tee,1,1354.53,0.0,2026-06-20,Kolkata,Working Professional,454.44,1354.53,0.0
BF101309,Kabir Gupta,Bottomwear,Parachute Pants,2,2037.79,10.0,2026-06-20,Chandigarh,Young Professional,1005.72,3668.02,407.56
BF101685,Simran Sharma,T-Shirts,Boxy Graphic Tee,1,756.97,40.0,2026-06-20,Noida,Student,226.09,454.18,302.79
BF102610,Arjun Gupta,Hoodies,Printed Hoodie,2,2057.07,10.0,2026-06-20,Chennai,Student,1053.03,3702.73,411.41
BF102813,Neha Malhotra,T-Shirts,Oversized Street Tee,2,1306.89,10.0,2026-06-20,Chennai,Casual Shopper,627.74,2352.4,261.38
BF102828,Nisha Verma,T-Shirts,Vintage Print Tee,1,719.33,15.0,2026-06-20,Kolkata,Working Professional,206.12,611.43,107.9
BF101055,Aarav Malhotra,Bottomwear,Cargo Pants,1,2373.81,30.0,2026-06-21,Mumbai,Young Professional,408.71,1661.67,712.14
BF101143,Pooja Joshi,Jackets,Varsity Jacket,2,4379.73,30.0,2026-06-21,Mumbai,Student,1118.89,6131.62,2627.84
BF101217,Vivaan Mishra,Jeans,Relaxed Jeans,5,3958.01,0.0,2026-06-21,Lucknow,Student,5176.71,19790.05,0.0
BF102637,Karan Chopra,Jeans,Distressed Jeans,1,3882.53,30.0,2026-06-21,Surat,Working Professional,661.42,2717.77,1164.76
BF100507,Simran Mishra,Hoodies,Essential Hoodie,1,3034.17,10.0,2026-06-22,Lucknow,Young Professional,785.98,2730.75,303.42
BF101813,Sneha Das,T-Shirts,Drop Shoulder Tee,3,851.22,25.0,2026-06-22,Kolkata,Working Professional,537.29,1915.24,638.42
BF101838,Aanya Joshi,T-Shirts,Vintage Print Tee,1,921.84,25.0,2026-06-22,Gurugram,Casual Shopper,166.63,691.38,230.46
BF101882,Kritika Malhotra,Bottomwear,Parachute Pants,1,2748.3,35.0,2026-06-22,Pune,Student,430.76,1786.4,961.9
BF101219,Kritika Kumar,Jackets,Overshirt Jacket,2,2552.04,35.0,2026-06-23,Hyderabad,Young Professional,660.06,3317.65,1786.43
BF102049,Sneha Mishra,T-Shirts,Oversized Street Tee,2,765.03,20.0,2026-06-23,Ahmedabad,Casual Shopper,425.57,1224.05,306.01
BF102860,Manya Kapoor,T-Shirts,Oversized Street Tee,3,1632.49,20.0,2026-06-23,Jaipur,Young Professional,1200.28,3917.98,979.49
BF100765,Manya Joshi,Jackets,Varsity Jacket,2,3000.35,25.0,2026-06-24,Surat,Premium Shopper,1081.41,4500.52,1500.18
BF101687,Vivaan Mishra,Hoodies,Streetwear Hoodie,3,3063.58,0.0,2026-06-24,Jaipur,Young Professional,2742.6,9190.74,0.0
BF101703,Vivaan Shah,Jeans,Wide Leg Jeans,1,3497.85,10.0,2026-06-24,Jaipur,Premium Shopper,921.94,3148.06,349.78
BF102678,Isha Chopra,T-Shirts,Oversized Street Tee,3,802.85,35.0,2026-06-24,Mumbai,Young Professional,434.65,1565.56,842.99
BF102146,Aditya Sharma,Jeans,Relaxed Jeans,3,3829.99,25.0,2026-06-25,Chennai,Casual Shopper,1888.22,8617.48,2872.49
BF102323,Ishaan Reddy,T-Shirts,Boxy Graphic Tee,2,1661.11,20.0,2026-06-25,Kolkata,Working Professional,770.94,2657.78,664.44
BF102334,Sneha Malhotra,Bottomwear,Parachute Pants,1,2661.37,20.0,2026-06-25,Surat,Young Professional,503.77,2129.1,532.27
BF100444,Priya Malhotra,T-Shirts,Drop Shoulder Tee,1,1076.87,5.0,2026-06-26,Chandigarh,Premium Shopper,273.58,1023.03,53.84
BF101175,Karan Verma,T-Shirts,Oversized Street Tee,2,1238.87,15.0,2026-06-26,Delhi,Working Professional,695.33,2106.08,371.66
BF101984,Pooja Patel,T-Shirts,Vintage Print Tee,1,1567.36,10.0,2026-06-26,Delhi,Young Professional,419.49,1410.62,156.74
BF102510,Ananya Sharma,Bottomwear,Joggers,2,2128.5,5.0,2026-06-26,Bengaluru,Student,1022.93,4044.15,212.85
BF102722,Meera Das,Bottomwear,Joggers,4,2098.4,30.0,2026-06-26,Delhi,Young Professional,1326.59,5875.52,2518.08
BF100381,Meera Kapoor,T-Shirts,Drop Shoulder Tee,4,1065.83,15.0,2026-06-27,Lucknow,Student,980.45,3623.82,639.5
BF102058,Tanya Singh,Bottomwear,Cargo Pants,1,1300.01,0.0,2026-06-27,Surat,Working Professional,342.85,1300.01,0.0
BF102717,Priya Patel,Jeans,Distressed Jeans,2,3264.96,30.0,2026-06-27,Gurugram,Student,872.05,4570.94,1958.98
BF100360,Meera Kapoor,Jeans,Baggy Jeans,3,2423.55,15.0,2026-06-28,Gurugram,Premium Shopper,1683.02,6180.05,1090.6
BF100761,Arjun Agarwal,Bottomwear,Parachute Pants,2,1617.13,20.0,2026-06-28,Jaipur,Working Professional,639.26,2587.41,646.85
BF101110,Nisha Kumar,T-Shirts,Oversized Street Tee,1,1288.65,40.0,2026-06-28,Jaipur,Casual Shopper,145.64,773.19,515.46
BF100421,Diya Bansal,Jeans,Relaxed Jeans,1,3974.85,10.0,2026-06-29,Hyderabad,Casual Shopper,905.61,3577.36,397.49
BF100728,Kritika Singh,Jackets,Overshirt Jacket,1,4195.92,25.0,2026-06-29,Pune,Working Professional,713.43,3146.94,1048.98
BF100986,Ananya Kapoor,Hoodies,Essential Hoodie,2,2493.0,10.0,2026-06-29,Noida,Working Professional,1371.54,4487.4,498.6
BF102147,Arjun Reddy,Jackets,Overshirt Jacket,1,4070.32,10.0,2026-06-29,Gurugram,Student,848.2,3663.29,407.03
BF102231,Priya Das,Jeans,Wide Leg Jeans,3,3284.07,20.0,2026-06-29,Delhi,Working Professional,1984.47,7881.77,1970.44
BF102624,Pooja Kumar,Jackets,Utility Jacket,5,4040.45,5.0,2026-06-29,Pune,Young Professional,4878.9,19192.14,1010.11
BF102956,Priya Sharma,Jeans,Distressed Jeans,2,2728.03,15.0,2026-06-29,Chandigarh,Working Professional,1158.52,4637.65,818.41
BF100845,Tanya Verma,Jackets,Overshirt Jacket,2,3864.83,15.0,2026-06-30,Hyderabad,Young Professional,1572.25,6570.21,1159.45
BF101708,Sneha Shah,T-Shirts,Boxy Graphic Tee,1,1591.11,10.0,2026-06-30,Ahmedabad,Student,400.88,1432.0,159.11
BF102695,Kabir Joshi,T-Shirts,Boxy Graphic Tee,1,1631.26,20.0,2026-06-30,Chennai,Working Professional,347.46,1305.01,326.25
BF102772,Aditi Joshi,T-Shirts,Drop Shoulder Tee,1,1079.14,20.0,2026-06-30,Pune,Working Professional,257.67,863.31,215.83
BF102832,Riya Mishra,T-Shirts,Vintage Print Tee,5,751.75,20.0,2026-06-30,Chandigarh,Working Professional,868.1,3007.0,751.75
BF100448,Kabir Verma,T-Shirts,Vintage Print Tee,2,1478.98,5.0,2026-07-01,Mumbai,Student,845.29,2810.06,147.9
BF100619,Diya Mehta,Bottomwear,Baggy Trousers,1,1459.68,25.0,2026-07-01,Surat,Casual Shopper,356.79,1094.76,364.92
BF100742,Rahul Patel,Hoodies,Heavyweight Hoodie,4,2026.76,30.0,2026-07-01,Chennai,Working Professional,1375.88,5674.93,2432.11
BF101464,Neha Mishra,T-Shirts,Drop Shoulder Tee,2,1377.38,20.0,2026-07-01,Jaipur,Premium Shopper,619.56,2203.81,550.95
BF102831,Sneha Shah,Hoodies,Streetwear Hoodie,1,1999.4,20.0,2026-07-01,Ahmedabad,Working Professional,557.74,1599.52,399.88
BF102916,Anika Patel,T-Shirts,Oversized Street Tee,2,889.72,5.0,2026-07-01,Chennai,Young Professional,547.62,1690.47,88.97
BF101504,Sakshi Nair,T-Shirts,Oversized Street Tee,3,1112.17,40.0,2026-07-02,Chennai,Student,474.85,2001.91,1334.6
BF101517,Nisha Saxena,T-Shirts,Boxy Graphic Tee,3,773.87,5.0,2026-07-02,Chandigarh,Young Professional,557.4,2205.53,116.08
BF101655,Arjun Verma,Jackets,Overshirt Jacket,1,2197.23,10.0,2026-07-02,Chandigarh,Casual Shopper,479.95,1977.51,219.72
BF102351,Rohan Patel,Jackets,Varsity Jacket,1,3221.36,10.0,2026-07-02,Chandigarh,Young Professional,684.78,2899.22,322.14
BF100644,Shreya Kumar,T-Shirts,Oversized Street Tee,1,1231.62,10.0,2026-07-03,Surat,Young Professional,342.42,1108.46,123.16
BF102887,Aarav Shah,Hoodies,Streetwear Hoodie,5,2127.27,0.0,2026-07-03,Jaipur,Working Professional,3320.02,10636.35,0.0
BF100268,Kritika Saxena,Bottomwear,Parachute Pants,2,2409.57,30.0,2026-07-04,Gurugram,Student,778.81,3373.4,1445.74
BF100292,Shreya Mishra,Jackets,Varsity Jacket,1,2506.15,20.0,2026-07-04,Jaipur,Young Professional,465.5,2004.92,501.23
BF100471,Diya Patel,T-Shirts,Oversized Street Tee,1,732.31,20.0,2026-07-04,Jaipur,Young Professional,149.65,585.85,146.46
BF100672,Pooja Bansal,Jackets,Varsity Jacket,2,2374.11,10.0,2026-07-04,Chennai,Young Professional,988.95,4273.4,474.82
BF102080,Karan Verma,T-Shirts,Drop Shoulder Tee,2,963.88,15.0,2026-07-04,Noida,Student,465.69,1638.6,289.16
BF102600,Ananya Bansal,Bottomwear,Baggy Trousers,3,1770.19,5.0,2026-07-05,Gurugram,Working Professional,1424.23,5045.04,265.53
BF101569,Kavya Jain,Jeans,Distressed Jeans,1,2987.28,35.0,2026-07-06,Delhi,Young Professional,365.84,1941.73,1045.55
BF102142,Ananya Joshi,Jackets,Utility Jacket,2,4041.4,0.0,2026-07-06,Chandigarh,Working Professional,2160.02,8082.8,0.0
BF102515,Isha Malhotra,Jeans,Relaxed Jeans,1,2445.82,10.0,2026-07-06,Bengaluru,Student,493.09,2201.24,244.58
BF101109,Simran Singh,Bottomwear,Baggy Trousers,2,2077.66,5.0,2026-07-07,Delhi,Young Professional,1104.26,3947.55,207.77
BF101421,Aanya Verma,Jeans,Relaxed Jeans,1,3324.93,15.0,2026-07-07,Pune,Student,685.43,2826.19,498.74
BF102413,Kavya Chopra,Jeans,Relaxed Jeans,2,2442.87,20.0,2026-07-07,Ahmedabad,Working Professional,932.52,3908.59,977.15
BF102506,Manya Mishra,Jackets,Varsity Jacket,4,3477.24,20.0,2026-07-07,Ahmedabad,Young Professional,2496.41,11127.17,2781.79
BF100397,Ananya Das,Hoodies,Printed Hoodie,5,1649.45,35.0,2026-07-08,Chennai,Casual Shopper,1240.23,5360.71,2886.54
BF100998,Neha Sharma,Hoodies,Heavyweight Hoodie,3,2916.21,25.0,2026-07-08,Lucknow,Casual Shopper,1639.97,6561.47,2187.16
BF101816,Sneha Saxena,Jeans,Wide Leg Jeans,1,3400.41,10.0,2026-07-08,Jaipur,Student,892.47,3060.37,340.04
BF102255,Kritika Joshi,Jeans,Baggy Jeans,3,2282.83,20.0,2026-07-08,Chandigarh,Premium Shopper,1400.44,5478.79,1369.7
BF100121,Ananya Kapoor,Bottomwear,Cargo Pants,5,2106.42,20.0,2026-07-09,Mumbai,Student,1911.26,8425.68,2106.42
BF100258,Diya Jain,Bottomwear,Parachute Pants,1,2919.15,15.0,2026-07-09,Delhi,Working Professional,681.69,2481.28,437.87
BF100550,Vivaan Joshi,T-Shirts,Oversized Street Tee,1,1497.26,25.0,2026-07-09,Chennai,Working Professional,391.6,1122.94,374.32
BF101448,Priya Kumar,Hoodies,Streetwear Hoodie,1,2220.87,15.0,2026-07-09,Chandigarh,Working Professional,552.55,1887.74,333.13
BF102087,Simran Agarwal,T-Shirts,Oversized Street Tee,3,1320.36,15.0,2026-07-09,Delhi,Student,936.73,3366.92,594.16
BF102152,Shreya Kumar,Jackets,Utility Jacket,1,2322.3,5.0,2026-07-09,Noida,Premium Shopper,632.42,2206.18,116.12
BF102157,Tanya Jain,T-Shirts,Oversized Street Tee,3,1631.93,30.0,2026-07-09,Chennai,Premium Shopper,1026.02,3427.05,1468.74
BF102536,Aditi Reddy,T-Shirts,Oversized Street Tee,2,1634.12,20.0,2026-07-09,Mumbai,Working Professional,780.08,2614.59,653.65
BF100131,Yash Patel,T-Shirts,Vintage Print Tee,1,1174.71,25.0,2026-07-10,Delhi,Premium Shopper,282.15,881.03,293.68
BF100271,Aditi Malhotra,Hoodies,Heavyweight Hoodie,4,2584.02,30.0,2026-07-10,Delhi,Casual Shopper,1771.11,7235.26,3100.82
BF100386,Ishaan Nair,Hoodies,Printed Hoodie,2,2060.38,20.0,2026-07-10,Hyderabad,Student,807.16,3296.61,824.15
BF100479,Pooja Singh,Jeans,Relaxed Jeans,1,3207.91,0.0,2026-07-10,Pune,Casual Shopper,856.42,3207.91,0.0
BF102172,Neha Saxena,Hoodies,Essential Hoodie,1,2852.62,20.0,2026-07-10,Lucknow,Premium Shopper,623.11,2282.1,570.52
BF101385,Nisha Joshi,Jeans,Wide Leg Jeans,1,1817.66,15.0,2026-07-11,Kolkata,Premium Shopper,351.59,1545.01,272.65
BF101762,Priya Nair,T-Shirts,Drop Shoulder Tee,2,1250.2,15.0,2026-07-11,Bengaluru,Premium Shopper,704.59,2125.34,375.06
BF102487,Yash Reddy,Jackets,Varsity Jacket,3,4112.75,25.0,2026-07-11,Chennai,Young Professional,1969.13,9253.69,3084.56
BF102706,Sneha Sharma,Bottomwear,Baggy Trousers,1,2047.13,20.0,2026-07-11,Ahmedabad,Working Professional,402.53,1637.7,409.43
BF100910,Arjun Das,Jeans,Baggy Jeans,1,3976.88,30.0,2026-07-12,Surat,Young Professional,672.05,2783.82,1193.06
BF101313,Aditi Mishra,Bottomwear,Parachute Pants,3,2431.08,10.0,2026-07-12,Kolkata,Premium Shopper,1945.65,6563.92,729.32
BF102273,Kavya Nair,Jackets,Utility Jacket,2,2318.21,10.0,2026-07-12,Chandigarh,Working Professional,996.15,4172.78,463.64
BF102467,Kabir Chopra,T-Shirts,Drop Shoulder Tee,2,1400.3,20.0,2026-07-12,Chennai,Student,594.81,2240.48,560.12
BF100430,Priya Agarwal,T-Shirts,Oversized Street Tee,1,936.7,15.0,2026-07-13,Lucknow,Young Professional,209.22,796.2,140.5
BF100454,Anika Sharma,Bottomwear,Baggy Trousers,2,2340.91,15.0,2026-07-13,Pune,Working Professional,1002.4,3979.55,702.27
BF100498,Vivaan Bansal,T-Shirts,Boxy Graphic Tee,2,1629.57,10.0,2026-07-13,Pune,Student,770.17,2933.23,325.91
BF100587,Rahul Malhotra,Jeans,Distressed Jeans,2,2460.93,0.0,2026-07-13,Ahmedabad,Casual Shopper,1372.12,4921.86,0.0
BF100918,Anika Kapoor,Hoodies,Printed Hoodie,2,2785.87,10.0,2026-07-14,Ahmedabad,Premium Shopper,1498.02,5014.57,557.17
BF100966,Sneha Chopra,Bottomwear,Cargo Pants,1,2804.45,5.0,2026-07-14,Surat,Working Professional,778.95,2664.23,140.22
BF101291,Ananya Mehta,T-Shirts,Boxy Graphic Tee,4,1407.56,0.0,2026-07-14,Chennai,Working Professional,1882.94,5630.24,0.0
BF102997,Manya Malhotra,Hoodies,Essential Hoodie,1,3272.43,5.0,2026-07-14,Surat,Casual Shopper,870.78,3108.81,163.62
BF100248,Rohan Mehta,T-Shirts,Vintage Print Tee,2,1014.26,15.0,2026-07-15,Mumbai,Premium Shopper,572.21,1724.24,304.28
BF100375,Manya Agarwal,Hoodies,Essential Hoodie,3,1993.96,5.0,2026-07-15,Ahmedabad,Working Professional,1719.98,5682.79,299.09
BF100860,Pooja Das,Hoodies,Essential Hoodie,1,1977.17,5.0,2026-07-15,Noida,Casual Shopper,519.19,1878.31,98.86
BF101615,Shreya Das,T-Shirts,Drop Shoulder Tee,2,920.28,10.0,2026-07-15,Lucknow,Young Professional,456.77,1656.5,184.06
BF102122,Vivaan Joshi,Hoodies,Heavyweight Hoodie,1,2614.63,10.0,2026-07-15,Kolkata,Student,571.8,2353.17,261.46
BF102456,Rohan Patel,Jeans,Distressed Jeans,1,2126.32,15.0,2026-07-15,Ahmedabad,Casual Shopper,407.35,1807.37,318.95
BF102723,Vivaan Mishra,T-Shirts,Drop Shoulder Tee,2,1038.77,15.0,2026-07-15,Delhi,Young Professional,541.87,1765.91,311.63
BF102783,Isha Jain,Hoodies,Essential Hoodie,4,2958.77,20.0,2026-07-15,Jaipur,Young Professional,2504.6,9468.06,2367.02
BF102841,Anika Chopra,Bottomwear,Parachute Pants,1,1637.04,15.0,2026-07-15,Gurugram,Young Professional,405.94,1391.48,245.56
BF100123,Sneha Nair,Jeans,Relaxed Jeans,3,3519.9,30.0,2026-07-16,Mumbai,Working Professional,1696.69,7391.79,3167.91
BF101872,Ananya Gupta,Jackets,Utility Jacket,3,4414.45,20.0,2026-07-16,Pune,Working Professional,2457.5,10594.68,2648.67
BF101965,Nisha Mehta,T-Shirts,Oversized Street Tee,1,1531.39,15.0,2026-07-16,Pune,Working Professional,390.23,1301.68,229.71
BF102318,Ishaan Verma,Bottomwear,Joggers,1,2481.88,0.0,2026-07-16,Hyderabad,Student,657.14,2481.88,0.0
BF100020,Isha Chopra,T-Shirts,Boxy Graphic Tee,1,862.21,20.0,2026-07-17,Jaipur,Student,218.14,689.77,172.44
BF100046,Meera Das,Jackets,Overshirt Jacket,1,3507.85,10.0,2026-07-17,Noida,Young Professional,737.17,3157.06,350.78
BF100573,Yash Joshi,Hoodies,Heavyweight Hoodie,2,3121.21,20.0,2026-07-17,Noida,Student,1159.06,4993.94,1248.48
BF100659,Nisha Kumar,Jackets,Utility Jacket,4,3470.76,10.0,2026-07-17,Noida,Student,2852.8,12494.74,1388.3
BF102605,Ishaan Shah,T-Shirts,Oversized Street Tee,2,1273.08,15.0,2026-07-17,Lucknow,Casual Shopper,671.9,2164.24,381.92
BF102901,Sakshi Patel,T-Shirts,Vintage Print Tee,1,945.31,10.0,2026-07-17,Lucknow,Casual Shopper,248.76,850.78,94.53
BF100074,Kavya Gupta,Hoodies,Streetwear Hoodie,1,1534.97,10.0,2026-07-18,Hyderabad,Student,339.78,1381.47,153.5
BF100273,Diya Das,Jackets,Varsity Jacket,3,2942.19,10.0,2026-07-18,Noida,Working Professional,2065.79,7943.91,882.66
BF101717,Yash Shah,Hoodies,Printed Hoodie,1,2532.37,25.0,2026-07-18,Ahmedabad,Working Professional,436.22,1899.28,633.09
BF102815,Kabir Verma,Bottomwear,Parachute Pants,1,2149.34,30.0,2026-07-18,Lucknow,Working Professional,418.92,1504.54,644.8
BF102842,Aarav Joshi,T-Shirts,Vintage Print Tee,1,1418.3,0.0,2026-07-18,Surat,Student,407.75,1418.3,0.0
BF100368,Isha Kumar,Bottomwear,Joggers,2,1371.2,5.0,2026-07-19,Kolkata,Casual Shopper,761.33,2605.28,137.12
BF100899,Simran Bansal,T-Shirts,Drop Shoulder Tee,1,1542.8,5.0,2026-07-19,Hyderabad,Student,482.2,1465.66,77.14
BF102679,Karan Singh,Hoodies,Printed Hoodie,3,3225.07,20.0,2026-07-19,Surat,Young Professional,2132.98,7740.17,1935.04
BF100995,Kabir Sharma,T-Shirts,Vintage Print Tee,2,1565.59,25.0,2026-07-20,Kolkata,Student,599.45,2348.38,782.8
BF101337,Aarav Nair,Bottomwear,Cargo Pants,1,2307.45,30.0,2026-07-20,Surat,Working Professional,395.12,1615.21,692.24
BF101827,Neha Malhotra,T-Shirts,Drop Shoulder Tee,3,1607.91,15.0,2026-07-20,Gurugram,Working Professional,1306.46,4100.17,723.56
BF102588,Aarav Jain,Hoodies,Essential Hoodie,1,2477.45,25.0,2026-07-20,Ahmedabad,Casual Shopper,459.41,1858.09,619.36
BF100180,Aditya Agarwal,Hoodies,Printed Hoodie,2,2497.79,5.0,2026-07-21,Chandigarh,Premium Shopper,1501.45,4745.8,249.78
BF100861,Aarav Saxena,Jeans,Wide Leg Jeans,2,3225.83,25.0,2026-07-21,Kolkata,Young Professional,1159.01,4838.74,1612.92
BF101066,Kritika Patel,T-Shirts,Vintage Print Tee,1,1523.98,25.0,2026-07-21,Bengaluru,Working Professional,270.27,1142.99,380.99
BF101128,Kritika Das,T-Shirts,Vintage Print Tee,2,1044.65,25.0,2026-07-21,Kolkata,Young Professional,442.9,1566.98,522.33
BF101221,Sneha Saxena,Bottomwear,Cargo Pants,1,2537.0,10.0,2026-07-21,Hyderabad,Student,568.05,2283.3,253.7
BF101365,Arjun Bansal,Bottomwear,Parachute Pants,3,2864.86,30.0,2026-07-21,Bengaluru,Premium Shopper,1453.2,6016.21,2578.37
BF101692,Neha Sharma,T-Shirts,Vintage Print Tee,2,967.99,20.0,2026-07-21,Pune,Young Professional,501.57,1548.78,387.2
BF102716,Karan Reddy,Hoodies,Printed Hoodie,1,3347.69,5.0,2026-07-21,Pune,Casual Shopper,928.81,3180.31,167.38
BF100506,Aditya Gupta,Jeans,Baggy Jeans,1,3902.74,15.0,2026-07-22,Hyderabad,Student,736.32,3317.33,585.41
BF100601,Simran Patel,T-Shirts,Drop Shoulder Tee,1,714.34,10.0,2026-07-22,Hyderabad,Casual Shopper,169.14,642.91,71.43
BF100727,Isha Mehta,Jackets,Varsity Jacket,4,3407.18,15.0,2026-07-22,Gurugram,Young Professional,2695.03,11584.41,2044.31
BF100838,Aditi Jain,Hoodies,Essential Hoodie,1,3492.26,20.0,2026-07-22,Mumbai,Working Professional,778.5,2793.81,698.45
BF102211,Aanya Jain,Jeans,Baggy Jeans,1,3283.29,30.0,2026-07-22,Bengaluru,Young Professional,516.43,2298.3,984.99
BF102954,Diya Das,Jeans,Distressed Jeans,1,3947.21,5.0,2026-07-22,Mumbai,Casual Shopper,996.63,3749.85,197.36
BF100662,Yash Verma,Jackets,Overshirt Jacket,1,3746.32,5.0,2026-07-23,Bengaluru,Casual Shopper,780.63,3559.0,187.32
BF101410,Anika Sharma,T-Shirts,Oversized Street Tee,2,997.44,5.0,2026-07-23,Hyderabad,Young Professional,621.74,1895.14,99.74
BF101676,Diya Mishra,Jackets,Denim Jacket,2,2902.3,25.0,2026-07-23,Bengaluru,Premium Shopper,1020.69,4353.45,1451.15
BF101826,Simran Das,T-Shirts,Boxy Graphic Tee,1,705.53,15.0,2026-07-23,Chennai,Working Professional,167.1,599.7,105.83
BF101002,Sneha Reddy,T-Shirts,Boxy Graphic Tee,4,1389.46,0.0,2026-07-24,Bengaluru,Young Professional,1816.29,5557.84,0.0
BF101928,Manya Sharma,Jackets,Varsity Jacket,2,4092.57,25.0,2026-07-24,Delhi,Young Professional,1342.03,6138.86,2046.28
BF102198,Aanya Sharma,T-Shirts,Drop Shoulder Tee,2,1212.18,5.0,2026-07-24,Hyderabad,Working Professional,658.45,2303.14,121.22
BF100176,Pooja Saxena,Hoodies,Essential Hoodie,4,1992.83,15.0,2026-07-25,Bengaluru,Young Professional,1862.12,6775.62,1195.7
BF100351,Tanya Shah,T-Shirts,Boxy Graphic Tee,1,1341.38,35.0,2026-07-25,Noida,Student,191.3,871.9,469.48
BF101354,Simran Chopra,T-Shirts,Oversized Street Tee,2,1630.1,10.0,2026-07-25,Lucknow,Student,891.65,2934.18,326.02
BF102691,Kabir Bansal,Jeans,Relaxed Jeans,1,3389.74,0.0,2026-07-25,Gurugram,Student,931.58,3389.74,0.0
BF102913,Ananya Shah,T-Shirts,Boxy Graphic Tee,2,1365.68,5.0,2026-07-25,Jaipur,Student,696.25,2594.79,136.57
BF101311,Kavya Verma,Hoodies,Essential Hoodie,2,2349.63,20.0,2026-07-26,Kolkata,Young Professional,984.92,3759.41,939.85
BF101321,Shreya Patel,T-Shirts,Oversized Street Tee,1,872.46,20.0,2026-07-26,Gurugram,Casual Shopper,254.26,697.97,174.49
BF102427,Aarav Singh,T-Shirts,Boxy Graphic Tee,2,1540.1,5.0,2026-07-26,Mumbai,Young Professional,866.8,2926.19,154.01
BF102709,Ishaan Singh,Jackets,Utility Jacket,1,2018.01,0.0,2026-07-26,Delhi,Young Professional,499.84,2018.01,0.0
BF101071,Meera Shah,Bottomwear,Joggers,1,2345.47,20.0,2026-07-27,Delhi,Casual Shopper,431.31,1876.38,469.09
BF101133,Manya Mehta,T-Shirts,Oversized Street Tee,3,1065.56,10.0,2026-07-27,Gurugram,Young Professional,733.95,2877.01,319.67
BF101712,Karan Patel,Bottomwear,Cargo Pants,3,2827.46,15.0,2026-07-27,Jaipur,Student,1736.45,7210.02,1272.36
BF102791,Manya Jain,T-Shirts,Drop Shoulder Tee,4,860.49,0.0,2026-07-27,Surat,Student,1007.62,3441.96,0.0
BF100363,Simran Singh,Hoodies,Streetwear Hoodie,5,2175.83,15.0,2026-07-28,Chennai,Working Professional,2631.63,9247.28,1631.87
BF100904,Shreya Sharma,Hoodies,Heavyweight Hoodie,1,2124.08,0.0,2026-07-28,Chennai,Casual Shopper,658.37,2124.08,0.0
BF101171,Aditi Singh,T-Shirts,Oversized Street Tee,1,1473.6,15.0,2026-07-28,Surat,Casual Shopper,370.44,1252.56,221.04
BF102210,Sneha Verma,Jackets,Varsity Jacket,1,2169.89,10.0,2026-07-28,Bengaluru,Working Professional,492.69,1952.9,216.99
BF102260,Aditi Shah,Hoodies,Streetwear Hoodie,2,1882.13,15.0,2026-07-28,Bengaluru,Casual Shopper,839.42,3199.62,564.64
BF102542,Arjun Sharma,Hoodies,Heavyweight Hoodie,5,3303.21,25.0,2026-07-28,Mumbai,Working Professional,3319.81,12387.04,4129.01
BF100621,Sneha Patel,T-Shirts,Oversized Street Tee,1,1282.3,15.0,2026-07-29,Chandigarh,Premium Shopper,346.16,1089.96,192.35
BF100634,Simran Mishra,Hoodies,Heavyweight Hoodie,3,1919.02,5.0,2026-07-29,Delhi,Young Professional,1528.06,5469.21,287.85
BF100701,Aanya Mishra,Jackets,Overshirt Jacket,3,2030.87,10.0,2026-07-29,Jaipur,Young Professional,1384.14,5483.35,609.26
BF101082,Neha Nair,T-Shirts,Oversized Street Tee,2,1164.06,20.0,2026-07-29,Lucknow,Working Professional,631.53,1862.5,465.62
BF101423,Isha Nair,T-Shirts,Vintage Print Tee,2,730.44,15.0,2026-07-29,Gurugram,Premium Shopper,517.76,1241.75,219.13
BF101526,Sakshi Bansal,Hoodies,Printed Hoodie,1,2480.55,5.0,2026-07-29,Hyderabad,Casual Shopper,655.05,2356.52,124.03
BF102370,Kritika Agarwal,T-Shirts,Boxy Graphic Tee,3,1338.53,5.0,2026-07-29,Surat,Casual Shopper,1154.99,3814.81,200.78
BF100566,Aarav Singh,T-Shirts,Boxy Graphic Tee,2,1106.6,15.0,2026-07-30,Chandigarh,Young Professional,489.61,1881.22,331.98
BF101258,Neha Shah,Jackets,Varsity Jacket,1,3113.01,20.0,2026-07-30,Surat,Working Professional,531.06,2490.41,622.6
BF102646,Sneha Verma,T-Shirts,Drop Shoulder Tee,1,1447.05,5.0,2026-07-30,Surat,Working Professional,482.41,1374.7,72.35
BF101515,Sneha Agarwal,Bottomwear,Cargo Pants,1,2377.48,5.0,2026-07-31,Noida,Young Professional,668.16,2258.61,118.87
BF102018,Riya Chopra,Jeans,Relaxed Jeans,1,3153.35,30.0,2026-07-31,Lucknow,Student,400.65,2207.34,946.01
BF100352,Pooja Chopra,T-Shirts,Oversized Street Tee,2,985.97,0.0,2026-08-01,Bengaluru,Premium Shopper,745.65,1971.94,0.0
BF100488,Kavya Saxena,Hoodies,Essential Hoodie,1,2297.35,30.0,2026-08-01,Surat,Casual Shopper,386.45,1608.14,689.21
BF100739,Manya Mehta,Hoodies,Streetwear Hoodie,3,1893.07,10.0,2026-08-01,Kolkata,Student,1275.25,5111.29,567.92
BF101352,Anika Saxena,T-Shirts,Boxy Graphic Tee,1,1628.35,40.0,2026-08-01,Pune,Premium Shopper,289.84,977.01,651.34
BF102372,Vivaan Gupta,Jeans,Wide Leg Jeans,1,2828.96,10.0,2026-08-01,Kolkata,Young Professional,678.44,2546.06,282.9
BF102827,Aditya Saxena,Hoodies,Printed Hoodie,2,2934.38,20.0,2026-08-01,Hyderabad,Young Professional,1273.64,4695.01,1173.75
BF100790,Riya Kumar,Hoodies,Essential Hoodie,1,1693.91,0.0,2026-08-02,Delhi,Working Professional,606.04,1693.91,0.0
BF101209,Meera Gupta,T-Shirts,Drop Shoulder Tee,2,1386.45,0.0,2026-08-02,Noida,Student,801.9,2772.9,0.0
BF101387,Rahul Reddy,T-Shirts,Boxy Graphic Tee,1,894.39,5.0,2026-08-02,Mumbai,Young Professional,271.54,849.67,44.72
BF101510,Aditi Mishra,Hoodies,Streetwear Hoodie,2,2160.31,15.0,2026-08-02,Jaipur,Student,935.76,3672.53,648.09
BF101521,Yash Saxena,Jeans,Baggy Jeans,2,3115.02,20.0,2026-08-02,Jaipur,Casual Shopper,1214.44,4984.03,1246.01
BF101879,Aarav Das,Jeans,Relaxed Jeans,2,2854.42,25.0,2026-08-02,Noida,Premium Shopper,1068.41,4281.63,1427.21
BF102032,Pooja Gupta,T-Shirts,Boxy Graphic Tee,2,794.47,5.0,2026-08-02,Noida,Young Professional,428.55,1509.49,79.45
BF102207,Kavya Bansal,Hoodies,Essential Hoodie,1,3365.59,15.0,2026-08-02,Mumbai,Young Professional,812.2,2860.75,504.84
BF102653,Ananya Singh,Bottomwear,Baggy Trousers,2,2697.29,25.0,2026-08-02,Chennai,Student,941.98,4045.94,1348.64
BF100288,Priya Gupta,Jackets,Overshirt Jacket,2,4461.38,10.0,2026-08-03,Hyderabad,Student,1779.27,8030.48,892.28
BF100693,Yash Malhotra,Jeans,Relaxed Jeans,1,3444.68,40.0,2026-08-03,Hyderabad,Young Professional,431.42,2066.81,1377.87
BF101706,Rohan Gupta,Bottomwear,Cargo Pants,3,2277.4,15.0,2026-08-03,Kolkata,Young Professional,1513.03,5807.37,1024.83
BF101870,Tanya Kumar,T-Shirts,Oversized Street Tee,2,1452.14,25.0,2026-08-03,Noida,Student,488.04,2178.21,726.07
BF102283,Priya Gupta,Bottomwear,Parachute Pants,1,1403.67,5.0,2026-08-03,Pune,Premium Shopper,338.24,1333.49,70.18
BF102340,Aanya Kapoor,Hoodies,Essential Hoodie,3,3059.68,10.0,2026-08-03,Bengaluru,Young Professional,2367.14,8261.14,917.9
BF100466,Aditi Singh,T-Shirts,Vintage Print Tee,1,1247.1,15.0,2026-08-04,Gurugram,Working Professional,223.64,1060.03,187.07
BF101961,Tanya Singh,Bottomwear,Cargo Pants,2,2979.51,30.0,2026-08-04,Chandigarh,Young Professional,1022.59,4171.31,1787.71
BF102316,Kavya Jain,Jackets,Utility Jacket,2,3623.74,15.0,2026-08-04,Jaipur,Young Professional,1477.74,6160.36,1087.12
BF100723,Anika Mishra,Jeans,Distressed Jeans,4,3504.98,5.0,2026-08-05,Chennai,Young Professional,3624.58,13318.92,701.0
BF100873,Aditya Sharma,Jeans,Relaxed Jeans,2,1952.36,15.0,2026-08-05,Jaipur,Working Professional,913.28,3319.01,585.71
BF101873,Sneha Agarwal,Bottomwear,Baggy Trousers,4,1614.32,15.0,2026-08-05,Bengaluru,Casual Shopper,1266.63,5488.69,968.59
BF102350,Manya Singh,Jackets,Overshirt Jacket,1,3902.06,5.0,2026-08-05,Kolkata,Working Professional,1058.92,3706.96,195.1
BF102517,Aditi Das,T-Shirts,Boxy Graphic Tee,2,839.39,20.0,2026-08-05,Gurugram,Casual Shopper,375.16,1343.02,335.76
BF101027,Aditya Mishra,T-Shirts,Oversized Street Tee,2,1296.22,15.0,2026-08-06,Jaipur,Working Professional,716.94,2203.57,388.87
BF101516,Ishaan Jain,Hoodies,Printed Hoodie,1,1620.51,10.0,2026-08-06,Mumbai,Young Professional,387.04,1458.46,162.05
BF102301,Pooja Kumar,Bottomwear,Baggy Trousers,3,2058.77,10.0,2026-08-06,Jaipur,Casual Shopper,1415.07,5558.68,617.63
BF100106,Ishaan Shah,Jeans,Relaxed Jeans,2,3018.19,10.0,2026-08-07,Pune,Casual Shopper,1394.52,5432.74,603.64
BF100517,Meera Shah,T-Shirts,Drop Shoulder Tee,1,1216.59,30.0,2026-08-07,Kolkata,Working Professional,229.11,851.61,364.98
BF102866,Priya Reddy,T-Shirts,Vintage Print Tee,3,1214.97,15.0,2026-08-07,Chandigarh,Working Professional,996.3,3098.17,546.74
BF100780,Meera Kapoor,Jeans,Relaxed Jeans,1,3811.08,30.0,2026-08-08,Kolkata,Casual Shopper,690.76,2667.76,1143.32
BF101042,Kabir Jain,Jeans,Distressed Jeans,1,3769.88,15.0,2026-08-08,Pune,Working Professional,851.57,3204.4,565.48
BF101140,Vivaan Jain,T-Shirts,Boxy Graphic Tee,1,1506.66,20.0,2026-08-08,Pune,Young Professional,349.65,1205.33,301.33
BF100216,Diya Jain,T-Shirts,Vintage Print Tee,2,729.99,10.0,2026-08-09,Bengaluru,Casual Shopper,330.11,1313.98,146.0
BF101616,Pooja Kumar,T-Shirts,Drop Shoulder Tee,2,1031.9,5.0,2026-08-09,Noida,Young Professional,582.53,1960.61,103.19
BF102021,Simran Bansal,Hoodies,Streetwear Hoodie,1,1696.1,25.0,2026-08-09,Mumbai,Young Professional,368.07,1272.07,424.03
BF100083,Arjun Sharma,T-Shirts,Boxy Graphic Tee,2,880.14,30.0,2026-08-10,Kolkata,Casual Shopper,390.0,1232.2,528.08
BF100749,Simran Reddy,Jeans,Relaxed Jeans,1,3507.43,30.0,2026-08-10,Delhi,Student,420.34,2455.2,1052.23
BF101782,Simran Kumar,Bottomwear,Parachute Pants,1,1795.49,0.0,2026-08-10,Pune,Working Professional,506.67,1795.49,0.0
BF102578,Shreya Kumar,T-Shirts,Boxy Graphic Tee,1,1312.86,5.0,2026-08-10,Lucknow,Student,338.84,1247.22,65.64
BF102671,Sakshi Bansal,T-Shirts,Drop Shoulder Tee,2,1505.91,15.0,2026-08-10,Pune,Young Professional,741.82,2560.05,451.77
BF102980,Sneha Singh,T-Shirts,Oversized Street Tee,1,863.81,5.0,2026-08-10,Pune,Young Professional,268.14,820.62,43.19
BF100283,Anika Patel,Jeans,Distressed Jeans,1,2006.54,20.0,2026-08-11,Mumbai,Working Professional,486.87,1605.23,401.31
BF101590,Aanya Jain,Jackets,Denim Jacket,2,1866.56,30.0,2026-08-11,Jaipur,Working Professional,539.83,2613.18,1119.94
BF102707,Neha Shah,T-Shirts,Vintage Print Tee,2,1109.15,35.0,2026-08-11,Lucknow,Young Professional,376.29,1441.9,776.4
BF102898,Karan Sharma,Hoodies,Printed Hoodie,2,1517.3,10.0,2026-08-11,Mumbai,Student,685.57,2731.14,303.46
BF101070,Shreya Malhotra,Jeans,Distressed Jeans,1,1995.98,10.0,2026-08-12,Chennai,Working Professional,551.62,1796.38,199.6
BF101453,Sneha Mishra,Jeans,Relaxed Jeans,4,3347.95,20.0,2026-08-12,Bengaluru,Premium Shopper,2927.73,10713.44,2678.36
BF101460,Sakshi Mishra,Hoodies,Streetwear Hoodie,3,2263.21,5.0,2026-08-12,Lucknow,Casual Shopper,1828.35,6450.15,339.48
BF101983,Karan Reddy,Bottomwear,Cargo Pants,1,1519.14,0.0,2026-08-12,Hyderabad,Student,385.07,1519.14,0.0
BF100028,Arjun Gupta,Jeans,Baggy Jeans,1,2798.45,15.0,2026-08-13,Gurugram,Casual Shopper,581.53,2378.68,419.77
BF100086,Isha Kumar,Hoodies,Heavyweight Hoodie,1,2228.19,10.0,2026-08-13,Hyderabad,Working Professional,569.72,2005.37,222.82
BF100526,Arjun Nair,Jeans,Distressed Jeans,1,2203.55,5.0,2026-08-13,Hyderabad,Casual Shopper,530.87,2093.37,110.18
BF100811,Isha Malhotra,Jeans,Wide Leg Jeans,1,3459.91,25.0,2026-08-13,Delhi,Young Professional,611.1,2594.93,864.98
BF101316,Riya Shah,Jeans,Wide Leg Jeans,4,2487.0,15.0,2026-08-13,Lucknow,Casual Shopper,2029.13,8455.8,1492.2
BF101628,Ishaan Reddy,Hoodies,Essential Hoodie,1,1588.35,0.0,2026-08-13,Chennai,Casual Shopper,437.02,1588.35,0.0
BF100431,Kritika Kapoor,Jeans,Wide Leg Jeans,3,1949.3,5.0,2026-08-14,Noida,Working Professional,1558.71,5555.5,292.4
BF101323,Manya Agarwal,T-Shirts,Vintage Print Tee,2,781.9,15.0,2026-08-14,Mumbai,Young Professional,355.16,1329.23,234.57
BF101607,Nisha Mishra,Bottomwear,Joggers,1,2055.41,35.0,2026-08-14,Hyderabad,Young Professional,214.12,1336.02,719.39
BF102132,Priya Malhotra,Bottomwear,Joggers,1,1973.9,20.0,2026-08-14,Chandigarh,Casual Shopper,437.77,1579.12,394.78
BF102543,Kabir Mehta,Jackets,Varsity Jacket,1,3224.45,15.0,2026-08-14,Bengaluru,Premium Shopper,730.96,2740.78,483.67
BF100204,Nisha Gupta,Hoodies,Heavyweight Hoodie,3,1621.85,40.0,2026-08-15,Delhi,Young Professional,714.12,2919.33,1946.22
BF100499,Kavya Malhotra,Jeans,Distressed Jeans,1,1962.91,0.0,2026-08-15,Jaipur,Premium Shopper,547.76,1962.91,0.0
BF101416,Nisha Agarwal,Bottomwear,Joggers,2,1786.2,10.0,2026-08-15,Gurugram,Working Professional,897.45,3215.16,357.24
BF100858,Shreya Gupta,Jackets,Denim Jacket,1,3866.76,15.0,2026-08-16,Bengaluru,Young Professional,840.4,3286.75,580.01
BF102944,Meera Chopra,Jeans,Relaxed Jeans,1,3378.61,15.0,2026-08-16,Ahmedabad,Young Professional,740.69,2871.82,506.79
BF100007,Sneha Nair,T-Shirts,Oversized Street Tee,1,722.76,20.0,2026-08-17,Ahmedabad,Premium Shopper,156.52,578.21,144.55
BF100350,Karan Joshi,Jeans,Distressed Jeans,1,2732.0,10.0,2026-08-17,Delhi,Casual Shopper,633.66,2458.8,273.2
BF100951,Vivaan Bansal,T-Shirts,Boxy Graphic Tee,2,1296.39,0.0,2026-08-17,Ahmedabad,Premium Shopper,857.57,2592.78,0.0
BF101491,Manya Reddy,Bottomwear,Cargo Pants,1,2021.94,15.0,2026-08-17,Delhi,Working Professional,409.24,1718.65,303.29
BF101745,Riya Patel,T-Shirts,Boxy Graphic Tee,2,767.99,15.0,2026-08-17,Noida,Working Professional,390.05,1305.58,230.4
BF102438,Neha Verma,Hoodies,Printed Hoodie,3,2400.56,15.0,2026-08-17,Delhi,Casual Shopper,1590.15,6121.43,1080.25
BF102647,Rohan Shah,T-Shirts,Drop Shoulder Tee,1,872.85,20.0,2026-08-17,Chandigarh,Working Professional,235.53,698.28,174.57
BF100502,Aanya Verma,Jeans,Relaxed Jeans,1,3267.99,30.0,2026-08-18,Noida,Young Professional,517.59,2287.59,980.4
BF100936,Pooja Joshi,Bottomwear,Cargo Pants,1,1640.16,15.0,2026-08-18,Surat,Premium Shopper,348.39,1394.14,246.02
BF101348,Anika Kumar,T-Shirts,Boxy Graphic Tee,2,1659.97,15.0,2026-08-18,Gurugram,Student,761.75,2821.95,497.99
BF101401,Ishaan Saxena,T-Shirts,Boxy Graphic Tee,1,1687.85,15.0,2026-08-18,Gurugram,Working Professional,356.8,1434.67,253.18
BF101519,Ishaan Gupta,Hoodies,Heavyweight Hoodie,3,2069.13,15.0,2026-08-18,Noida,Student,1357.07,5276.28,931.11
BF101990,Vivaan Reddy,Jeans,Baggy Jeans,1,1842.72,15.0,2026-08-18,Bengaluru,Young Professional,438.87,1566.31,276.41
BF101993,Pooja Gupta,Jeans,Wide Leg Jeans,1,3501.02,5.0,2026-08-18,Hyderabad,Casual Shopper,903.17,3325.97,175.05
BF102502,Priya Jain,Jackets,Overshirt Jacket,2,2705.63,25.0,2026-08-18,Lucknow,Student,783.31,4058.44,1352.82
BF100320,Riya Nair,Hoodies,Printed Hoodie,3,2502.23,15.0,2026-08-19,Noida,Student,1580.12,6380.69,1126.0
BF100627,Aditi Das,Jeans,Wide Leg Jeans,1,3509.6,15.0,2026-08-19,Bengaluru,Student,733.49,2983.16,526.44
BF101297,Meera Reddy,Jackets,Utility Jacket,1,4464.5,30.0,2026-08-19,Chennai,Premium Shopper,656.16,3125.15,1339.35
BF102486,Kritika Kumar,Bottomwear,Baggy Trousers,2,1735.59,0.0,2026-08-19,Surat,Casual Shopper,919.05,3471.18,0.0
BF102560,Yash Jain,Jeans,Distressed Jeans,1,2481.06,5.0,2026-08-20,Chandigarh,Young Professional,617.88,2357.01,124.05
BF102921,Anika Patel,Bottomwear,Joggers,1,2567.26,20.0,2026-08-20,Chennai,Working Professional,455.07,2053.81,513.45
BF100309,Aditi Kumar,T-Shirts,Vintage Print Tee,4,1121.8,20.0,2026-08-21,Kolkata,Student,859.68,3589.76,897.44
BF100545,Aditi Joshi,T-Shirts,Drop Shoulder Tee,2,1418.66,25.0,2026-08-21,Lucknow,Young Professional,598.94,2127.99,709.33
BF100653,Aanya Kapoor,T-Shirts,Oversized Street Tee,1,1698.27,5.0,2026-08-21,Bengaluru,Casual Shopper,527.83,1613.36,84.91
BF100668,Aditi Bansal,T-Shirts,Oversized Street Tee,2,803.18,25.0,2026-08-21,Lucknow,Student,417.49,1204.77,401.59
BF100846,Sneha Joshi,T-Shirts,Vintage Print Tee,1,1562.56,20.0,2026-08-21,Chennai,Casual Shopper,278.79,1250.05,312.51
BF101832,Kritika Saxena,Bottomwear,Cargo Pants,3,2875.23,20.0,2026-08-21,Hyderabad,Working Professional,1841.36,6900.55,1725.14
BF101964,Vivaan Verma,Hoodies,Streetwear Hoodie,2,2021.61,10.0,2026-08-21,Chennai,Working Professional,1008.72,3638.9,404.32
BF102996,Neha Kumar,Jackets,Varsity Jacket,3,4079.28,10.0,2026-08-21,Pune,Working Professional,2691.41,11014.06,1223.78
BF100208,Nisha Reddy,Jeans,Baggy Jeans,1,2901.31,15.0,2026-08-22,Chennai,Young Professional,589.08,2466.11,435.2
BF100558,Diya Mishra,T-Shirts,Boxy Graphic Tee,1,1336.17,10.0,2026-08-22,Gurugram,Casual Shopper,325.38,1202.55,133.62
BF100641,Rahul Jain,T-Shirts,Oversized Street Tee,2,1184.11,15.0,2026-08-22,Hyderabad,Young Professional,544.48,2012.99,355.23
BF101467,Sneha Chopra,Bottomwear,Joggers,1,2762.22,10.0,2026-08-22,Delhi,Young Professional,667.63,2486.0,276.22
BF101953,Meera Reddy,Jackets,Varsity Jacket,2,4326.78,0.0,2026-08-22,Lucknow,Young Professional,2287.27,8653.56,0.0
BF102690,Yash Sharma,Hoodies,Heavyweight Hoodie,3,2977.15,0.0,2026-08-23,Gurugram,Casual Shopper,2522.28,8931.45,0.0
BF100099,Ananya Sharma,Hoodies,Printed Hoodie,2,3259.27,20.0,2026-08-24,Bengaluru,Working Professional,1457.49,5214.83,1303.71
BF100230,Aditya Nair,T-Shirts,Oversized Street Tee,5,835.78,35.0,2026-08-24,Jaipur,Casual Shopper,618.89,2716.28,1462.61
BF100588,Sneha Nair,T-Shirts,Vintage Print Tee,3,971.39,30.0,2026-08-24,Ahmedabad,Young Professional,541.47,2039.92,874.25
BF101786,Riya Kapoor,Bottomwear,Baggy Trousers,1,2841.84,10.0,2026-08-24,Noida,Working Professional,780.24,2557.66,284.18
BF101804,Diya Kumar,T-Shirts,Drop Shoulder Tee,2,1631.7,15.0,2026-08-24,Noida,Student,805.01,2773.89,489.51
BF102042,Anika Bansal,Jeans,Relaxed Jeans,2,2191.31,10.0,2026-08-24,Mumbai,Working Professional,1049.71,3944.36,438.26
BF102201,Kavya Reddy,Bottomwear,Baggy Trousers,1,1869.98,20.0,2026-08-24,Bengaluru,Young Professional,416.38,1495.98,374.0
BF102629,Kritika Sharma,Hoodies,Heavyweight Hoodie,2,3241.5,20.0,2026-08-24,Mumbai,Premium Shopper,1476.39,5186.4,1296.6
BF100438,Isha Singh,Jackets,Denim Jacket,1,2067.14,25.0,2026-08-25,Pune,Working Professional,295.87,1550.36,516.78
BF101226,Simran Chopra,T-Shirts,Boxy Graphic Tee,1,766.19,15.0,2026-08-25,Hyderabad,Young Professional,137.91,651.26,114.93
BF101781,Aditya Patel,T-Shirts,Vintage Print Tee,1,1034.73,30.0,2026-08-25,Gurugram,Young Professional,167.86,724.31,310.42
BF101875,Aditi Reddy,T-Shirts,Oversized Street Tee,2,1148.13,0.0,2026-08-25,Jaipur,Young Professional,777.95,2296.26,0.0
BF102380,Rohan Chopra,T-Shirts,Vintage Print Tee,4,1616.1,5.0,2026-08-25,Chandigarh,Student,1810.52,6141.18,323.22
BF102621,Diya Singh,T-Shirts,Drop Shoulder Tee,1,982.25,20.0,2026-08-25,Kolkata,Student,189.08,785.8,196.45
BF100427,Nisha Jain,Bottomwear,Joggers,1,1899.88,10.0,2026-08-26,Noida,Casual Shopper,315.78,1709.89,189.99
BF101684,Rahul Das,T-Shirts,Boxy Graphic Tee,4,1311.7,15.0,2026-08-26,Ahmedabad,Working Professional,1302.34,4459.78,787.02
BF102644,Rahul Malhotra,Hoodies,Heavyweight Hoodie,1,3100.46,5.0,2026-08-26,Delhi,Casual Shopper,837.26,2945.44,155.02
BF102752,Isha Bansal,Jackets,Varsity Jacket,3,2233.97,5.0,2026-08-26,Pune,Student,1470.6,6366.81,335.1
BF102756,Ishaan Verma,Bottomwear,Parachute Pants,1,2793.26,30.0,2026-08-26,Surat,Student,411.31,1955.28,837.98
BF102814,Priya Singh,T-Shirts,Boxy Graphic Tee,2,1317.31,10.0,2026-08-26,Bengaluru,Working Professional,798.89,2371.16,263.46
BF102830,Anika Saxena,T-Shirts,Drop Shoulder Tee,2,1530.26,20.0,2026-08-26,Delhi,Student,688.38,2448.42,612.1
BF100093,Sneha Kumar,Jeans,Baggy Jeans,1,3250.39,0.0,2026-08-27,Jaipur,Young Professional,859.11,3250.39,0.0
BF100282,Aditi Mehta,Hoodies,Essential Hoodie,2,1714.8,15.0,2026-08-27,Lucknow,Student,712.94,2915.16,514.44
BF101007,Aditya Gupta,T-Shirts,Oversized Street Tee,2,1066.6,15.0,2026-08-27,Noida,Premium Shopper,576.86,1813.22,319.98
BF101073,Yash Reddy,Jeans,Relaxed Jeans,1,1954.81,0.0,2026-08-27,Ahmedabad,Student,533.95,1954.81,0.0
BF102404,Ananya Joshi,T-Shirts,Vintage Print Tee,2,1673.49,5.0,2026-08-27,Chandigarh,Premium Shopper,1107.09,3179.63,167.35
BF100821,Yash Agarwal,Bottomwear,Baggy Trousers,1,2292.25,20.0,2026-08-28,Ahmedabad,Young Professional,406.68,1833.8,458.45
BF100919,Priya Agarwal,T-Shirts,Oversized Street Tee,1,1292.51,20.0,2026-08-28,Mumbai,Working Professional,360.21,1034.01,258.5
BF100493,Neha Malhotra,Jackets,Denim Jacket,2,2367.05,0.0,2026-08-29,Kolkata,Young Professional,1180.63,4734.1,0.0
BF101259,Rohan Jain,Jeans,Relaxed Jeans,1,3483.39,10.0,2026-08-29,Ahmedabad,Working Professional,810.79,3135.05,348.34
BF101440,Aanya Malhotra,Bottomwear,Baggy Trousers,1,2710.66,20.0,2026-08-29,Lucknow,Student,448.74,2168.53,542.13
BF101802,Aarav Mehta,Jeans,Baggy Jeans,3,3031.01,40.0,2026-08-29,Surat,Working Professional,1253.03,5455.82,3637.21
BF102760,Karan Verma,Jeans,Relaxed Jeans,1,3197.92,10.0,2026-08-29,Pune,Student,700.98,2878.13,319.79
BF102929,Tanya Patel,Hoodies,Heavyweight Hoodie,2,1550.51,25.0,2026-08-29,Ahmedabad,Working Professional,592.22,2325.76,775.26
BF102947,Sneha Chopra,Jeans,Distressed Jeans,3,2835.06,5.0,2026-08-29,Bengaluru,Young Professional,2180.57,8079.92,425.26
BF100574,Manya Saxena,Bottomwear,Parachute Pants,4,1571.09,5.0,2026-08-30,Surat,Young Professional,1542.47,5970.14,314.22
BF100911,Kritika Mehta,Hoodies,Heavyweight Hoodie,2,2056.95,25.0,2026-08-30,Chandigarh,Student,720.57,3085.42,1028.47
BF100932,Kavya Sharma,Bottomwear,Parachute Pants,1,2080.85,20.0,2026-08-30,Ahmedabad,Young Professional,437.09,1664.68,416.17
BF101303,Shreya Shah,T-Shirts,Drop Shoulder Tee,2,1436.48,0.0,2026-08-30,Ahmedabad,Student,865.71,2872.96,0.0
BF101791,Simran Kumar,T-Shirts,Drop Shoulder Tee,1,1516.79,25.0,2026-08-30,Bengaluru,Casual Shopper,317.31,1137.59,379.2
BF100832,Simran Nair,T-Shirts,Drop Shoulder Tee,4,930.93,15.0,2026-08-31,Jaipur,Student,952.93,3165.16,558.56
BF100152,Aditi Verma,Hoodies,Printed Hoodie,2,3360.05,25.0,2026-09-01,Lucknow,Student,1210.99,5040.08,1680.02
BF100674,Kritika Malhotra,Hoodies,Heavyweight Hoodie,2,2737.26,5.0,2026-09-01,Gurugram,Premium Shopper,1652.81,5200.79,273.73
BF100698,Riya Kapoor,Bottomwear,Baggy Trousers,1,1921.67,10.0,2026-09-01,Chennai,Working Professional,443.16,1729.5,192.17
BF100997,Sakshi Mishra,Hoodies,Essential Hoodie,1,3166.93,25.0,2026-09-01,Surat,Working Professional,597.55,2375.2,791.73
BF102189,Kavya Gupta,Hoodies,Essential Hoodie,4,1651.12,5.0,2026-09-01,Jaipur,Young Professional,1765.35,6274.26,330.22
BF102425,Ishaan Sharma,Hoodies,Essential Hoodie,3,1836.94,10.0,2026-09-01,Kolkata,Premium Shopper,1467.64,4959.74,551.08
BF102648,Vivaan Nair,Jeans,Relaxed Jeans,1,2660.03,5.0,2026-09-01,Chandigarh,Casual Shopper,696.58,2527.03,133.0
BF100013,Aditya Patel,Jeans,Distressed Jeans,2,2683.95,20.0,2026-09-02,Mumbai,Working Professional,1147.05,4294.32,1073.58
BF100568,Kritika Saxena,Hoodies,Heavyweight Hoodie,3,2878.2,20.0,2026-09-02,Delhi,Casual Shopper,1754.42,6907.68,1726.92
BF101240,Kavya Sharma,Jeans,Distressed Jeans,4,3335.63,15.0,2026-09-02,Bengaluru,Young Professional,2862.95,11341.14,2001.38
BF101522,Aanya Mishra,T-Shirts,Oversized Street Tee,1,1537.65,5.0,2026-09-02,Kolkata,Young Professional,439.31,1460.77,76.88
BF101722,Aarav Verma,Hoodies,Heavyweight Hoodie,4,2320.13,25.0,2026-09-02,Pune,Student,1638.72,6960.39,2320.13
BF101787,Meera Patel,Jeans,Baggy Jeans,1,2535.64,15.0,2026-09-02,Hyderabad,Young Professional,547.2,2155.29,380.35
BF101156,Yash Malhotra,T-Shirts,Oversized Street Tee,2,1373.56,30.0,2026-09-03,Mumbai,Student,487.59,1922.98,824.14
BF101351,Kabir Jain,Hoodies,Essential Hoodie,1,3386.11,0.0,2026-09-03,Jaipur,Student,993.75,3386.11,0.0
BF101397,Ishaan Saxena,T-Shirts,Boxy Graphic Tee,2,1590.55,0.0,2026-09-03,Kolkata,Premium Shopper,1123.53,3181.1,0.0
BF102135,Riya Sharma,T-Shirts,Drop Shoulder Tee,3,1642.15,15.0,2026-09-03,Pune,Student,1113.66,4187.48,738.97
BF102161,Diya Nair,Bottomwear,Baggy Trousers,1,2927.21,10.0,2026-09-03,Ahmedabad,Young Professional,784.44,2634.49,292.72
BF102330,Aditi Mishra,Jeans,Baggy Jeans,1,2957.41,10.0,2026-09-03,Chandigarh,Casual Shopper,626.28,2661.67,295.74
BF102876,Sneha Nair,Hoodies,Essential Hoodie,1,2378.57,5.0,2026-09-03,Bengaluru,Student,639.38,2259.64,118.93
BF100079,Kritika Singh,Jackets,Denim Jacket,5,2863.56,5.0,2026-09-04,Ahmedabad,Premium Shopper,3688.27,13601.91,715.89
BF100095,Rahul Malhotra,Jackets,Denim Jacket,2,2193.46,10.0,2026-09-04,Hyderabad,Student,874.13,3948.23,438.69
BF100278,Ishaan Bansal,Jeans,Relaxed Jeans,2,3511.36,15.0,2026-09-04,Jaipur,Young Professional,1483.18,5969.31,1053.41
BF100712,Aarav Jain,T-Shirts,Drop Shoulder Tee,2,1528.23,15.0,2026-09-04,Hyderabad,Premium Shopper,946.44,2597.99,458.47
BF100747,Karan Mehta,Jeans,Relaxed Jeans,1,3021.31,20.0,2026-09-04,Chandigarh,Young Professional,564.88,2417.05,604.26
BF100748,Kabir Bansal,Bottomwear,Parachute Pants,1,1487.81,25.0,2026-09-04,Surat,Young Professional,286.52,1115.86,371.95
BF101264,Aditya Singh,T-Shirts,Vintage Print Tee,2,1027.69,10.0,2026-09-04,Jaipur,Student,565.03,1849.84,205.54
BF101820,Nisha Verma,T-Shirts,Boxy Graphic Tee,1,1233.52,20.0,2026-09-04,Delhi,Premium Shopper,342.16,986.82,246.7
BF102468,Kritika Verma,T-Shirts,Drop Shoulder Tee,3,950.31,20.0,2026-09-04,Ahmedabad,Young Professional,611.06,2280.74,570.19
BF102649,Kritika Mishra,T-Shirts,Oversized Street Tee,1,1458.4,35.0,2026-09-04,Lucknow,Working Professional,319.12,947.96,510.44
BF100127,Rohan Singh,T-Shirts,Vintage Print Tee,1,1257.97,10.0,2026-09-05,Surat,Young Professional,417.96,1132.17,125.8
BF100870,Isha Sharma,Bottomwear,Parachute Pants,1,2002.54,15.0,2026-09-05,Chandigarh,Premium Shopper,425.65,1702.16,300.38
BF100030,Tanya Gupta,Hoodies,Essential Hoodie,2,1885.07,15.0,2026-09-06,Surat,Student,824.28,3204.62,565.52
BF100145,Diya Verma,Jackets,Overshirt Jacket,1,3483.59,15.0,2026-09-06,Chandigarh,Casual Shopper,616.72,2961.05,522.54
BF100684,Anika Sharma,Bottomwear,Baggy Trousers,4,1690.02,25.0,2026-09-06,Surat,Working Professional,1256.01,5070.06,1690.02
BF101674,Rohan Singh,T-Shirts,Vintage Print Tee,2,1070.36,5.0,2026-09-06,Bengaluru,Young Professional,625.42,2033.68,107.04
BF101695,Sakshi Reddy,Jeans,Relaxed Jeans,1,2183.75,5.0,2026-09-06,Hyderabad,Young Professional,541.23,2074.56,109.19
BF102781,Kritika Saxena,Hoodies,Essential Hoodie,2,3347.69,10.0,2026-09-06,Pune,Premium Shopper,1830.55,6025.84,669.54
BF100734,Manya Jain,Jackets,Varsity Jacket,2,3366.74,0.0,2026-09-07,Mumbai,Premium Shopper,1875.06,6733.48,0.0
BF100922,Kritika Shah,Bottomwear,Baggy Trousers,1,2217.62,20.0,2026-09-07,Kolkata,Casual Shopper,449.22,1774.1,443.52
BF101050,Manya Nair,Hoodies,Streetwear Hoodie,1,2062.53,15.0,2026-09-07,Chandigarh,Student,427.47,1753.15,309.38
BF101301,Kavya Chopra,T-Shirts,Oversized Street Tee,1,1254.61,25.0,2026-09-07,Hyderabad,Casual Shopper,291.34,940.96,313.65
BF101505,Aanya Malhotra,Hoodies,Heavyweight Hoodie,2,2152.02,10.0,2026-09-07,Gurugram,Working Professional,1147.3,3873.64,430.4
BF101560,Tanya Malhotra,T-Shirts,Vintage Print Tee,1,919.2,20.0,2026-09-07,Kolkata,Casual Shopper,208.88,735.36,183.84
BF102385,Aditya Bansal,T-Shirts,Boxy Graphic Tee,2,1096.86,15.0,2026-09-07,Bengaluru,Working Professional,476.77,1864.66,329.06
BF102464,Rahul Joshi,Bottomwear,Baggy Trousers,1,2394.66,0.0,2026-09-07,Chennai,Student,637.23,2394.66,0.0
BF102953,Rahul Reddy,T-Shirts,Oversized Street Tee,1,726.4,25.0,2026-09-07,Lucknow,Casual Shopper,160.55,544.8,181.6
BF100792,Rahul Sharma,Hoodies,Heavyweight Hoodie,1,2769.66,20.0,2026-09-08,Chennai,Working Professional,638.92,2215.73,553.93
BF101899,Kavya Das,T-Shirts,Drop Shoulder Tee,2,1109.84,20.0,2026-09-08,Gurugram,Casual Shopper,432.0,1775.74,443.94
BF102257,Pooja Kumar,Jackets,Denim Jacket,3,4385.13,5.0,2026-09-08,Delhi,Working Professional,3226.2,12497.62,657.77
BF102739,Meera Kumar,Jeans,Distressed Jeans,1,3995.64,10.0,2026-09-08,Chandigarh,Student,891.62,3596.08,399.56
BF102762,Aditya Verma,Bottomwear,Parachute Pants,2,2734.83,25.0,2026-09-08,Noida,Student,923.13,4102.24,1367.42
BF101940,Aditya Das,T-Shirts,Vintage Print Tee,2,1197.78,5.0,2026-09-09,Chennai,Working Professional,756.41,2275.78,119.78
BF102094,Vivaan Bansal,Hoodies,Streetwear Hoodie,2,2198.69,5.0,2026-09-09,Hyderabad,Casual Shopper,1217.04,4177.51,219.87
BF102529,Meera Verma,T-Shirts,Boxy Graphic Tee,1,728.99,10.0,2026-09-09,Hyderabad,Working Professional,228.85,656.09,72.9
BF102547,Karan Reddy,Hoodies,Streetwear Hoodie,1,1736.06,30.0,2026-09-09,Surat,Working Professional,272.26,1215.24,520.82
BF100436,Shreya Sharma,T-Shirts,Vintage Print Tee,1,1595.56,25.0,2026-09-10,Chandigarh,Young Professional,287.87,1196.67,398.89
BF100800,Shreya Singh,T-Shirts,Oversized Street Tee,1,1604.43,35.0,2026-09-10,Kolkata,Student,289.16,1042.88,561.55
BF101037,Rahul Verma,Jackets,Overshirt Jacket,1,1802.68,25.0,2026-09-10,Ahmedabad,Young Professional,270.75,1352.01,450.67
BF101125,Aditi Shah,Jackets,Varsity Jacket,1,4187.09,0.0,2026-09-10,Mumbai,Young Professional,1036.11,4187.09,0.0
BF101604,Neha Mehta,T-Shirts,Oversized Street Tee,1,1613.1,30.0,2026-09-10,Chandigarh,Premium Shopper,254.41,1129.17,483.93
BF102526,Kabir Joshi,Jeans,Baggy Jeans,4,3192.26,35.0,2026-09-10,Chennai,Young Professional,1757.56,8299.88,4469.16
BF100300,Nisha Nair,T-Shirts,Drop Shoulder Tee,3,1480.83,5.0,2026-09-11,Jaipur,Premium Shopper,1388.03,4220.37,222.12
BF100598,Aarav Joshi,T-Shirts,Drop Shoulder Tee,4,1669.67,20.0,2026-09-11,Hyderabad,Casual Shopper,1441.99,5342.94,1335.74
BF101646,Yash Gupta,Hoodies,Essential Hoodie,2,2963.37,30.0,2026-09-11,Noida,Young Professional,1023.39,4148.72,1778.02
BF101746,Neha Verma,Hoodies,Essential Hoodie,2,2193.42,15.0,2026-09-11,Chandigarh,Working Professional,1060.15,3728.81,658.03
BF101812,Sneha Mishra,Bottomwear,Parachute Pants,1,2417.05,10.0,2026-09-11,Kolkata,Premium Shopper,732.46,2175.35,241.7
BF102093,Sneha Verma,Jeans,Distressed Jeans,2,2702.81,10.0,2026-09-11,Hyderabad,Working Professional,1304.65,4865.06,540.56
BF102708,Isha Saxena,Jeans,Relaxed Jeans,2,3175.9,5.0,2026-09-11,Chandigarh,Casual Shopper,1595.69,6034.21,317.59
BF100807,Kabir Das,Bottomwear,Baggy Trousers,1,2774.2,30.0,2026-09-12,Jaipur,Student,456.06,1941.94,832.26
BF101046,Kritika Das,Jeans,Distressed Jeans,1,2328.54,10.0,2026-09-12,Hyderabad,Casual Shopper,469.35,2095.69,232.85
BF101053,Arjun Chopra,Bottomwear,Cargo Pants,1,1814.85,15.0,2026-09-12,Jaipur,Premium Shopper,460.42,1542.62,272.23
BF101225,Manya Patel,Bottomwear,Cargo Pants,1,2596.67,15.0,2026-09-12,Kolkata,Student,530.56,2207.17,389.5
BF102230,Yash Joshi,T-Shirts,Boxy Graphic Tee,2,1067.27,15.0,2026-09-12,Bengaluru,Casual Shopper,499.91,1814.36,320.18
BF100357,Priya Chopra,T-Shirts,Vintage Print Tee,3,836.63,15.0,2026-09-13,Hyderabad,Young Professional,703.46,2133.41,376.48
BF100610,Nisha Chopra,Jeans,Relaxed Jeans,1,3163.09,5.0,2026-09-13,Noida,Young Professional,854.35,3004.94,158.15
BF101736,Kritika Mishra,T-Shirts,Boxy Graphic Tee,1,1250.94,10.0,2026-09-13,Kolkata,Student,352.25,1125.85,125.09
BF102918,Diya Kapoor,Hoodies,Printed Hoodie,2,2585.63,15.0,2026-09-13,Ahmedabad,Young Professional,1181.65,4395.57,775.69
BF100310,Anika Gupta,Hoodies,Heavyweight Hoodie,1,3209.79,15.0,2026-09-14,Chandigarh,Premium Shopper,807.03,2728.32,481.47
BF100497,Neha Chopra,Hoodies,Printed Hoodie,1,2819.11,30.0,2026-09-14,Pune,Premium Shopper,563.79,1973.38,845.73
BF100775,Meera Bansal,T-Shirts,Boxy Graphic Tee,3,1622.55,20.0,2026-09-14,Mumbai,Premium Shopper,1217.96,3894.12,973.53
BF100867,Kritika Verma,Jeans,Relaxed Jeans,4,2037.82,25.0,2026-09-14,Chennai,Casual Shopper,1433.8,6113.46,2037.82
BF101187,Neha Singh,Jackets,Varsity Jacket,5,2606.62,20.0,2026-09-14,Hyderabad,Casual Shopper,2199.61,10426.48,2606.62
BF102499,Isha Verma,T-Shirts,Oversized Street Tee,1,1329.05,20.0,2026-09-14,Kolkata,Young Professional,291.26,1063.24,265.81
BF100281,Kabir Patel,T-Shirts,Boxy Graphic Tee,1,1631.17,15.0,2026-09-15,Ahmedabad,Young Professional,453.58,1386.49,244.68
BF101559,Rohan Patel,Jackets,Overshirt Jacket,2,1833.23,25.0,2026-09-15,Mumbai,Student,582.07,2749.84,916.61
BF102072,Shreya Reddy,Jackets,Varsity Jacket,1,1878.02,25.0,2026-09-15,Chennai,Working Professional,267.25,1408.52,469.51
BF102199,Pooja Mishra,Jackets,Varsity Jacket,2,4254.28,0.0,2026-09-15,Bengaluru,Premium Shopper,2399.83,8508.56,0.0
BF102740,Pooja Kumar,Bottomwear,Baggy Trousers,2,1736.76,15.0,2026-09-15,Surat,Working Professional,789.59,2952.49,521.03
BF100366,Aditi Mehta,T-Shirts,Drop Shoulder Tee,1,969.52,10.0,2026-09-16,Chandigarh,Casual Shopper,306.99,872.57,96.95
BF100826,Shreya Das,Hoodies,Streetwear Hoodie,1,2302.18,30.0,2026-09-16,Chennai,Young Professional,450.95,1611.53,690.65
BF102519,Sneha Chopra,T-Shirts,Drop Shoulder Tee,5,747.34,25.0,2026-09-16,Noida,Casual Shopper,657.14,2802.52,934.18
BF100039,Rohan Kumar,Bottomwear,Cargo Pants,2,2303.62,25.0,2026-09-17,Gurugram,Premium Shopper,855.39,3455.43,1151.81
BF100802,Vivaan Malhotra,Bottomwear,Cargo Pants,2,1809.09,10.0,2026-09-17,Chandigarh,Working Professional,966.96,3256.36,361.82
BF100852,Meera Nair,T-Shirts,Drop Shoulder Tee,1,750.87,10.0,2026-09-17,Lucknow,Premium Shopper,216.25,675.78,75.09
BF100926,Kabir Bansal,Jackets,Varsity Jacket,1,4069.55,25.0,2026-09-17,Surat,Premium Shopper,719.88,3052.16,1017.39
BF101662,Isha Mishra,T-Shirts,Boxy Graphic Tee,1,1104.85,25.0,2026-09-17,Mumbai,Student,291.92,828.64,276.21
BF102363,Rohan Agarwal,T-Shirts,Drop Shoulder Tee,1,1253.77,0.0,2026-09-18,Noida,Student,330.6,1253.77,0.0
BF102419,Karan Jain,T-Shirts,Drop Shoulder Tee,2,1674.88,15.0,2026-09-18,Jaipur,Young Professional,801.46,2847.3,502.46
BF102909,Pooja Singh,Hoodies,Heavyweight Hoodie,1,1990.91,5.0,2026-09-18,Bengaluru,Student,549.54,1891.36,99.55
BF100863,Tanya Singh,Jeans,Relaxed Jeans,3,2174.31,5.0,2026-09-19,Jaipur,Young Professional,1649.13,6196.78,326.15
BF101318,Aditya Das,Jackets,Utility Jacket,3,2499.71,5.0,2026-09-19,Chennai,Premium Shopper,1968.78,7124.17,374.96
BF101766,Aditya Das,Jackets,Utility Jacket,2,3000.77,25.0,2026-09-19,Kolkata,Student,906.69,4501.16,1500.39
BF100531,Shreya Nair,Jackets,Overshirt Jacket,2,2253.34,20.0,2026-09-20,Chandigarh,Working Professional,902.61,3605.34,901.34
BF101280,Arjun Reddy,Hoodies,Streetwear Hoodie,4,2169.61,5.0,2026-09-20,Noida,Young Professional,2363.96,8244.52,433.92
BF101744,Sakshi Mishra,Jackets,Varsity Jacket,2,3197.11,15.0,2026-09-20,Mumbai,Premium Shopper,1333.46,5435.09,959.13
BF100015,Manya Mehta,Jackets,Overshirt Jacket,1,3389.49,10.0,2026-09-21,Ahmedabad,Student,683.37,3050.54,338.95
BF100050,Diya Reddy,Hoodies,Streetwear Hoodie,3,1846.09,10.0,2026-09-21,Ahmedabad,Young Professional,1465.51,4984.44,553.83
BF100567,Sakshi Patel,Hoodies,Printed Hoodie,1,2768.87,20.0,2026-09-21,Gurugram,Working Professional,573.78,2215.1,553.77
BF100638,Tanya Nair,T-Shirts,Vintage Print Tee,1,1435.72,25.0,2026-09-21,Mumbai,Student,230.56,1076.79,358.93
BF101198,Isha Sharma,T-Shirts,Oversized Street Tee,2,750.36,20.0,2026-09-21,Chennai,Casual Shopper,346.7,1200.58,300.14
BF101748,Aarav Verma,T-Shirts,Oversized Street Tee,1,927.39,5.0,2026-09-21,Ahmedabad,Casual Shopper,312.3,881.02,46.37
BF102957,Diya Bansal,Bottomwear,Joggers,2,1384.96,25.0,2026-09-21,Hyderabad,Student,447.89,2077.44,692.48
BF100038,Shreya Patel,Hoodies,Streetwear Hoodie,1,2342.31,30.0,2026-09-22,Noida,Student,401.08,1639.62,702.69
BF101056,Arjun Singh,T-Shirts,Vintage Print Tee,1,1336.36,10.0,2026-09-22,Mumbai,Student,295.53,1202.72,133.64
BF101120,Ishaan Verma,Bottomwear,Baggy Trousers,1,2264.78,35.0,2026-09-22,Gurugram,Working Professional,237.15,1472.11,792.67
BF101592,Isha Das,Bottomwear,Joggers,1,1492.59,5.0,2026-09-22,Pune,Working Professional,444.92,1417.96,74.63
BF102203,Simran Shah,Bottomwear,Parachute Pants,1,1840.89,20.0,2026-09-22,Kolkata,Premium Shopper,438.55,1472.71,368.18
BF102859,Manya Malhotra,Jeans,Baggy Jeans,3,3840.35,0.0,2026-09-22,Noida,Young Professional,3278.43,11521.05,0.0
BF102966,Arjun Agarwal,T-Shirts,Oversized Street Tee,1,736.63,15.0,2026-09-22,Mumbai,Student,121.8,626.14,110.49
BF100778,Sakshi Verma,Hoodies,Printed Hoodie,4,3131.81,10.0,2026-09-23,Chandigarh,Student,3037.5,11274.52,1252.72
BF101635,Vivaan Joshi,Hoodies,Heavyweight Hoodie,5,3333.9,0.0,2026-09-23,Delhi,Casual Shopper,4846.48,16669.5,0.0
BF102870,Sneha Sharma,T-Shirts,Boxy Graphic Tee,1,989.67,35.0,2026-09-23,Lucknow,Casual Shopper,166.4,643.29,346.38
BF100254,Aanya Shah,Jackets,Varsity Jacket,2,4368.02,10.0,2026-09-24,Surat,Young Professional,1862.12,7862.44,873.6
BF101087,Aarav Malhotra,Hoodies,Essential Hoodie,1,1796.57,25.0,2026-09-24,Lucknow,Student,379.18,1347.43,449.14
BF101287,Karan Chopra,T-Shirts,Oversized Street Tee,1,1351.37,10.0,2026-09-24,Mumbai,Young Professional,458.27,1216.23,135.14
BF101730,Isha Mishra,T-Shirts,Drop Shoulder Tee,2,1630.36,30.0,2026-09-24,Ahmedabad,Student,610.13,2282.5,978.22
BF101947,Sakshi Agarwal,Jeans,Baggy Jeans,1,2541.03,25.0,2026-09-24,Gurugram,Student,475.14,1905.77,635.26
BF102845,Kavya Agarwal,T-Shirts,Drop Shoulder Tee,2,1671.96,5.0,2026-09-24,Surat,Young Professional,946.15,3176.72,167.2
BF100100,Yash Mishra,Bottomwear,Parachute Pants,2,1341.77,5.0,2026-09-25,Delhi,Casual Shopper,762.89,2549.36,134.18
BF100153,Sneha Joshi,T-Shirts,Vintage Print Tee,1,1019.65,15.0,2026-09-25,Chandigarh,Working Professional,218.62,866.7,152.95
BF102284,Sakshi Mehta,Jeans,Wide Leg Jeans,1,3031.36,15.0,2026-09-25,Mumbai,Premium Shopper,729.4,2576.66,454.7
BF100764,Vivaan Saxena,Hoodies,Printed Hoodie,5,2215.18,5.0,2026-09-26,Surat,Working Professional,3204.19,10522.1,553.8
BF102773,Priya Bansal,T-Shirts,Boxy Graphic Tee,2,1572.82,25.0,2026-09-26,Noida,Young Professional,606.75,2359.23,786.41
BF100460,Nisha Jain,Jeans,Wide Leg Jeans,3,2969.21,0.0,2026-09-27,Mumbai,Young Professional,2508.86,8907.63,0.0
BF100992,Kritika Verma,Bottomwear,Cargo Pants,2,2608.25,10.0,2026-09-27,Jaipur,Student,1081.72,4694.85,521.65
BF101912,Aanya Jain,T-Shirts,Drop Shoulder Tee,2,1049.08,25.0,2026-09-27,Hyderabad,Casual Shopper,390.71,1573.62,524.54
BF100270,Manya Das,T-Shirts,Boxy Graphic Tee,2,1523.39,15.0,2026-09-28,Noida,Working Professional,783.07,2589.76,457.02
BF100782,Arjun Joshi,Hoodies,Printed Hoodie,2,3221.31,10.0,2026-09-28,Kolkata,Student,1579.88,5798.36,644.26
BF100954,Aditi Chopra,T-Shirts,Vintage Print Tee,2,1054.83,15.0,2026-09-28,Lucknow,Student,546.49,1793.21,316.45
BF100645,Anika Agarwal,Hoodies,Printed Hoodie,1,2687.64,20.0,2026-09-29,Hyderabad,Working Professional,634.01,2150.11,537.53
BF101651,Neha Kumar,Jeans,Baggy Jeans,5,2826.59,25.0,2026-09-29,Noida,Student,2334.98,10599.71,3533.24
BF101934,Vivaan Das,Jackets,Denim Jacket,2,4183.65,10.0,2026-09-29,Bengaluru,Student,1665.47,7530.57,836.73
BF102500,Aarav Agarwal,Jeans,Distressed Jeans,1,2166.9,15.0,2026-09-29,Surat,Working Professional,457.82,1841.86,325.04
BF102862,Ananya Shah,T-Shirts,Boxy Graphic Tee,1,1534.93,40.0,2026-09-29,Ahmedabad,Casual Shopper,280.88,920.96,613.97
BF100136,Karan Mehta,Hoodies,Printed Hoodie,2,1983.96,15.0,2026-09-30,Chandigarh,Casual Shopper,859.56,3372.73,595.19
BF100246,Ananya Gupta,Jeans,Wide Leg Jeans,2,2147.77,20.0,2026-09-30,Lucknow,Student,827.21,3436.43,859.11
BF101366,Yash Bansal,Jeans,Relaxed Jeans,3,3587.56,5.0,2026-09-30,Delhi,Young Professional,2712.83,10224.55,538.13
BF101653,Karan Gupta,T-Shirts,Vintage Print Tee,1,1319.21,0.0,2026-09-30,Noida,Student,389.44,1319.21,0.0
