Order_ID,Customer_Name,Product_Category,Product_Name,Units_Sold,Unit_Price,Discount_%,Order_Date,City,Segment,Profit,sales_amount.1,discount_c
1008,Marie Fisher,Accessories,Sunglasses,2,2686,0.65,26-07-2024,Ahmedabad,B2C,-886.8,1880.2,0.65
1023,David Arnold,Shoes,Slip-ons,2,2686,0.65,26-07-2024,Mumbai,B2B,-875.51,1880.2,0.65
1028,Felicia Orozco,T-Shirts,Classic Tee,2,2686,0.65,26-07-2024,hyderbad,B2B,2060.03,1880.2,0.65
1049,Kimberly Anderson,T-Shirts,Graphic Tee,2,2686,0.65,26-07-2024,Mumbai,B2C,19.87,1880.2,0.65
1072,Eric Salazar,Dresses,Maxi Dress,2,2686,0.65,26-07-2024,Bangalore,B2C,2878.09,1880.2,0.65
1079,Cheryl Clark,T-Shirts,Classic Tee,2,2686,0.65,26-07-2024,Hyd,B2B,-22.55,1880.2,0.65
1092,Jennifer Keller,Dresses,Bodycon,2,2686,0.65,26-07-2024,Pune,B2B,1122.66,1880.2,0.65
1105,Willie Smith,Dresses,Maxi Dress,2,2686,0.65,26-07-2024,Ahmedabad,B2B,616.04,1880.2,0.65
1111,Tammy Gonzales,T-Shirts,Classic Tee,2,2686,0.65,26-07-2024,Ahmedabad,B2C,748.93,1880.2,0.65
1125,Jason Turner,Shoes,Boots,2,2686,0.65,26-07-2024,Delhi,B2B,-754.58,1880.2,0.65
1130,Samuel Miller,Accessories,Sunglasses,2,2686,0.65,26-07-2024,Delhi,B2B,2782.45,1880.2,0.65
1223,Nicholas Thompson,T-Shirts,Crop Top,2,2686,0.65,26-07-2024,hyderbad,B2B,-531.05,1880.2,0.65
1229,Allen Burton,Dresses,Bodycon,2,2686,0.65,26-07-2024,Delhi,B2B,925.22,1880.2,0.65
1235,Rebecca Drake,Jackets,Bomber Jacket,2,2686,0.65,26-07-2024,Hyderabad,B2B,-403.94,1880.2,0.65
1238,Scott Weeks,Shoes,Slip-ons,2,2686,0.65,26-07-2024,Pune,B2B,2742.61,1880.2,0.65
1250,Anthony Lee,Shoes,Slip-ons,2,2686,0.65,26-07-2024,Delhi,B2B,1653.07,1880.2,0.65
1269,Brittany Harris,T-Shirts,Graphic Tee,2,2686,0.65,26-07-2024,Mumbai,B2B,483.01,1880.2,0.65
1291,Jason Calhoun,Jackets,Puffer Coat,2,2686,0.65,26-07-2024,Hyd,B2B,1073.44,1880.2,0.65
1293,Cindy Hall,Jackets,Denim Jacket,2,2686,0.65,26-07-2024,hyderbad,B2B,2073.16,1880.2,0.65
1336,Katie Brown,Jackets,Denim Jacket,2,2686,0.65,26-07-2024,Delhi,B2B,2000.91,1880.2,0.65
1371,Christopher Wilson,Jeans,Ripped Denim,2,2686,0.65,26-07-2024,Mumbai,B2B,72.96,1880.2,0.65
1380,Brittney Branch,Dresses,Bodycon,2,2686,0.65,26-07-2024,Delhi,B2B,-475.94,1880.2,0.65
1439,Elijah Anderson,T-Shirts,Graphic Tee,2,2686,0.65,26-07-2024,Ahmedabad,B2B,726.42,1880.2,0.65
1441,Michelle Lara,Jeans,Slim Fit Jeans,2,2686,0.65,26-07-2024,bengaluru,B2B,-316.51,1880.2,0.65
1499,Lauren Ellis,T-Shirts,Crop Top,2,2686,0.65,26-07-2024,bengaluru,B2C,2116.52,1880.2,0.65
1501,Brian Maldonado,T-Shirts,Crop Top,2,2686,0.65,26-07-2024,bengaluru,B2B,-957.83,1880.2,0.65
1555,Linda Estrada,Accessories,Belts,2,2686,0.65,26-07-2024,Bangalore,B2C,312.38,1880.2,0.65
1562,Richard Harris,Accessories,Caps,2,2686,0.65,26-07-2024,Hyd,B2B,930.14,1880.2,0.65
1567,Andre Stone,Accessories,Belts,2,2686,0.65,26-07-2024,hyderbad,B2B,2545.25,1880.2,0.65
1578,Lauren Pearson,Dresses,Maxi Dress,2,2686,0.65,26-07-2024,bengaluru,B2C,2604.12,1880.2,0.65
1644,Thomas Tanner,Dresses,Wrap Dress,2,2686,0.65,26-07-2024,Hyd,B2C,1343.06,1880.2,0.65
1714,Stephen Allen,T-Shirts,Graphic Tee,2,2686,0.65,26-07-2024,hyderbad,B2C,-746.03,1880.2,0.65
1751,Kelly Garcia,Jackets,Puffer Coat,2,2686,0.65,26-07-2024,Pune,B2B,59.73,1880.2,0.65
1803,Robert Smith,Accessories,Sunglasses,2,2686,0.65,26-07-2024,Mumbai,B2B,409.58,1880.2,0.65
1821,Caitlin Daniels,Jackets,Leather Jacket,2,2686,0.65,26-07-2024,Ahmedabad,B2C,403.42,1880.2,0.65
1869,Andrew Martinez,Jackets,Denim Jacket,2,2686,0.65,26-07-2024,Ahmedabad,B2C,75.28,1880.2,0.65
1899,Amanda Holmes,Shoes,Sneakers,2,2686,0.65,26-07-2024,Delhi,B2C,500.04,1880.2,0.65
1908,Nathan Garcia,Jeans,Boyfriend Jeans,2,2686,0.65,26-07-2024,Hyd,B2B,205.56,1880.2,0.65
1912,Deborah James,Accessories,Belts,2,2686,0.65,26-07-2024,Pune,B2C,2721.15,1880.2,0.65
1964,Johnny Walker,T-Shirts,Oversized T-shirt,2,2686,0.65,26-07-2024,bengaluru,B2B,2202.28,1880.2,0.65
1966,Amber Fernandez,Shoes,Loafers,2,2686,0.65,26-07-2024,Pune,B2B,2887.5,1880.2,0.65
1967,Lisa Hernandez,T-Shirts,Graphic Tee,2,2686,0.65,26-07-2024,Ahmedabad,B2B,1310.86,1880.2,0.65
2014,Dennis Morales,Jackets,Leather Jacket,2,2686,0.65,26-07-2024,Delhi,B2B,763.62,1880.2,0.65
2077,Joshua Roberts,T-Shirts,Oversized T-shirt,2,2686,0.65,26-07-2024,Pune,B2C,1082.36,1880.2,0.65
1015,Amy Ramsey,T-Shirts,Classic Tee,2,2686,0.65,26-07-2024,Pune,B2C,2811.88,1880.2,0.65
2113,Michael Dillon,Dresses,Casual Midi,2,2686,0.65,26-07-2024,Delhi,B2B,2500.56,1880.2,0.65
2148,Paul Kennedy,T-Shirts,Oversized T-shirt,2,2686,0.65,26-07-2024,Hyd,B2C,-771.3,1880.2,0.65
2156,Lisa Saunders,Shoes,Slip-ons,2,2686,0.65,26-07-2024,Ahmedabad,B2B,1648.67,1880.2,0.65
2204,Elizabeth Ramirez,Shoes,Sneakers,2,2686,0.65,26-07-2024,Bangalore,B2B,-875.95,1880.2,0.65
2225,Kelsey Hampton,Accessories,Caps,2,2686,0.65,26-07-2024,hyderbad,B2B,2362.63,1880.2,0.65
2267,Adam Hopkins,Dresses,Casual Midi,2,2686,0.65,26-07-2024,Bangalore,B2B,1989.07,1880.2,0.65
2300,Gabriel Conley,Accessories,Sunglasses,2,2686,0.65,26-07-2024,hyderbad,B2B,-59.16,1880.2,0.65
1025,Sharon Cain,T-Shirts,Oversized T-shirt,2,2686,0.65,26-07-2024,Delhi,B2B,-973.7,1880.2,0.65
2328,Mrs. Crystal Stokes,Jeans,Boyfriend Jeans,2,2686,0.65,26-07-2024,Mumbai,B2C,1385.5,1880.2,0.65
2340,Stephen Barber,Shoes,Slip-ons,2,2686,0.65,26-07-2024,hyderbad,B2B,345.45,1880.2,0.65
2436,Jason Stanley,T-Shirts,Oversized T-shirt,2,2686,0.65,26-07-2024,Hyderabad,B2B,2492.87,1880.2,0.65
2455,Anna Hernandez,Shoes,Sneakers,2,2686,0.65,26-07-2024,Pune,B2B,2153.01,1880.2,0.65
2459,Cindy Anderson,Accessories,Sunglasses,2,2686,0.65,26-07-2024,Mumbai,B2B,2616.96,1880.2,0.65
2501,Eric Rogers,Dresses,Maxi Dress,2,2686,0.65,26-07-2024,Ahmedabad,B2B,106.21,1880.2,0.65
2536,Randall Bruce,Jeans,Slim Fit Jeans,2,2686,0.65,26-07-2024,Mumbai,B2C,2685.77,1880.2,0.65
2565,Ryan Bowen,Shoes,Sneakers,2,2686,0.65,26-07-2024,Pune,B2B,415.71,1880.2,0.65
2597,Steve Tran,Jackets,Puffer Coat,2,2686,0.65,26-07-2024,Bangalore,B2B,538.11,1880.2,0.65
2609,Timothy Nash,Jackets,Puffer Coat,2,2686,0.65,26-07-2024,Delhi,B2C,641.89,1880.2,0.65
2619,Brittany Perkins,Jeans,Straight Cut,2,2686,0.65,26-07-2024,Ahmedabad,B2C,1443.87,1880.2,0.65
2652,Robyn Downs,Jeans,Boyfriend Jeans,2,2686,0.65,26-07-2024,Ahmedabad,B2C,1472.41,1880.2,0.65
2660,Matthew Estes,T-Shirts,Graphic Tee,2,2686,0.65,26-07-2024,Hyderabad,B2B,1006.1,1880.2,0.65
2666,Gregory Douglas,Dresses,Wrap Dress,2,2686,0.65,26-07-2024,Pune,B2B,1989.64,1880.2,0.65
2673,Amanda Love,Accessories,Belts,2,2686,0.65,26-07-2024,Bangalore,B2B,2493.87,1880.2,0.65
2700,Crystal Mercer,Shoes,Boots,2,2686,0.65,26-07-2024,Mumbai,B2B,588.04,1880.2,0.65
2722,Brandy Sellers,Jeans,Ripped Denim,2,2686,0.65,26-07-2024,bengaluru,B2C,-367.6,1880.2,0.65
2744,Wendy Ellison,T-Shirts,Crop Top,2,2686,0.65,26-07-2024,Mumbai,B2B,-635.51,1880.2,0.65
2773,Erin Kim,Jackets,Bomber Jacket,2,2686,0.65,26-07-2024,Ahmedabad,B2C,1944.87,1880.2,0.65
2787,Tami Leonard,Accessories,Caps,2,2686,0.65,26-07-2024,Hyderabad,B2B,1459.62,1880.2,0.65
2795,Paul Smith,Jeans,Boyfriend Jeans,2,2686,0.65,26-07-2024,Mumbai,B2C,984.22,1880.2,0.65
2825,James Maddox,Accessories,Belts,2,2686,0.65,26-07-2024,Ahmedabad,B2B,2935.9,1880.2,0.65
2856,Stephanie Thompson,Dresses,Wrap Dress,2,2686,0.65,26-07-2024,hyderbad,B2B,1448.8,1880.2,0.65
2862,Stacie Santiago,Jeans,Straight Cut,2,2686,0.65,26-07-2024,Pune,B2C,824.88,1880.2,0.65
2867,Sherri Roth,Jeans,Ripped Denim,2,2686,0.65,26-07-2024,Delhi,B2C,478.82,1880.2,0.65
2891,Suzanne Thomas,Jackets,Puffer Coat,2,2686,0.65,26-07-2024,Ahmedabad,B2B,-363.86,1880.2,0.65
2900,Kevin Wong,Dresses,Wrap Dress,2,2686,0.65,26-07-2024,Ahmedabad,B2B,36.92,1880.2,0.65
2903,Danielle Nguyen,T-Shirts,Classic Tee,2,2686,0.65,26-07-2024,Hyderabad,B2C,2232.18,1880.2,0.65
2913,Chelsea Hunter,Shoes,Sneakers,2,2686,0.65,26-07-2024,Ahmedabad,B2C,1693.76,1880.2,0.65
2918,Nicholas Bryant,Shoes,Sneakers,2,2686,0.65,26-07-2024,Delhi,B2B,899.98,1880.2,0.65
2983,Bryan Conway,Shoes,Sneakers,2,2686,0.65,26-07-2024,Pune,B2B,1347.94,1880.2,0.65
2988,Morgan Bullock,T-Shirts,Graphic Tee,2,2686,0.65,26-07-2024,Pune,B2B,2784.91,1880.2,0.65
1027,Christine Cox,Jackets,Bomber Jacket,2,2686,0.65,26-07-2024,Hyderabad,B2B,1921.25,1880.2,0.65
2999,Deborah Frederick,Shoes,Loafers,2,2686,0.65,26-07-2024,Hyd,B2B,-828.2,1880.2,0.65
3034,Brian Alexander,T-Shirts,Oversized T-shirt,2,2686,0.65,26-07-2024,Ahmedabad,B2B,2599.13,1880.2,0.65
3039,Edward Porter,Jeans,Slim Fit Jeans,2,2686,0.65,26-07-2024,Pune,B2B,748.79,1880.2,0.65
3046,Jeffrey Levy,Jeans,Straight Cut,2,2686,0.65,26-07-2024,hyderbad,B2B,372.98,1880.2,0.65
1037,Mason Ruiz,T-Shirts,Oversized T-shirt,2,2686,0.65,26-07-2024,Mumbai,B2C,1396.38,1880.2,0.65
3081,Tammy Vargas,T-Shirts,Oversized T-shirt,2,2686,0.65,26-07-2024,Ahmedabad,B2B,-245.42,1880.2,0.65
3140,Trevor Higgins,Jeans,Ripped Denim,2,2686,0.65,26-07-2024,Ahmedabad,B2B,2551.31,1880.2,0.65
3143,Paul Lewis,T-Shirts,Oversized T-shirt,2,2686,0.65,26-07-2024,hyderbad,B2B,-525.49,1880.2,0.65
3146,Patricia Moore,Jackets,Bomber Jacket,2,2686,0.65,26-07-2024,Hyderabad,B2B,146.19,1880.2,0.65
3207,Monique Robles,Jeans,Straight Cut,2,2686,0.65,26-07-2024,Ahmedabad,B2C,-547.29,1880.2,0.65
3249,Jeffery Hubbard,T-Shirts,Crop Top,2,2686,0.65,26-07-2024,Delhi,B2B,1787.82,1880.2,0.65
3250,Dawn Barrett,T-Shirts,Crop Top,2,2686,0.65,26-07-2024,Bangalore,B2B,2200.6,1880.2,0.65
3295,Justin Frye,T-Shirts,Crop Top,2,2686,0.65,26-07-2024,Hyd,B2B,-623.55,1880.2,0.65
3361,Mark Frazier,Accessories,Caps,2,2686,0.65,26-07-2024,Bangalore,B2B,1648.42,1880.2,0.65
3397,Allison Hammond,Jeans,Straight Cut,2,2686,0.65,26-07-2024,Ahmedabad,B2C,477.59,1880.2,0.65
3413,Cynthia Andrews,Dresses,Maxi Dress,2,2686,0.65,26-07-2024,Bangalore,B2C,2402.84,1880.2,0.65
3419,Amy Martin,T-Shirts,Crop Top,2,2686,0.65,26-07-2024,Ahmedabad,B2B,804.16,1880.2,0.65
3455,Patricia Pham,Dresses,Casual Midi,2,2686,0.65,26-07-2024,Bangalore,B2B,382.53,1880.2,0.65
3456,Anthony Ruiz,T-Shirts,Oversized T-shirt,2,2686,0.65,26-07-2024,Delhi,B2B,-695.67,1880.2,0.65
3459,Tina Russell,T-Shirts,Oversized T-shirt,2,2686,0.65,26-07-2024,Pune,B2B,1284.57,1880.2,0.65
3468,Steven Schwartz,Dresses,Maxi Dress,2,2686,0.65,26-07-2024,Delhi,B2B,287.33,1880.2,0.65
3484,Erin Johnson,T-Shirts,Graphic Tee,2,2686,0.65,26-07-2024,Pune,B2C,237.05,1880.2,0.65
3486,Nathan Webb,T-Shirts,Classic Tee,2,2686,0.65,26-07-2024,hyderbad,B2B,-439.26,1880.2,0.65
1016,Valerie Garner,T-Shirts,Crop Top,2,2686,0.65,26-10-2024,Hyderabad,B2B,1881.89,1880.2,0.65
1021,Amber Bowman,Dresses,Wrap Dress,2,2686,0.65,05-05-2024,bengaluru,B2B,-705.72,1880.2,0.65
1033,Jonathan Neal,Jeans,Straight Cut,2,2686,0.65,13-11-2024,Hyd,B2B,903.69,1880.2,0.65
1042,Richard Williams,Dresses,Bodycon,2,2686,0.65,12-04-2025,Pune,B2B,283.39,1880.2,0.65
1044,Elizabeth Williams,T-Shirts,Classic Tee,2,2686,0.65,12-09-2024,bengaluru,B2B,-80.23,1880.2,0.65
1054,Angela Martinez,T-Shirts,Classic Tee,2,2686,0.65,12-02-2025,Pune,B2B,1002.96,1880.2,0.65
1076,Lori Preston,T-Shirts,Oversized T-shirt,2,2686,0.65,07-01-2025,Bangalore,B2B,1408.61,1880.2,0.65
1077,Gabriel Parrish,T-Shirts,Oversized T-shirt,2,2686,0.65,20-09-2024,Hyderabad,B2B,902.52,1880.2,0.65
1093,Amanda Myers,Dresses,Bodycon,2,2686,0.65,03-12-2024,bengaluru,B2B,2966.76,1880.2,0.65
1099,Valerie Walker,Shoes,Loafers,2,2686,0.65,22-02-2024,Pune,B2B,300.02,1880.2,0.65
1109,Nicole Evans,Jeans,Ripped Denim,2,2686,0.65,02-05-2025,hyderbad,B2C,2133.58,1880.2,0.65
1118,Jose Jackson,Accessories,Belts,2,2686,0.65,01-05-2025,Bangalore,B2C,1039.53,1880.2,0.65
1143,Bernard Ramirez,Jackets,Denim Jacket,2,2686,0.65,05-05-2025,Bangalore,B2B,816.49,1880.2,0.65
1149,Steven Ortiz,Dresses,Bodycon,2,2686,0.65,05-10-2024,Hyderabad,B2B,562.69,1880.2,0.65
1154,Robert Parks,Accessories,Watches,2,2686,0.65,10-10-2024,Bangalore,B2C,52.85,1880.2,0.65
1202,Amy Walker,Accessories,Sunglasses,2,2686,0.65,23-03-2025,bengaluru,B2C,-207.53,1880.2,0.65
1219,Kayla Crawford,Jeans,Straight Cut,2,2686,0.65,28-11-2024,bengaluru,B2B,2206,1880.2,0.65
1220,Amber Rivera,T-Shirts,Oversized T-shirt,2,2686,0.65,22-07-2024,bengaluru,B2B,1598.22,1880.2,0.65
1253,Carlos Anderson,Dresses,Wrap Dress,2,2686,0.65,04-02-2025,bengaluru,B2B,2512.63,1880.2,0.65
1271,Robert Gonzalez,T-Shirts,Oversized T-shirt,2,2686,0.65,13-05-2024,Bangalore,B2B,1295.93,1880.2,0.65
1273,Bradley Myers,T-Shirts,Oversized T-shirt,2,2686,0.65,02-01-2025,Hyd,B2C,-431.92,1880.2,0.65
1287,Todd Hall,Jeans,Slim Fit Jeans,2,2686,0.65,06-02-2025,bengaluru,B2B,802.66,1880.2,0.65
1309,Tina Brown,Accessories,Caps,2,2686,0.65,03-03-2025,Pune,B2B,481.45,1880.2,0.65
1310,Thomas Smith,Dresses,Maxi Dress,2,2686,0.65,04-03-2025,Pune,B2B,1516.35,1880.2,0.65
1312,Wendy Garcia,Accessories,Sunglasses,2,2686,0.65,29-05-2025,Pune,B2B,-646.16,1880.2,0.65
1351,Brian Edwards,Shoes,Slip-ons,2,2686,0.65,11-09-2024,hyderbad,B2C,2621.66,1880.2,0.65
1382,Jeffery Green,Jeans,Boyfriend Jeans,2,2686,0.65,14-09-2024,Bangalore,B2B,-165.59,1880.2,0.65
1397,Rebekah Gonzalez,Jackets,Leather Jacket,2,2686,0.65,07-03-2025,Bangalore,B2C,1239.62,1880.2,0.65
1398,Aaron Ruiz,Dresses,Casual Midi,2,2686,0.65,28-03-2025,Hyderabad,B2B,-43.7,1880.2,0.65
1401,Daniel Wilson,T-Shirts,Classic Tee,2,2686,0.65,05-10-2024,Hyderabad,B2B,-751.05,1880.2,0.65
1403,John Clark,T-Shirts,Crop Top,2,2686,0.65,20-06-2025,Hyd,B2B,2210.07,1880.2,0.65
1406,Alan Johnson,Dresses,Maxi Dress,2,2686,0.65,18-01-2025,Bangalore,B2B,-863.17,1880.2,0.65
1412,Luis Mcdaniel,Shoes,Slip-ons,2,2686,0.65,29-08-2024,Hyderabad,B2C,2314.93,1880.2,0.65
1417,Nicholas Harrell,Dresses,Wrap Dress,2,2686,0.65,11-08-2024,Bangalore,B2B,888.59,1880.2,0.65
1419,Brittney Rivera,Jackets,Bomber Jacket,2,2686,0.65,15-10-2024,Hyd,B2B,-565.17,1880.2,0.65
1423,Christopher Reeves,Jackets,Leather Jacket,2,2686,0.65,22-02-2025,Hyd,B2B,1302.05,1880.2,0.65
1443,Danielle Shelton,T-Shirts,Crop Top,2,2686,0.65,11-07-2024,Bangalore,B2B,2962.6,1880.2,0.65
1456,Madison Berry,T-Shirts,Graphic Tee,2,2686,0.65,14-02-2025,Bangalore,B2C,1350.12,1880.2,0.65
1464,Jill Johnson,Dresses,Wrap Dress,2,2686,0.65,06-05-2025,bengaluru,B2C,837.3,1880.2,0.65
1485,Oscar Williams,Shoes,Sneakers,2,2686,0.65,06-08-2024,Hyderabad,B2B,672.88,1880.2,0.65
1489,Kimberly Hammond,Shoes,Sneakers,2,2686,0.65,08-05-2025,Pune,B2B,2102.2,1880.2,0.65
1506,Robert Brooks,T-Shirts,Crop Top,2,2686,0.65,13-06-2025,Bangalore,B2C,1406.62,1880.2,0.65
1558,Jacob Williams,T-Shirts,Graphic Tee,2,2686,0.65,13-12-2023,Pune,B2B,300.17,1880.2,0.65
1580,Faith Ray,Dresses,Wrap Dress,2,2686,0.65,22-06-2025,Hyd,B2B,-364.57,1880.2,0.65
1583,Anthony Calhoun,Dresses,Casual Midi,2,2686,0.65,29-03-2024,Pune,B2B,829.03,1880.2,0.65
1604,Gloria Phillips,T-Shirts,Graphic Tee,2,2686,0.65,17-09-2024,Bangalore,B2B,2976.74,1880.2,0.65
1631,Michelle French,Dresses,Casual Midi,2,2686,0.65,13-06-2025,Hyd,B2C,186.7,1880.2,0.65
1636,Ryan Griffin,Jackets,Denim Jacket,2,2686,0.65,09-06-2025,Pune,B2C,2569.59,1880.2,0.65
1640,Matthew Moses,Accessories,Belts,2,2686,0.65,03-12-2024,Pune,B2C,1823.75,1880.2,0.65
1657,Christopher Vargas,Jeans,Ripped Denim,2,2686,0.65,16-08-2024,Bangalore,B2B,2507.93,1880.2,0.65
1658,Ryan Weaver,Jackets,Puffer Coat,2,2686,0.65,03-04-2025,bengaluru,B2B,2996.16,1880.2,0.65
1661,Jamie Tucker,Shoes,Boots,2,2686,0.65,07-12-2024,Bangalore,B2B,49.2,1880.2,0.65
1687,Andrew Harris,Jackets,Denim Jacket,2,2686,0.65,12-07-2025,hyderbad,B2B,1132.23,1880.2,0.65
1694,Kenneth Garcia,Jeans,Boyfriend Jeans,2,2686,0.65,05-02-2025,hyderbad,B2B,264.6,1880.2,0.65
1713,Ms. Sheila Ward,T-Shirts,Graphic Tee,2,2686,0.65,01-11-2024,Pune,B2C,832.34,1880.2,0.65
1743,Valerie Perry,T-Shirts,Crop Top,2,2686,0.65,05-05-2025,Pune,B2C,1490.6,1880.2,0.65
1779,Richard Williams,Jeans,Boyfriend Jeans,2,2686,0.65,03-10-2024,Hyderabad,B2B,1861.39,1880.2,0.65
1794,Grant Juarez,Jackets,Denim Jacket,2,2686,0.65,10-06-2025,bengaluru,B2B,2115.26,1880.2,0.65
1795,Brandon Davis,Accessories,Caps,2,2686,0.65,22-04-2025,Hyd,B2C,301.5,1880.2,0.65
1801,Brian Lara,Shoes,Sneakers,2,2686,0.65,23-04-2025,Bangalore,B2C,1463.67,1880.2,0.65
1815,Kelly Dixon,Dresses,Casual Midi,2,2686,0.65,29-05-2025,bengaluru,B2B,1057.36,1880.2,0.65
1830,John Russo,Dresses,Casual Midi,2,2686,0.65,17-08-2024,Pune,B2B,602.58,1880.2,0.65
1838,Christopher Cabrera,Dresses,Bodycon,2,2686,0.65,17-11-2024,Pune,B2B,1657.14,1880.2,0.65
1871,Barbara Schmidt,Dresses,Wrap Dress,2,2686,0.65,23-10-2024,bengaluru,B2C,-431.93,1880.2,0.65
1875,Alicia Mclean,Accessories,Watches,2,2686,0.65,20-08-2024,Pune,B2C,1125.5,1880.2,0.65
1003,Mark Williams,Jeans,Ripped Denim,2,2686,0.65,25-03-2025,Pune,B2B,2368.7,1880.2,0.65
1907,Meagan Johnson,Jackets,Puffer Coat,2,2686,0.65,07-12-2024,hyderbad,B2B,305.87,1880.2,0.65
1956,James Brown,Jackets,Puffer Coat,2,2686,0.65,04-01-2025,Bangalore,B2B,-850.76,1880.2,0.65
1973,Sarah Gonzalez,Accessories,Caps,2,2686,0.65,29-03-2025,Pune,B2C,838.06,1880.2,0.65
1988,Victor Hill,Shoes,Boots,2,2686,0.65,25-03-2025,Bangalore,B2B,-298.07,1880.2,0.65
2028,Kelly Scott,Jackets,Leather Jacket,2,2686,0.65,14-09-2024,Bangalore,B2B,2393.48,1880.2,0.65
2038,Johnny Powell,T-Shirts,Oversized T-shirt,2,2686,0.65,16-03-2024,Hyd,B2B,2548.6,1880.2,0.65
2053,Amy Khan,Accessories,Belts,2,2686,0.65,28-07-2024,Pune,B2B,-940.51,1880.2,0.65
2072,Lisa Sanders,Dresses,Casual Midi,2,2686,0.65,01-05-2025,hyderbad,B2B,-670.22,1880.2,0.65
2085,Steven Gutierrez,Jackets,Denim Jacket,2,2686,0.65,19-09-2024,Hyderabad,B2B,212.87,1880.2,0.65
2107,Rhonda Patterson,Dresses,Wrap Dress,2,2686,0.65,04-01-2025,Hyd,B2C,2643.46,1880.2,0.65
2136,Sarah Ortiz,T-Shirts,Graphic Tee,2,2686,0.65,24-06-2025,Hyderabad,B2B,1627.8,1880.2,0.65
2154,Veronica Everett,Accessories,Belts,2,2686,0.65,16-05-2025,Pune,B2B,2141.81,1880.2,0.65
2155,Samuel Mitchell,T-Shirts,Graphic Tee,2,2686,0.65,03-02-2025,Bangalore,B2C,-972.74,1880.2,0.65
2165,Jeffrey Lewis,Shoes,Slip-ons,2,2686,0.65,21-01-2025,Pune,B2B,-609.52,1880.2,0.65
2175,Paul Estrada,Shoes,Loafers,2,2686,0.65,02-09-2023,Hyd,B2C,1022.04,1880.2,0.65
2208,Bobby Morrison,Accessories,Sunglasses,2,2686,0.65,15-02-2025,Pune,B2B,2347.05,1880.2,0.65
2218,David Wood,Jeans,Ripped Denim,2,2686,0.65,23-01-2025,Hyderabad,B2B,2077.49,1880.2,0.65
2227,April Davis MD,Dresses,Wrap Dress,2,2686,0.65,08-07-2025,Pune,B2B,2766.36,1880.2,0.65
2248,Danielle Stevenson,Jeans,Straight Cut,2,2686,0.65,11-07-2025,Hyd,B2C,-306.57,1880.2,0.65
2258,Shirley Fuller,Shoes,Boots,2,2686,0.65,02-06-2025,Bangalore,B2B,1444.24,1880.2,0.65
2269,John Romero,Shoes,Boots,2,2686,0.65,26-06-2025,Hyd,B2B,742.42,1880.2,0.65
2307,Justin Garza,Shoes,Boots,2,2686,0.65,23-12-2023,Pune,B2B,1998.57,1880.2,0.65
2314,Alexa Davis,Accessories,Watches,2,2686,0.65,16-12-2024,Pune,B2B,949.17,1880.2,0.65
2318,Jessica Campbell,T-Shirts,Crop Top,2,2686,0.65,13-04-2025,Hyderabad,B2C,1145.48,1880.2,0.65
2321,Andrea Young,Shoes,Sneakers,2,2686,0.65,26-03-2025,Pune,B2B,1864.22,1880.2,0.65
2323,Amanda Smith,Jeans,Straight Cut,2,2686,0.65,06-02-2025,Pune,B2B,2903.66,1880.2,0.65
2348,John Boyd,Shoes,Boots,2,2686,0.65,09-10-2024,Pune,B2B,371.77,1880.2,0.65
2354,Cynthia Wright,Shoes,Boots,2,2686,0.65,11-02-2025,Hyderabad,B2B,2233.28,1880.2,0.65
2376,Norman Owens,Jackets,Bomber Jacket,2,2686,0.65,19-11-2023,Pune,B2C,1900.77,1880.2,0.65
2383,Deborah Weber,Shoes,Boots,2,2686,0.65,25-05-2025,hyderbad,B2B,990.71,1880.2,0.65
2388,Daniel Ray,T-Shirts,Crop Top,2,2686,0.65,26-02-2025,Hyderabad,B2B,-722.21,1880.2,0.65
2395,Amanda Pham,Accessories,Watches,2,2686,0.65,20-05-2025,Hyderabad,B2C,1866.74,1880.2,0.65
2442,Christine Scott,Jeans,Boyfriend Jeans,2,2686,0.65,31-01-2025,Pune,B2C,-937.17,1880.2,0.65
2474,Timothy Smith,Shoes,Loafers,2,2686,0.65,09-11-2024,Bangalore,B2B,-930.79,1880.2,0.65
2484,Matthew Alvarez,T-Shirts,Graphic Tee,2,2686,0.65,26-11-2024,Pune,B2C,516.5,1880.2,0.65
2506,Shannon Bean,Jackets,Leather Jacket,2,2686,0.65,23-12-2024,Hyd,B2B,1734.31,1880.2,0.65
2538,James Aguilar,Dresses,Casual Midi,2,2686,0.65,08-06-2025,Hyderabad,B2C,-705.34,1880.2,0.65
2574,Michael Day,Dresses,Wrap Dress,2,2686,0.65,06-11-2024,Pune,B2B,-39.3,1880.2,0.65
2580,Amy Garcia,Shoes,Loafers,2,2686,0.65,01-04-2024,hyderbad,B2C,2076.53,1880.2,0.65
2585,Rebecca Lowery,Dresses,Casual Midi,2,2686,0.65,28-11-2024,Hyd,B2C,1123.27,1880.2,0.65
1020,Catherine Good,Dresses,Bodycon,2,2686,0.65,10-08-2023,Pune,B2B,1224.35,1880.2,0.65
2629,Michael Green,Dresses,Bodycon,2,2686,0.65,05-03-2025,Hyderabad,B2B,1765.52,1880.2,0.65
2635,Karen Bridges,Shoes,Boots,2,2686,0.65,03-02-2025,Pune,B2C,461.83,1880.2,0.65
2650,Sydney Chambers,Shoes,Slip-ons,2,2686,0.65,12-02-2025,bengaluru,B2C,2003.15,1880.2,0.65
2664,Kristina Gutierrez,Shoes,Boots,2,2686,0.65,31-03-2024,hyderbad,B2C,-338.97,1880.2,0.65
2670,Angela Hart MD,T-Shirts,Graphic Tee,2,2686,0.65,26-09-2024,Pune,B2C,775.45,1880.2,0.65
2702,Linda Figueroa,T-Shirts,Graphic Tee,2,2686,0.65,02-09-2024,Hyderabad,B2B,606.51,1880.2,0.65
2703,Jesse Peck,Accessories,Belts,2,2686,0.65,07-05-2025,hyderbad,B2C,2193.86,1880.2,0.65
2711,Matthew Valenzuela,Dresses,Bodycon,2,2686,0.65,30-01-2024,Pune,B2B,-25.26,1880.2,0.65
2712,Michael Ball,Jackets,Leather Jacket,2,2686,0.65,15-12-2024,bengaluru,B2B,-973.58,1880.2,0.65
2717,Bethany Johnson,Jeans,Boyfriend Jeans,2,2686,0.65,03-01-2025,Pune,B2C,2786.83,1880.2,0.65
2723,Andrea Parker,T-Shirts,Classic Tee,2,2686,0.65,21-02-2025,Pune,B2B,253.64,1880.2,0.65
2725,Marvin Williams,Jackets,Leather Jacket,2,2686,0.65,13-02-2025,hyderbad,B2B,2116.07,1880.2,0.65
2742,Sandra Hobbs,Accessories,Belts,2,2686,0.65,15-07-2025,Bangalore,B2C,1045.71,1880.2,0.65
2765,Joseph Williams,Dresses,Wrap Dress,2,2686,0.65,26-06-2025,Pune,B2B,2047.44,1880.2,0.65
2766,Brian Wells,Jeans,Straight Cut,2,2686,0.65,26-08-2024,Pune,B2C,621.85,1880.2,0.65
2772,Antonio Crosby,Jeans,Ripped Denim,2,2686,0.65,20-02-2024,Hyderabad,B2B,-865.59,1880.2,0.65
2784,Matthew Cole,Jackets,Bomber Jacket,2,2686,0.65,03-01-2025,Pune,B2C,2921.6,1880.2,0.65
2794,Eric Fletcher,Dresses,Bodycon,2,2686,0.65,28-01-2025,Bangalore,B2C,2860.66,1880.2,0.65
2799,Mark Olson,T-Shirts,Classic Tee,2,2686,0.65,19-03-2025,Pune,B2B,683.04,1880.2,0.65
2806,Maria Morris,Jeans,Boyfriend Jeans,2,2686,0.65,04-10-2024,Bangalore,B2B,2658.95,1880.2,0.65
2812,Wesley Lopez,T-Shirts,Graphic Tee,2,2686,0.65,11-03-2025,Pune,B2B,-662.74,1880.2,0.65
2866,Richard Sanders,Jeans,Ripped Denim,2,2686,0.65,14-03-2025,Bangalore,B2B,883.66,1880.2,0.65
2878,Maria Blackburn,Jackets,Bomber Jacket,2,2686,0.65,06-01-2025,hyderbad,B2C,2309.55,1880.2,0.65
2881,Brandi Powell,Jeans,Boyfriend Jeans,2,2686,0.65,03-09-2024,Hyd,B2C,1850.77,1880.2,0.65
2893,Lisa Reid,Shoes,Loafers,2,2686,0.65,07-09-2024,Bangalore,B2B,1825.47,1880.2,0.65
2896,Derek Richards,Dresses,Wrap Dress,2,2686,0.65,17-09-2024,Hyd,B2C,2760.7,1880.2,0.65
2907,Virginia Rowland,T-Shirts,Graphic Tee,2,2686,0.65,01-05-2025,hyderbad,B2B,-782.3,1880.2,0.65
2912,Stacy Graves,Shoes,Boots,2,2686,0.65,02-08-2024,Pune,B2B,-97.77,1880.2,0.65
2932,Sara Woods,Shoes,Sneakers,2,2686,0.65,06-10-2024,Hyd,B2B,700.64,1880.2,0.65
2939,Maurice Craig,Shoes,Sneakers,2,2686,0.65,23-01-2025,bengaluru,B2B,2143.94,1880.2,0.65
2940,Jerry Gutierrez,Shoes,Slip-ons,2,2686,0.65,09-02-2025,Hyderabad,B2C,1992.92,1880.2,0.65
2954,Jason Rivera,Dresses,Maxi Dress,2,2686,0.65,14-08-2024,Hyderabad,B2B,1632.71,1880.2,0.65
2958,James Juarez,T-Shirts,Classic Tee,2,2686,0.65,11-04-2024,Pune,B2C,-645.12,1880.2,0.65
1038,Joel Martinez,Shoes,Boots,2,2686,0.65,30-11-2023,Pune,B2C,2689.89,1880.2,0.65
2967,Angela Palmer,Dresses,Casual Midi,2,2686,0.65,24-04-2025,hyderbad,B2B,-346.59,1880.2,0.65
2973,Joel Johnson MD,Accessories,Belts,2,2686,0.65,15-12-2024,hyderbad,B2C,1576.16,1880.2,0.65
1034,Robert Goodwin,Dresses,Casual Midi,2,2686,0.65,22-09-2024,Hyd,B2B,-41.81,1880.2,0.65
3005,Dave Williams,Jackets,Bomber Jacket,2,2686,0.65,08-05-2024,Hyderabad,B2C,2378.14,1880.2,0.65
3009,Jacob Conrad,Jeans,Slim Fit Jeans,2,2686,0.65,14-03-2025,Bangalore,B2C,25.22,1880.2,0.65
3020,Jonathan Leonard,Shoes,Boots,2,2686,0.65,21-08-2024,bengaluru,B2B,134.93,1880.2,0.65
3025,Jennifer Mills,Accessories,Belts,2,2686,0.65,24-12-2023,bengaluru,B2C,2275.07,1880.2,0.65
3040,Mark Soto,Shoes,Slip-ons,2,2686,0.65,19-03-2025,hyderbad,B2B,2991.73,1880.2,0.65
3041,Cameron Medina,Jackets,Bomber Jacket,2,2686,0.65,05-12-2024,hyderbad,B2B,2179.93,1880.2,0.65
3069,Timothy Thomas,Jackets,Puffer Coat,2,2686,0.65,26-10-2024,bengaluru,B2B,-524.33,1880.2,0.65
3080,Jessica Fox,T-Shirts,Crop Top,2,2686,0.65,30-04-2025,bengaluru,B2B,2067.89,1880.2,0.65
3092,Susan Barajas,Jackets,Puffer Coat,2,2686,0.65,26-02-2025,Bangalore,B2B,250.05,1880.2,0.65
3105,Christina Crawford,Accessories,Belts,2,2686,0.65,09-05-2025,Hyderabad,B2C,1488.64,1880.2,0.65
3115,Vickie Brown DDS,Accessories,Caps,2,2686,0.65,23-08-2024,Hyderabad,B2B,-546.69,1880.2,0.65
3137,Taylor Maxwell,Jackets,Puffer Coat,2,2686,0.65,17-11-2024,bengaluru,B2B,-122.35,1880.2,0.65
3147,Andrew Williams,Dresses,Casual Midi,2,2686,0.65,15-07-2025,Bangalore,B2B,2987.89,1880.2,0.65
3158,Melinda Hood,Shoes,Boots,2,2686,0.65,27-07-2024,Pune,B2B,-274.09,1880.2,0.65
3162,Scott Lee,Accessories,Sunglasses,2,2686,0.65,29-12-2024,bengaluru,B2B,344.06,1880.2,0.65
3166,Gregory Pierce,Dresses,Bodycon,2,2686,0.65,17-01-2025,Pune,B2B,1384.25,1880.2,0.65
3169,James Villarreal,Jackets,Puffer Coat,2,2686,0.65,29-03-2024,Hyderabad,B2C,796.19,1880.2,0.65
3183,Danielle Jones,Accessories,Watches,2,2686,0.65,01-06-2024,bengaluru,B2B,2332.84,1880.2,0.65
3198,Dale Palmer,Jackets,Puffer Coat,2,2686,0.65,01-04-2025,Pune,B2C,816.72,1880.2,0.65
3205,Patrick Olson,Shoes,Sneakers,2,2686,0.65,20-12-2024,hyderbad,B2B,1723.22,1880.2,0.65
3221,Paul Orozco,Accessories,Belts,2,2686,0.65,17-07-2025,Pune,B2B,2141.34,1880.2,0.65
3222,Edward Saunders,Dresses,Bodycon,2,2686,0.65,15-02-2025,Pune,B2B,-545.96,1880.2,0.65
3226,Michelle Gonzalez,Dresses,Wrap Dress,2,2686,0.65,08-08-2023,bengaluru,B2C,2715.65,1880.2,0.65
3231,Paul West,Shoes,Loafers,2,2686,0.65,23-02-2024,Pune,B2B,2837.72,1880.2,0.65
3240,Sabrina Copeland,Dresses,Casual Midi,2,2686,0.65,10-10-2024,bengaluru,B2B,940.05,1880.2,0.65
3245,Gregory Daugherty,Shoes,Sneakers,2,2686,0.65,22-12-2023,Hyderabad,B2B,1403.98,1880.2,0.65
3257,Nicholas Lee,T-Shirts,Graphic Tee,2,2686,0.65,18-03-2025,Hyd,B2B,-271.48,1880.2,0.65
1045,Jennifer Fowler,Accessories,Sunglasses,2,2686,0.65,25-02-2024,Pune,B2C,454.74,1880.2,0.65
3280,Courtney Munoz,Dresses,Wrap Dress,2,2686,0.65,12-10-2023,Hyd,B2B,601.65,1880.2,0.65
3286,Benjamin Jenkins,Jackets,Denim Jacket,2,2686,0.65,14-07-2025,Hyderabad,B2B,2616.28,1880.2,0.65
3290,Lauren Cook,Jackets,Puffer Coat,2,2686,0.65,20-06-2025,Pune,B2B,1001.31,1880.2,0.65
3303,Joshua Carter,Shoes,Slip-ons,2,2686,0.65,26-11-2024,Hyderabad,B2B,295.89,1880.2,0.65
3310,Marissa Howard,Dresses,Wrap Dress,2,2686,0.65,25-08-2023,Pune,B2C,463.6,1880.2,0.65
3320,Erin Rodriguez,Shoes,Slip-ons,2,2686,0.65,14-10-2024,Pune,B2B,-251.71,1880.2,0.65
3334,Steve Gonzalez,Jeans,Boyfriend Jeans,2,2686,0.65,14-06-2025,Hyd,B2B,-933.34,1880.2,0.65
3362,Linda Simpson,Accessories,Belts,2,2686,0.65,25-05-2025,hyderbad,B2B,1445.86,1880.2,0.65
3369,Luis Gardner,Jeans,Boyfriend Jeans,2,2686,0.65,21-01-2025,bengaluru,B2B,245.55,1880.2,0.65
3370,Christina Odonnell,Jackets,Denim Jacket,2,2686,0.65,25-02-2024,bengaluru,B2B,1069.18,1880.2,0.65
3379,Alyssa Figueroa,Accessories,Caps,2,2686,0.65,02-06-2024,Pune,B2C,-861.83,1880.2,0.65
3387,Wayne Johnson,Jeans,Ripped Denim,2,2686,0.65,10-07-2025,bengaluru,B2B,-48.14,1880.2,0.65
3395,Robert Odom,Shoes,Slip-ons,2,2686,0.65,01-11-2024,Pune,B2B,-23.94,1880.2,0.65
3432,James Clay,Dresses,Bodycon,2,2686,0.65,31-12-2024,Bangalore,B2B,980.18,1880.2,0.65
3467,Jennifer Shaw,T-Shirts,Graphic Tee,2,2686,0.65,06-04-2025,bengaluru,B2B,1246.62,1880.2,0.65
3478,Gerald Webb,Jackets,Denim Jacket,2,2686,0.65,31-12-2023,Pune,B2B,2602.44,1880.2,0.65
3481,Sarah Brooks,Jeans,Boyfriend Jeans,2,2686,0.65,09-07-2025,bengaluru,B2C,-38.12,1880.2,0.65
1185,Stacy Brady,Accessories,Belts,2,2686,0.65,14-05-2025,Delhi,B2C,-445.19,1880.2,0.65
1260,Lindsay Haney,Dresses,Maxi Dress,2,2686,0.65,25-03-2025,Delhi,B2B,-817.8,1880.2,0.65
1013,Michael James,Jackets,Puffer Coat,2,2686,0.65,09-10-2024,Delhi,B2B,1647.38,1880.2,0.65
1400,John Carr,T-Shirts,Classic Tee,2,2686,0.65,27-02-2025,Delhi,B2B,1385.55,1880.2,0.65
1015,Stephanie Gonzalez,Jeans,Boyfriend Jeans,2,2686,0.65,25-01-2025,Delhi,B2B,1869.46,1880.2,0.65
1431,Jennifer Lyons,Accessories,Watches,2,2686,0.65,29-04-2025,Delhi,B2B,2191.02,1880.2,0.65
1455,Patty Thomas,T-Shirts,Classic Tee,2,2686,0.65,03-12-2024,Delhi,B2B,743.47,1880.2,0.65
1512,Sarah Stokes,Accessories,Sunglasses,2,2686,0.65,15-06-2024,Delhi,B2C,352.91,1880.2,0.65
1534,Colin Lewis,T-Shirts,Graphic Tee,2,2686,0.65,25-04-2025,Delhi,B2B,-836.06,1880.2,0.65
1581,Donald Brown,Jeans,Straight Cut,2,2686,0.65,26-06-2025,Delhi,B2B,1109.06,1880.2,0.65
1635,David Stuart,Accessories,Caps,2,2686,0.65,16-08-2024,Delhi,B2C,857.97,1880.2,0.65
1656,John Lopez,Shoes,Slip-ons,2,2686,0.65,21-12-2024,Delhi,B2B,1872.27,1880.2,0.65
1721,Stephen Berry,Dresses,Wrap Dress,2,2686,0.65,10-10-2024,Delhi,B2C,788.55,1880.2,0.65
1777,Emma Sharp,Dresses,Wrap Dress,2,2686,0.65,19-04-2024,Delhi,B2B,1292.09,1880.2,0.65
1780,Roger Hall,Jackets,Leather Jacket,2,2686,0.65,21-06-2025,Delhi,B2B,2756.02,1880.2,0.65
1812,Jo King,Jackets,Denim Jacket,2,2686,0.65,26-01-2025,Delhi,B2B,-36.38,1880.2,0.65
1814,Dennis Jacobs,T-Shirts,Oversized T-shirt,2,2686,0.65,29-12-2024,Delhi,B2B,2724.05,1880.2,0.65
1829,Amanda Walker,Shoes,Sneakers,2,2686,0.65,29-02-2024,Delhi,B2B,1019.58,1880.2,0.65
1841,Justin Wright,Jackets,Puffer Coat,2,2686,0.65,31-03-2025,Delhi,B2C,-780.96,1880.2,0.65
1844,Maureen Adams,Accessories,Sunglasses,2,2686,0.65,04-07-2025,Delhi,B2C,1910.76,1880.2,0.65
1868,Heather Graves,Shoes,Boots,2,2686,0.65,13-08-2024,Delhi,B2B,182.74,1880.2,0.65
1873,Paul Walker,Jackets,Bomber Jacket,2,2686,0.65,23-06-2024,Delhi,B2B,-632.25,1880.2,0.65
1915,Stephanie Callahan,Accessories,Sunglasses,2,2686,0.65,16-03-2024,Delhi,B2B,944.36,1880.2,0.65
1922,Kimberly Bowers,Dresses,Wrap Dress,2,2686,0.65,05-02-2025,Delhi,B2B,-616.36,1880.2,0.65
1928,Anthony Sandoval,Dresses,Casual Midi,2,2686,0.65,26-05-2024,Delhi,B2B,2676.77,1880.2,0.65
1962,Spencer Jacobs,Shoes,Sneakers,2,2686,0.65,07-12-2023,Delhi,B2B,1408.3,1880.2,0.65
2005,Jennifer Ruiz,Jeans,Straight Cut,2,2686,0.65,24-09-2024,Delhi,B2B,559.6,1880.2,0.65
2015,Emma Chavez,Dresses,Casual Midi,2,2686,0.65,19-03-2025,Delhi,B2B,182.23,1880.2,0.65
2031,Nicole Munoz MD,Dresses,Maxi Dress,2,2686,0.65,24-06-2025,Delhi,B2B,2655.01,1880.2,0.65
1033,John Mora Jr.,T-Shirts,Crop Top,2,2686,0.65,30-09-2024,Delhi,B2C,-299.78,1880.2,0.65
2232,Melissa Rodriguez,Dresses,Casual Midi,2,2686,0.65,23-05-2025,Delhi,B2B,2915.25,1880.2,0.65
2372,Dominic Baker,Dresses,Wrap Dress,2,2686,0.65,05-05-2025,Delhi,B2B,-452.24,1880.2,0.65
2381,Dr. Dawn Martin,Shoes,Sneakers,2,2686,0.65,24-11-2024,Delhi,B2B,103.57,1880.2,0.65
2411,Jeffrey Martinez,Jeans,Straight Cut,2,2686,0.65,14-05-2025,Delhi,B2C,458.44,1880.2,0.65
2426,Jacqueline Peck,Jackets,Bomber Jacket,2,2686,0.65,06-07-2025,Delhi,B2B,261.68,1880.2,0.65
2428,Craig Miller,Shoes,Loafers,2,2686,0.65,17-01-2025,Delhi,B2B,1885.43,1880.2,0.65
2496,Brian Howard,Jackets,Puffer Coat,2,2686,0.65,23-05-2025,Delhi,B2B,2882.47,1880.2,0.65
2535,Jessica Garrett,Accessories,Belts,2,2686,0.65,08-09-2024,Delhi,B2C,782.05,1880.2,0.65
1014,Sally Morales,Jeans,Boyfriend Jeans,2,2686,0.65,10-04-2024,Delhi,B2C,1946.1,1880.2,0.65
2628,Annette Miller,Jeans,Straight Cut,2,2686,0.65,11-01-2024,Delhi,B2B,2466.43,1880.2,0.65
1014,Joshua Wade,Jeans,Boyfriend Jeans,2,2686,0.65,16-02-2025,Delhi,B2B,2219.49,1880.2,0.65
2730,Jessica White,T-Shirts,Classic Tee,2,2686,0.65,28-02-2024,Delhi,B2B,2203.97,1880.2,0.65
2736,Mary Gomez,Jeans,Slim Fit Jeans,2,2686,0.65,19-06-2025,Delhi,B2B,-253.78,1880.2,0.65
2760,Brian Craig,Shoes,Slip-ons,2,2686,0.65,21-10-2024,Delhi,B2B,-833.77,1880.2,0.65
2845,Robert White,Jackets,Denim Jacket,2,2686,0.65,04-04-2025,Delhi,B2B,-693.63,1880.2,0.65
2875,James Case DDS,Jackets,Puffer Coat,2,2686,0.65,13-11-2024,Delhi,B2B,1291.9,1880.2,0.65
1040,Julie Moon MD,T-Shirts,Crop Top,2,2686,0.65,05-05-2025,Delhi,B2B,2959.73,1880.2,0.65
1046,Peter Merritt,T-Shirts,Oversized T-shirt,2,2686,0.65,24-08-2024,Delhi,B2B,900.65,1880.2,0.65
3014,Anthony Smith,T-Shirts,Graphic Tee,2,2686,0.65,02-07-2025,Delhi,B2B,1056.99,1880.2,0.65
3023,Tamara Ross,T-Shirts,Oversized T-shirt,2,2686,0.65,28-08-2023,Delhi,B2C,2001.88,1880.2,0.65
3070,Robert Ballard,Jackets,Leather Jacket,2,2686,0.65,21-08-2024,Delhi,B2B,1136.04,1880.2,0.65
3159,Tiffany Smith,T-Shirts,Graphic Tee,2,2686,0.65,12-03-2025,Delhi,B2B,1668.66,1880.2,0.65
3191,David Gillespie,Jackets,Denim Jacket,2,2686,0.65,30-01-2025,Delhi,B2B,173.16,1880.2,0.65
3247,Pamela Wolf,Dresses,Casual Midi,2,2686,0.65,05-12-2024,Delhi,B2B,2182.49,1880.2,0.65
3251,Evelyn Mckenzie,Dresses,Maxi Dress,2,2686,0.65,15-01-2025,Delhi,B2C,2977.81,1880.2,0.65
3284,Daniel Mullins,Accessories,Sunglasses,2,2686,0.65,19-03-2025,Delhi,B2C,1560.64,1880.2,0.65
3297,George Macdonald,Shoes,Slip-ons,2,2686,0.65,21-01-2025,Delhi,B2C,1746.36,1880.2,0.65
3339,Corey Sanchez,Accessories,Watches,2,2686,0.65,16-03-2024,Delhi,B2C,-735.83,1880.2,0.65
3358,Sarah Cruz,Dresses,Wrap Dress,2,2686,0.65,22-11-2024,Delhi,B2C,1541.97,1880.2,0.65
3376,Michelle Chapman,Jeans,Ripped Denim,2,2686,0.65,09-12-2023,Delhi,B2B,1936.25,1880.2,0.65
3417,Kevin Kim,Jeans,Straight Cut,2,2686,0.65,29-01-2025,Delhi,B2C,-938.64,1880.2,0.65
3429,Savannah Peters,Dresses,Wrap Dress,2,2686,0.65,15-02-2025,Delhi,B2B,859.23,1880.2,0.65
3435,Brooke Elliott,Jackets,Leather Jacket,2,2686,0.65,07-08-2023,Delhi,B2B,-453.03,1880.2,0.65
3470,Richard Murray,Accessories,Belts,2,2686,0.65,19-07-2025,Delhi,B2C,1387.75,1880.2,0.65
1026,Colton Baxter,Accessories,Sunglasses,2,2686,0.65,21-12-2024,Ahmedabad,B2B,-194.77,1880.2,0.65
1040,Angel Nelson,Jackets,Denim Jacket,2,2686,0.65,15-11-2024,Ahmedabad,B2C,693.6,1880.2,0.65
1041,Teresa Chavez,Jackets,Puffer Coat,2,2686,0.65,07-03-2025,Ahmedabad,B2C,-983.06,1880.2,0.65
1115,Carolyn Nelson,Accessories,Belts,2,2686,0.65,18-06-2025,Ahmedabad,B2B,-624.26,1880.2,0.65
1032,Stephanie Booth,Accessories,Sunglasses,2,2686,0.65,09-07-2025,Ahmedabad,B2C,1941.65,1880.2,0.65
1213,Darrell Reynolds,T-Shirts,Classic Tee,2,2686,0.65,27-01-2025,Ahmedabad,B2B,1093.98,1880.2,0.65
1224,Shelby Lewis,Dresses,Wrap Dress,2,2686,0.65,21-03-2025,Ahmedabad,B2C,2219.56,1880.2,0.65
1298,Dylan Newton,T-Shirts,Graphic Tee,2,2686,0.65,31-12-2024,Ahmedabad,B2C,2490.23,1880.2,0.65
1330,Joseph Sims,Dresses,Maxi Dress,2,2686,0.65,30-12-2024,Ahmedabad,B2C,-587.38,1880.2,0.65
1028,John Taylor,Accessories,Watches,2,2686,0.65,10-11-2023,Ahmedabad,B2B,2502.73,1880.2,0.65
1048,Michelle Rodriguez,Shoes,Slip-ons,2,2686,0.65,31-12-2024,Ahmedabad,B2B,2393.99,1880.2,0.65
1414,Elizabeth Buchanan,T-Shirts,Oversized T-shirt,2,2686,0.65,08-07-2025,Ahmedabad,B2B,2843.55,1880.2,0.65
1432,Steven Taylor,Shoes,Sneakers,2,2686,0.65,02-06-2024,Ahmedabad,B2B,-849.15,1880.2,0.65
1540,Kurt Murillo,Jackets,Puffer Coat,2,2686,0.65,06-01-2025,Ahmedabad,B2B,815.28,1880.2,0.65
1546,Daniel Brady,T-Shirts,Oversized T-shirt,2,2686,0.65,03-09-2024,Ahmedabad,B2B,1978.16,1880.2,0.65
1600,Sonya Burke,Accessories,Watches,2,2686,0.65,18-08-2023,Ahmedabad,B2B,-605.06,1880.2,0.65
1634,Catherine Brock,Jackets,Puffer Coat,2,2686,0.65,01-04-2025,Ahmedabad,B2B,108.15,1880.2,0.65
1680,Ryan Becker,Jeans,Straight Cut,2,2686,0.65,26-09-2024,Ahmedabad,B2B,2873.92,1880.2,0.65
1740,Jesus Ramirez,Jeans,Slim Fit Jeans,2,2686,0.65,24-06-2025,Ahmedabad,B2B,796.49,1880.2,0.65
1748,Matthew Stein,Dresses,Wrap Dress,2,2686,0.65,12-09-2024,Ahmedabad,B2B,1687.82,1880.2,0.65
1753,Haley Herrera,Jackets,Puffer Coat,2,2686,0.65,30-07-2023,Ahmedabad,B2B,1848.5,1880.2,0.65
1861,Timothy Walton,Jackets,Bomber Jacket,2,2686,0.65,24-01-2025,Ahmedabad,B2B,-934.61,1880.2,0.65
1917,Benjamin Garrett,Shoes,Slip-ons,2,2686,0.65,04-12-2024,Ahmedabad,B2B,1173.48,1880.2,0.65
1989,Dillon Cruz,T-Shirts,Crop Top,2,2686,0.65,24-03-2025,Ahmedabad,B2B,2646.08,1880.2,0.65
2026,Tracy Thomas,Shoes,Sneakers,2,2686,0.65,04-06-2025,Ahmedabad,B2B,83.33,1880.2,0.65
2115,Colleen Wallace,Jeans,Straight Cut,2,2686,0.65,22-02-2025,Ahmedabad,B2C,2100.4,1880.2,0.65
2116,Jordan Hamilton,Accessories,Caps,2,2686,0.65,15-09-2024,Ahmedabad,B2B,87.1,1880.2,0.65
2169,Wendy Rodriguez,Jeans,Straight Cut,2,2686,0.65,22-10-2024,Ahmedabad,B2C,1870.24,1880.2,0.65
2197,Michael Mccormick,Dresses,Bodycon,2,2686,0.65,02-11-2024,Ahmedabad,B2C,24.78,1880.2,0.65
2224,Natalie Bernard,Shoes,Slip-ons,2,2686,0.65,25-11-2024,Ahmedabad,B2B,691.31,1880.2,0.65
2231,Aaron Miller,Shoes,Loafers,2,2686,0.65,21-02-2025,Ahmedabad,B2C,1342.52,1880.2,0.65
2243,Julie Arnold,Accessories,Caps,2,2686,0.65,06-06-2025,Ahmedabad,B2C,773.71,1880.2,0.65
2298,Jennifer Delgado,T-Shirts,Graphic Tee,2,2686,0.65,04-06-2025,Ahmedabad,B2B,-778.84,1880.2,0.65
2333,Sydney Warren,Dresses,Casual Midi,2,2686,0.65,22-01-2024,Ahmedabad,B2C,761.35,1880.2,0.65
2343,Denise Spencer,Jeans,Slim Fit Jeans,2,2686,0.65,18-05-2025,Ahmedabad,B2B,2829.76,1880.2,0.65
2407,Laurie Williams,Jeans,Slim Fit Jeans,2,2686,0.65,24-05-2025,Ahmedabad,B2B,2990.98,1880.2,0.65
2423,Victor Jones,Shoes,Sneakers,2,2686,0.65,26-11-2023,Ahmedabad,B2B,2661.66,1880.2,0.65
2451,Allison Mccann,Shoes,Boots,2,2686,0.65,31-08-2024,Ahmedabad,B2B,1177.96,1880.2,0.65
2486,Heather Flores,Jackets,Leather Jacket,2,2686,0.65,03-08-2024,Ahmedabad,B2B,2082.36,1880.2,0.65
2507,Allison Miller,T-Shirts,Graphic Tee,2,2686,0.65,13-06-2025,Ahmedabad,B2C,339.83,1880.2,0.65
2573,Thomas Nielsen,Jackets,Leather Jacket,2,2686,0.65,12-01-2024,Ahmedabad,B2B,-215,1880.2,0.65
1002,Travis Thomas,Accessories,Watches,2,2686,0.65,13-03-2025,Ahmedabad,B2B,48.87,1880.2,0.65
2656,Ashley Hernandez,Shoes,Sneakers,2,2686,0.65,10-04-2025,Ahmedabad,B2B,1096.61,1880.2,0.65
2661,Alexandra Washington,Dresses,Casual Midi,2,2686,0.65,18-04-2025,Ahmedabad,B2B,1249.59,1880.2,0.65
1026,Timothy Murphy,Dresses,Maxi Dress,2,2686,0.65,14-06-2024,Ahmedabad,B2B,2344.12,1880.2,0.65
2727,Sharon Russell,Accessories,Sunglasses,2,2686,0.65,23-08-2023,Ahmedabad,B2B,1804.04,1880.2,0.65
2769,Jennifer Hall,T-Shirts,Graphic Tee,2,2686,0.65,02-02-2025,Ahmedabad,B2B,2102.88,1880.2,0.65
2831,Zachary Lee,Dresses,Casual Midi,2,2686,0.65,22-07-2024,Ahmedabad,B2B,2091.3,1880.2,0.65
2848,Alyssa Patel,Jackets,Leather Jacket,2,2686,0.65,31-08-2024,Ahmedabad,B2C,2638.28,1880.2,0.65
2892,Francisco Flowers,Accessories,Belts,2,2686,0.65,15-08-2024,Ahmedabad,B2B,-502.19,1880.2,0.65
3017,Kimberly Ward,Shoes,Boots,2,2686,0.65,15-12-2024,Ahmedabad,B2C,1237.13,1880.2,0.65
3100,Mr. Mark Wolfe,Jackets,Leather Jacket,2,2686,0.65,29-08-2024,Ahmedabad,B2B,2379.74,1880.2,0.65
3163,Michelle Cruz,Jeans,Ripped Denim,2,2686,0.65,08-06-2025,Ahmedabad,B2C,-13.76,1880.2,0.65
3181,Timothy Tyler,Shoes,Loafers,2,2686,0.65,29-05-2024,Ahmedabad,B2B,1727.03,1880.2,0.65
3185,Bonnie Huerta,Jeans,Ripped Denim,2,2686,0.65,05-11-2024,Ahmedabad,B2B,-726.08,1880.2,0.65
3252,Michelle Smith,Shoes,Slip-ons,2,2686,0.65,12-02-2025,Ahmedabad,B2B,-544.7,1880.2,0.65
3258,Max Everett,Shoes,Loafers,2,2686,0.65,06-03-2025,Ahmedabad,B2B,682.17,1880.2,0.65
3308,Carolyn Mitchell,Jackets,Denim Jacket,2,2686,0.65,13-01-2024,Ahmedabad,B2C,1711.84,1880.2,0.65
3319,Christopher Bell,Shoes,Loafers,2,2686,0.65,24-12-2023,Ahmedabad,B2B,1419.51,1880.2,0.65
3336,Rebecca Burnett,Jackets,Denim Jacket,2,2686,0.65,18-06-2025,Ahmedabad,B2B,1872.26,1880.2,0.65
3344,Shelly Garcia,Jackets,Puffer Coat,2,2686,0.65,03-06-2025,Ahmedabad,B2B,1933.51,1880.2,0.65
3364,Eric Perry MD,Jackets,Leather Jacket,2,2686,0.65,08-07-2025,Ahmedabad,B2B,-552.43,1880.2,0.65
3412,Kevin Peters,Jeans,Ripped Denim,2,2686,0.65,27-10-2024,Ahmedabad,B2B,2625.33,1880.2,0.65
3423,Lisa Shaw,Shoes,Boots,2,2686,0.65,15-08-2024,Ahmedabad,B2C,960.12,1880.2,0.65
3461,Christopher Chen,Dresses,Maxi Dress,2,2686,0.65,11-04-2025,Ahmedabad,B2B,2059.24,1880.2,0.65
1005,Samuel Miller,T-Shirts,Crop Top,2,2686,0.65,05-12-2023,Mumbai,B2B,1477.73,1880.2,0.65
1035,Laura Porter,Accessories,Belts,2,2686,0.65,04-01-2025,Mumbai,B2C,1539.59,1880.2,0.65
1119,Elizabeth Vega,Jeans,Ripped Denim,2,2686,0.65,14-05-2025,Mumbai,B2C,142.69,1880.2,0.65
1181,John Barber,Jackets,Bomber Jacket,2,2686,0.65,16-03-2025,Mumbai,B2B,2564.06,1880.2,0.65
1324,Mike Rhodes,Jackets,Bomber Jacket,2,2686,0.65,12-12-2024,Mumbai,B2C,-610.52,1880.2,0.65
1361,Hannah Ball,T-Shirts,Classic Tee,2,2686,0.65,03-01-2025,Mumbai,B2C,528.8,1880.2,0.65
1395,Andrew Wood,Dresses,Wrap Dress,2,2686,0.65,11-04-2024,Mumbai,B2B,-357.08,1880.2,0.65
1408,William Golden,Shoes,Boots,2,2686,0.65,04-09-2024,Mumbai,B2B,2305.32,1880.2,0.65
1427,Angela Hall,Shoes,Boots,2,2686,0.65,18-06-2025,Mumbai,B2C,2795.17,1880.2,0.65
1591,Bradley Lewis,T-Shirts,Graphic Tee,2,2686,0.65,31-05-2025,Mumbai,B2B,158.05,1880.2,0.65
1593,Kristen Hernandez,T-Shirts,Graphic Tee,2,2686,0.65,05-03-2025,Mumbai,B2B,2598.93,1880.2,0.65
1595,Ronald Mcdaniel,Dresses,Bodycon,2,2686,0.65,20-07-2025,Mumbai,B2C,1483.7,1880.2,0.65
1599,Jeffery Elliott,Jackets,Bomber Jacket,2,2686,0.65,03-04-2025,Mumbai,B2B,790.51,1880.2,0.65
1601,Samuel Cortez,Accessories,Belts,2,2686,0.65,07-08-2024,Mumbai,B2B,1282.26,1880.2,0.65
1648,Tracy Frey,Jackets,Bomber Jacket,2,2686,0.65,30-03-2025,Mumbai,B2B,-952.5,1880.2,0.65
1675,Samuel Wiley,Dresses,Casual Midi,2,2686,0.65,01-05-2025,Mumbai,B2C,340.43,1880.2,0.65
1744,Michelle Johnson,Shoes,Boots,2,2686,0.65,07-04-2024,Mumbai,B2C,1939.6,1880.2,0.65
1781,Roberta Thompson,Dresses,Casual Midi,2,2686,0.65,22-02-2025,Mumbai,B2B,213.46,1880.2,0.65
1804,Brian Robinson,Dresses,Maxi Dress,2,2686,0.65,02-05-2025,Mumbai,B2B,1896.92,1880.2,0.65
1857,Alfred Marsh,Accessories,Watches,2,2686,0.65,20-11-2024,Mumbai,B2B,-564.27,1880.2,0.65
1953,Lisa Lewis,Jackets,Bomber Jacket,2,2686,0.65,16-12-2024,Mumbai,B2B,1996.25,1880.2,0.65
1996,Julia Crawford,Accessories,Watches,2,2686,0.65,30-04-2025,Mumbai,B2B,1145.05,1880.2,0.65
2013,Alexandra Park,Shoes,Sneakers,2,2686,0.65,19-05-2025,Mumbai,B2C,644.42,1880.2,0.65
2047,Blake Holland,Jeans,Boyfriend Jeans,2,2686,0.65,20-04-2025,Mumbai,B2C,238.33,1880.2,0.65
2088,Matthew Mcgee,Shoes,Sneakers,2,2686,0.65,13-01-2025,Mumbai,B2C,1353.01,1880.2,0.65
2114,Thomas Robertson,Dresses,Maxi Dress,2,2686,0.65,03-03-2025,Mumbai,B2B,1393.12,1880.2,0.65
2146,Billy Smith,Accessories,Watches,2,2686,0.65,28-11-2024,Mumbai,B2B,2062.97,1880.2,0.65
2159,Dennis Harris,Dresses,Casual Midi,2,2686,0.65,13-12-2024,Mumbai,B2B,-420.95,1880.2,0.65
2163,Kristen Barnes,Dresses,Maxi Dress,2,2686,0.65,24-09-2024,Mumbai,B2C,1205.38,1880.2,0.65
2234,Mary Ruiz,Accessories,Caps,2,2686,0.65,18-11-2023,Mumbai,B2C,-345.61,1880.2,0.65
2235,Mary Fletcher,Jeans,Straight Cut,2,2686,0.65,08-02-2025,Mumbai,B2B,-758.81,1880.2,0.65
2257,Alan Carpenter,Dresses,Bodycon,2,2686,0.65,21-01-2025,Mumbai,B2C,980.52,1880.2,0.65
2370,Laura Shaw,Dresses,Maxi Dress,2,2686,0.65,15-01-2024,Mumbai,B2B,2031.95,1880.2,0.65
2435,Kenneth Anthony,Accessories,Belts,2,2686,0.65,29-07-2023,Mumbai,B2C,2711.18,1880.2,0.65
2467,Javier Williams,Shoes,Loafers,2,2686,0.65,15-06-2025,Mumbai,B2C,485.02,1880.2,0.65
2468,Cynthia Rhodes,T-Shirts,Oversized T-shirt,2,2686,0.65,13-04-2025,Mumbai,B2B,1149.65,1880.2,0.65
2481,Laura Chen,Jackets,Bomber Jacket,2,2686,0.65,27-04-2025,Mumbai,B2B,142.82,1880.2,0.65
2487,Jill Eaton,Jackets,Leather Jacket,2,2686,0.65,18-02-2025,Mumbai,B2B,-395.34,1880.2,0.65
2521,Jennifer Ortiz,Dresses,Wrap Dress,2,2686,0.65,03-09-2024,Mumbai,B2C,140.18,1880.2,0.65
2615,Sarah Nguyen,T-Shirts,Classic Tee,2,2686,0.65,07-12-2023,Mumbai,B2B,1644.18,1880.2,0.65
2617,Heather Hall,Dresses,Maxi Dress,2,2686,0.65,30-03-2025,Mumbai,B2B,-151.75,1880.2,0.65
2625,James Leonard,Dresses,Maxi Dress,2,2686,0.65,11-10-2023,Mumbai,B2B,1271.12,1880.2,0.65
2627,Sheila Crawford,Dresses,Wrap Dress,2,2686,0.65,08-11-2024,Mumbai,B2B,87.54,1880.2,0.65
2644,Patricia Stanley,Jeans,Slim Fit Jeans,2,2686,0.65,03-02-2024,Mumbai,B2B,2044.35,1880.2,0.65
2692,Daniel Hale,Dresses,Bodycon,2,2686,0.65,15-04-2025,Mumbai,B2B,-364.29,1880.2,0.65
2733,Karen Brown,Jeans,Boyfriend Jeans,2,2686,0.65,27-09-2024,Mumbai,B2B,2523.72,1880.2,0.65
2774,Paul Harvey,Accessories,Sunglasses,2,2686,0.65,24-07-2024,Mumbai,B2B,1081.41,1880.2,0.65
2783,Frank Mitchell,Accessories,Belts,2,2686,0.65,12-09-2024,Mumbai,B2C,45.06,1880.2,0.65
2871,Jeffrey Wiggins,Dresses,Wrap Dress,2,2686,0.65,04-04-2025,Mumbai,B2C,2126.04,1880.2,0.65
2880,Garrett Hall,Accessories,Belts,2,2686,0.65,15-06-2025,Mumbai,B2C,970.22,1880.2,0.65
2927,Mark Bailey,Dresses,Wrap Dress,2,2686,0.65,21-07-2025,Mumbai,B2B,-674.94,1880.2,0.65
2937,Megan Johnson,Accessories,Sunglasses,2,2686,0.65,29-11-2024,Mumbai,B2B,-889.53,1880.2,0.65
2968,Charles Morgan,Jackets,Puffer Coat,2,2686,0.65,10-05-2025,Mumbai,B2B,768.33,1880.2,0.65
2986,Jeffrey Kennedy,Dresses,Wrap Dress,2,2686,0.65,23-10-2024,Mumbai,B2B,-283.42,1880.2,0.65
2993,Kara Howell,Accessories,Caps,2,2686,0.65,23-02-2025,Mumbai,B2C,-568.91,1880.2,0.65
3027,William Nelson,Accessories,Watches,2,2686,0.65,30-10-2024,Mumbai,B2B,1256.47,1880.2,0.65
3049,Heather Gibson,Dresses,Wrap Dress,2,2686,0.65,17-05-2025,Mumbai,B2B,2001.07,1880.2,0.65
3074,Robert Cox,Accessories,Caps,2,2686,0.65,05-02-2024,Mumbai,B2B,-906.63,1880.2,0.65
3108,Matthew Thomas,Dresses,Wrap Dress,2,2686,0.65,09-07-2025,Mumbai,B2B,-815.76,1880.2,0.65
3141,Rodney Ellis,Jackets,Denim Jacket,2,2686,0.65,18-05-2024,Mumbai,B2C,2279.18,1880.2,0.65
3161,Donna Rodriguez,Accessories,Belts,2,2686,0.65,10-05-2024,Mumbai,B2C,1399.1,1880.2,0.65
3167,Christine Brock,Jeans,Ripped Denim,2,2686,0.65,23-09-2024,Mumbai,B2B,1078.74,1880.2,0.65
1003,Sandra Ho,Jeans,Slim Fit Jeans,2,2686,0.65,14-04-2024,Mumbai,B2C,-756.14,1880.2,0.65
3200,Andrew Perry,Accessories,Caps,2,2686,0.65,18-08-2024,Mumbai,B2B,2779.48,1880.2,0.65
3214,Taylor Martin,Jeans,Ripped Denim,2,2686,0.65,27-04-2025,Mumbai,B2C,1084.99,1880.2,0.65
3223,Christopher Haley,T-Shirts,Graphic Tee,2,2686,0.65,05-03-2024,Mumbai,B2C,1477.87,1880.2,0.65
3227,Cheryl Allen,Accessories,Belts,2,2686,0.65,01-08-2024,Mumbai,B2C,2498.22,1880.2,0.65
3256,Samantha Mora,T-Shirts,Crop Top,2,2686,0.65,22-07-2025,Mumbai,B2B,298.94,1880.2,0.65
3259,Crystal Thomas,Shoes,Boots,2,2686,0.65,19-04-2025,Mumbai,B2B,2448.22,1880.2,0.65
3305,Allison Hill,Jeans,Boyfriend Jeans,2,2686,0.65,27-11-2024,Mumbai,B2C,1362.42,1880.2,0.65
3316,Cassandra Gill,Jeans,Slim Fit Jeans,2,2686,0.65,31-05-2025,Mumbai,B2C,1628.03,1880.2,0.65
3333,Tanner Gates,Jackets,Leather Jacket,2,2686,0.65,12-08-2023,Mumbai,B2C,617.99,1880.2,0.65
3350,Nicholas Callahan,Shoes,Slip-ons,2,2686,0.65,15-02-2024,Mumbai,B2C,14.57,1880.2,0.65
3406,Andrea Schneider,Dresses,Maxi Dress,2,2686,0.65,02-04-2024,Mumbai,B2B,-513.37,1880.2,0.65
1001,Shaun Ross,Jeans,Slim Fit Jeans,1,2686,0.65,15-07-2025,Ahmedabad,B2B,1588.15,940.1,0.65
1011,Jacob Sanchez,Accessories,Belts,1,2686,0.65,27-05-2025,Delhi,B2C,1370.67,940.1,0.65
1020,Russell Eaton,Jeans,Boyfriend Jeans,1,2686,0.65,19-03-2025,Pune,B2B,669.75,940.1,0.65
1027,Rebecca Dorsey,Accessories,Belts,1,2686,0.65,26-07-2024,hyderbad,B2B,1085.36,940.1,0.65
1055,Brett Burch,Jeans,Boyfriend Jeans,1,2686,0.65,02-03-2024,Pune,B2B,1374.9,940.1,0.65
1062,Larry Gibson,Jeans,Ripped Denim,1,2686,0.65,26-07-2024,Pune,B2C,328.72,940.1,0.65
1063,Kristin Ho,T-Shirts,Graphic Tee,1,2686,0.65,28-06-2025,bengaluru,B2C,2147.75,940.1,0.65
1082,Nicholas White,Dresses,Bodycon,1,2686,0.65,26-07-2024,Bangalore,B2B,712.91,940.1,0.65
1091,David Bridges,Accessories,Belts,1,2686,0.65,28-07-2023,Delhi,B2B,156.43,940.1,0.65
1097,Amber Smith,Accessories,Sunglasses,1,2686,0.65,18-01-2025,Mumbai,B2B,1141.15,940.1,0.65
1116,Olivia Jones,Jackets,Bomber Jacket,1,2686,0.65,02-03-2025,Delhi,B2C,1733.04,940.1,0.65
1002,Jessica Gibson,Jackets,Puffer Coat,1,2686,0.65,31-12-2024,Ahmedabad,B2B,2513.75,940.1,0.65
1171,Richard Johnson,Jeans,Straight Cut,1,2686,0.65,16-06-2025,Pune,B2B,2475.83,940.1,0.65
1179,Kevin Allen,Jackets,Bomber Jacket,1,2686,0.65,04-04-2025,Mumbai,B2C,510.53,940.1,0.65
1182,Andrew Mclaughlin,Jeans,Slim Fit Jeans,1,2686,0.65,06-08-2024,Pune,B2B,-747.25,940.1,0.65
1010,Steve Mann,T-Shirts,Crop Top,1,2686,0.65,26-07-2024,Hyd,B2C,2709.47,940.1,0.65
1197,Dean Jimenez,Jackets,Denim Jacket,1,2686,0.65,26-07-2024,Hyderabad,B2B,650.97,940.1,0.65
1206,Charles White,T-Shirts,Classic Tee,1,2686,0.65,31-03-2025,hyderbad,B2B,2472.24,940.1,0.65
1208,Jean Yoder,Jackets,Denim Jacket,1,2686,0.65,10-01-2025,Mumbai,B2B,648.73,940.1,0.65
1242,Pamela Navarro,Jeans,Ripped Denim,1,2686,0.65,18-02-2025,Pune,B2B,1576.74,940.1,0.65
1247,Jared Tate,T-Shirts,Crop Top,1,2686,0.65,26-07-2024,Hyderabad,B2B,1605.97,940.1,0.65
1295,Tiffany Maxwell,Jackets,Leather Jacket,1,2686,0.65,26-07-2024,Bangalore,B2C,2967.72,940.1,0.65
1314,Brad Mccarty,Shoes,Slip-ons,1,2686,0.65,30-11-2024,Hyderabad,B2C,1148.06,940.1,0.65
1317,Mitchell Gomez,Accessories,Watches,1,2686,0.65,04-08-2024,Mumbai,B2B,-476.45,940.1,0.65
1319,Kristine Byrd,Dresses,Bodycon,1,2686,0.65,07-03-2024,Ahmedabad,B2B,-66.17,940.1,0.65
1338,Charles Aguilar,T-Shirts,Graphic Tee,1,2686,0.65,21-11-2024,Ahmedabad,B2B,415.06,940.1,0.65
1354,Mr. George Cooper,Jeans,Straight Cut,1,2686,0.65,12-05-2025,Ahmedabad,B2B,-678.38,940.1,0.65
1374,Nicholas Lee,T-Shirts,Classic Tee,1,2686,0.65,13-02-2024,Bangalore,B2B,2519.16,940.1,0.65
1377,Mark Matthews,Jackets,Denim Jacket,1,2686,0.65,26-07-2024,bengaluru,B2B,2229.95,940.1,0.65
1385,Veronica Taylor,Dresses,Wrap Dress,1,2686,0.65,26-07-2024,Bangalore,B2C,2744.77,940.1,0.65
1421,Kenneth Jackson,T-Shirts,Classic Tee,1,2686,0.65,15-07-2025,Ahmedabad,B2B,575.19,940.1,0.65
1462,Miranda Higgins,Jackets,Puffer Coat,1,2686,0.65,09-03-2025,Delhi,B2C,372.63,940.1,0.65
1479,Vicki Peterson DDS,Dresses,Maxi Dress,1,2686,0.65,26-07-2024,Ahmedabad,B2C,-575.87,940.1,0.65
1490,Wendy Hernandez,T-Shirts,Classic Tee,1,2686,0.65,12-09-2024,Delhi,B2B,230.97,940.1,0.65
1508,Justin Dean,Dresses,Bodycon,1,2686,0.65,26-08-2024,Ahmedabad,B2B,1796.35,940.1,0.65
1026,Jacob Morris,T-Shirts,Crop Top,1,2686,0.65,31-10-2023,Delhi,B2B,2916.18,940.1,0.65
1536,Mark Compton,Dresses,Bodycon,1,2686,0.65,13-05-2025,Delhi,B2B,1966.62,940.1,0.65
1545,Anthony Stephens,Dresses,Casual Midi,1,2686,0.65,19-06-2025,Hyd,B2B,2526.29,940.1,0.65
1553,Denise Snyder,Accessories,Belts,1,2686,0.65,26-07-2024,Hyd,B2C,2824.43,940.1,0.65
1574,Megan Rodriguez,Accessories,Belts,1,2686,0.65,13-03-2025,Ahmedabad,B2B,-803.35,940.1,0.65
1587,Leslie Jones,Shoes,Loafers,1,2686,0.65,26-07-2024,Mumbai,B2C,1376.9,940.1,0.65
1588,Amanda Wilkinson,Accessories,Sunglasses,1,2686,0.65,03-05-2025,Delhi,B2B,526.32,940.1,0.65
1614,Robert Ingram,Accessories,Sunglasses,1,2686,0.65,17-04-2025,Mumbai,B2B,319.85,940.1,0.65
1622,Sarah Griffin,Shoes,Slip-ons,1,2686,0.65,26-07-2024,bengaluru,B2C,-880.92,940.1,0.65
1654,Andrew Clark,Accessories,Caps,1,2686,0.65,19-08-2024,Ahmedabad,B2B,1433.43,940.1,0.65
1664,Keith Martinez,Shoes,Boots,1,2686,0.65,20-05-2025,Hyd,B2B,844.94,940.1,0.65
1693,Dylan Townsend,Jackets,Leather Jacket,1,2686,0.65,27-09-2024,bengaluru,B2C,2028.4,940.1,0.65
1734,Mr. Lawrence Parks,Jackets,Leather Jacket,1,2686,0.65,30-01-2025,Hyderabad,B2B,-461.7,940.1,0.65
1759,Gregory Garza,T-Shirts,Crop Top,1,2686,0.65,28-12-2024,Ahmedabad,B2B,-278.65,940.1,0.65
1770,Shannon Lee,Dresses,Maxi Dress,1,2686,0.65,28-09-2023,Pune,B2B,2366.97,940.1,0.65
1802,Zachary Lee,Shoes,Slip-ons,1,2686,0.65,20-02-2025,Delhi,B2B,-618.71,940.1,0.65
1806,Heather Campbell,Dresses,Maxi Dress,1,2686,0.65,07-02-2025,Pune,B2C,1003.57,940.1,0.65
1813,Jonathan Harris,Jackets,Leather Jacket,1,2686,0.65,13-07-2025,Ahmedabad,B2B,1718.02,940.1,0.65
1848,Amy Hampton,T-Shirts,Graphic Tee,1,2686,0.65,08-12-2024,Delhi,B2C,-56.68,940.1,0.65
1877,Eric Beasley,T-Shirts,Crop Top,1,2686,0.65,28-06-2025,Pune,B2B,1149.23,940.1,0.65
1885,Mrs. Deborah Boone,T-Shirts,Classic Tee,1,2686,0.65,12-01-2025,Delhi,B2B,-571.28,940.1,0.65
1906,Paula Pineda,Dresses,Bodycon,1,2686,0.65,15-07-2025,bengaluru,B2B,406.55,940.1,0.65
1931,Tim Alvarez,Jeans,Boyfriend Jeans,1,2686,0.65,26-07-2024,Pune,B2B,1820.4,940.1,0.65
1965,Dawn Thompson,Dresses,Bodycon,1,2686,0.65,01-02-2025,Pune,B2B,2663.36,940.1,0.65
1972,Melissa Weaver,Jackets,Bomber Jacket,1,2686,0.65,21-08-2024,Delhi,B2C,-161.86,940.1,0.65
1981,Donna Fisher,Dresses,Maxi Dress,1,2686,0.65,26-07-2024,Delhi,B2B,1171.65,940.1,0.65
1993,Joanne Mitchell,Shoes,Boots,1,2686,0.65,14-10-2023,Pune,B2C,937.22,940.1,0.65
2001,Adam Larson,Dresses,Wrap Dress,1,2686,0.65,26-07-2024,Mumbai,B2C,1592.62,940.1,0.65
2004,Ryan Schultz,Jackets,Bomber Jacket,1,2686,0.65,09-11-2024,Mumbai,B2B,1452.85,940.1,0.65
2057,Matthew Hester,Jeans,Ripped Denim,1,2686,0.65,31-10-2024,Mumbai,B2B,17.96,940.1,0.65
2066,Patricia Robinson,Jeans,Straight Cut,1,2686,0.65,26-07-2024,Mumbai,B2C,2532.65,940.1,0.65
2070,Michelle Palmer,Accessories,Sunglasses,1,2686,0.65,10-03-2025,Mumbai,B2B,614.38,940.1,0.65
2075,James Keller,Jackets,Puffer Coat,1,2686,0.65,26-07-2024,bengaluru,B2B,1501.9,940.1,0.65
2131,Michael Logan,Shoes,Slip-ons,1,2686,0.65,11-06-2025,Pune,B2B,1004.43,940.1,0.65
2142,Darlene Cervantes,Dresses,Wrap Dress,1,2686,0.65,17-08-2023,bengaluru,B2B,-780.6,940.1,0.65
2152,Kayla Marshall MD,Shoes,Loafers,1,2686,0.65,26-07-2024,Ahmedabad,B2B,-865.58,940.1,0.65
2181,David Brown,T-Shirts,Graphic Tee,1,2686,0.65,22-01-2025,Mumbai,B2B,-24.93,940.1,0.65
2201,Troy Smith,Dresses,Wrap Dress,1,2686,0.65,26-07-2024,Bangalore,B2B,1897.16,940.1,0.65
2229,Logan Russell,Jackets,Puffer Coat,1,2686,0.65,22-07-2024,Mumbai,B2B,623.39,940.1,0.65
2249,Richard Santos,Dresses,Maxi Dress,1,2686,0.65,16-04-2024,Mumbai,B2B,-132.08,940.1,0.65
2253,Susan Mejia PhD,Jackets,Leather Jacket,1,2686,0.65,12-02-2025,Bangalore,B2B,716.99,940.1,0.65
2260,Jennifer Ware,Jeans,Ripped Denim,1,2686,0.65,26-07-2024,hyderbad,B2B,2697.38,940.1,0.65
2281,Ariel Velasquez,Dresses,Casual Midi,1,2686,0.65,26-07-2024,Pune,B2C,-308.93,940.1,0.65
2286,Justin Aguilar,Jackets,Denim Jacket,1,2686,0.65,23-04-2025,Pune,B2C,-810.33,940.1,0.65
2302,Mary Gilbert,Dresses,Bodycon,1,2686,0.65,26-07-2024,Ahmedabad,B2C,1520.6,940.1,0.65
2309,Phillip Smith,Jeans,Boyfriend Jeans,1,2686,0.65,26-07-2024,Delhi,B2B,-464.01,940.1,0.65
2315,April Harrison,Dresses,Casual Midi,1,2686,0.65,22-02-2025,Pune,B2B,261.63,940.1,0.65
2353,Tammy Jackson,Shoes,Boots,1,2686,0.65,29-08-2024,hyderbad,B2B,-397.76,940.1,0.65
2359,Jeanette Maldonado,Shoes,Loafers,1,2686,0.65,29-07-2024,Pune,B2C,2256.67,940.1,0.65
2403,Joseph Barton,T-Shirts,Oversized T-shirt,1,2686,0.65,29-01-2025,Hyd,B2B,2312.72,940.1,0.65
2412,Nicole Smith,Jeans,Straight Cut,1,2686,0.65,19-10-2023,Delhi,B2B,1676.75,940.1,0.65
2434,Patrick Hernandez,Jackets,Leather Jacket,1,2686,0.65,04-08-2024,hyderbad,B2B,1953.07,940.1,0.65
2489,Antonio Woods,Shoes,Boots,1,2686,0.65,04-07-2025,Pune,B2B,-194.49,940.1,0.65
2492,Miss Roberta Gonzalez MD,Jackets,Bomber Jacket,1,2686,0.65,07-07-2025,Bangalore,B2C,549.15,940.1,0.65
2510,John Hayes,Dresses,Maxi Dress,1,2686,0.65,26-07-2024,Delhi,B2C,-530.81,940.1,0.65
1028,Ashley Miller,T-Shirts,Oversized T-shirt,1,2686,0.65,27-12-2024,Ahmedabad,B2B,-701.08,940.1,0.65
2564,Kenneth Bennett,Jackets,Leather Jacket,1,2686,0.65,30-12-2023,Mumbai,B2C,-479.17,940.1,0.65
2572,Sharon Sharp,T-Shirts,Oversized T-shirt,1,2686,0.65,10-02-2025,Pune,B2B,-305.72,940.1,0.65
2669,Nathaniel Ramos,T-Shirts,Graphic Tee,1,2686,0.65,02-04-2025,Pune,B2B,-760.17,940.1,0.65
2687,Erin Alvarado,Shoes,Sneakers,1,2686,0.65,17-08-2024,Mumbai,B2C,510.99,940.1,0.65
2704,Yvonne Williams,Jackets,Bomber Jacket,1,2686,0.65,02-08-2024,Mumbai,B2C,7.12,940.1,0.65
2740,Todd Smith,Jeans,Boyfriend Jeans,1,2686,0.65,26-07-2024,Mumbai,B2B,996.39,940.1,0.65
2754,Alexandra Perez,Jeans,Straight Cut,1,2686,0.65,18-03-2025,Bangalore,B2B,-0.15,940.1,0.65
2785,Daniel Perez,Shoes,Sneakers,1,2686,0.65,04-10-2024,Mumbai,B2B,385.61,940.1,0.65
2798,Christina Barnes,Dresses,Wrap Dress,1,2686,0.65,15-03-2025,Pune,B2C,386.97,940.1,0.65
2802,Sean Medina,Shoes,Sneakers,1,2686,0.65,26-07-2024,Bangalore,B2B,365.63,940.1,0.65
1026,Mike Velasquez,Shoes,Boots,1,2686,0.65,26-07-2024,Mumbai,B2C,1975.98,940.1,0.65
2819,Betty Espinoza MD,Accessories,Watches,1,2686,0.65,26-07-2024,Ahmedabad,B2C,526.19,940.1,0.65
2823,Julie Gomez,Jackets,Bomber Jacket,1,2686,0.65,07-09-2024,Ahmedabad,B2C,-724.81,940.1,0.65
2826,Richard Dyer,T-Shirts,Classic Tee,1,2686,0.65,26-07-2024,Mumbai,B2C,2275.74,940.1,0.65
2872,Julie Welch MD,Jeans,Straight Cut,1,2686,0.65,28-10-2024,Bangalore,B2B,148.2,940.1,0.65
2888,Timothy Farley PhD,Dresses,Casual Midi,1,2686,0.65,10-08-2023,Ahmedabad,B2B,2007.16,940.1,0.65
2911,Matthew Jones,Dresses,Casual Midi,1,2686,0.65,26-07-2024,Ahmedabad,B2B,2672.56,940.1,0.65
2945,Michael Garcia,Shoes,Boots,1,2686,0.65,27-10-2024,Mumbai,B2B,-130.97,940.1,0.65
2970,Adam Rowe,T-Shirts,Oversized T-shirt,1,2686,0.65,15-11-2024,Pune,B2C,1214.15,940.1,0.65
3003,Christopher Rice,Jeans,Straight Cut,1,2686,0.65,16-10-2024,Delhi,B2B,605.98,940.1,0.65
3031,Amber Morales,Jackets,Leather Jacket,1,2686,0.65,28-07-2024,Hyderabad,B2C,-970.17,940.1,0.65
3051,Megan Simpson,Shoes,Loafers,1,2686,0.65,26-07-2024,Bangalore,B2B,1877.82,940.1,0.65
3055,Jeremy Hendricks,Dresses,Casual Midi,1,2686,0.65,13-06-2025,Mumbai,B2C,2024.8,940.1,0.65
3067,Lisa Norris,T-Shirts,Oversized T-shirt,1,2686,0.65,10-10-2024,bengaluru,B2B,2711.03,940.1,0.65
3076,Susan Freeman,T-Shirts,Crop Top,1,2686,0.65,03-09-2024,Pune,B2B,1933.72,940.1,0.65
3086,Alicia Curry,Accessories,Watches,1,2686,0.65,23-11-2023,Delhi,B2B,918.53,940.1,0.65
3095,Peggy Hill,Accessories,Watches,1,2686,0.65,01-07-2025,Pune,B2B,2699.57,940.1,0.65
3101,Mary Long,Accessories,Belts,1,2686,0.65,18-07-2025,Mumbai,B2B,478.53,940.1,0.65
1025,Michael Pierce,Dresses,Maxi Dress,1,2686,0.65,11-11-2024,Ahmedabad,B2B,-861.84,940.1,0.65
3177,Melissa Larson,Jeans,Slim Fit Jeans,1,2686,0.65,09-02-2025,Ahmedabad,B2C,2693.49,940.1,0.65
3210,Nicholas Glenn,Jeans,Ripped Denim,1,2686,0.65,19-01-2025,Mumbai,B2B,1580.66,940.1,0.65
3229,Kimberly Lee,Accessories,Caps,1,2686,0.65,26-07-2024,Delhi,B2C,1178.45,940.1,0.65
3261,Henry Bryan,Jackets,Denim Jacket,1,2686,0.65,12-05-2025,Pune,B2C,-602.39,940.1,0.65
3329,Zachary Price,Jackets,Puffer Coat,1,2686,0.65,28-05-2024,Delhi,B2C,1954.02,940.1,0.65
3345,Barbara Moore,Dresses,Wrap Dress,1,2686,0.65,22-01-2025,bengaluru,B2B,461.25,940.1,0.65
3353,David Wilson,Jackets,Leather Jacket,1,2686,0.65,21-11-2024,Mumbai,B2B,-766.44,940.1,0.65
3382,Marie Hansen,Shoes,Boots,1,2686,0.65,08-04-2025,Hyd,B2B,1711.89,940.1,0.65
3414,Allison Bennett,Shoes,Boots,1,2686,0.65,26-12-2024,Ahmedabad,B2B,2783.42,940.1,0.65
3416,Michelle Jones,Jackets,Puffer Coat,1,2686,0.65,12-08-2024,bengaluru,B2B,2344.15,940.1,0.65
3494,Ryan West,Jeans,Slim Fit Jeans,1,2686,0.65,26-07-2024,Ahmedabad,B2B,-219.82,940.1,0.65
1009,Dale Perry,T-Shirts,Oversized T-shirt,5,2686,0.65,20-07-2025,Bangalore,B2B,-972.73,4700.5,0.65
1014,Richard Hood,Shoes,Loafers,4,2686,0.65,21-09-2024,Hyd,B2B,-889.25,3760.4,0.65
1015,Julie Fox,Shoes,Sneakers,6,2686,0.65,26-07-2024,Ahmedabad,B2B,793.8,5640.6,0.65
1018,Andrew Washington,Dresses,Maxi Dress,4,2686,0.65,13-04-2024,bengaluru,B2C,2102.56,3760.4,0.65
1029,Terry Anderson,T-Shirts,Classic Tee,4,2686,0.65,26-07-2024,Mumbai,B2B,1737.92,3760.4,0.65
1031,William Williams,Dresses,Wrap Dress,4,2686,0.65,31-01-2025,Bangalore,B2B,-960.24,3760.4,0.65
1047,Matthew Thompson,Jeans,Straight Cut,3,2686,0.65,12-06-2025,Hyd,B2C,-395.76,2820.3,0.65
1056,Jennifer English,Accessories,Sunglasses,6,2686,0.65,11-07-2025,Mumbai,B2C,-343.36,5640.6,0.65
1065,Amanda Parker,Jeans,Boyfriend Jeans,5,2686,0.65,28-05-2024,bengaluru,B2B,2316.97,4700.5,0.65
1070,Kimberly Ho,Jackets,Leather Jacket,5,2686,0.65,06-04-2025,Hyd,B2B,1383.48,4700.5,0.65
1102,Kimberly Walter,Jeans,Boyfriend Jeans,5,2686,0.65,15-04-2025,Hyd,B2B,2776.7,4700.5,0.65
1106,Evelyn Allison,Jeans,Boyfriend Jeans,3,2686,0.65,01-04-2025,Pune,B2C,53.28,2820.3,0.65
1110,Michael Velasquez,Jeans,Slim Fit Jeans,4,2686,0.65,26-06-2025,Mumbai,B2C,2155.68,3760.4,0.65
1134,Melissa Jenkins,Dresses,Wrap Dress,3,2686,0.65,14-05-2025,Delhi,B2C,1101.19,2820.3,0.65
1140,Dawn Smith,Accessories,Belts,4,2686,0.65,13-08-2024,Hyderabad,B2B,-127.91,3760.4,0.65
1164,Steven Ingram,Accessories,Sunglasses,5,2686,0.65,26-07-2024,Hyderabad,B2B,598.79,4700.5,0.65
1175,Ashley Brown,Dresses,Casual Midi,3,2686,0.65,01-10-2024,Ahmedabad,B2C,728.61,2820.3,0.65
1200,Laura Green,Shoes,Sneakers,4,2686,0.65,26-07-2024,Hyd,B2C,2782.21,3760.4,0.65
1203,Amy Gonzales,T-Shirts,Crop Top,5,2686,0.65,14-01-2025,Hyd,B2C,657.59,4700.5,0.65
1221,Cody Mitchell,Accessories,Belts,3,2686,0.65,28-09-2024,Mumbai,B2B,898.67,2820.3,0.65
1244,Ashley Walker,Dresses,Maxi Dress,6,2686,0.65,29-06-2024,Ahmedabad,B2C,2574.76,5640.6,0.65
1254,Michael Henson,Shoes,Slip-ons,6,2686,0.65,14-02-2025,Mumbai,B2B,2418.99,5640.6,0.65
1280,Joseph Joseph,T-Shirts,Crop Top,3,2686,0.65,13-10-2024,Ahmedabad,B2B,263.41,2820.3,0.65
1285,Deborah Mckee,Accessories,Belts,5,2686,0.65,26-07-2024,Delhi,B2B,2024.84,4700.5,0.65
1288,Danny Gilbert,Shoes,Slip-ons,4,2686,0.65,26-07-2024,Delhi,B2B,-492.73,3760.4,0.65
1305,Kelsey Stein,Jackets,Bomber Jacket,3,2686,0.65,19-08-2023,Delhi,B2B,2861.3,2820.3,0.65
1306,Aaron Johnson,Accessories,Belts,4,2686,0.65,26-07-2024,Ahmedabad,B2B,99.1,3760.4,0.65
1318,Tony Reynolds,Accessories,Belts,3,2686,0.65,26-07-2024,Pune,B2C,1830.14,2820.3,0.65
1320,Mark Murray,Accessories,Belts,4,2686,0.65,26-07-2024,Delhi,B2B,2011.4,3760.4,0.65
1331,Gwendolyn Guerrero,Accessories,Belts,6,2686,0.65,25-01-2025,bengaluru,B2B,1301.18,5640.6,0.65
1335,Kristen Drake,Shoes,Slip-ons,5,2686,0.65,25-04-2025,Hyderabad,B2C,-815.88,4700.5,0.65
1363,Marcus Powell,Dresses,Bodycon,6,2686,0.65,26-07-2024,Mumbai,B2B,2143.4,5640.6,0.65
1387,Michael White,Jackets,Puffer Coat,3,2686,0.65,03-08-2024,Pune,B2B,-505.47,2820.3,0.65
1388,Michael Beltran,Dresses,Casual Midi,4,2686,0.65,21-05-2024,Delhi,B2C,475.79,3760.4,0.65
1390,Randy Baker,Jeans,Slim Fit Jeans,4,2686,0.65,26-07-2024,Pune,B2B,1789.75,3760.4,0.65
1393,Christina Hernandez,Jackets,Bomber Jacket,6,2686,0.65,26-07-2024,Hyderabad,B2C,2001.24,5640.6,0.65
1409,Heather Cross,Accessories,Caps,6,2686,0.65,26-07-2024,Pune,B2C,-941.44,5640.6,0.65
1435,Nicole Mills,T-Shirts,Classic Tee,3,2686,0.65,16-04-2025,Hyd,B2B,904.65,2820.3,0.65
1043,Valerie Ramirez,T-Shirts,Graphic Tee,4,2686,0.65,13-06-2024,Delhi,B2C,-401.44,3760.4,0.65
1474,Rachel Shelton,Jackets,Denim Jacket,4,2686,0.65,24-01-2025,Bangalore,B2C,1791.38,3760.4,0.65
1486,Gloria Orr,Jeans,Ripped Denim,6,2686,0.65,26-07-2024,Mumbai,B2B,2745.83,5640.6,0.65
1513,Laura Simmons,Jackets,Leather Jacket,6,2686,0.65,20-04-2024,Delhi,B2C,156.52,5640.6,0.65
1530,Michael Erickson,Jackets,Denim Jacket,6,2686,0.65,30-09-2024,Hyd,B2C,1451.55,5640.6,0.65
1544,Karen Contreras,Dresses,Maxi Dress,6,2686,0.65,26-07-2024,Bangalore,B2B,87.47,5640.6,0.65
1561,Melissa Smith,Shoes,Sneakers,4,2686,0.65,11-01-2025,Delhi,B2B,2513.24,3760.4,0.65
1568,Toni Marquez,Jeans,Ripped Denim,6,2686,0.65,26-07-2024,Delhi,B2C,2403.01,5640.6,0.65
1579,Wesley Harper,Shoes,Boots,3,2686,0.65,18-02-2025,Hyd,B2B,-155.77,2820.3,0.65
1606,Jeremy Dickson,T-Shirts,Graphic Tee,6,2686,0.65,06-02-2025,Delhi,B2B,-527.18,5640.6,0.65
1609,Brian Flores,Shoes,Loafers,4,2686,0.65,17-07-2025,Hyd,B2C,-939.39,3760.4,0.65
1610,Chase Torres,Jeans,Straight Cut,5,2686,0.65,29-05-2025,hyderbad,B2B,-361.65,4700.5,0.65
1642,Martha Lynch,Jackets,Denim Jacket,3,2686,0.65,10-09-2024,hyderbad,B2C,2906.72,2820.3,0.65
1663,Miguel Odonnell,Shoes,Loafers,3,2686,0.65,10-08-2024,Bangalore,B2B,2091.53,2820.3,0.65
1672,Paul Krueger,Accessories,Belts,5,2686,0.65,26-07-2024,Delhi,B2B,-587.27,4700.5,0.65
1685,Johnny Berg,Dresses,Bodycon,4,2686,0.65,26-07-2024,Hyderabad,B2B,1108.04,3760.4,0.65
1707,Jack Phelps,Jackets,Puffer Coat,6,2686,0.65,26-07-2024,Mumbai,B2B,1903.2,5640.6,0.65
1756,Sheri Steele,Shoes,Loafers,5,2686,0.65,15-01-2025,Mumbai,B2C,1627.12,4700.5,0.65
1782,Jacqueline Ward,Jackets,Denim Jacket,6,2686,0.65,28-02-2024,Mumbai,B2B,1802.32,5640.6,0.65
1787,Pamela Johnson,Accessories,Caps,6,2686,0.65,16-11-2024,Delhi,B2C,1294,5640.6,0.65
1826,Jerry Ramirez,T-Shirts,Crop Top,6,2686,0.65,27-11-2024,Delhi,B2B,413.87,5640.6,0.65
1006,Rhonda Rodriguez,Jackets,Leather Jacket,4,2686,0.65,15-04-2025,Mumbai,B2B,1663.32,3760.4,0.65
1878,Bonnie Hall,Dresses,Maxi Dress,4,2686,0.65,06-05-2025,bengaluru,B2C,2247.49,3760.4,0.65
1884,Katherine Berry,Shoes,Slip-ons,6,2686,0.65,22-07-2025,Delhi,B2C,-856.25,5640.6,0.65
1887,Jennifer Sullivan,T-Shirts,Classic Tee,3,2686,0.65,28-04-2025,Ahmedabad,B2B,111.88,2820.3,0.65
1900,Kyle Wright II,T-Shirts,Oversized T-shirt,3,2686,0.65,17-09-2024,Delhi,B2B,959.32,2820.3,0.65
1913,Andrew Espinoza,Accessories,Watches,5,2686,0.65,26-07-2024,Mumbai,B2C,1490.96,4700.5,0.65
1927,Anthony Rich,T-Shirts,Classic Tee,5,2686,0.65,30-04-2025,Hyd,B2B,1844.54,4700.5,0.65
1935,Mary Allen,Jackets,Puffer Coat,6,2686,0.65,28-12-2024,Mumbai,B2B,2390.71,5640.6,0.65
1941,Kyle Lopez,Shoes,Loafers,4,2686,0.65,09-01-2025,Ahmedabad,B2B,-298.48,3760.4,0.65
1952,Aaron Woods,Jeans,Ripped Denim,5,2686,0.65,14-03-2024,Pune,B2C,2835.63,4700.5,0.65
1968,Luis Vazquez,Jackets,Puffer Coat,5,2686,0.65,17-07-2025,bengaluru,B2B,-168.76,4700.5,0.65
1970,Tracey Taylor,Jackets,Denim Jacket,6,2686,0.65,26-07-2024,Pune,B2B,1016.11,5640.6,0.65
1978,Cody Atkins,T-Shirts,Classic Tee,4,2686,0.65,18-08-2024,Mumbai,B2B,-120.11,3760.4,0.65
1995,Heather Gardner,Jackets,Leather Jacket,4,2686,0.65,05-03-2025,Delhi,B2C,1815.94,3760.4,0.65
2025,David Hanson,Accessories,Watches,4,2686,0.65,03-04-2025,Delhi,B2B,1259.95,3760.4,0.65
2029,Nicole Adkins,Jackets,Bomber Jacket,6,2686,0.65,29-11-2024,Bangalore,B2B,2374.9,5640.6,0.65
2033,Christopher Martinez,Dresses,Casual Midi,6,2686,0.65,26-07-2024,hyderbad,B2B,63.41,5640.6,0.65
2042,Amanda Evans,T-Shirts,Classic Tee,3,2686,0.65,26-07-2024,Mumbai,B2C,80.86,2820.3,0.65
2058,Adam Barnes,T-Shirts,Classic Tee,6,2686,0.65,08-10-2024,Ahmedabad,B2B,-248.49,5640.6,0.65
2063,Rebecca Flowers,T-Shirts,Oversized T-shirt,5,2686,0.65,22-10-2024,Pune,B2B,2549.09,4700.5,0.65
2074,Crystal Ferguson,Accessories,Caps,4,2686,0.65,08-10-2024,bengaluru,B2C,2628.09,3760.4,0.65
2094,Mr. Anthony Williams MD,Dresses,Bodycon,5,2686,0.65,26-07-2024,Mumbai,B2C,-769.25,4700.5,0.65
2132,James Gilbert,Jeans,Slim Fit Jeans,4,2686,0.65,13-03-2025,Mumbai,B2B,680.91,3760.4,0.65
2133,Cynthia Hopkins,T-Shirts,Classic Tee,5,2686,0.65,26-07-2024,Pune,B2B,1700.16,4700.5,0.65
2177,Steven Kelly,Shoes,Boots,3,2686,0.65,15-01-2025,Ahmedabad,B2B,-723.01,2820.3,0.65
2199,Kristine Anderson,T-Shirts,Crop Top,6,2686,0.65,07-06-2025,Hyderabad,B2B,595.51,5640.6,0.65
2276,Christina Martinez,Jackets,Leather Jacket,3,2686,0.65,17-10-2023,bengaluru,B2C,2089.34,2820.3,0.65
2277,Emma Sanchez,Jeans,Boyfriend Jeans,3,2686,0.65,01-11-2024,Mumbai,B2B,2814.36,2820.3,0.65
2287,James Ibarra,Shoes,Loafers,4,2686,0.65,26-07-2024,bengaluru,B2B,715.96,3760.4,0.65
2288,Lacey Solis,Dresses,Wrap Dress,4,2686,0.65,26-07-2024,bengaluru,B2B,1167.16,3760.4,0.65
2336,Robin Jennings,Jackets,Leather Jacket,4,2686,0.65,22-10-2024,Ahmedabad,B2C,1339.62,3760.4,0.65
2360,John Scott,Accessories,Watches,5,2686,0.65,04-07-2025,Pune,B2C,829.94,4700.5,0.65
2389,Renee Martinez,Shoes,Slip-ons,5,2686,0.65,22-03-2024,Bangalore,B2B,2235.23,4700.5,0.65
2404,Melissa Norman,Accessories,Caps,4,2686,0.65,31-12-2024,Delhi,B2C,-673.77,3760.4,0.65
2410,Kevin Miller,Accessories,Caps,3,2686,0.65,13-01-2025,Pune,B2B,2913.29,2820.3,0.65
2438,John Fisher,T-Shirts,Graphic Tee,5,2686,0.65,14-03-2024,Hyderabad,B2B,1037.5,4700.5,0.65
2448,Robert Martinez,Jackets,Denim Jacket,3,2686,0.65,06-07-2025,Delhi,B2C,-244.83,2820.3,0.65
1011,Dr. Nicholas Martinez,Accessories,Sunglasses,3,2686,0.65,26-07-2024,Mumbai,B2B,-360.37,2820.3,0.65
2454,Robert Sosa,T-Shirts,Crop Top,3,2686,0.65,26-07-2024,Bangalore,B2B,1961.19,2820.3,0.65
2509,William Wells,Jackets,Puffer Coat,5,2686,0.65,03-09-2024,Pune,B2B,1995.3,4700.5,0.65
2515,Amanda Benson,Jackets,Denim Jacket,3,2686,0.65,26-07-2024,bengaluru,B2B,2802.1,2820.3,0.65
2539,Mr. Wayne Fletcher DVM,Jackets,Bomber Jacket,4,2686,0.65,26-07-2024,Mumbai,B2B,2989.83,3760.4,0.65
2541,Michael Deleon,Jeans,Ripped Denim,3,2686,0.65,09-10-2024,Delhi,B2B,404.87,2820.3,0.65
2561,Dawn Perkins,Jackets,Puffer Coat,5,2686,0.65,26-07-2024,Ahmedabad,B2B,559.97,4700.5,0.65
2641,Jordan Pierce,Dresses,Bodycon,6,2686,0.65,16-06-2025,Delhi,B2B,-151.61,5640.6,0.65
2646,Kaitlin Thompson,Jeans,Boyfriend Jeans,6,2686,0.65,04-01-2025,Delhi,B2B,2299.84,5640.6,0.65
2647,April Nichols,Accessories,Belts,5,2686,0.65,24-07-2024,Hyderabad,B2B,-102.81,4700.5,0.65
2655,John Kim,Accessories,Caps,4,2686,0.65,26-07-2024,Delhi,B2B,-630.72,3760.4,0.65
2665,Briana Ford,Jackets,Denim Jacket,3,2686,0.65,19-06-2025,Pune,B2C,122,2820.3,0.65
2680,Tiffany Baker,Shoes,Slip-ons,6,2686,0.65,26-07-2024,Delhi,B2B,-963.81,5640.6,0.65
2699,Elizabeth Obrien,Jeans,Straight Cut,6,2686,0.65,25-05-2025,Delhi,B2C,1068.66,5640.6,0.65
2706,Julia Fuentes,T-Shirts,Classic Tee,6,2686,0.65,30-10-2024,Pune,B2B,2379.5,5640.6,0.65
2707,Michaela Key,Jackets,Puffer Coat,5,2686,0.65,07-09-2024,Mumbai,B2B,2763.02,4700.5,0.65
2715,Karen Flores,Shoes,Slip-ons,4,2686,0.65,27-07-2023,Ahmedabad,B2C,-144.72,3760.4,0.65
2749,Brandon Richmond,Jackets,Puffer Coat,5,2686,0.65,26-07-2024,Pune,B2B,2595.31,4700.5,0.65
2756,Alan Beard,T-Shirts,Classic Tee,6,2686,0.65,01-10-2024,Pune,B2C,813.53,5640.6,0.65
2764,Sandra Hudson,Accessories,Watches,3,2686,0.65,28-10-2024,Ahmedabad,B2B,2347.07,2820.3,0.65
2791,Stephanie Thomas,T-Shirts,Classic Tee,3,2686,0.65,08-11-2024,Pune,B2B,-166.3,2820.3,0.65
2796,Walter Pham,Jackets,Puffer Coat,3,2686,0.65,26-07-2024,Delhi,B2B,2.81,2820.3,0.65
2857,Ricardo Miller,Jeans,Straight Cut,5,2686,0.65,30-04-2025,Mumbai,B2B,-625.92,4700.5,0.65
2889,Jasmine Mcgee,Shoes,Loafers,5,2686,0.65,23-07-2023,Hyd,B2B,1874.28,4700.5,0.65
2894,Kathy Tate,Shoes,Loafers,3,2686,0.65,26-07-2024,Bangalore,B2B,1479.24,2820.3,0.65
2921,Andrew Lopez,Shoes,Sneakers,6,2686,0.65,18-06-2025,hyderbad,B2B,-821.17,5640.6,0.65
2934,Cynthia Fox,Dresses,Wrap Dress,5,2686,0.65,30-12-2024,Ahmedabad,B2B,-811.78,4700.5,0.65
2951,Rebecca West,Dresses,Wrap Dress,5,2686,0.65,26-07-2024,Delhi,B2C,2454.07,4700.5,0.65
2972,Alfred Harris,Dresses,Bodycon,5,2686,0.65,26-07-2024,Pune,B2B,2532.76,4700.5,0.65
3016,Richard Fuentes,Accessories,Belts,5,2686,0.65,16-12-2024,hyderbad,B2C,426.15,4700.5,0.65
3021,Michelle Duncan,Jackets,Bomber Jacket,3,2686,0.65,04-02-2025,Mumbai,B2B,-571.78,2820.3,0.65
3053,Melissa Fleming,Shoes,Sneakers,5,2686,0.65,26-07-2024,Ahmedabad,B2C,612.53,4700.5,0.65
3056,Harold Adams,Shoes,Sneakers,4,2686,0.65,06-12-2024,Mumbai,B2B,2126.75,3760.4,0.65
3072,George Bishop,Shoes,Boots,6,2686,0.65,07-01-2025,Ahmedabad,B2C,1650.33,5640.6,0.65
3082,Shelby Bowen,Dresses,Maxi Dress,5,2686,0.65,20-05-2025,Pune,B2B,664.73,4700.5,0.65
3085,Jennifer Buckley,T-Shirts,Crop Top,4,2686,0.65,28-08-2024,Mumbai,B2C,2563.31,3760.4,0.65
3103,Paul Frederick,T-Shirts,Graphic Tee,5,2686,0.65,18-11-2024,Bangalore,B2C,654.74,4700.5,0.65
3106,Luis Flores,Accessories,Sunglasses,6,2686,0.65,24-06-2025,Delhi,B2B,-521.15,5640.6,0.65
3123,Edward Fischer,Jackets,Bomber Jacket,5,2686,0.65,06-03-2025,Hyderabad,B2C,1980.42,4700.5,0.65
3126,Marilyn Garcia,T-Shirts,Graphic Tee,4,2686,0.65,13-11-2024,Mumbai,B2B,2624.13,3760.4,0.65
3139,Valerie Grant,T-Shirts,Oversized T-shirt,6,2686,0.65,26-07-2024,Hyderabad,B2B,563.12,5640.6,0.65
3149,Kendra May,Shoes,Loafers,5,2686,0.65,26-07-2024,Bangalore,B2C,-681.76,4700.5,0.65
3186,Xavier Sampson,Jeans,Ripped Denim,5,2686,0.65,26-07-2024,hyderbad,B2B,-637.71,4700.5,0.65
3193,Michelle Kennedy,Jeans,Boyfriend Jeans,3,2686,0.65,22-06-2024,Ahmedabad,B2C,1236.54,2820.3,0.65
3219,Melissa Parker,Shoes,Boots,5,2686,0.65,24-03-2024,bengaluru,B2C,908.45,4700.5,0.65
3225,Daniel Burnett,Dresses,Casual Midi,6,2686,0.65,26-07-2024,Pune,B2B,2666.58,5640.6,0.65
3237,Joyce Dixon,Jackets,Puffer Coat,3,2686,0.65,27-09-2024,Ahmedabad,B2B,1866.05,2820.3,0.65
3275,Stacie Duncan,Accessories,Watches,6,2686,0.65,16-08-2024,Ahmedabad,B2C,-733.06,5640.6,0.65
3276,Hannah Nguyen,T-Shirts,Oversized T-shirt,6,2686,0.65,07-01-2025,Pune,B2C,-659.65,5640.6,0.65
3283,Emily Sosa,Dresses,Casual Midi,3,2686,0.65,26-07-2024,Mumbai,B2C,1653.09,2820.3,0.65
3288,Amanda Simmons,Jackets,Bomber Jacket,5,2686,0.65,26-07-2024,bengaluru,B2C,1657.65,4700.5,0.65
3302,Leslie Castro,Jeans,Straight Cut,3,2686,0.65,27-05-2025,Delhi,B2B,2938.26,2820.3,0.65
3315,Caitlin Baker,Dresses,Bodycon,4,2686,0.65,26-07-2024,Hyd,B2C,2293.04,3760.4,0.65
3360,Sean Pruitt,Jeans,Slim Fit Jeans,5,2686,0.65,11-02-2025,Hyd,B2B,2229.54,4700.5,0.65
3368,Allison Franklin,Accessories,Sunglasses,4,2686,0.65,26-07-2024,Ahmedabad,B2B,-862.24,3760.4,0.65
3371,Raymond Vincent,Jeans,Straight Cut,5,2686,0.65,04-12-2024,Delhi,B2B,-276.12,4700.5,0.65
1002,Aaron Adams,Jackets,Leather Jacket,3,2686,0.65,15-07-2025,Mumbai,B2C,2315.23,2820.3,0.65
3422,Megan Ellis,Accessories,Caps,6,2686,0.65,12-08-2024,Pune,B2B,20.64,5640.6,0.65
3428,Kyle Gomez,Jackets,Puffer Coat,3,2686,0.65,13-03-2025,Mumbai,B2B,670.29,2820.3,0.65
3448,Stephanie Flores,Jeans,Slim Fit Jeans,3,2686,0.65,23-12-2024,Ahmedabad,B2C,734.88,2820.3,0.65
3460,Shirley Stevens,Jeans,Boyfriend Jeans,3,2686,0.65,26-07-2024,Bangalore,B2B,-266.63,2820.3,0.65
3464,Austin Meadows,Jeans,Ripped Denim,5,2686,0.65,26-07-2024,Delhi,B2B,2091.3,4700.5,0.65
3471,Walter Nolan,Jackets,Denim Jacket,6,2686,0.65,26-02-2025,Mumbai,B2B,-673.81,5640.6,0.65
1030,Joseph Pennington,T-Shirts,Graphic Tee,3,2686,0.65,26-07-2024,Hyd,B2B,1528.52,2820.3,0.65
3496,Jonathan Hill,Shoes,Loafers,4,2686,0.65,10-03-2024,Hyderabad,B2B,2232.98,3760.4,0.65
1012,Valerie Hampton,Jeans,Straight Cut,4,2686,0.21,22-08-2024,Ahmedabad,B2B,843.61,8487.76,0.21
1048,James Hughes,Jeans,Straight Cut,5,2686,0.41,16-10-2024,Delhi,B2B,2409.26,7923.7,0.41
1057,Penny Campbell,Jackets,Puffer Coat,4,2686,0.04,23-12-2024,Pune,B2B,1725.76,10314.24,0.04
1131,Grace Chavez,T-Shirts,Classic Tee,5,2686,0.99,18-01-2025,Delhi,B2B,-941.56,134.3,0.99
1152,Matthew Deleon,Shoes,Slip-ons,1,2686,1.26,03-11-2024,Pune,B2B,454.45,2659.14,0.01
1160,Ruben Oconnell,Dresses,Casual Midi,1,2686,0.77,11-11-2024,Hyderabad,B2B,-711.19,617.78,0.77
1162,Christopher Harvey,Shoes,Boots,4,2686,0.14,25-11-2024,Mumbai,B2C,2566.05,9239.84,0.14
1186,Daniel Patton,Jeans,Boyfriend Jeans,6,2686,0.71,12-06-2025,Bangalore,B2B,-40.48,4673.64,0.71
1210,Rebecca Grant,Accessories,Watches,4,2686,1.16,26-05-2025,Delhi,B2B,2179.54,10636.56,0.01
1216,Benjamin Dunlap,T-Shirts,Classic Tee,6,2686,1.17,22-07-2024,Delhi,B2B,2986.8,15954.84,0.01
1226,Jeffrey Haynes,Dresses,Bodycon,1,2686,1.15,26-10-2024,Ahmedabad,B2B,2806.56,2659.14,0.01
1233,Katie Garcia,Jackets,Puffer Coat,1,2686,0.07,25-04-2025,Bangalore,B2B,2237.24,2497.98,0.07
1243,Jack Mccoy,Accessories,Caps,3,2686,0.69,02-12-2024,Ahmedabad,B2B,779.51,2497.98,0.69
1282,Kevin Hunter,Shoes,Loafers,1,2686,0.14,19-01-2025,Mumbai,B2B,-909.75,2309.96,0.14
1047,Caroline Turner,Jeans,Straight Cut,5,2686,1.15,05-07-2025,Hyd,B2B,1368.68,13295.7,0.01
1302,Adam Bryan,Jeans,Ripped Denim,5,2686,0.09,14-02-2025,Ahmedabad,B2C,339.17,12221.3,0.09
1311,Jennifer Watson,Jackets,Bomber Jacket,3,2686,0.13,12-12-2023,Mumbai,B2B,-109.19,7010.46,0.13
1321,Michael Velazquez,Jackets,Leather Jacket,3,2686,1.02,26-09-2024,Delhi,B2B,632.23,7977.42,0.01
1372,Ryan Gonzalez,Accessories,Sunglasses,1,2686,0.19,26-12-2024,Delhi,B2B,418.89,2175.66,0.19
1381,Brian Bridges,Jeans,Ripped Denim,1,2686,1.07,13-07-2024,Bangalore,B2C,-136.3,2659.14,0.01
1399,Olivia Lee,Jackets,Denim Jacket,4,2686,0.35,31-10-2024,Delhi,B2C,-444.08,6983.6,0.35
1413,Michael Harris,Dresses,Maxi Dress,1,2686,0.17,04-06-2025,Ahmedabad,B2C,1539.28,2229.38,0.17
1453,Justin Carpenter,Jeans,Straight Cut,1,2686,0.18,07-12-2024,Bangalore,B2B,1465.97,2202.52,0.18
1476,Seth Gonzalez,Jeans,Ripped Denim,5,2686,0.57,21-07-2025,Bangalore,B2C,1476.41,5774.9,0.57
1520,James Taylor,T-Shirts,Crop Top,4,2686,0.71,30-04-2025,Mumbai,B2B,-822.18,3115.76,0.71
1522,Juan Rogers,Accessories,Sunglasses,6,2686,0.44,30-07-2024,bengaluru,B2B,547.09,9024.96,0.44
1547,Carlos Rogers,Dresses,Maxi Dress,6,2686,0.95,15-05-2025,Pune,B2B,1018.03,805.8,0.95
1550,Bradley Oneal,Jackets,Leather Jacket,1,2686,0.1,01-10-2024,Pune,B2C,2195.27,2417.4,0.1
1569,David Weaver,Dresses,Maxi Dress,1,2686,0.02,26-04-2025,Ahmedabad,B2B,576.66,2632.28,0.02
1572,Ross Taylor,Jackets,Leather Jacket,4,2686,0.82,19-02-2025,Delhi,B2B,534.6,1933.92,0.82
1584,Bryan Hughes,Dresses,Bodycon,5,2686,0.15,27-08-2024,Ahmedabad,B2B,2853.8,11415.5,0.15
1592,Casey Sparks,Shoes,Sneakers,5,2686,0.52,31-12-2024,Mumbai,B2B,619.25,6446.4,0.52
1605,Michele Ortiz,Accessories,Watches,1,2686,0.47,04-01-2025,hyderbad,B2C,-339.59,1423.58,0.47
1620,John Garcia,Dresses,Maxi Dress,6,2686,1.17,16-09-2024,Delhi,B2B,1796.21,15954.84,0.01
1643,Alyssa Zhang,Shoes,Boots,1,2686,0.35,24-09-2024,Bangalore,B2B,2589.43,1745.9,0.35
1708,Willie Hodge,Accessories,Sunglasses,1,2686,0.55,05-06-2025,Delhi,B2B,1400.39,1208.7,0.55
1710,Michael Allen,Accessories,Watches,1,2686,0.45,11-10-2024,Ahmedabad,B2C,-333.46,1477.3,0.45
1723,Mary Singh,Dresses,Bodycon,4,2686,0.2,19-06-2025,Ahmedabad,B2B,351.59,8595.2,0.2
1735,Martha Fitzgerald,Jackets,Puffer Coat,4,2686,1.06,28-12-2024,Mumbai,B2B,2607.43,10636.56,0.01
1745,Kimberly Harrington,T-Shirts,Graphic Tee,4,2686,0.43,17-07-2024,Bangalore,B2B,723.22,6124.08,0.43
1761,Richard Anderson,Jackets,Leather Jacket,3,2686,0.37,05-09-2024,Mumbai,B2B,2989.57,5076.54,0.37
1800,Lisa Moore,Jackets,Puffer Coat,6,2686,0.93,23-01-2025,Mumbai,B2B,855.26,1128.12,0.93
1834,Amanda Ashley,Jackets,Denim Jacket,1,2686,0.94,15-05-2025,Ahmedabad,B2C,-663.74,161.16,0.94
1835,Susan Salazar,Jeans,Ripped Denim,1,2686,0.51,08-08-2024,Hyd,B2B,1851.02,1316.14,0.51
1903,Ross Wilson,Dresses,Maxi Dress,1,2686,0.08,17-04-2025,Mumbai,B2B,1264.02,2471.12,0.08
1938,Kristen Mahoney,Jackets,Puffer Coat,4,2686,0.34,29-05-2025,hyderbad,B2C,-528.58,7091.04,0.34
1986,Leslie White,Dresses,Casual Midi,1,2686,0.06,15-01-2025,hyderbad,B2B,2806.51,2524.84,0.06
1997,Vicki Kennedy,Jackets,Puffer Coat,4,2686,0.53,10-03-2025,Delhi,B2C,141.76,5049.68,0.53
2018,Robert Mcgrath PhD,Jeans,Ripped Denim,5,2686,0.91,16-09-2024,Mumbai,B2C,-730.39,1208.7,0.91
2046,Dylan Salas,Accessories,Watches,6,2686,0.6,12-11-2023,Mumbai,B2C,1657.74,6446.4,0.6
2056,Samuel Schroeder,Dresses,Wrap Dress,1,2686,0.7,15-09-2023,Ahmedabad,B2B,2544.92,805.8,0.7
2082,David Hodges,Jackets,Leather Jacket,5,2686,1.15,29-04-2024,Mumbai,B2B,-208.43,13295.7,0.01
2097,Courtney Brown,T-Shirts,Classic Tee,3,2686,0.64,09-04-2025,Mumbai,B2C,2870.13,2900.88,0.64
2162,Karen Patterson,Accessories,Watches,1,2686,0.71,24-06-2025,Ahmedabad,B2B,54.58,778.94,0.71
2180,Jacob Kline,Shoes,Loafers,6,2686,1.06,06-02-2025,Delhi,B2B,28.77,15954.84,0.01
2216,Joshua Blake,Jackets,Denim Jacket,3,2686,0.05,18-05-2025,Pune,B2B,-823.2,7655.1,0.05
2244,Taylor Aguirre,Dresses,Maxi Dress,3,2686,0.62,03-10-2024,bengaluru,B2C,-835.44,3062.04,0.62
2283,Shannon Bell,Jackets,Denim Jacket,6,2686,0.94,15-04-2025,bengaluru,B2B,2079.01,966.96,0.94
2294,Sheryl Brown,Dresses,Maxi Dress,1,2686,0.16,09-08-2023,Delhi,B2B,1019.45,2256.24,0.16
1014,Robin Rios,T-Shirts,Graphic Tee,6,2686,0.29,02-07-2025,Pune,B2C,-958.22,11442.36,0.29
2365,Michelle Robertson,Dresses,Bodycon,3,2686,0.49,10-04-2025,Hyd,B2B,1765.39,4109.58,0.49
1009,Renee Martinez,Jeans,Ripped Denim,6,2686,1.27,10-11-2024,Bangalore,B2C,2936.21,15954.84,0.01
2457,Angel Gutierrez,Jackets,Leather Jacket,6,2686,1.25,15-09-2024,Delhi,B2C,179.36,15954.84,0.01
2464,Kendra Alvarado,Shoes,Boots,1,2686,0.32,04-04-2025,hyderbad,B2B,2742.15,1826.48,0.32
2470,Ashley Williams,Jackets,Puffer Coat,3,2686,0.74,31-08-2024,Pune,B2B,321.21,2095.08,0.74
2479,Kimberly Andrews,Shoes,Slip-ons,1,2686,1.11,08-02-2025,Pune,B2B,81.23,2659.14,0.01
2494,Mark Bonilla,Shoes,Loafers,3,2686,1.16,05-05-2025,hyderbad,B2B,1753.67,7977.42,0.01
2500,Kenneth Hooper,Accessories,Watches,5,2686,0.92,30-07-2024,Delhi,B2B,765.43,1074.4,0.92
2514,Cory Evans,Jeans,Straight Cut,4,2686,0.1,17-05-2025,hyderbad,B2B,-862.68,9669.6,0.1
2528,Dr. Jacqueline Henry,Shoes,Sneakers,1,2686,0.02,08-06-2025,Delhi,B2B,-634.46,2632.28,0.02
2542,Miss Natalie Aguilar,Jackets,Bomber Jacket,3,2686,0.42,06-03-2025,Bangalore,B2B,379.4,4673.64,0.42
2567,Richard Alexander,T-Shirts,Graphic Tee,4,2686,0.35,17-12-2024,Delhi,B2B,2962.69,6983.6,0.35
2570,Christine Garcia,Jackets,Denim Jacket,1,2686,0.78,16-04-2025,hyderbad,B2B,1668.49,590.92,0.78
2601,Stephanie King,Jeans,Ripped Denim,1,2686,0.28,04-08-2024,Bangalore,B2B,2556.02,1933.92,0.28
2616,Austin Warner,T-Shirts,Graphic Tee,5,2686,0.24,18-05-2025,Pune,B2B,2858.08,10206.8,0.24
2621,Brenda Lewis,Shoes,Loafers,4,2686,1.14,23-12-2023,Delhi,B2B,2237.85,10636.56,0.01
2624,Walter Jenkins,Accessories,Caps,1,2686,0.99,06-12-2024,Ahmedabad,B2B,559.1,26.86,0.99
2633,Teresa Carlson,Accessories,Caps,1,2686,0.87,22-10-2023,Pune,B2B,300.47,349.18,0.87
2654,Lisa Frederick,Shoes,Slip-ons,6,2686,0.31,04-02-2025,hyderbad,B2B,250.85,11120.04,0.31
2668,Brenda Cooper,T-Shirts,Classic Tee,1,2686,0.64,22-12-2023,Ahmedabad,B2C,-3.95,966.96,0.64
2675,Jamie Wilkerson,Shoes,Loafers,1,2686,0.83,31-07-2024,Mumbai,B2C,2164.08,456.62,0.83
2691,Kim Mendez,T-Shirts,Crop Top,1,2686,0.5,29-04-2024,Bangalore,B2B,-182.86,1343,0.5
2741,Michael Lee,Jackets,Bomber Jacket,1,2686,0.53,28-09-2024,Mumbai,B2C,2013.85,1262.42,0.53
2775,Christopher Kidd,Shoes,Sneakers,5,2686,0.46,31-07-2024,Ahmedabad,B2B,1182.12,7252.2,0.46
2835,Lisa Larsen,Dresses,Maxi Dress,5,2686,0.98,01-07-2025,Hyderabad,B2B,-618.56,268.6,0.98
2861,Joanne Walls,Dresses,Maxi Dress,4,2686,0.06,01-07-2025,Delhi,B2B,-936.94,10099.36,0.06
2898,Brian Wallace,Dresses,Wrap Dress,6,2686,0.54,18-05-2025,Delhi,B2B,-274.57,7413.36,0.54
2920,Michael Smith,Accessories,Belts,1,2686,1.3,22-12-2024,Hyderabad,B2B,489.94,2659.14,0.01
2923,Albert Garcia,Accessories,Sunglasses,1,2686,0.17,20-01-2024,Hyd,B2C,-674.63,2229.38,0.17
2928,Christine Davenport,Shoes,Sneakers,1,2686,0.78,01-11-2024,Delhi,B2B,642.22,590.92,0.78
2946,Chris Russell,Dresses,Wrap Dress,1,2686,1.2,23-11-2023,Mumbai,B2B,2187.48,2659.14,0.01
2955,Jody Park,Dresses,Wrap Dress,6,2686,1.28,16-06-2025,Ahmedabad,B2B,-646.89,15954.84,0.01
2964,Mario Ponce,Shoes,Boots,1,2686,0.96,09-02-2025,Hyd,B2C,-937.17,107.44,0.96
2978,James Olson,Dresses,Bodycon,3,2686,0.52,17-07-2025,Hyd,B2C,771.47,3867.84,0.52
3077,Frederick Allen,Dresses,Casual Midi,4,2686,0.92,19-04-2025,Ahmedabad,B2C,-528.22,859.52,0.92
3117,Whitney Nelson,Jackets,Denim Jacket,4,2686,0.29,28-09-2024,Bangalore,B2B,-706.51,7628.24,0.29
3148,Linda Dunn,Dresses,Casual Midi,6,2686,0.5,27-03-2024,Ahmedabad,B2C,605.46,8058,0.5
3164,Michelle Morrow,Jackets,Bomber Jacket,3,2686,0.09,02-04-2025,Bangalore,B2C,-750.61,7332.78,0.09
3184,Jeffrey Maynard,Shoes,Slip-ons,3,2686,1,28-07-2023,Pune,B2B,386.15,7252.2,0.1
3197,Brian Clark,Accessories,Caps,5,2686,1.12,05-09-2024,hyderbad,B2C,2348.85,13295.7,0.01
3206,Yvonne Gibbs,Dresses,Bodycon,1,2686,0.54,08-12-2024,Delhi,B2C,550.46,1235.56,0.54
3216,Mathew Jackson,Shoes,Sneakers,1,2686,0.07,31-10-2024,Pune,B2B,1989.05,2497.98,0.07
3218,Nancy Guerrero,T-Shirts,Crop Top,1,2686,0.16,16-08-2024,Pune,B2B,946.6,2256.24,0.16
3291,Wendy Coleman,Accessories,Belts,3,2686,0.27,29-11-2024,Delhi,B2C,1907.94,5882.34,0.27
1045,Michelle Clayton,T-Shirts,Graphic Tee,4,2686,0.98,15-04-2025,Pune,B2B,1009.78,214.88,0.98
3313,Dylan Price,Dresses,Bodycon,5,2686,1.03,01-10-2024,bengaluru,B2B,2022.75,13295.7,0.01
3325,John Brown MD,Dresses,Maxi Dress,6,2686,0.61,25-06-2025,Bangalore,B2B,686.84,6285.24,0.61
3351,Olivia Knox,Jeans,Boyfriend Jeans,1,2686,0.57,24-11-2024,Pune,B2C,211.03,1154.98,0.57
3381,Shelly Wilson,Shoes,Slip-ons,1,2686,0.1,28-09-2024,Ahmedabad,B2B,2205.09,2417.4,0.1
3386,Kristin Gould,T-Shirts,Classic Tee,1,2686,1.18,03-06-2025,Mumbai,B2C,21.39,2659.14,0.01
3392,Mark Vang,Jackets,Puffer Coat,1,2686,0.38,17-09-2024,hyderbad,B2B,1036.57,1665.32,0.38
3404,Gregory Ponce,Accessories,Caps,5,2686,0.81,05-05-2025,Pune,B2B,1283.58,2551.7,0.81
3407,Stephen Burton,Jeans,Ripped Denim,1,2686,0.67,28-08-2023,Ahmedabad,B2C,-540.69,886.38,0.67
3431,Valerie Smith,Dresses,Maxi Dress,1,2686,0.25,17-11-2024,Delhi,B2C,669.94,2014.5,0.25
3441,Carol Mack,Dresses,Maxi Dress,5,2686,1.21,06-05-2025,Delhi,B2B,2953.52,13295.7,0.01
3442,Traci Singleton,T-Shirts,Oversized T-shirt,1,2686,1.11,02-08-2024,Ahmedabad,B2B,1331.63,2659.14,0.01
1013,Amanda Rios,Shoes,Slip-ons,6,2686,0.56,24-10-2024,hyderbad,B2B,-270.22,7091.04,0.56
3465,Joshua Hill,Jeans,Boyfriend Jeans,1,2686,0.7,07-09-2024,Hyd,B2B,-288.96,805.8,0.7
3473,Erica Clay,Accessories,Belts,1,2686,0.15,24-09-2024,Mumbai,B2B,287.25,2283.1,0.15
1024,Thomas Long,Jackets,Puffer Coat,2,2686,1.19,19-02-2025,Delhi,B2B,491.1,5318.28,0.01
1051,Eric Wilson,Jeans,Boyfriend Jeans,2,2686,0.57,26-04-2025,Delhi,B2C,2857.9,2309.96,0.57
1074,Lynn Morales,Dresses,Casual Midi,2,2686,1.06,25-01-2025,Hyderabad,B2B,192.91,5318.28,0.01
1084,Kevin Martinez,Shoes,Loafers,2,2686,0.53,24-12-2024,Pune,B2B,2458.07,2524.84,0.53
1085,James Martinez,Shoes,Slip-ons,2,2686,0.02,18-10-2023,Pune,B2B,264.73,5264.56,0.02
1101,Stephen Smith,Jeans,Boyfriend Jeans,2,2686,0.22,04-03-2025,Pune,B2C,2962.73,4190.16,0.22
1139,Katherine Reyes,T-Shirts,Graphic Tee,2,2686,0.21,28-10-2024,Bangalore,B2B,-832.45,4243.88,0.21
1141,Sarah Pacheco,T-Shirts,Graphic Tee,2,2686,1.15,19-04-2024,Delhi,B2C,429.67,5318.28,0.01
1146,Jacqueline Jenkins,Accessories,Belts,2,2686,1.09,03-03-2025,Pune,B2C,-431.7,5318.28,0.01
1155,Sean Small,Shoes,Slip-ons,2,2686,0.64,08-11-2024,Mumbai,B2B,2493.12,1933.92,0.64
1165,Joshua Jones,T-Shirts,Classic Tee,2,2686,0.08,04-10-2024,bengaluru,B2B,-102.32,4942.24,0.08
1166,Jennifer Johnson,Jackets,Bomber Jacket,2,2686,0.91,27-08-2023,Ahmedabad,B2B,285.44,483.48,0.91
1190,Antonio Boyd PhD,Jackets,Puffer Coat,2,2686,0.63,27-05-2025,Pune,B2B,75.04,1987.64,0.63
1227,Antonio Moses,Accessories,Sunglasses,2,2686,0.25,05-03-2024,hyderbad,B2C,2096.68,4029,0.25
1237,Matthew Holloway,T-Shirts,Classic Tee,2,2686,0.29,09-06-2025,Pune,B2C,-465.98,3814.12,0.29
1248,Edward Morgan,Accessories,Watches,2,2686,1.24,23-07-2023,Mumbai,B2B,397.41,5318.28,0.01
1249,Tim Bauer,Accessories,Caps,2,2686,0.23,10-09-2024,Pune,B2B,809.89,4136.44,0.23
1262,George Gray,Accessories,Watches,2,2686,0.52,02-11-2024,bengaluru,B2B,786.25,2578.56,0.52
1266,Gloria Barnett,Shoes,Slip-ons,2,2686,1.12,25-10-2023,Delhi,B2C,1024.86,5318.28,0.01
1323,Kimberly Flores,Jackets,Puffer Coat,2,2686,1.12,30-04-2024,Pune,B2B,-96.6,5318.28,0.01
1332,Chelsea Brown,T-Shirts,Graphic Tee,2,2686,0,11-05-2025,Mumbai,B2C,2301.09,5372,0
1340,Annette Robinson,Jeans,Straight Cut,2,2686,0.06,18-06-2025,Mumbai,B2B,1282.27,5049.68,0.06
1349,Lisa Henry,Jackets,Leather Jacket,2,2686,0.82,17-02-2025,Pune,B2B,2085.75,966.96,0.82
1042,Kathleen Moore,Jeans,Straight Cut,2,2686,0.84,08-06-2025,Bangalore,B2B,1558.99,859.52,0.84
1358,Matthew Brown,Accessories,Sunglasses,2,2686,1.23,16-02-2025,Bangalore,B2C,1347.26,5318.28,0.01
1360,Rebecca Gonzalez,Jeans,Boyfriend Jeans,2,2686,1.13,04-02-2025,Delhi,B2B,1316.73,5318.28,0.01
1369,Patricia Pratt,Accessories,Caps,2,2686,1.1,10-06-2025,hyderbad,B2B,-844.78,5318.28,0.01
1405,Alyssa Ramirez,Dresses,Maxi Dress,2,2686,0.56,05-05-2024,Mumbai,B2C,2345.68,2363.68,0.56
1418,Christopher Anderson,Dresses,Bodycon,2,2686,0.13,03-08-2024,Bangalore,B2B,1403.76,4673.64,0.13
1420,James Patterson,Shoes,Loafers,2,2686,0.96,06-06-2025,Ahmedabad,B2B,2790.42,214.88,0.96
1430,Rose Delgado,Jeans,Straight Cut,2,2686,0.67,12-05-2025,Pune,B2C,2045.56,1772.76,0.67
1433,Jesse Cooke,T-Shirts,Oversized T-shirt,2,2686,0.7,04-01-2025,Mumbai,B2B,-878.85,1611.6,0.7
1436,Erin Yu,T-Shirts,Classic Tee,2,2686,1.26,13-08-2024,Ahmedabad,B2C,1445.93,5318.28,0.01
1472,William Mullins,Accessories,Belts,2,2686,1.01,26-10-2024,Mumbai,B2C,-69.28,5318.28,0.01
1509,Rachel Johnston,Dresses,Bodycon,2,2686,0.28,19-10-2024,bengaluru,B2B,1333.87,3867.84,0.28
1511,Michael Ruiz,Jackets,Puffer Coat,2,2686,0.93,10-11-2024,Hyderabad,B2B,-521.84,376.04,0.93
1523,Bradley Rogers,T-Shirts,Oversized T-shirt,2,2686,0.13,16-12-2023,Ahmedabad,B2B,1475.12,4673.64,0.13
1524,Cameron Bowen,Dresses,Wrap Dress,2,2686,0.47,15-07-2025,Hyd,B2C,2668.06,2847.16,0.47
1531,Yesenia Thompson,Jeans,Ripped Denim,2,2686,0.37,11-06-2025,Ahmedabad,B2B,-173.83,3384.36,0.37
1532,Teresa Davis,T-Shirts,Oversized T-shirt,2,2686,0.33,29-08-2023,Mumbai,B2B,2512.66,3599.24,0.33
1560,Angela Graham,Accessories,Caps,2,2686,0.71,14-01-2025,Hyd,B2B,574.85,1557.88,0.71
1586,Scott Carroll,Shoes,Loafers,2,2686,0.78,04-08-2024,Pune,B2B,1765.79,1181.84,0.78
1611,Victor Acosta,T-Shirts,Graphic Tee,2,2686,1.07,08-11-2024,Delhi,B2B,-351.41,5318.28,0.01
1618,Leslie Morton,Dresses,Wrap Dress,2,2686,0.85,24-08-2023,Mumbai,B2B,2113.08,805.8,0.85
1638,Michael Smith,Jeans,Boyfriend Jeans,2,2686,0.54,11-04-2025,Mumbai,B2B,2346.22,2471.12,0.54
1649,Amy Wood,Shoes,Boots,2,2686,0.06,09-01-2025,hyderbad,B2B,-640.58,5049.68,0.06
1650,Anne Hall,Dresses,Wrap Dress,2,2686,0.96,21-11-2024,Mumbai,B2B,1943.2,214.88,0.96
1660,Harold Smith,Jeans,Slim Fit Jeans,2,2686,1.1,21-03-2025,Mumbai,B2B,2345.37,5318.28,0.01
1670,Jennifer Scott,T-Shirts,Classic Tee,2,2686,0.69,14-08-2024,hyderbad,B2B,462.22,1665.32,0.69
1674,Jonathan Wagner,Jeans,Straight Cut,2,2686,0.19,04-05-2025,Bangalore,B2B,-680.26,4351.32,0.19
1681,Jessica Lara,Dresses,Maxi Dress,2,2686,0.26,15-02-2024,Ahmedabad,B2B,-579.16,3975.28,0.26
1703,Joy Garcia,Jeans,Slim Fit Jeans,2,2686,0.92,30-01-2025,Pune,B2B,-96.41,429.76,0.92
1704,Ryan Jordan,T-Shirts,Classic Tee,2,2686,0.47,21-09-2024,bengaluru,B2B,2611.36,2847.16,0.47
1731,Becky Gordon,Jackets,Leather Jacket,2,2686,1,28-08-2024,Mumbai,B2B,2108.61,4834.8,0.1
1746,Stephanie Harrington,Jeans,Slim Fit Jeans,2,2686,0.37,07-09-2023,bengaluru,B2B,2037.45,3384.36,0.37
1754,Angela Hall,Accessories,Caps,2,2686,0.57,11-03-2025,Delhi,B2B,1945.55,2309.96,0.57
1769,John Sanders,Jackets,Leather Jacket,2,2686,1,30-11-2024,Delhi,B2C,989.57,4834.8,0.1
1772,Jack Romero,Jeans,Boyfriend Jeans,2,2686,0.38,08-06-2025,Ahmedabad,B2C,545.03,3330.64,0.38
1783,Mrs. Denise Solis DDS,Jackets,Denim Jacket,2,2686,0.93,01-08-2024,hyderbad,B2B,34.35,376.04,0.93
1786,Johnny George,Shoes,Sneakers,2,2686,1.11,27-03-2025,Pune,B2B,1462.24,5318.28,0.01
1792,Tammy Deleon,Jeans,Boyfriend Jeans,2,2686,0.83,08-02-2025,Mumbai,B2B,-116.82,913.24,0.83
1810,Kevin Larson,Accessories,Sunglasses,2,2686,0.39,29-04-2025,Mumbai,B2B,-148.03,3276.92,0.39
1811,Michael Williams,Shoes,Boots,2,2686,0.99,19-07-2024,Bangalore,B2B,1662.7,53.72,0.99
1832,Nicole Miller,Shoes,Loafers,2,2686,0.43,11-09-2024,Ahmedabad,B2C,708.3,3062.04,0.43
1842,Kristen Vasquez,Jackets,Leather Jacket,2,2686,0.11,10-03-2025,hyderbad,B2C,2041.06,4781.08,0.11
1843,James Snyder,Dresses,Casual Midi,2,2686,0.06,08-06-2025,hyderbad,B2B,406.45,5049.68,0.06
1845,Elizabeth Walker,T-Shirts,Crop Top,2,2686,0.12,02-02-2025,Pune,B2C,1013.64,4727.36,0.12
1876,Carl Mahoney,Shoes,Loafers,2,2686,0.32,28-03-2025,Mumbai,B2B,986.09,3652.96,0.32
1897,Mary Diaz,Jeans,Straight Cut,2,2686,0.34,31-03-2025,Hyderabad,B2C,499.61,3545.52,0.34
1939,Destiny Harris,Jackets,Leather Jacket,2,2686,0.99,02-07-2025,bengaluru,B2B,693.96,53.72,0.99
1947,Devin Monroe,Jeans,Straight Cut,2,2686,0.2,16-12-2024,Mumbai,B2C,1608.36,4297.6,0.2
1984,Christopher Martin,Dresses,Maxi Dress,2,2686,1.25,20-09-2024,bengaluru,B2B,881.47,5318.28,0.01
1987,Carolyn Nicholson,Accessories,Belts,2,2686,0.8,10-01-2025,hyderbad,B2B,2732.84,1074.4,0.8
1999,Glenn Blackwell,Shoes,Slip-ons,2,2686,0.81,26-04-2025,Hyd,B2C,938.71,1020.68,0.81
2040,Lisa Scott,Dresses,Bodycon,2,2686,0.34,27-08-2024,Hyderabad,B2C,-838.24,3545.52,0.34
2043,Amy Gibson,T-Shirts,Crop Top,2,2686,0.74,24-05-2025,Bangalore,B2C,647.81,1396.72,0.74
2068,Amanda Gray,Shoes,Slip-ons,2,2686,1,04-01-2024,Delhi,B2B,999.95,4834.8,0.1
2071,Zachary Bowers,Shoes,Slip-ons,2,2686,0.98,26-06-2025,Mumbai,B2C,1522.69,107.44,0.98
2123,Andrea Ryan,Jackets,Bomber Jacket,2,2686,1.05,20-02-2025,Delhi,B2C,36.15,5318.28,0.01
2125,Jennifer Rich,Jeans,Slim Fit Jeans,2,2686,0.93,12-10-2024,Hyderabad,B2B,301.28,376.04,0.93
2128,Randall Chapman,Accessories,Watches,2,2686,0.08,02-10-2024,Bangalore,B2C,-237.66,4942.24,0.08
2130,Amanda Williams,Jackets,Bomber Jacket,2,2686,0.36,02-06-2025,Pune,B2C,1132.58,3438.08,0.36
2134,Sandra Simmons,Accessories,Sunglasses,2,2686,0.29,30-12-2024,Bangalore,B2C,-986.66,3814.12,0.29
2137,Sheila Miller,T-Shirts,Classic Tee,2,2686,1.01,25-04-2025,Pune,B2B,1626.26,5318.28,0.01
2147,Douglas Rhodes,Dresses,Bodycon,2,2686,0.27,13-09-2023,Ahmedabad,B2C,2299.86,3921.56,0.27
2182,Kristopher Gregory,Accessories,Caps,2,2686,0.53,23-06-2025,Hyd,B2B,2192.44,2524.84,0.53
1004,Raymond Hernandez,Shoes,Loafers,2,2686,0.64,01-01-2025,Pune,B2B,968.3,1933.92,0.64
2202,Aaron Kaiser,Jeans,Straight Cut,2,2686,0.92,23-01-2024,Ahmedabad,B2C,2505.39,429.76,0.92
2205,Danielle Hill,T-Shirts,Graphic Tee,2,2686,0.14,10-12-2023,hyderbad,B2C,-512.13,4619.92,0.14
2211,Michele Hicks,Jackets,Denim Jacket,2,2686,1.08,04-05-2024,Mumbai,B2B,902.93,5318.28,0.01
2228,April Jones,Accessories,Sunglasses,2,2686,0.93,18-01-2025,Hyderabad,B2C,-980.89,376.04,0.93
2246,Alyssa Carter,Shoes,Slip-ons,2,2686,1.25,30-01-2024,Pune,B2B,311.56,5318.28,0.01
2265,Scott Sweeney,T-Shirts,Graphic Tee,2,2686,0.5,20-03-2025,bengaluru,B2C,399.62,2686,0.5
2278,Susan Young,Dresses,Casual Midi,2,2686,0.95,08-06-2025,Mumbai,B2B,787.23,268.6,0.95
2280,David Gutierrez,T-Shirts,Crop Top,2,2686,1.15,22-07-2025,Ahmedabad,B2B,-230.98,5318.28,0.01
2297,Sheila Gutierrez,Dresses,Bodycon,2,2686,0.29,09-01-2025,Delhi,B2B,2879.59,3814.12,0.29
2299,Kelly Thomas,T-Shirts,Graphic Tee,2,2686,1.27,23-04-2025,Mumbai,B2C,2892.16,5318.28,0.01
2304,Stephanie Jones,Accessories,Caps,2,2686,0.3,03-06-2025,Pune,B2C,2013.34,3760.4,0.3
2306,Christine Riley,Shoes,Boots,2,2686,1.15,30-11-2023,Ahmedabad,B2C,2166.71,5318.28,0.01
2320,David Garcia MD,Jeans,Straight Cut,2,2686,1.27,01-08-2024,Hyderabad,B2C,1960.76,5318.28,0.01
2327,Christina Carter,Shoes,Slip-ons,2,2686,0.76,26-02-2025,Pune,B2C,-357.33,1289.28,0.76
2341,Jay Bates,T-Shirts,Classic Tee,2,2686,0.59,13-11-2024,Ahmedabad,B2C,259.57,2202.52,0.59
2344,Walter Richard,Jeans,Slim Fit Jeans,2,2686,1.09,25-06-2025,hyderbad,B2B,1854.64,5318.28,0.01
2349,John Johns,Jackets,Puffer Coat,2,2686,0.34,01-08-2024,Delhi,B2B,-496.94,3545.52,0.34
2385,Diana Hall,Dresses,Wrap Dress,2,2686,0.06,29-03-2025,Delhi,B2B,-914.91,5049.68,0.06
2396,Gary Andrade,Jeans,Slim Fit Jeans,2,2686,1.02,23-11-2024,Hyd,B2C,1965.45,5318.28,0.01
2416,Charles Johnson,Dresses,Bodycon,2,2686,1.27,13-03-2024,Pune,B2B,1219.82,5318.28,0.01
2422,Mario Scott,T-Shirts,Oversized T-shirt,2,2686,0.22,01-09-2024,bengaluru,B2B,756.56,4190.16,0.22
2439,Sarah Glass,Accessories,Caps,2,2686,0.24,27-09-2024,Delhi,B2C,-789.39,4082.72,0.24
2453,Katie Berger,Jeans,Slim Fit Jeans,2,2686,0.72,29-05-2024,hyderbad,B2B,382.31,1504.16,0.72
2458,Stephanie Frank,T-Shirts,Oversized T-shirt,2,2686,0.64,10-11-2024,Delhi,B2B,163.69,1933.92,0.64
2480,John Lawrence,Shoes,Sneakers,2,2686,0.14,08-10-2024,Bangalore,B2B,1556.81,4619.92,0.14
2483,Kristin Scott,Dresses,Wrap Dress,2,2686,0.96,13-05-2025,Pune,B2B,-369.21,214.88,0.96
2491,Amanda Day,Shoes,Sneakers,2,2686,0.68,13-08-2024,Bangalore,B2C,2466.01,1719.04,0.68
2502,Trevor Lynch DVM,Shoes,Loafers,2,2686,1,17-07-2025,Mumbai,B2B,653.4,4834.8,0.1
2512,Kim Chavez,Jeans,Boyfriend Jeans,2,2686,0.53,15-10-2024,bengaluru,B2B,958.94,2524.84,0.53
2517,Courtney Smith,Shoes,Boots,2,2686,0.2,15-12-2024,Pune,B2B,409.12,4297.6,0.2
2563,Michael Freeman,Accessories,Sunglasses,2,2686,0.41,12-05-2025,Hyderabad,B2C,891.43,3169.48,0.41
2576,Jessica Wilkerson,Jeans,Straight Cut,2,2686,0.56,13-07-2025,Mumbai,B2C,515.36,2363.68,0.56
2588,Jessica Park,Accessories,Sunglasses,2,2686,1.07,24-12-2024,Hyd,B2B,-927.74,5318.28,0.01
2590,Maurice Mcconnell,Shoes,Slip-ons,2,2686,0.54,07-09-2024,Delhi,B2B,1613.88,2471.12,0.54
2599,Stephanie Franco,Shoes,Sneakers,2,2686,0.23,24-09-2024,Hyd,B2B,2293.29,4136.44,0.23
2611,Barbara Thompson,Dresses,Wrap Dress,2,2686,1.05,08-01-2025,Pune,B2B,2391.7,5318.28,0.01
2618,Colin Dillon,Shoes,Boots,2,2686,0.95,06-09-2024,Ahmedabad,B2B,-850.68,268.6,0.95
2643,Kimberly Mitchell,Jackets,Bomber Jacket,2,2686,0.53,13-08-2024,bengaluru,B2B,2911.37,2524.84,0.53
2645,Gabriel Browning,Accessories,Sunglasses,2,2686,0.98,14-04-2025,Ahmedabad,B2B,1141.67,107.44,0.98
2653,Sara Duffy,T-Shirts,Oversized T-shirt,2,2686,0.03,25-08-2024,Pune,B2B,-327.41,5210.84,0.03
2678,Lauren Kelley,Dresses,Wrap Dress,2,2686,0.51,25-03-2025,hyderbad,B2C,-333.97,2632.28,0.51
2709,Amanda Gonzalez,Jackets,Bomber Jacket,2,2686,0.3,08-02-2025,Hyderabad,B2B,-473.04,3760.4,0.3
2738,Joshua Obrien,Dresses,Wrap Dress,2,2686,0.55,29-12-2024,Mumbai,B2B,733.8,2417.4,0.55
2751,Tyler Curtis,Jackets,Leather Jacket,2,2686,0.98,16-12-2024,Bangalore,B2B,1778.54,107.44,0.98
2755,Todd Lynch,Accessories,Watches,2,2686,0.32,30-09-2023,Delhi,B2B,1174.64,3652.96,0.32
2759,Mr. Kenneth Anderson,Shoes,Boots,2,2686,0.9,05-08-2024,Ahmedabad,B2B,-300.9,537.2,0.9
2768,Hannah Allen,T-Shirts,Oversized T-shirt,2,2686,0.69,14-06-2025,Pune,B2C,465.45,1665.32,0.69
2777,Janet Chang,Shoes,Sneakers,2,2686,0.42,12-12-2024,Pune,B2B,1373.67,3115.76,0.42
2779,Rebecca Marsh,T-Shirts,Crop Top,2,2686,0.4,27-04-2025,Pune,B2B,2573.85,3223.2,0.4
2781,Frederick Henry,Jeans,Straight Cut,2,2686,1.07,03-05-2025,Ahmedabad,B2C,1947.29,5318.28,0.01
1026,Caroline Roth,Jackets,Denim Jacket,2,2686,0.03,26-09-2024,Delhi,B2B,688.48,5210.84,0.03
2813,Mary Lopez,Accessories,Belts,2,2686,0.41,30-09-2024,Ahmedabad,B2B,-756.66,3169.48,0.41
2817,Timothy Wilson,Dresses,Casual Midi,2,2686,0.36,23-04-2025,Mumbai,B2C,495.32,3438.08,0.36
2821,Denise Crawford,Dresses,Wrap Dress,2,2686,1.28,18-12-2024,Ahmedabad,B2C,412.63,5318.28,0.01
2824,Michele Martin,Shoes,Boots,2,2686,1.08,22-11-2024,Delhi,B2C,1113.29,5318.28,0.01
2832,Daryl Reynolds,Shoes,Boots,2,2686,0.56,07-10-2024,Mumbai,B2B,-402.75,2363.68,0.56
2859,Jonathan Hughes,Accessories,Sunglasses,2,2686,0.78,08-06-2024,bengaluru,B2B,1686.29,1181.84,0.78
2884,Emily Rhodes,Jeans,Ripped Denim,2,2686,0.4,13-02-2025,Pune,B2B,896.38,3223.2,0.4
2906,Sean Cunningham,Dresses,Bodycon,2,2686,0.25,04-09-2024,Ahmedabad,B2B,-116.3,4029,0.25
2908,Megan Nixon,Jeans,Straight Cut,2,2686,0.51,29-07-2023,Pune,B2C,-61.23,2632.28,0.51
2914,Jamie Meyer,Accessories,Belts,2,2686,1.03,21-12-2023,Delhi,B2B,2321.6,5318.28,0.01
2947,Terri Patton,Shoes,Boots,2,2686,0.97,11-02-2025,Mumbai,B2C,1577.91,161.16,0.97
2950,Karina Lee,Accessories,Belts,2,2686,0.27,26-12-2024,Bangalore,B2B,1158.28,3921.56,0.27
2957,Nicholas Molina,Accessories,Belts,2,2686,0.68,08-03-2025,Ahmedabad,B2C,301.72,1719.04,0.68
1021,Preston Gomez,T-Shirts,Classic Tee,2,2686,0.04,03-03-2025,Pune,B2C,796.33,5157.12,0.04
2962,Chelsea Singleton,Accessories,Belts,2,2686,0.87,31-10-2024,Delhi,B2C,-617.13,698.36,0.87
2980,Tina Williams,T-Shirts,Classic Tee,2,2686,0.36,02-12-2024,Delhi,B2C,147.67,3438.08,0.36
2985,Elizabeth Mills,Jeans,Straight Cut,2,2686,1.15,15-01-2025,Hyd,B2B,774.28,5318.28,0.01
3010,Jessica Nguyen,Jackets,Puffer Coat,2,2686,0.68,30-09-2024,Hyd,B2C,671.7,1719.04,0.68
3013,Eric Stone,T-Shirts,Graphic Tee,2,2686,0.66,01-02-2025,bengaluru,B2B,-572.35,1826.48,0.66
3028,Stephen Williamson,Shoes,Slip-ons,2,2686,0.74,07-01-2025,bengaluru,B2B,-436.73,1396.72,0.74
3037,Brian Sims,Jackets,Puffer Coat,2,2686,0.85,14-08-2024,Delhi,B2C,-298.81,805.8,0.85
3057,Angela Kidd,Jackets,Bomber Jacket,2,2686,1.05,01-07-2025,Ahmedabad,B2B,2241.83,5318.28,0.01
3060,Susan Haynes,Accessories,Watches,2,2686,0.71,22-01-2025,Mumbai,B2B,1011.23,1557.88,0.71
3064,Alexander Page,Jackets,Puffer Coat,2,2686,1.24,02-05-2025,hyderbad,B2B,2520.12,5318.28,0.01
3066,Justin Black,Shoes,Boots,2,2686,1.28,29-05-2025,Mumbai,B2C,80.29,5318.28,0.01
3122,Joshua Oconnor,Accessories,Belts,2,2686,1.19,23-12-2024,Pune,B2C,551.79,5318.28,0.01
3124,Mark West PhD,T-Shirts,Crop Top,2,2686,0.87,17-08-2023,Pune,B2B,-399.81,698.36,0.87
3151,Justin Walker,Jeans,Slim Fit Jeans,2,2686,0.19,28-06-2025,Mumbai,B2B,-858.13,4351.32,0.19
3232,Jeremy Garcia,Jackets,Puffer Coat,2,2686,0.3,30-11-2024,Bangalore,B2B,1045.42,3760.4,0.3
3238,John Woods,T-Shirts,Classic Tee,2,2686,0.87,25-09-2024,Delhi,B2B,744.17,698.36,0.87
3242,Sarah Clark,Shoes,Loafers,2,2686,0.16,16-03-2024,Mumbai,B2B,2996.49,4512.48,0.16
3244,Jennifer Manning,Accessories,Watches,2,2686,0.47,26-02-2025,Ahmedabad,B2B,2205.34,2847.16,0.47
3254,Donna Terry,Jackets,Bomber Jacket,2,2686,1.02,07-06-2025,Pune,B2C,2285.19,5318.28,0.01
3281,Jason Bradley,Jackets,Bomber Jacket,2,2686,0.23,05-04-2024,bengaluru,B2B,1469.72,4136.44,0.23
3287,Jennifer Johnson,Jackets,Leather Jacket,2,2686,0.21,25-02-2025,Bangalore,B2C,1684.69,4243.88,0.21
3292,Jessica Bradley,T-Shirts,Oversized T-shirt,2,2686,0.5,27-03-2024,hyderbad,B2B,-774.38,2686,0.5
3338,Wesley Walker,Dresses,Wrap Dress,2,2686,0.06,18-07-2025,Pune,B2C,1067.66,5049.68,0.06
3348,Patrick Mendez,Jackets,Leather Jacket,2,2686,0.98,27-10-2024,Hyderabad,B2B,1023.68,107.44,0.98
3354,Stephen Jensen,Jackets,Leather Jacket,2,2686,0.74,17-04-2025,Mumbai,B2B,2840.37,1396.72,0.74
3383,Samantha Ruiz,Jeans,Boyfriend Jeans,2,2686,0.64,26-07-2023,Ahmedabad,B2B,1101.95,1933.92,0.64
3402,Willie Sherman,Dresses,Maxi Dress,2,2686,0.02,31-12-2024,Mumbai,B2C,619.2,5264.56,0.02
3411,Robert Jones,Shoes,Boots,2,2686,0.58,25-12-2024,Hyd,B2B,1693.4,2256.24,0.58
3427,Mike Hayes,Accessories,Belts,2,2686,0.51,08-08-2024,Delhi,B2B,-63,2632.28,0.51
3436,Kathryn Burch,Dresses,Maxi Dress,2,2686,0.91,28-08-2024,Bangalore,B2B,791.96,483.48,0.91
3443,John Williams,T-Shirts,Oversized T-shirt,2,2686,0.37,05-06-2025,Delhi,B2B,2632.33,3384.36,0.37
3450,Mario Smith,T-Shirts,Classic Tee,2,2686,0.89,26-07-2023,Mumbai,B2B,1339.05,590.92,0.89
1013,James Delgado,T-Shirts,Crop Top,2,2686,0.62,26-07-2024,Pune,B2C,1279.58,2041.36,0.62
1037,Amy Martin,Accessories,Sunglasses,2,2686,1.1,26-07-2024,Ahmedabad,B2B,907.77,5318.28,0.01
1064,Jessica Johnston,Jackets,Denim Jacket,2,2686,1.3,26-07-2024,bengaluru,B2B,-901.74,5318.28,0.01
1073,Michael Williamson,Jeans,Straight Cut,2,2686,0.18,26-07-2024,Pune,B2B,368.69,4405.04,0.18
1126,Grant Munoz,Jeans,Boyfriend Jeans,2,2686,0.59,26-07-2024,Pune,B2C,1820.2,2202.52,0.59
1128,Susan Anderson,T-Shirts,Oversized T-shirt,2,2686,0.43,26-07-2024,Hyd,B2B,-68.49,3062.04,0.43
1132,Andrew Carlson,Jackets,Bomber Jacket,2,2686,0.58,26-07-2024,Delhi,B2B,2043.57,2256.24,0.58
1133,Erin Williams,Dresses,Casual Midi,2,2686,0.6,26-07-2024,Ahmedabad,B2B,806.19,2148.8,0.6
1138,Thomas Freeman,Dresses,Bodycon,2,2686,0.26,26-07-2024,Hyderabad,B2C,-658.58,3975.28,0.26
1144,Mrs. Julia Ramirez,Jeans,Slim Fit Jeans,2,2686,0.19,26-07-2024,Mumbai,B2C,2966.21,4351.32,0.19
1195,Christine Rodgers,Dresses,Wrap Dress,2,2686,1.2,26-07-2024,Mumbai,B2C,1059.17,5318.28,0.01
1274,Russell Love,Dresses,Wrap Dress,2,2686,0.59,26-07-2024,Ahmedabad,B2B,62.98,2202.52,0.59
1283,Kelly Gray,Shoes,Slip-ons,2,2686,0.08,26-07-2024,Hyderabad,B2B,379.24,4942.24,0.08
1294,Jeff Hernandez,Accessories,Watches,2,2686,0.56,26-07-2024,Delhi,B2B,898.24,2363.68,0.56
1040,Tim Jennings,T-Shirts,Classic Tee,2,2686,0.18,26-07-2024,bengaluru,B2B,2721.4,4405.04,0.18
1364,Leah Madden,T-Shirts,Classic Tee,2,2686,0.01,26-07-2024,Ahmedabad,B2C,1839.35,5318.28,0.01
1473,Alicia Reynolds,T-Shirts,Graphic Tee,2,2686,0.08,26-07-2024,Bangalore,B2C,1769.11,4942.24,0.08
1481,David Baker,Accessories,Watches,2,2686,0.97,26-07-2024,Delhi,B2C,375,161.16,0.97
1492,Richard Stephenson,T-Shirts,Classic Tee,2,2686,1.07,26-07-2024,Hyd,B2B,-308.83,5318.28,0.01
1493,Mr. Gary Wilson,Dresses,Wrap Dress,2,2686,0.03,26-07-2024,hyderbad,B2B,478.28,5210.84,0.03
1559,William Phillips,Jackets,Leather Jacket,2,2686,0.09,26-07-2024,Mumbai,B2C,-548.18,4888.52,0.09
1564,Jerome Martinez,Jeans,Boyfriend Jeans,2,2686,0.67,26-07-2024,Pune,B2C,-953.17,1772.76,0.67
1603,Lisa Carter,Jackets,Bomber Jacket,2,2686,1.05,26-07-2024,Ahmedabad,B2B,2700.72,5318.28,0.01
1722,David Vincent,Jackets,Bomber Jacket,2,2686,0.85,26-07-2024,Mumbai,B2C,1010.08,805.8,0.85
1742,Evan Huynh,Jeans,Ripped Denim,2,2686,0.03,26-07-2024,Bangalore,B2C,-222.56,5210.84,0.03
1755,Monica Flores,Shoes,Sneakers,2,2686,0.76,26-07-2024,hyderbad,B2B,-255.22,1289.28,0.76
1775,Michael Sullivan,T-Shirts,Graphic Tee,2,2686,1.01,26-07-2024,Ahmedabad,B2B,2275.55,5318.28,0.01
1892,David Powers,Jeans,Slim Fit Jeans,2,2686,1.14,26-07-2024,Delhi,B2B,330.14,5318.28,0.01
1992,Lori Williams,T-Shirts,Classic Tee,2,2686,0.72,26-07-2024,Bangalore,B2B,2416.37,1504.16,0.72
2036,John White,T-Shirts,Graphic Tee,2,2686,0.72,26-07-2024,Ahmedabad,B2B,106.67,1504.16,0.72
2110,Chelsey Morales DVM,T-Shirts,Classic Tee,2,2686,1.21,26-07-2024,Mumbai,B2B,2891.52,5318.28,0.01
2166,Deborah Gordon,Jackets,Leather Jacket,2,2686,1.08,26-07-2024,Mumbai,B2B,-845.69,5318.28,0.01
2167,Heather Taylor,Dresses,Casual Midi,2,2686,1.12,26-07-2024,Mumbai,B2C,-258.89,5318.28,0.01
2185,Lindsey Walker,Jackets,Denim Jacket,2,2686,0.14,26-07-2024,Pune,B2B,-810.97,4619.92,0.14
2209,Daniel Martin,T-Shirts,Crop Top,2,2686,0.95,26-07-2024,Pune,B2B,2492.83,268.6,0.95
1031,Samantha Richards,T-Shirts,Oversized T-shirt,2,2686,0.58,26-07-2024,Delhi,B2C,652.37,2256.24,0.58
2245,Terry Estrada,T-Shirts,Graphic Tee,2,2686,1.27,26-07-2024,bengaluru,B2B,1929.41,5318.28,0.01
2250,Clifford Deleon,Jackets,Puffer Coat,2,2686,1.17,26-07-2024,Mumbai,B2B,2594.9,5318.28,0.01
2271,Susan Buck,Accessories,Sunglasses,2,2686,0.36,26-07-2024,Bangalore,B2C,999.24,3438.08,0.36
2322,Brian Garcia,T-Shirts,Crop Top,2,2686,0.98,26-07-2024,Pune,B2B,195.27,107.44,0.98
2352,Kurt Best,Dresses,Maxi Dress,2,2686,1.18,26-07-2024,Pune,B2B,590.81,5318.28,0.01
2355,Robert Page,Jeans,Ripped Denim,2,2686,0.14,26-07-2024,hyderbad,B2B,1303.89,4619.92,0.14
2441,Jessica Gonzalez,Dresses,Wrap Dress,2,2686,0.81,26-07-2024,Pune,B2B,1220.91,1020.68,0.81
2493,Brian Taylor,Dresses,Maxi Dress,2,2686,0.92,26-07-2024,Ahmedabad,B2B,452.38,429.76,0.92
2504,Jeremiah Salas,Dresses,Wrap Dress,2,2686,1.2,26-07-2024,Ahmedabad,B2B,-757.99,5318.28,0.01
2526,Brianna Bonilla,Accessories,Belts,2,2686,0.94,26-07-2024,Mumbai,B2B,2853.61,322.32,0.94
2578,Travis Watson,T-Shirts,Graphic Tee,2,2686,0.87,26-07-2024,hyderbad,B2B,2826.66,698.36,0.87
2594,Michael Diaz,Jeans,Straight Cut,2,2686,0.37,26-07-2024,Pune,B2C,580.23,3384.36,0.37
2634,Jennifer Richardson,Accessories,Watches,2,2686,0.96,26-07-2024,Hyd,B2B,2065.74,214.88,0.96
2637,Deanna Woods,Jackets,Leather Jacket,2,2686,0.72,26-07-2024,Delhi,B2B,1326.41,1504.16,0.72
2686,Christopher Terrell,Accessories,Caps,2,2686,0.49,26-07-2024,Pune,B2B,2957.49,2739.72,0.49
2688,Brenda Williams,T-Shirts,Crop Top,2,2686,0.11,26-07-2024,Hyd,B2C,161.9,4781.08,0.11
2726,Brittney Hamilton,Dresses,Maxi Dress,2,2686,0.17,26-07-2024,Mumbai,B2B,1751.12,4458.76,0.17
2838,Kathleen Hill,Dresses,Bodycon,2,2686,0.97,26-07-2024,Mumbai,B2B,182.38,161.16,0.97
2849,Jennifer Schultz,Accessories,Sunglasses,2,2686,0.35,26-07-2024,Mumbai,B2B,1750.23,3491.8,0.35
2877,Joe Schmitt,Shoes,Boots,2,2686,0.29,26-07-2024,Hyd,B2B,2293.59,3814.12,0.29
2879,Angela Diaz,Jackets,Bomber Jacket,2,2686,0.02,26-07-2024,Delhi,B2B,1146.23,5264.56,0.02
2942,Amy Kim,Accessories,Sunglasses,2,2686,0.56,26-07-2024,Pune,B2B,2500.35,2363.68,0.56
2949,Charlene Knight,Jeans,Boyfriend Jeans,2,2686,0.1,26-07-2024,Pune,B2B,1569.63,4834.8,0.1
2979,Christina Simmons,T-Shirts,Classic Tee,2,2686,0.23,26-07-2024,Mumbai,B2B,862.17,4136.44,0.23
3006,Lori Alexander,Shoes,Loafers,2,2686,1.26,26-07-2024,Pune,B2B,1441.9,5318.28,0.01
3024,Miranda Gutierrez,T-Shirts,Classic Tee,2,2686,0.18,26-07-2024,Mumbai,B2B,1505.68,4405.04,0.18
3068,Casey Johnson MD,Shoes,Sneakers,2,2686,0.99,26-07-2024,Pune,B2C,1886.51,53.72,0.99
3134,Tara Day,Jackets,Bomber Jacket,2,2686,0.53,26-07-2024,Ahmedabad,B2B,1130.74,2524.84,0.53
3155,Paul Allen,Accessories,Caps,2,2686,0.27,26-07-2024,Mumbai,B2C,2621.96,3921.56,0.27
3178,Cindy Bowen,Jackets,Denim Jacket,2,2686,0.66,26-07-2024,hyderbad,B2C,-174.17,1826.48,0.66
3190,Tammy Smith,Shoes,Sneakers,2,2686,0.44,26-07-2024,Hyderabad,B2B,620.19,3008.32,0.44
3289,Kevin Carson,Accessories,Sunglasses,2,2686,1.08,26-07-2024,Ahmedabad,B2B,-272.84,5318.28,0.01
3324,Rachel Martin,Dresses,Casual Midi,2,2686,0.51,26-07-2024,Ahmedabad,B2C,-214.24,2632.28,0.51
3327,Andrew Berger,Jeans,Straight Cut,2,2686,0.96,26-07-2024,bengaluru,B2B,-361.79,214.88,0.96
3472,Larry Holland,Dresses,Casual Midi,2,2686,0.5,26-07-2024,Mumbai,B2B,-898.19,2686,0.5
3477,Miss Alexa Smith,Dresses,Wrap Dress,2,2686,0.86,26-07-2024,Mumbai,B2B,292.83,752.08,0.86
3480,Mrs. Jessica Thompson,Shoes,Sneakers,2,2686,0.28,26-07-2024,Pune,B2C,1553.3,3867.84,0.28
1035,Joshua Thomas,Jackets,Bomber Jacket,1,2686,0.94,26-07-2024,Ahmedabad,B2C,-199.18,161.16,0.94
1083,Timothy Farmer,Jackets,Bomber Jacket,1,2686,1.28,26-07-2024,Pune,B2B,-612.62,2659.14,0.01
1156,Jacob Moore,Dresses,Wrap Dress,3,2686,0.93,26-07-2024,Delhi,B2B,1699.17,564.06,0.93
1170,Marc Hull,Jeans,Straight Cut,1,2686,0.76,26-07-2024,Delhi,B2C,-528.7,644.64,0.76
1176,Bailey Williamson,Jeans,Boyfriend Jeans,6,2686,0.87,26-07-2024,Mumbai,B2B,-879.15,2095.08,0.87
1230,Adam Bennett,Accessories,Watches,3,2686,1.2,26-07-2024,Hyderabad,B2B,2725.11,7977.42,0.01
1246,Dr. Derrick Scott,Dresses,Maxi Dress,1,2686,0.03,26-07-2024,Hyd,B2B,733.8,2605.42,0.03
1268,Sonya Martinez,Jackets,Denim Jacket,1,2686,1.03,26-07-2024,Pune,B2B,2668.22,2659.14,0.01
1292,Amy Howard,Dresses,Maxi Dress,3,2686,0.46,26-07-2024,Mumbai,B2B,1165.86,4351.32,0.46
1458,Rachel Marshall,Jackets,Puffer Coat,6,2686,0.27,26-07-2024,Mumbai,B2B,1877.22,11764.68,0.27
1491,Allen Garner,Shoes,Sneakers,1,2686,0.29,26-07-2024,Bangalore,B2B,2039.1,1907.06,0.29
1537,Jonathan Holmes,Jeans,Ripped Denim,1,2686,0.9,26-07-2024,Bangalore,B2B,68.26,268.6,0.9
1590,Jesse Kennedy,Dresses,Maxi Dress,6,2686,0.67,26-07-2024,Bangalore,B2B,-104.43,5318.28,0.67
1651,Jennifer White MD,Shoes,Sneakers,3,2686,0.05,26-07-2024,Mumbai,B2B,-551.78,7655.1,0.05
1662,Christine Burton MD,Accessories,Belts,6,2686,0.96,26-07-2024,Ahmedabad,B2C,665.51,644.64,0.96
1686,Christine Cox,Jeans,Boyfriend Jeans,1,2686,0.06,26-07-2024,Pune,B2B,718.58,2524.84,0.06
1727,Ashley Nguyen,Accessories,Watches,5,2686,0.76,26-07-2024,Mumbai,B2B,1252.83,3223.2,0.76
1796,Thomas Hawkins,Dresses,Maxi Dress,1,2686,0.94,26-07-2024,Pune,B2B,-851,161.16,0.94
1860,Michael Vasquez,Dresses,Maxi Dress,3,2686,1.15,26-07-2024,Bangalore,B2B,57.35,7977.42,0.01
1888,Jessica Jones,Shoes,Sneakers,6,2686,0.39,26-07-2024,Mumbai,B2B,-80.61,9830.76,0.39
2103,Cindy Marsh,Jeans,Slim Fit Jeans,3,2686,0.56,26-07-2024,Ahmedabad,B2B,-244.29,3545.52,0.56
2122,Michael Kennedy,Jeans,Straight Cut,1,2686,0.17,26-07-2024,Delhi,B2C,1823.39,2229.38,0.17
2127,Laurie Stephens,Accessories,Sunglasses,6,2686,0.94,26-07-2024,Delhi,B2B,2427.95,966.96,0.94
2172,Matthew Gross,T-Shirts,Classic Tee,1,2686,1.08,26-07-2024,Delhi,B2C,2497.36,2659.14,0.01
2178,Matthew Hicks,Shoes,Sneakers,1,2686,0.89,26-07-2024,bengaluru,B2C,2438.98,295.46,0.89
2325,Dustin Skinner,Dresses,Bodycon,1,2686,1.19,26-07-2024,bengaluru,B2B,1634.79,2659.14,0.01
2330,Brittany Hicks,Shoes,Boots,6,2686,0.53,26-07-2024,Pune,B2C,-44.8,7574.52,0.53
2432,John Ramirez,Jackets,Denim Jacket,1,2686,0.11,26-07-2024,Mumbai,B2B,2950.78,2390.54,0.11
2559,Shelley Olson,Accessories,Watches,1,2686,0.3,26-07-2024,Pune,B2B,-882.81,1880.2,0.3
2716,Courtney Pearson,Shoes,Loafers,1,2686,0.49,26-07-2024,Pune,B2B,2134.28,1369.86,0.49
2729,Alexander Cox,Dresses,Bodycon,5,2686,1.22,26-07-2024,Ahmedabad,B2B,-973.04,13295.7,0.01
2732,Thomas Pham,Shoes,Boots,6,2686,0.55,26-07-2024,Hyd,B2C,-833.43,7252.2,0.55
3035,Dylan Harris,Dresses,Casual Midi,4,2686,1,26-07-2024,Bangalore,B2B,2640.01,9669.6,0.1
3109,Ryan Porter,T-Shirts,Crop Top,5,2686,0.35,26-07-2024,Ahmedabad,B2B,445.05,8729.5,0.35
3135,Heather Knight,Jackets,Puffer Coat,1,2686,0.67,26-07-2024,Hyderabad,B2B,2619.5,886.38,0.67
3156,Scott Griffin,Shoes,Loafers,1,2686,0.52,26-07-2024,Ahmedabad,B2C,2568.9,1289.28,0.52
3243,Daniel Bernard,Dresses,Bodycon,4,2686,0.87,26-07-2024,Delhi,B2B,1345.46,1396.72,0.87
1022,Julia Campbell,T-Shirts,Crop Top,5,2686,0.39,26-07-2024,Ahmedabad,B2B,-63,8192.3,0.39
3300,Debbie Cross,Accessories,Sunglasses,5,2686,1.06,26-07-2024,bengaluru,B2C,525.1,13295.7,0.01
3389,Alyssa Perry,Accessories,Watches,1,2686,0.85,26-07-2024,Ahmedabad,B2B,146.53,402.9,0.85
3393,Nancy Owens,Accessories,Sunglasses,5,2686,0.07,26-07-2024,Mumbai,B2C,560.09,12489.9,0.07
3418,Lisa Delacruz,Jeans,Slim Fit Jeans,6,2686,0.56,26-07-2024,Ahmedabad,B2B,-796.3,7091.04,0.56
1034,Nathan Stewart,Jackets,Puffer Coat,1,4449.4,0.94,13-07-2025,Delhi,B2B,-282.68,266.964,0.94
1114,Robert Williams,Dresses,Bodycon,6,568.6,0.2,18-02-2025,Delhi,B2C,-689.16,2729.28,0.2
1127,Rhonda Ray,Dresses,Bodycon,3,4843.4,0.07,07-08-2024,Ahmedabad,B2B,2881.91,13513.086,0.07
1135,Ronald Ballard,Shoes,Sneakers,4,1557,0.84,23-10-2024,Mumbai,B2B,1432.84,996.48,0.84
1151,Joseph Allen,Jeans,Straight Cut,4,2266.4,0.33,17-07-2025,Pune,B2C,-655.45,6073.952,0.33
1167,Robert Evans,T-Shirts,Oversized T-shirt,1,4595.9,0.09,14-05-2025,Bangalore,B2B,-653.8,4182.269,0.09
1168,Eugene Olson Jr.,Accessories,Sunglasses,1,3655.7,0.48,13-11-2024,hyderbad,B2B,2024.15,1900.964,0.48
1174,Tiffany Flores,Jackets,Leather Jacket,6,4984.6,0.42,23-12-2024,Bangalore,B2B,2931.32,17346.408,0.42
1188,Maria Morrow,Accessories,Belts,6,4910.3,0.12,27-08-2024,Bangalore,B2B,2089.25,25926.384,0.12
1218,Jamie Alexander,Dresses,Wrap Dress,3,1544.4,0.33,31-03-2025,Hyd,B2B,707.56,3104.244,0.33
1252,Brandy Clark,T-Shirts,Classic Tee,6,1638.5,0.88,02-04-2025,Mumbai,B2C,1484.7,1179.72,0.88
1328,Christine Drake,Shoes,Boots,4,3250.2,0.56,27-05-2025,Pune,B2B,2269.54,5720.352,0.56
1355,Ryan James,Dresses,Bodycon,1,1054.7,0.18,20-10-2024,Mumbai,B2B,698.05,864.854,0.18
1437,Rachel Savage,Jeans,Boyfriend Jeans,1,3886.3,0.34,15-02-2025,Delhi,B2C,131.48,2564.958,0.34
1440,Candace Smith,Dresses,Bodycon,1,635.1,0.32,22-07-2025,hyderbad,B2C,-476.72,431.868,0.32
1487,Nancy Taylor,Accessories,Sunglasses,6,1234.1,0.71,15-03-2024,Delhi,B2C,-849.81,2147.334,0.71
1570,William Aguilar,Jackets,Leather Jacket,1,4774.8,0.96,08-04-2025,Mumbai,B2C,-146.17,190.992,0.96
1576,Rick Moran,Jackets,Denim Jacket,1,1882.1,0.6,05-01-2025,Ahmedabad,B2B,2554.79,752.84,0.6
1582,David Noble,Jeans,Slim Fit Jeans,1,4809.9,0.92,28-09-2024,Mumbai,B2B,-356.01,384.792,0.92
1597,Linda Ross,T-Shirts,Crop Top,1,657.5,0.77,04-08-2024,Delhi,B2C,2744.32,151.225,0.77
1608,Lindsay Sanchez,Shoes,Slip-ons,3,3536.6,0.79,20-02-2025,Mumbai,B2C,-55.01,2228.058,0.79
1615,Joel Fitzpatrick,Dresses,Casual Midi,6,4962.7,0.02,04-08-2023,Hyd,B2C,61.6,29180.676,0.02
1625,Edwin Brennan,Accessories,Watches,1,736,0.26,25-12-2024,Delhi,B2B,1690.22,544.64,0.26
1628,Gary Simon,Dresses,Bodycon,1,3345.6,0.26,15-04-2024,Hyd,B2B,2274.54,2475.744,0.26
1646,Cody Mahoney,Jeans,Ripped Denim,1,3393.5,0.38,07-02-2025,Ahmedabad,B2B,925.07,2103.97,0.38
1655,Anthony Kent,Jeans,Boyfriend Jeans,5,1385.9,0.71,01-06-2025,Mumbai,B2C,1839.94,2009.555,0.71
1690,Mary Tran,Jackets,Puffer Coat,5,1941.4,0.54,04-03-2025,Delhi,B2C,206.95,4465.22,0.54
1717,Marie Nelson,T-Shirts,Crop Top,4,1279.2,0.27,15-11-2024,Delhi,B2C,453.7,3735.264,0.27
1719,Lisa Vang,Jeans,Boyfriend Jeans,3,4407.8,0.64,15-03-2025,Delhi,B2B,1150.06,4760.424,0.64
1720,Dylan Armstrong,Jackets,Leather Jacket,3,3667.5,0.57,31-07-2023,Ahmedabad,B2B,459.43,4731.075,0.57
1728,Paige Lee,Shoes,Loafers,1,733.2,0.27,25-01-2025,Ahmedabad,B2B,273.12,535.236,0.27
1741,Jennifer Dominguez,T-Shirts,Graphic Tee,1,1762.6,0.98,13-01-2024,Ahmedabad,B2B,1217.93,35.252,0.98
1816,Danielle Love,T-Shirts,Graphic Tee,1,1130.8,0.84,28-07-2023,Hyderabad,B2B,-804.96,180.928,0.84
1840,Eric Carter,Accessories,Watches,1,1462.1,0.3,23-07-2024,Ahmedabad,B2B,59.79,1023.47,0.3
1859,Priscilla Williams,Accessories,Sunglasses,4,1442.9,0.85,10-04-2025,hyderbad,B2B,1183.93,865.74,0.85
1866,Dylan Roth,T-Shirts,Graphic Tee,4,4471.2,0.6,23-04-2025,Pune,B2C,1335.92,7153.92,0.6
1880,Nicholas Evans,Accessories,Watches,1,773,0.9,10-10-2024,Pune,B2B,843.81,77.3,0.9
1914,Rodney Lee,Jeans,Boyfriend Jeans,6,3661.5,0.11,10-07-2025,Pune,B2B,-527.32,19552.41,0.11
1950,Justin Forbes,Dresses,Maxi Dress,1,2270.6,0,01-05-2024,Ahmedabad,B2C,2324.34,2270.6,0
1955,Sean Smith,Shoes,Sneakers,1,2787.5,0.92,11-01-2025,Mumbai,B2B,2909.73,223,0.92
2027,Vanessa Hale,Shoes,Slip-ons,5,2735,0.17,04-01-2025,Mumbai,B2C,-657.03,11350.25,0.17
2034,Amanda Jones,Accessories,Sunglasses,6,3080.1,0.26,23-06-2025,Hyderabad,B2C,-678.89,13675.644,0.26
2100,Amy Parker,Shoes,Slip-ons,1,1528.9,0.67,26-01-2025,Delhi,B2B,2294.33,504.537,0.67
2105,Brandon Mccormick,Shoes,Slip-ons,1,3643.6,0.19,07-04-2025,Mumbai,B2C,375.4,2951.316,0.19
2118,Jacob Morris,Dresses,Wrap Dress,3,3952.5,0.82,20-04-2025,bengaluru,B2C,836.99,2134.35,0.82
2143,Emily Chambers,Dresses,Wrap Dress,3,662.5,0.96,23-01-2025,bengaluru,B2B,2079.07,79.5,0.96
2144,Jacob Curry,Jackets,Bomber Jacket,1,906.8,0.92,04-01-2025,Ahmedabad,B2B,2348.39,72.544,0.92
2220,Robert Cline,Accessories,Belts,1,2170.7,0.58,02-06-2025,bengaluru,B2B,1689.68,911.694,0.58
2223,Mr. Alexander Costa Jr.,Jeans,Straight Cut,1,3445.9,0.81,28-12-2024,Mumbai,B2B,2374.18,654.721,0.81
2233,Debra Wilcox,Dresses,Casual Midi,1,4604.8,0.14,16-07-2025,Hyderabad,B2B,-627.17,3960.128,0.14
2272,Martin Lynch,Jackets,Leather Jacket,4,2540.1,0.69,26-05-2025,Mumbai,B2C,733.06,3149.724,0.69
2279,Mark Henderson,Accessories,Belts,6,3294.2,0.89,07-10-2024,Pune,B2C,1874.46,2174.172,0.89
2335,Heather Walsh,Accessories,Caps,1,3508.2,0.62,21-10-2024,Bangalore,B2B,-309.15,1333.116,0.62
2338,Gregory Kennedy,Dresses,Wrap Dress,5,1378.8,0.19,11-02-2025,Mumbai,B2B,2284.97,5584.14,0.19
2363,Kara Waller,Jeans,Boyfriend Jeans,1,3640.3,0.86,02-12-2024,Hyd,B2C,879.32,509.642,0.86
2384,Eric Hoffman,Jackets,Denim Jacket,3,1625.6,0.1,16-07-2025,Pune,B2B,2368.55,4389.12,0.1
2505,Jeff Dorsey,Shoes,Sneakers,1,1258.8,0.71,01-01-2025,Hyderabad,B2B,549.6,365.052,0.71
2522,Russell King,Dresses,Wrap Dress,4,2847,0.57,02-09-2023,Pune,B2B,1592.04,4896.84,0.57
2577,Brian Young,Jeans,Straight Cut,1,609.1,0.17,01-11-2024,Ahmedabad,B2C,110.23,505.553,0.17
2605,Diana Buchanan,Dresses,Casual Midi,1,1636.3,0.94,10-01-2025,Hyd,B2B,615.81,98.178,0.94
2640,Richard Lopez,Jackets,Leather Jacket,6,4720.2,0.69,29-12-2023,Ahmedabad,B2B,2243.09,8779.572,0.69
2649,Melissa Flowers,Accessories,Sunglasses,3,3838.6,0.91,31-07-2024,Pune,B2C,2380.44,1036.422,0.91
2790,Angela Miller,Jeans,Boyfriend Jeans,3,2675.3,0.41,09-11-2024,Delhi,B2B,1960.51,4735.281,0.41
2805,Tanner Nguyen,Shoes,Slip-ons,1,4930.1,0.92,24-05-2025,Bangalore,B2B,623.05,394.408,0.92
2820,Stephanie Johnson,Accessories,Caps,1,2454.7,0.1,03-01-2024,Mumbai,B2B,2850.37,2209.23,0.1
2876,Wesley Jackson,Jeans,Straight Cut,6,3824.8,0.82,02-08-2024,bengaluru,B2C,688.53,4130.784,0.82
2926,Zachary Robinson,Dresses,Wrap Dress,4,3263.1,0.16,15-11-2024,Mumbai,B2B,2428.73,10964.016,0.16
2930,David Quinn,Dresses,Wrap Dress,1,2642.7,0.09,21-02-2025,Ahmedabad,B2B,996.68,2404.857,0.09
2944,John Blankenship,Dresses,Casual Midi,1,1313.4,0.2,06-03-2025,Hyderabad,B2C,-384.05,1050.72,0.2
2974,Amy Miller,Accessories,Watches,6,1765.8,0.36,21-05-2025,Ahmedabad,B2B,2947,6780.672,0.36
2989,Paige Mosley,Shoes,Boots,1,4085,0.83,29-01-2024,Mumbai,B2B,2395.43,694.45,0.83
3061,Melissa Mcdonald,T-Shirts,Crop Top,1,1873.4,0.74,20-12-2024,Hyderabad,B2B,1596.53,487.084,0.74
3065,Kyle Salinas,T-Shirts,Crop Top,1,873.6,0.17,20-03-2025,Pune,B2B,1107.85,725.088,0.17
3113,Veronica Goodwin,Shoes,Loafers,4,3256.9,0.77,13-09-2024,bengaluru,B2B,-109.08,2996.348,0.77
3133,Catherine Spencer,Jackets,Denim Jacket,1,974.5,0.44,05-10-2024,Hyd,B2B,2655.22,545.72,0.44
3138,Justin Rice,Accessories,Caps,1,855.8,0.31,04-07-2025,Delhi,B2C,1801,590.502,0.31
3150,Lori Martin,T-Shirts,Graphic Tee,1,850.7,0.41,10-09-2024,bengaluru,B2B,2291.93,501.913,0.41
1026,Brandi Walker,T-Shirts,Crop Top,1,3186.1,0.74,18-10-2024,Ahmedabad,B2C,2939.87,828.386,0.74
3253,Anita Ramirez,Jackets,Bomber Jacket,5,4430,0.35,11-03-2025,Hyderabad,B2B,-746.94,14397.5,0.35
3267,Cathy Zamora,Dresses,Maxi Dress,1,3965.8,0.48,22-10-2024,bengaluru,B2B,1222.85,2062.216,0.48
3271,Matthew Ortega,Accessories,Watches,1,2672.3,0.29,05-01-2025,Ahmedabad,B2C,722.57,1897.333,0.29
3279,Christine Burns,Accessories,Watches,1,4644,0.82,18-09-2024,bengaluru,B2C,2569.86,835.92,0.82
3294,Gregory Mitchell,T-Shirts,Oversized T-shirt,4,1316.9,0.11,15-09-2024,Delhi,B2C,2743.65,4688.164,0.11
3298,Christopher Gordon,Accessories,Belts,1,2124.1,0.85,03-08-2024,Hyd,B2B,1126.81,318.615,0.85
3299,Kristen Alexander,Jackets,Leather Jacket,1,4090.3,0.99,01-06-2025,Mumbai,B2B,1676.64,40.903,0.99
1018,Thomas Cole,Dresses,Maxi Dress,1,2847.9,0.7,09-03-2024,Delhi,B2C,2190.67,854.37,0.7
3340,Christopher Stone,Shoes,Sneakers,6,3924.3,0.15,28-08-2024,Bangalore,B2B,-831.93,20013.93,0.15
3384,Justin Melton,Dresses,Wrap Dress,1,2282.8,0.58,04-11-2024,bengaluru,B2B,1133.68,958.776,0.58
3424,Ryan Barker,Accessories,Watches,5,4754.2,0.82,17-05-2025,hyderbad,B2B,2415.19,4278.78,0.82
3434,Sean Hensley,Shoes,Loafers,1,636.9,0.51,08-03-2025,Pune,B2B,2399.61,312.081,0.51
1006,Lisa Thornton,Accessories,Belts,3,3891.1,0.2,18-07-2025,Ahmedabad,B2C,-861.28,9338.64,0.2
3446,Christopher Phillips,T-Shirts,Crop Top,3,4758.2,0.49,17-03-2025,Mumbai,B2B,2863.66,7280.046,0.49
3487,Kathryn Swanson,T-Shirts,Crop Top,5,1683.7,0.58,13-01-2025,Bangalore,B2C,419.44,3535.77,0.58
1000,Brian Thompson,Jeans,Slim Fit Jeans,2,842,0.6,27-02-2025,Delhi,B2C,2137.45,673.6,0.6
1019,Mark Allison,Dresses,Casual Midi,2,4064.4,0.7,22-10-2024,Ahmedabad,B2C,877.21,2438.64,0.7
1031,Lauren Jensen,Dresses,Wrap Dress,2,1872,0.15,27-05-2025,Pune,B2C,-863.9,3182.4,0.15
1039,Ashley Ramirez,Shoes,Boots,2,1372.2,0.56,20-05-2025,Hyd,B2C,1626.51,1207.536,0.56
1043,Deborah Walker,T-Shirts,Graphic Tee,2,4575.9,0.56,05-04-2025,Ahmedabad,B2B,442.14,4026.792,0.56
1052,Zachary Ramos,Jeans,Ripped Denim,2,3252.5,0.56,08-12-2023,Bangalore,B2B,-11.15,2862.2,0.56
1061,Kelsey Reyes,Accessories,Belts,2,2291.2,0.33,05-11-2024,Mumbai,B2B,2536.3,3070.208,0.33
1086,Douglas Nelson,Accessories,Sunglasses,2,948.3,0.46,16-03-2025,Bangalore,B2C,-865.22,1024.164,0.46
1087,Thomas Ramirez,Jeans,Ripped Denim,2,1976.8,0.81,08-07-2025,Mumbai,B2C,2790.95,751.184,0.81
1089,Dennis Ross,Shoes,Slip-ons,2,1412.2,0.88,22-02-2025,Mumbai,B2B,-355.26,338.928,0.88
1129,Miranda Thomas,Jeans,Boyfriend Jeans,2,2412.4,0.23,27-06-2025,Mumbai,B2C,-668.36,3715.096,0.23
1136,Danielle Johnson,Jeans,Straight Cut,2,3658.4,0.47,27-01-2024,Mumbai,B2B,1897.33,3877.904,0.47
1145,Jorge Anderson,T-Shirts,Graphic Tee,2,3607.9,0.94,06-11-2024,hyderbad,B2B,-171.58,432.948,0.94
1163,Scott Hampton,Accessories,Sunglasses,2,1033.6,0.68,09-01-2025,bengaluru,B2C,-441.46,661.504,0.68
1196,Michael Hawkins,Jeans,Slim Fit Jeans,2,3959.1,0.37,14-05-2025,Hyd,B2B,1539.5,4988.466,0.37
1207,Jerome Richardson,Jeans,Straight Cut,2,563.1,0.33,21-05-2024,Ahmedabad,B2B,945.7,754.554,0.33
1048,Dr. Adam Schultz,Accessories,Caps,2,2298.3,0.59,27-03-2025,Pune,B2B,2994.93,1884.606,0.59
1234,Timothy Goodman,Jeans,Straight Cut,2,1069.9,0.05,24-06-2025,Pune,B2B,110.58,2032.81,0.05
1251,Hailey Sullivan,Dresses,Casual Midi,2,4841.4,0.6,04-02-2025,Pune,B2B,578.37,3873.12,0.6
1277,Michael Coleman,Accessories,Sunglasses,2,4720.5,0.57,05-09-2024,Delhi,B2C,1255.66,4059.63,0.57
1313,Sean Pope,Accessories,Watches,2,4763.4,0.96,24-12-2023,Pune,B2C,-581.35,381.072,0.96
1356,Veronica Cordova,Jackets,Denim Jacket,2,2418.6,0.88,11-04-2025,Ahmedabad,B2C,428.96,580.464,0.88
1357,Jacob Brooks,Jackets,Puffer Coat,2,1128.6,0.39,21-01-2025,Hyd,B2B,684.88,1376.892,0.39
1366,Karen Nunez,Dresses,Bodycon,2,1927.1,0.44,13-08-2024,bengaluru,B2C,928.57,2158.352,0.44
1438,Teresa Nichols,Dresses,Wrap Dress,2,2664,0.84,17-09-2023,Pune,B2B,1014.29,852.48,0.84
1445,Dr. Dennis Pena,Jackets,Bomber Jacket,2,1370.4,0.54,19-06-2025,Mumbai,B2C,2846.13,1260.768,0.54
1446,Kelsey Wright,Shoes,Loafers,2,2827.7,0.86,15-08-2024,Delhi,B2B,-602.57,791.756,0.86
1449,Michelle Phillips,Jeans,Straight Cut,2,2855.5,0.55,19-02-2025,Ahmedabad,B2C,2598.74,2569.95,0.55
1459,Anna King,Accessories,Sunglasses,2,2495,0.98,17-01-2024,Pune,B2B,2959.95,99.8,0.98
1465,William Peck,Accessories,Belts,2,2215.4,0.96,20-02-2025,Hyd,B2B,-85.73,177.232,0.96
1030,William Ortiz,Shoes,Sneakers,2,3389.4,0.09,02-12-2024,Delhi,B2B,1663.45,6168.708,0.09
1468,Jeremy Nash,T-Shirts,Graphic Tee,2,3332.8,0.27,15-08-2023,Ahmedabad,B2B,733.66,4865.888,0.27
1469,Craig Conner MD,Dresses,Wrap Dress,2,2665.7,0.49,25-01-2025,Bangalore,B2B,1644.72,2719.014,0.49
1471,Tammy Johnson,Accessories,Belts,2,4882,0.23,21-08-2023,Hyderabad,B2C,-605.67,7518.28,0.23
1494,Elizabeth Nelson,Jeans,Straight Cut,2,4338.1,0.24,18-03-2025,Mumbai,B2B,386.01,6593.912,0.24
1503,Linda Allen,T-Shirts,Oversized T-shirt,2,4621.8,0.32,18-05-2025,Delhi,B2C,1350.48,6285.648,0.32
1565,Angel Gonzalez,Accessories,Caps,2,1867.2,0.19,04-05-2025,Pune,B2B,784.96,3024.864,0.19
1585,Tina Keith,Shoes,Sneakers,2,2738.7,0.89,11-11-2024,Delhi,B2B,-709.13,602.514,0.89
1619,Anne Johnson,Jeans,Straight Cut,2,1471,0.7,14-12-2024,Bangalore,B2B,-668.13,882.6,0.7
1630,Taylor Duran,Jeans,Ripped Denim,2,2393.1,1,09-09-2023,bengaluru,B2B,715.08,4307.58,0.1
1632,Wesley Brown,Jackets,Bomber Jacket,2,2618.7,0.11,25-11-2024,Pune,B2C,130.89,4661.286,0.11
1641,Heather Mitchell,Accessories,Caps,2,1279,0.54,22-06-2025,Ahmedabad,B2C,34.99,1176.68,0.54
1645,Brian Floyd,T-Shirts,Classic Tee,2,2660.4,0.22,08-10-2023,bengaluru,B2B,-825.82,4150.224,0.22
1653,Benjamin Johnson,Jackets,Denim Jacket,2,2563.6,0.88,14-06-2025,Mumbai,B2B,516.95,615.264,0.88
1677,Amy Stewart,Jackets,Bomber Jacket,2,4639.9,0.69,10-10-2023,Hyderabad,B2B,1323.79,2876.738,0.69
1684,Mark Silva,Dresses,Maxi Dress,2,3538,0.26,05-08-2024,bengaluru,B2B,1385.75,5236.24,0.26
1692,Robert Willis,T-Shirts,Oversized T-shirt,2,2509.4,0.67,02-10-2024,Ahmedabad,B2C,39.25,1656.204,0.67
1700,Ronald Arias,T-Shirts,Oversized T-shirt,2,3332.1,0.47,28-10-2024,Mumbai,B2B,1969.67,3532.026,0.47
1724,Robin Hughes,Jeans,Ripped Denim,2,2047.6,0.92,21-09-2024,Bangalore,B2B,123.78,327.616,0.92
1736,Alexandria Smith,Jackets,Puffer Coat,2,1144.5,0.09,07-08-2024,bengaluru,B2B,1236.62,2082.99,0.09
1750,Andrea Hull DDS,Dresses,Maxi Dress,2,2653.9,0.56,15-07-2025,Bangalore,B2B,2394.02,2335.432,0.56
1758,Michael Walls,Shoes,Sneakers,2,1307.6,0.18,06-03-2025,Mumbai,B2B,-122.33,2144.464,0.18
1762,Richard Santiago,Jackets,Puffer Coat,2,1364.9,0.17,08-11-2024,Delhi,B2B,1591.99,2265.734,0.17
1789,Douglas Lane,Jackets,Bomber Jacket,2,1433.9,0.11,24-04-2025,Hyderabad,B2C,315.07,2552.342,0.11
1791,Felicia Fox,Dresses,Casual Midi,2,2123.7,0.69,29-12-2024,Bangalore,B2C,2894.66,1316.694,0.69
1809,Renee Moss,Dresses,Wrap Dress,2,3799.4,0.76,06-11-2024,Bangalore,B2B,-599.61,1823.712,0.76
1822,Jerry Bell,Jackets,Bomber Jacket,2,938.9,0.05,06-07-2024,Hyderabad,B2C,-824.79,1783.91,0.05
1828,Hannah Marquez,Dresses,Maxi Dress,2,4427.9,0.25,22-08-2024,Mumbai,B2B,-476.77,6641.85,0.25
1852,Andrea Fowler,T-Shirts,Graphic Tee,2,1985.6,0.13,26-04-2024,Ahmedabad,B2C,1754.79,3454.944,0.13
1863,Angela Roberts,Shoes,Sneakers,2,3521.2,0.79,07-05-2024,Ahmedabad,B2B,612.84,1478.904,0.79
1867,Jonathan Lambert,Dresses,Bodycon,2,1892.5,0.09,14-02-2025,Ahmedabad,B2C,-702.11,3444.35,0.09
1916,Adam Sanchez,Dresses,Maxi Dress,2,2117.1,0.13,29-01-2025,Delhi,B2B,2423.24,3683.754,0.13
1942,Madison Gonzales,Jackets,Puffer Coat,2,3710.1,0.83,13-01-2025,Mumbai,B2C,2682.86,1261.434,0.83
1951,Anna Rogers,Shoes,Loafers,2,2390.4,0.35,05-10-2024,Delhi,B2B,-634.86,3107.52,0.35
1960,Janet Murray MD,Shoes,Slip-ons,2,1369.8,0.67,16-11-2024,Pune,B2B,1179.44,904.068,0.67
1979,Thomas Shepard,Dresses,Bodycon,2,4375.7,0.91,13-06-2025,Bangalore,B2B,250.46,787.626,0.91
1985,Melanie Noble,Shoes,Boots,2,1668.2,0.63,12-12-2024,Delhi,B2B,-553.53,1234.468,0.63
2009,Brian Garner,Jeans,Straight Cut,2,3385.6,0.02,16-08-2024,bengaluru,B2B,-927.71,6635.776,0.02
2012,Kayla Andersen,T-Shirts,Oversized T-shirt,2,2674.8,0.8,21-03-2025,Ahmedabad,B2C,537.3,1069.92,0.8
2020,Laura Anderson,Jeans,Straight Cut,2,3954.7,0.3,11-05-2025,Bangalore,B2B,-78.22,5536.58,0.3
2044,Jessica Stafford,Accessories,Belts,2,2912.5,0.39,09-05-2025,Mumbai,B2C,565.53,3553.25,0.39
2048,George Nelson,Shoes,Slip-ons,2,1469.1,0.11,04-10-2024,Ahmedabad,B2C,665.1,2614.998,0.11
2083,Daniel Mills,Shoes,Slip-ons,2,2105.7,0.34,22-02-2025,Delhi,B2C,-907.84,2779.524,0.34
2104,Eduardo Hardy,T-Shirts,Graphic Tee,2,2211.1,0.26,29-06-2025,hyderbad,B2B,2143.54,3272.428,0.26
2119,Mikayla Smith,Shoes,Loafers,2,537.8,0.05,16-11-2024,bengaluru,B2C,2205.16,1021.82,0.05
2149,James Spencer,Jackets,Leather Jacket,2,2865.6,0.8,16-11-2024,Ahmedabad,B2B,-660.8,1146.24,0.8
2187,Judith Graves,Accessories,Watches,2,2709.1,0.82,17-03-2025,Delhi,B2B,1386.25,975.276,0.82
2189,Ronnie Perry,Jackets,Denim Jacket,2,968.5,0.3,12-06-2025,Delhi,B2C,-39.14,1355.9,0.3
2206,Kelly Garcia,Accessories,Watches,2,2349.3,0.18,17-02-2025,Delhi,B2B,2503.67,3852.852,0.18
2282,Omar Norman,Jackets,Puffer Coat,2,491.4,0.42,16-12-2023,Delhi,B2B,1231.37,570.024,0.42
2285,Martha Smith,Shoes,Loafers,2,2287.7,0.56,09-04-2024,Hyd,B2B,-827.66,2013.176,0.56
1024,Joseph Wilson,Jeans,Straight Cut,2,1580.6,0.08,05-05-2025,Delhi,B2B,1786.82,2908.304,0.08
2332,Daniel Smith,Jackets,Leather Jacket,2,4067,0.59,29-05-2025,Mumbai,B2B,977.09,3334.94,0.59
2368,Michael Roberts,Accessories,Belts,2,2971.4,0.49,28-08-2024,Ahmedabad,B2B,153.4,3030.828,0.49
2400,Whitney Mathis,Dresses,Bodycon,2,4756.7,0.75,23-06-2025,Pune,B2C,-442.75,2378.35,0.75
2409,Melinda Cohen,Dresses,Wrap Dress,2,1430.1,0.98,28-03-2025,Pune,B2B,-530.32,57.204,0.98
1037,Christopher Williams,Accessories,Caps,2,3127.7,0.06,16-10-2024,Ahmedabad,B2B,-793.02,5880.076,0.06
2417,Candace Huff,Jackets,Bomber Jacket,2,4268.7,0.67,02-08-2024,Delhi,B2B,1818.31,2817.342,0.67
1006,Laura Smith,Jackets,Leather Jacket,2,714.5,0.72,24-07-2024,Delhi,B2B,-29.59,400.12,0.72
2440,Sean Moore,T-Shirts,Classic Tee,2,3846.3,0.51,04-09-2024,Pune,B2B,381.13,3769.374,0.51
2460,Jon Hernandez,Accessories,Watches,2,3157.3,0.07,25-09-2023,Hyd,B2B,971.15,5872.578,0.07
2488,Amy Potts,Jackets,Bomber Jacket,2,718.8,0.53,13-02-2024,Ahmedabad,B2B,528.71,675.672,0.53
2511,Hannah Jackson,Jackets,Bomber Jacket,2,2822.4,1,14-03-2025,bengaluru,B2C,2522.48,5080.32,0.1
2513,Robert Burnett,Dresses,Maxi Dress,2,3626,0.93,05-12-2024,Delhi,B2C,1552.29,507.64,0.93
2519,Anthony Contreras,Dresses,Maxi Dress,2,3873.8,0.99,14-09-2024,Delhi,B2B,2122.44,77.476,0.99
2533,Nicholas Dennis,Dresses,Maxi Dress,2,3960.8,0.03,09-01-2025,Mumbai,B2B,1266.88,7683.952,0.03
2555,Nathan Washington,Jeans,Slim Fit Jeans,2,3633.1,0.22,22-01-2024,Pune,B2B,826.86,5667.636,0.22
2575,James Thompson,Shoes,Sneakers,2,2714.8,0.42,08-05-2025,Ahmedabad,B2B,1220.49,3149.168,0.42
2582,Scott Stephenson,T-Shirts,Oversized T-shirt,2,4154.6,0.95,16-09-2024,Pune,B2B,-247.99,415.46,0.95
2606,George Moody,Jeans,Straight Cut,2,806.8,0.11,30-05-2024,Pune,B2B,634.66,1436.104,0.11
2614,Shirley Mann,Shoes,Sneakers,2,4530.3,0.67,22-12-2024,Ahmedabad,B2B,2891.77,2989.998,0.67
2631,James Soto,Accessories,Watches,2,1753,0.23,20-01-2025,Pune,B2B,-766.47,2699.62,0.23
2663,Jeff Holland,Accessories,Sunglasses,2,2212.2,0.35,06-11-2024,Mumbai,B2C,2992.12,2875.86,0.35
2770,Angela Carlson,T-Shirts,Classic Tee,2,1439.2,0.49,13-04-2025,Pune,B2C,2007.56,1467.984,0.49
2816,Isaac Watson,Jackets,Denim Jacket,2,3817.7,0.34,02-12-2024,Ahmedabad,B2B,-69.09,5039.364,0.34
2830,Stephen Wright,T-Shirts,Crop Top,2,3588.4,0.04,12-06-2025,Delhi,B2B,1952.28,6889.728,0.04
2846,Cynthia Johnson,Shoes,Slip-ons,2,2525,0.3,25-09-2024,Hyd,B2B,1003.34,3535,0.3
2853,Phillip Lutz,T-Shirts,Graphic Tee,2,1212.4,0.89,22-07-2025,Mumbai,B2C,175.39,266.728,0.89
2874,Matthew Marshall,Jeans,Boyfriend Jeans,2,3754.2,0.87,26-09-2024,Mumbai,B2B,-153.77,976.092,0.87
2910,Michael Garcia,Dresses,Bodycon,2,1027.5,0.55,21-01-2025,Ahmedabad,B2C,-580.87,924.75,0.55
2924,Donald Simmons,Jackets,Bomber Jacket,2,4151.9,0.05,30-03-2025,Pune,B2B,577.77,7888.61,0.05
2952,Jennifer Simpson,Shoes,Boots,2,470.7,0.06,19-11-2024,Ahmedabad,B2B,2812.7,884.916,0.06
2960,Angie Garza,Accessories,Belts,2,1536.5,0.96,27-05-2025,bengaluru,B2B,1052.28,122.92,0.96
2969,Jacob Taylor,Jackets,Leather Jacket,2,4858.5,0.68,18-06-2025,bengaluru,B2B,1115.89,3109.44,0.68
2992,Kelly Willis,Jeans,Straight Cut,2,4747.2,0.9,26-01-2024,Bangalore,B2B,2189.05,949.44,0.9
2995,Kathleen Rose,Shoes,Sneakers,2,2617.7,0.55,06-02-2025,Mumbai,B2B,1406.13,2355.93,0.55
3015,Lindsey Merritt,Jeans,Ripped Denim,2,3211,0.56,05-11-2024,Delhi,B2C,-659.55,2825.68,0.56
1031,Brittany Jones,Jeans,Slim Fit Jeans,2,2267.3,0.91,16-03-2025,Bangalore,B2C,1673.55,408.114,0.91
3063,Andrea Smith,T-Shirts,Graphic Tee,2,4971.9,0.51,13-04-2025,Hyderabad,B2B,1941.61,4872.462,0.51
3075,Maria Yang,Accessories,Watches,2,1501.5,0.43,20-08-2024,Hyd,B2C,-100.14,1711.71,0.43
3084,William Gibson,T-Shirts,Oversized T-shirt,2,2316.6,0.7,18-09-2024,Ahmedabad,B2B,-657.76,1389.96,0.7
3091,Rick Taylor,Accessories,Watches,2,1091.8,0.54,17-11-2024,Hyderabad,B2B,2584.69,1004.456,0.54
3093,Randy Burke,Shoes,Boots,2,1551.4,0.54,20-12-2024,Delhi,B2C,763.37,1427.288,0.54
3104,Connie Meyer,Dresses,Casual Midi,2,4274,0.28,11-12-2024,Ahmedabad,B2B,2263.57,6154.56,0.28
3118,Karen Harmon,Jackets,Puffer Coat,2,948.1,0.6,15-11-2024,Pune,B2B,69.35,758.48,0.6
3120,David Chambers,Accessories,Sunglasses,2,824.6,0.13,10-06-2025,Hyd,B2B,-276.22,1434.804,0.13
3127,Suzanne Doyle,Shoes,Boots,2,491.8,0.9,06-01-2025,Pune,B2B,2069.05,98.36,0.9
3152,Brianna Patel,T-Shirts,Graphic Tee,2,2116.6,0.21,28-09-2024,Mumbai,B2B,385.42,3344.228,0.21
3176,Shelby Johnson,Dresses,Wrap Dress,2,4473.8,0.3,11-08-2024,Pune,B2B,2874.33,6263.32,0.3
3189,Jason Watson,Shoes,Boots,2,1299.7,0.09,18-12-2024,Bangalore,B2C,1607.44,2365.454,0.09
3192,Brittany Sweeney,Jeans,Straight Cut,2,3568.4,0.37,29-07-2023,Delhi,B2C,1683.74,4496.184,0.37
1006,Jeffrey Dalton,Shoes,Loafers,2,2520.4,0.15,10-02-2025,bengaluru,B2C,2408.28,4284.68,0.15
3212,David Walker,Jackets,Puffer Coat,2,4606.8,0.28,26-08-2024,Ahmedabad,B2C,188.97,6633.792,0.28
3236,Caroline Perry,Jackets,Leather Jacket,2,3253.5,0.55,28-12-2024,Pune,B2C,713.71,2928.15,0.55
1024,William Johnson,Accessories,Watches,2,940.6,0.67,10-01-2025,Mumbai,B2C,1552.9,620.796,0.67
3264,Erin Beck,Dresses,Wrap Dress,2,944.4,0.07,23-06-2025,hyderbad,B2B,1133.74,1756.584,0.07
3278,Barbara Gutierrez,Accessories,Belts,2,3767.7,0.46,21-09-2024,Bangalore,B2C,746.84,4069.116,0.46
3282,Nicholas Cox,Jeans,Ripped Denim,2,4406,0.28,24-08-2024,Bangalore,B2B,503.27,6344.64,0.28
1012,Katie Ryan,Jackets,Denim Jacket,2,1364.7,0.71,10-03-2025,Mumbai,B2B,-909.85,791.526,0.71
3343,Anthony Patrick,T-Shirts,Graphic Tee,2,3678,0.42,25-02-2025,Mumbai,B2C,958.93,4266.48,0.42
3346,Calvin Wright,Shoes,Sneakers,2,1266.2,0.81,25-12-2024,Ahmedabad,B2B,416.5,481.156,0.81
3425,Logan Phillips,Jackets,Denim Jacket,2,2942.3,0.16,19-02-2024,Pune,B2B,977.57,4943.064,0.16
3433,Kathleen Nelson,T-Shirts,Crop Top,2,4971.6,0.87,22-01-2025,Bangalore,B2B,1202.34,1292.616,0.87
3440,Nicholas Harris,T-Shirts,Oversized T-shirt,2,1536.1,0.87,13-03-2025,Ahmedabad,B2C,-382.45,399.386,0.87
3451,Roger Blake,T-Shirts,Graphic Tee,2,2339.4,0.35,19-06-2025,Bangalore,B2B,-5.05,3041.22,0.35
3457,Michael Webb,Accessories,Caps,2,983.8,0.9,11-03-2025,Delhi,B2B,254.71,196.76,0.9
3490,Preston Carroll,Dresses,Bodycon,2,2784.8,0.86,16-11-2023,Hyd,B2B,1373.37,779.744,0.86
1053,Debra Pollard,Dresses,Maxi Dress,2,714.2,1.29,21-07-2025,Delhi,B2B,1057.24,1414.116,0.01
1058,Karen Garcia,T-Shirts,Oversized T-shirt,2,3982.5,1.08,14-08-2024,Pune,B2C,1912.49,7885.35,0.01
1069,Anna Allen,Accessories,Watches,2,2102,1.13,11-03-2024,Delhi,B2B,-992.61,4161.96,0.01
1148,Travis Lopez,Accessories,Belts,2,2471.5,1.11,23-01-2025,Mumbai,B2C,2247.9,4893.57,0.01
1225,Gregory Flores,Shoes,Loafers,1,1406.3,1.05,13-07-2025,Bangalore,B2B,1937.71,1392.237,0.01
1036,Juan White,T-Shirts,Oversized T-shirt,2,4802.4,1.18,18-04-2025,hyderbad,B2B,605.03,9508.752,0.01
1265,Brandi Lang,T-Shirts,Graphic Tee,1,721.4,1.16,24-03-2025,Hyd,B2C,1718.95,714.186,0.01
1326,Theodore Sanchez,Dresses,Casual Midi,2,4104.4,1.11,22-12-2024,Mumbai,B2B,1404.45,8126.712,0.01
1337,Michelle Russell,Jackets,Denim Jacket,6,2286.7,1.27,30-10-2024,hyderbad,B2C,716.16,13582.998,0.01
1341,William White,Shoes,Slip-ons,1,3074.1,1.24,24-04-2025,Ahmedabad,B2B,2634.42,3043.359,0.01
1005,Andrew Davis,Jeans,Straight Cut,6,2228.4,1.2,06-02-2025,Bangalore,B2C,2728.03,13236.696,0.01
1348,Justin Bowen,T-Shirts,Classic Tee,2,1219.2,1.17,08-11-2024,Hyderabad,B2B,2694.39,2414.016,0.01
1370,Brandon Williams,Dresses,Bodycon,2,2345.5,1.18,24-11-2024,Hyderabad,B2B,212.66,4644.09,0.01
1378,Melissa Hale,Jackets,Puffer Coat,5,4581.3,1.18,22-01-2025,Bangalore,B2B,-345.1,22677.435,0.01
1386,Crystal Molina,Shoes,Boots,5,4439.8,1.1,12-11-2024,Delhi,B2B,1669.09,21977.01,0.01
1391,James Collins,Shoes,Slip-ons,1,2213.8,0.01,22-03-2025,hyderbad,B2B,418.24,2191.662,0.01
1402,Daniel Hernandez Jr.,Accessories,Watches,2,603.5,1.23,16-01-2025,hyderbad,B2C,982.01,1194.93,0.01
1424,Jennifer Villarreal,T-Shirts,Classic Tee,1,538.6,1.18,04-01-2025,hyderbad,B2B,752.81,533.214,0.01
1434,Marie Sullivan,Jeans,Boyfriend Jeans,1,476.2,1.03,08-08-2024,Hyderabad,B2C,-310.8,471.438,0.01
1463,Danielle Gonzales,Dresses,Wrap Dress,1,4606.1,1.12,17-06-2025,Delhi,B2B,-877.13,4560.039,0.01
1521,Krista Nichols,Jeans,Straight Cut,2,2362,1.27,11-05-2025,hyderbad,B2B,-943.46,4676.76,0.01
1647,Katherine Moore,Shoes,Boots,2,499,1.19,29-06-2025,Mumbai,B2C,-433.87,988.02,0.01
1682,Sophia Fischer,Accessories,Sunglasses,5,4307.1,1.26,28-12-2024,Delhi,B2C,961.46,21320.145,0.01
1726,Grace Montoya,Dresses,Bodycon,5,1363.5,1.26,03-02-2025,Bangalore,B2C,2854.74,6749.325,0.01
1817,Mrs. Danielle Kerr,Shoes,Slip-ons,2,2964.9,1.28,17-08-2024,Mumbai,B2B,591.28,5870.502,0.01
1824,Charlotte Reed,Accessories,Watches,1,4146.3,1.29,24-02-2024,Hyd,B2B,2397.93,4104.837,0.01
1833,Amber Smith,Dresses,Wrap Dress,3,3051.8,1.19,29-01-2025,hyderbad,B2B,2470.55,9063.846,0.01
1847,Joshua Mendoza,Dresses,Bodycon,2,1334.7,1.29,16-05-2025,Bangalore,B2B,2897.72,2642.706,0.01
1850,Mr. Nathaniel Cox,Accessories,Belts,2,1307.3,1.27,05-08-2023,hyderbad,B2B,1757.18,2588.454,0.01
1901,Brenda Rasmussen,Accessories,Belts,4,781.9,1.2,26-04-2025,Pune,B2B,1002.98,3096.324,0.01
1945,Richard Nichols,Jeans,Ripped Denim,2,2803.6,1.05,05-12-2024,Delhi,B2B,-624.79,5551.128,0.01
1948,Craig Matthews,Jeans,Slim Fit Jeans,2,2755.6,1.06,06-03-2025,Ahmedabad,B2C,1058.83,5456.088,0.01
2021,David Perry,Shoes,Sneakers,2,4178.2,1.27,15-08-2023,Mumbai,B2B,2952.52,8272.836,0.01
2032,Anna Nguyen,Accessories,Sunglasses,2,4910.9,1.12,15-08-2023,Hyderabad,B2B,1419.21,9723.582,0.01
2050,Garrett Dudley,T-Shirts,Oversized T-shirt,1,4234.3,1.03,14-06-2024,Mumbai,B2B,2931.9,4191.957,0.01
2089,Monica Jackson,Accessories,Caps,2,1571.6,1.17,23-09-2023,Hyd,B2B,1195.34,3111.768,0.01
2095,Heather Zimmerman,T-Shirts,Classic Tee,2,3810,1.29,07-10-2024,Bangalore,B2B,1252.1,7543.8,0.01
2099,Dr. Joseph Guzman MD,T-Shirts,Crop Top,2,1806.8,1.1,16-10-2024,Ahmedabad,B2B,591.13,3577.464,0.01
2120,Angela Wheeler,Accessories,Watches,2,3321,1.05,07-05-2024,hyderbad,B2B,-196.89,6575.58,0.01
2183,Barry Ali,Jeans,Boyfriend Jeans,2,1332.4,1.09,21-05-2024,Bangalore,B2B,707.79,2638.152,0.01
2188,Shannon White,T-Shirts,Oversized T-shirt,2,3027.7,1.21,19-06-2025,Ahmedabad,B2B,1971.23,5994.846,0.01
2192,Jennifer Sullivan,Accessories,Belts,2,4219,0.01,06-02-2024,Pune,B2B,1483.9,8353.62,0.01
2230,Jessica Lee,Dresses,Wrap Dress,3,4524.6,1.09,29-05-2025,Pune,B2C,1906,13438.062,0.01
2237,Matthew Johnson,Dresses,Casual Midi,1,2496.2,1.11,12-01-2025,Pune,B2C,810.82,2471.238,0.01
2301,Kelsey Mcdonald,Dresses,Maxi Dress,2,3335.3,1.13,30-11-2024,Mumbai,B2B,1415.8,6603.894,0.01
2356,Rachel Alvarez,Accessories,Caps,2,3412.2,0.01,16-04-2025,Hyd,B2B,1862.5,6756.156,0.01
2374,Michael Bright,Shoes,Loafers,1,4867.5,1.09,28-09-2024,Mumbai,B2B,1184.65,4818.825,0.01
2380,Lacey Buchanan,Jackets,Puffer Coat,2,3820.4,1.03,30-03-2025,Mumbai,B2B,-105.92,7564.392,0.01
2390,Daniel Hamilton,Jeans,Slim Fit Jeans,2,3605.4,1.01,03-01-2025,Ahmedabad,B2B,-311.29,7138.692,0.01
2473,Amy Clark,Shoes,Sneakers,6,408.2,1.16,12-08-2024,Delhi,B2B,611.86,2424.708,0.01
2520,Michelle Greene,Jeans,Straight Cut,1,2581.2,1.04,06-05-2024,Hyd,B2B,2944.11,2555.388,0.01
2534,Crystal Hubbard,T-Shirts,Classic Tee,4,687.3,1.21,14-01-2025,Delhi,B2B,-234.42,2721.708,0.01
2537,Christopher Moore,Shoes,Sneakers,2,3449.1,1.09,08-03-2024,Bangalore,B2C,181.11,6829.218,0.01
2547,Ryan Braun,Shoes,Slip-ons,2,4896.3,1.26,08-12-2024,Delhi,B2B,2391.23,9694.674,0.01
2557,Jeffrey Cook,Accessories,Sunglasses,1,4626.4,1.1,03-05-2025,Ahmedabad,B2B,1942.23,4580.136,0.01
2595,Tony Davis,Dresses,Maxi Dress,2,2469.7,1.07,31-08-2024,Mumbai,B2B,802.05,4890.006,0.01
2607,Michael Morris,Jackets,Puffer Coat,2,2289.9,1.2,28-10-2024,bengaluru,B2B,183.34,4534.002,0.01
2659,Randall Mcdonald,T-Shirts,Classic Tee,2,1059.1,1.24,18-07-2025,Delhi,B2C,-521.41,2097.018,0.01
2677,Hailey Braun,Shoes,Slip-ons,5,1727.7,1.24,29-04-2025,Pune,B2B,-546.06,8552.115,0.01
2684,Mr. Robert Washington,Shoes,Boots,2,794.8,1.12,10-07-2024,bengaluru,B2B,-391.38,1573.704,0.01
2694,Gabriel Williams,Shoes,Slip-ons,2,1617.8,1.18,26-06-2025,Delhi,B2B,1532.93,3203.244,0.01
2696,Tyrone Brown,Jackets,Puffer Coat,2,2579.8,1.26,20-05-2025,Ahmedabad,B2B,-804.09,5108.004,0.01
1032,Walter Stanton,Jackets,Bomber Jacket,1,4146.9,1.03,14-05-2025,Delhi,B2B,930.16,4105.431,0.01
2746,Holly Mclean,Jeans,Slim Fit Jeans,2,668.5,1.02,12-11-2024,bengaluru,B2C,2100.4,1323.63,0.01
2778,Ashley Bishop,Dresses,Wrap Dress,1,578.6,1.09,14-01-2025,Ahmedabad,B2B,414.18,572.814,0.01
2807,Dylan Serrano,Jeans,Slim Fit Jeans,2,3064.3,1.04,12-08-2024,Hyderabad,B2B,2540.53,6067.314,0.01
2847,Ana Davis,Shoes,Boots,2,3424.3,1.08,12-08-2024,Pune,B2B,2560.32,6780.114,0.01
2863,Casey Watkins,Shoes,Slip-ons,6,1459.8,1.18,13-05-2024,Bangalore,B2B,2541,8671.212,0.01
2886,Kathy Patel,T-Shirts,Graphic Tee,2,3229.2,1.03,31-03-2025,Ahmedabad,B2B,175.26,6393.816,0.01
2929,William Vargas,T-Shirts,Classic Tee,2,4733.4,1.13,11-12-2024,Bangalore,B2C,2459.5,9372.132,0.01
2996,Travis Wells,Dresses,Wrap Dress,2,3750.4,1.04,08-03-2025,Ahmedabad,B2B,1108.38,7425.792,0.01
3011,Spencer Collins,Accessories,Belts,2,4016.8,1.03,03-05-2025,Delhi,B2B,729.73,7953.264,0.01
3044,Rebecca Newman,T-Shirts,Oversized T-shirt,2,431.3,1.25,03-06-2025,Mumbai,B2C,2866.66,853.974,0.01
3054,Mr. Michael Martinez,Dresses,Wrap Dress,5,1722.3,1.04,01-08-2024,Delhi,B2B,2459.28,8525.385,0.01
3071,Michael Martin,Shoes,Sneakers,2,4617.8,1.02,30-10-2023,Delhi,B2C,1778.15,9143.244,0.01
3073,Jesse Wilson,Accessories,Sunglasses,1,478.6,1.18,06-04-2025,bengaluru,B2B,1139.84,473.814,0.01
3087,Rebecca Palmer,Jeans,Slim Fit Jeans,2,692.5,1.2,07-09-2024,Bangalore,B2B,-901.21,1371.15,0.01
1028,Benjamin Frye,Jeans,Slim Fit Jeans,2,3344.7,1.1,04-02-2025,Ahmedabad,B2B,2728.08,6622.506,0.01
3174,Gerald Drake,Jackets,Puffer Coat,4,4345.8,1.14,17-02-2025,Pune,B2B,2747.47,17209.368,0.01
3211,Linda Taylor,T-Shirts,Crop Top,2,1624.3,1.29,09-02-2025,Bangalore,B2B,1863.17,3216.114,0.01
3213,Cynthia Vargas DDS,Jackets,Bomber Jacket,6,1213.2,1.11,27-10-2024,Ahmedabad,B2C,-82.79,7206.408,0.01
3224,Elizabeth Smith,Jeans,Slim Fit Jeans,6,879,0.01,22-04-2025,Mumbai,B2B,2099.52,5221.26,0.01
3269,Lindsay Harris,T-Shirts,Crop Top,2,2998.2,1.19,29-03-2024,Ahmedabad,B2B,-781.65,5936.436,0.01
3335,Hector Brewer,Jackets,Bomber Jacket,5,4289.9,1.23,19-10-2024,Pune,B2B,533.83,21235.005,0.01
3415,Tracey Fischer,T-Shirts,Oversized T-shirt,4,3185.6,1.15,10-06-2024,Delhi,B2B,-767.38,12614.976,0.01
3437,Anthony Rodriguez,T-Shirts,Crop Top,2,987.7,1.25,24-06-2025,Bangalore,B2C,2597.2,1955.646,0.01
3469,Samantha Arnold,T-Shirts,Classic Tee,2,2932.6,1.26,03-12-2024,Bangalore,B2B,333.94,5806.548,0.01
3479,David Harper,Jackets,Leather Jacket,2,2858.9,1.19,19-09-2024,Mumbai,B2B,-262.73,5660.622,0.01
1004,Maria Blake,Accessories,Belts,1,2881.1,0.27,26-07-2024,hyderbad,B2B,63.66,2103.203,0.27
1046,Charlotte Cook,Jeans,Slim Fit Jeans,1,2441.9,0.92,26-07-2024,Delhi,B2B,1004.91,195.352,0.92
1059,John Ramos,Jeans,Boyfriend Jeans,1,2927.6,0.19,26-07-2024,Delhi,B2B,2218.42,2371.356,0.19
1081,Mary Lin,Jeans,Boyfriend Jeans,6,4798.1,0.81,26-07-2024,Hyd,B2B,-361.78,5469.834,0.81
1122,Jennifer Lee,Jackets,Bomber Jacket,1,4745,0.4,26-07-2024,Mumbai,B2C,2658.02,2847,0.4
1169,Kristine Sexton,T-Shirts,Classic Tee,1,2948.3,0.9,26-07-2024,Pune,B2B,1285.15,294.83,0.9
1516,Brittany Munoz,Dresses,Casual Midi,1,1039.3,0.94,26-07-2024,Ahmedabad,B2B,-104.79,62.358,0.94
1543,Angela Young,Dresses,Bodycon,1,4440.2,0.32,26-07-2024,Ahmedabad,B2B,1884.06,3019.336,0.32
1706,Sarah Thompson,Jackets,Denim Jacket,5,4827.9,0.84,26-07-2024,Ahmedabad,B2C,2824.1,3862.32,0.84
1818,Wanda Gonzalez,Accessories,Belts,1,3449.3,0.43,26-07-2024,Delhi,B2C,601.45,1966.101,0.43
1872,Kimberly Reyes,T-Shirts,Graphic Tee,1,3381.6,0.48,26-07-2024,Delhi,B2B,953.93,1758.432,0.48
1007,Brian Wilson,Accessories,Caps,1,3402.8,0.63,26-07-2024,Pune,B2B,1333.09,1259.036,0.63
2007,Kristen Martin,Jackets,Leather Jacket,3,3413.1,0.9,26-07-2024,Hyd,B2B,-440.8,1023.93,0.9
2054,Carla Hernandez,Jeans,Boyfriend Jeans,1,1254.8,0.62,26-07-2024,hyderbad,B2B,2605.15,476.824,0.62
2112,Lisa Gomez,Jeans,Ripped Denim,1,3248.1,0.18,26-07-2024,Pune,B2B,1536.06,2663.442,0.18
2168,Brian Kim,Accessories,Caps,1,4446.1,0.47,26-07-2024,Ahmedabad,B2B,784.1,2356.433,0.47
2200,Tina Castillo,T-Shirts,Oversized T-shirt,1,1346.1,0.72,26-07-2024,Mumbai,B2B,-763.62,376.908,0.72
2386,Amy Barker,Jeans,Straight Cut,1,2253.1,0.09,26-07-2024,Ahmedabad,B2B,490.12,2050.321,0.09
2437,Kyle Jordan,T-Shirts,Crop Top,1,1906.9,0.97,26-07-2024,Ahmedabad,B2B,440.67,57.207,0.97
2475,Maureen Cohen,Jackets,Leather Jacket,5,642.5,0.17,26-07-2024,Ahmedabad,B2C,1800.37,2666.375,0.17
2527,Steven Reed,Shoes,Slip-ons,1,4057.3,1.22,26-07-2024,bengaluru,B2C,385.15,4016.727,0.01
2584,William Doyle,Accessories,Caps,3,1276.3,0.69,26-07-2024,Mumbai,B2C,2446.7,1186.959,0.69
2587,Samantha Gould,T-Shirts,Classic Tee,5,3463.4,0.1,26-07-2024,Bangalore,B2B,-957.03,15585.3,0.1
2593,Christine James,Dresses,Maxi Dress,4,736.4,0.83,26-07-2024,Mumbai,B2B,2463.68,500.752,0.83
2734,Elizabeth Ingram,Dresses,Wrap Dress,4,3261.5,0.82,26-07-2024,Hyderabad,B2B,1429.02,2348.28,0.82
3215,Kelly Contreras,Jeans,Ripped Denim,1,552.8,0.57,26-07-2024,Delhi,B2B,206.75,237.704,0.57
3230,Dana Erickson,Jackets,Puffer Coat,3,4694.3,0.09,26-07-2024,Bangalore,B2B,-215.18,12815.439,0.09
3270,Richard Gregory,T-Shirts,Oversized T-shirt,3,3190.7,0.96,26-07-2024,Ahmedabad,B2B,2195.96,382.884,0.96
3332,Mark Peters,Shoes,Loafers,5,1297,0.3,26-07-2024,Hyd,B2B,2887.23,4539.5,0.3
3390,Mr. Tyrone Kaiser,Shoes,Boots,1,1280.5,0.94,26-07-2024,bengaluru,B2B,1626.42,76.83,0.94
3391,Vickie Cooper,Jackets,Bomber Jacket,3,1730.6,0.7,26-07-2024,Delhi,B2B,719.69,1557.54,0.7
1080,Laura Thompson,T-Shirts,Crop Top,2,3872.2,1.15,26-07-2024,Mumbai,B2C,-302.97,7666.956,0.01
1121,Henry Parker,Shoes,Boots,2,4109.6,0.42,26-07-2024,Pune,B2C,1422.36,4767.136,0.42
1159,Robert Knox,Shoes,Sneakers,2,3335.2,0.09,26-07-2024,Ahmedabad,B2C,235.11,6070.064,0.09
1191,John Tucker,Accessories,Belts,2,2469.9,0.56,26-07-2024,Mumbai,B2C,2860.2,2173.512,0.56
1276,Erin Wright,Shoes,Boots,2,3243.4,0.61,26-07-2024,Mumbai,B2B,-869.12,2529.852,0.61
1290,Katherine Parsons,Jeans,Slim Fit Jeans,2,1412.1,1.2,26-07-2024,Delhi,B2B,430.92,2795.958,0.01
1373,Lisa Morton,Jackets,Leather Jacket,2,3523.4,0.19,26-07-2024,Delhi,B2B,-892.76,5707.908,0.19
1396,James Rocha,Jeans,Straight Cut,2,3663.6,0.26,26-07-2024,Ahmedabad,B2B,1553.44,5422.128,0.26
1426,Bryan Parks,Jeans,Ripped Denim,2,3175.2,0.86,26-07-2024,Hyderabad,B2B,2860.99,889.056,0.86
1452,Ricardo Kent,Accessories,Sunglasses,2,2660.3,0.34,26-07-2024,Delhi,B2C,918.54,3511.596,0.34
1461,Rebecca Leach,Dresses,Casual Midi,2,2708.4,1.06,26-07-2024,Hyd,B2C,941.87,5362.632,0.01
1538,Sabrina Barnett,Dresses,Bodycon,2,4767.6,0.01,26-07-2024,Ahmedabad,B2B,-956.8,9439.848,0.01
1549,Jenna Wong,Accessories,Sunglasses,2,2465.2,0.42,26-07-2024,bengaluru,B2B,256.3,2859.632,0.42
1551,Stanley Velez,Jackets,Leather Jacket,2,2656.8,1.05,26-07-2024,Mumbai,B2C,2293.08,5260.464,0.01
1010,Dalton Logan,Dresses,Casual Midi,2,3134.7,0.07,26-07-2024,Delhi,B2B,555.44,5830.542,0.07
1589,Scott Davis,Shoes,Loafers,2,527.1,0.45,26-07-2024,Mumbai,B2C,2617.99,579.81,0.45
1652,Richard Hayes,Dresses,Maxi Dress,2,2375.6,0.59,26-07-2024,hyderbad,B2B,2699.88,1947.992,0.59
1659,Robert Richards,Shoes,Sneakers,2,1014.9,0.31,26-07-2024,Pune,B2C,-379.55,1400.562,0.31
1673,Sierra Evans,Accessories,Watches,2,3992.2,0.67,26-07-2024,Mumbai,B2B,617.12,2634.852,0.67
1701,Susan Lambert,Dresses,Wrap Dress,2,3402.5,1.05,26-07-2024,Ahmedabad,B2B,1713.45,6736.95,0.01
1757,Aaron Ramirez,Jeans,Slim Fit Jeans,2,3405.1,0.91,26-07-2024,Bangalore,B2B,1804.47,612.918,0.91
1773,Glen Anderson,Accessories,Watches,2,444.8,0.51,26-07-2024,hyderbad,B2C,1838.59,435.904,0.51
1799,Karen Hunt,Shoes,Boots,2,1101.5,0.81,26-07-2024,Mumbai,B2B,-967.63,418.57,0.81
1808,Christopher Reeves,T-Shirts,Oversized T-shirt,2,4582.2,0.7,26-07-2024,bengaluru,B2B,-67.84,2749.32,0.7
1836,Shawn Mejia,Jeans,Straight Cut,2,2105.9,0.16,26-07-2024,Ahmedabad,B2B,1782.55,3537.912,0.16
1854,Caitlin Hawkins,Jeans,Boyfriend Jeans,2,3822.9,1.07,26-07-2024,hyderbad,B2B,40.2,7569.342,0.01
1949,Michelle Bennett,Shoes,Slip-ons,2,4000.2,0.89,26-07-2024,Mumbai,B2B,713.58,880.044,0.89
1991,Marcia Moore,Jackets,Leather Jacket,2,2808.5,0.67,26-07-2024,Mumbai,B2C,1592.37,1853.61,0.67
2055,Charles Brown,Jeans,Slim Fit Jeans,2,677.9,0.15,26-07-2024,Hyd,B2B,-503.02,1152.43,0.15
2079,Debra Gibson,Accessories,Belts,2,2778.1,1.21,26-07-2024,Ahmedabad,B2B,516.66,5500.638,0.01
2096,Amy Cook,Jeans,Ripped Denim,2,3906.2,1.19,26-07-2024,Bangalore,B2B,2500.02,7734.276,0.01
2126,George Bonilla,Accessories,Sunglasses,2,820.9,0.01,26-07-2024,Ahmedabad,B2C,597.78,1625.382,0.01
2157,Veronica Long,Shoes,Sneakers,2,2830.2,0.97,26-07-2024,Mumbai,B2B,2612.97,169.812,0.97
2170,Jade Dawson,Accessories,Belts,2,826.1,0.99,26-07-2024,Delhi,B2B,2666.62,16.522,0.99
2226,Anthony Daniels,T-Shirts,Graphic Tee,2,4484.1,0.79,26-07-2024,Hyderabad,B2B,821.13,1883.322,0.79
2264,Patricia Henderson,Jeans,Straight Cut,2,3541.1,1.3,26-07-2024,Hyd,B2B,1711.99,7011.378,0.01
2319,Victor Peterson,Dresses,Wrap Dress,2,881.4,1.22,26-07-2024,Pune,B2B,1541.77,1745.172,0.01
2402,Caitlin Callahan,T-Shirts,Crop Top,2,744.8,0.16,26-07-2024,Mumbai,B2B,2905.06,1251.264,0.16
2418,Matthew Good,Jackets,Denim Jacket,2,3436,0.36,26-07-2024,Delhi,B2B,-77.18,4398.08,0.36
2466,Kathryn Chang,Dresses,Maxi Dress,2,2335.6,0.17,26-07-2024,Ahmedabad,B2B,-36.92,3877.096,0.17
2471,Christine Decker,Jeans,Slim Fit Jeans,2,4457.8,0.66,26-07-2024,Pune,B2B,780.39,3031.304,0.66
2472,Brandon Flowers,Jeans,Ripped Denim,2,4357.9,0.33,26-07-2024,Delhi,B2B,971.5,5839.586,0.33
2532,Joshua Greer,Shoes,Sneakers,2,1863.2,0.01,26-07-2024,Mumbai,B2B,-371.04,3689.136,0.01
1026,Elizabeth Vargas,Jeans,Boyfriend Jeans,2,2293.3,0.4,26-07-2024,Mumbai,B2C,1000.06,2751.96,0.4
1033,Toni Allison,Dresses,Casual Midi,2,3864,0.9,26-07-2024,Pune,B2B,1784.65,772.8,0.9
2671,Valerie Miles,Accessories,Caps,2,2377.8,0.57,26-07-2024,Mumbai,B2B,1967.3,2044.908,0.57
2698,Theresa Barnes,Jackets,Bomber Jacket,2,1810.8,0.5,26-07-2024,Pune,B2C,1605.28,1810.8,0.5
2721,Jessica Stone,Jeans,Straight Cut,2,1109.6,0.04,26-07-2024,Hyd,B2B,885.21,2130.432,0.04
2752,Mrs. Andrea Skinner MD,Shoes,Sneakers,2,4552.8,1.01,26-07-2024,Pune,B2B,1802.91,9014.544,0.01
2767,Justin Charles,T-Shirts,Classic Tee,2,4149.4,0.13,26-07-2024,Hyderabad,B2B,1926.29,7219.956,0.13
2810,Margaret Hall,Jeans,Boyfriend Jeans,2,2038.4,1.07,26-07-2024,Mumbai,B2B,1762.96,4036.032,0.01
2829,Brent Gutierrez,Jackets,Denim Jacket,2,4817.4,1.07,26-07-2024,Pune,B2B,2048.06,9538.452,0.01
2854,Robert Miller,Jeans,Slim Fit Jeans,2,3303,0.7,26-07-2024,Mumbai,B2B,276.29,1981.8,0.7
2860,Wanda Ramos,Jeans,Straight Cut,2,4428.2,0.09,26-07-2024,Mumbai,B2B,-641.59,8059.324,0.09
2865,Tina Wilson,Jeans,Boyfriend Jeans,2,2043.3,0.33,26-07-2024,Ahmedabad,B2B,-389.95,2738.022,0.33
2887,Charles Mcgee,Jeans,Boyfriend Jeans,2,3331.7,1.25,26-07-2024,Mumbai,B2B,-267.96,6596.766,0.01
1006,Tara Rivas,Shoes,Boots,2,3593.1,0.34,26-07-2024,Hyd,B2C,1031.66,4742.892,0.34
2922,Olivia Decker,Jackets,Leather Jacket,2,2489,1.23,26-07-2024,hyderbad,B2C,2827.47,4928.22,0.01
2931,Jeffrey Wilson,Jeans,Ripped Denim,2,2629.8,1.3,26-07-2024,Delhi,B2B,2826.2,5207.004,0.01
3153,Jennifer Anderson,Dresses,Casual Midi,2,4723,0.52,26-07-2024,Ahmedabad,B2B,316.63,4534.08,0.52
1006,Kenneth Harris,Jeans,Ripped Denim,2,733,0.21,26-07-2024,hyderbad,B2B,-702.58,1158.14,0.21
3355,Diane Powers,Accessories,Belts,2,3111.2,0.03,26-07-2024,Ahmedabad,B2B,1851.74,6035.728,0.03
3475,Mitchell Lloyd,Jackets,Bomber Jacket,2,2185.8,0.13,26-07-2024,Mumbai,B2B,714.12,3803.292,0.13
3489,Donald George,Jackets,Bomber Jacket,2,599.1,0.15,26-07-2024,Delhi,B2B,1962.34,1018.47,0.15
3492,Jonathan Meadows,Jeans,Ripped Denim,2,3084.7,0.86,26-07-2024,Mumbai,B2B,2534.32,863.716,0.86
3497,Alejandro Cochran,Jackets,Bomber Jacket,2,3389.2,1.06,26-07-2024,Ahmedabad,B2C,1955.31,6710.616,0.01
1025,Christine Reed,Jeans,Straight Cut,4,4595.1,0.65,18-07-2025,Bangalore,B2B,330.82,6433.14,0.65
1030,Brandi Jones,Dresses,Maxi Dress,3,1069.8,0.65,03-09-2023,Hyd,B2C,1155.38,1123.29,0.65
1038,Courtney Riddle,T-Shirts,Crop Top,3,1692.4,0.65,20-01-2024,bengaluru,B2C,1704.49,1777.02,0.65
1090,Heather Arnold,Shoes,Slip-ons,5,2477.8,0.65,09-11-2024,Ahmedabad,B2C,-888.86,4336.15,0.65
1103,Brandon Webb,Dresses,Bodycon,5,1521.5,0.65,11-06-2025,bengaluru,B2B,1713.47,2662.625,0.65
1104,Andrew Moreno,Dresses,Maxi Dress,3,2752.7,0.65,11-06-2024,Ahmedabad,B2B,1660.01,2890.335,0.65
1123,Michael Clarke,Accessories,Caps,5,3978.8,0.65,11-04-2024,Ahmedabad,B2B,1494.78,6962.9,0.65
1142,Daniel Alvarez,Dresses,Bodycon,6,3004.6,0.65,22-02-2024,Hyderabad,B2C,-509.67,6309.66,0.65
1157,Dean Allen,Jeans,Ripped Denim,6,645,0.65,25-06-2025,Ahmedabad,B2C,2724.92,1354.5,0.65
1183,Sherry Ward,Accessories,Watches,6,2372.3,0.65,27-03-2024,Delhi,B2B,1888.87,4981.83,0.65
1198,Jacqueline Erickson,Accessories,Sunglasses,3,3595,0.65,17-04-2025,Delhi,B2C,2422.27,3774.75,0.65
1214,Alicia Hernandez,Jackets,Leather Jacket,4,1273.6,0.65,18-06-2025,Hyd,B2C,1851.89,1783.04,0.65
1239,Karina Davis,T-Shirts,Graphic Tee,4,644.6,0.65,20-10-2024,Delhi,B2B,1097.88,902.44,0.65
1241,Caroline Thomas,Jeans,Slim Fit Jeans,6,3112,0.65,22-06-2024,bengaluru,B2B,2814.82,6535.2,0.65
1255,Kim Campos,T-Shirts,Classic Tee,4,1849.7,0.65,06-12-2024,Hyd,B2C,-706.09,2589.58,0.65
1267,Sarah Andrews,Jackets,Bomber Jacket,3,3255.2,0.65,16-11-2023,Delhi,B2B,650.8,3417.96,0.65
1275,Kelly Wong,Dresses,Casual Midi,3,4132,0.65,26-02-2024,bengaluru,B2B,2732.47,4338.6,0.65
1334,Russell Douglas,Dresses,Maxi Dress,6,1454.7,0.65,06-06-2025,Delhi,B2B,652.87,3054.87,0.65
1376,Megan Smith,Accessories,Caps,4,1447.3,0.65,27-07-2024,Hyderabad,B2B,175.33,2026.22,0.65
1383,Rachel Bradford,Dresses,Maxi Dress,5,2409.1,0.65,03-07-2025,Pune,B2C,127.63,4215.925,0.65
1031,Eric Williams,T-Shirts,Classic Tee,6,3792.1,0.65,03-12-2023,Bangalore,B2C,194.31,7963.41,0.65
1498,Tiffany Calhoun,Jeans,Straight Cut,6,3771.7,0.65,01-10-2024,Mumbai,B2C,2442.42,7920.57,0.65
1515,Lauren Bailey,Accessories,Sunglasses,3,4596,0.65,01-07-2025,Delhi,B2B,-866.29,4825.8,0.65
1525,David Morales,Accessories,Watches,5,4591.3,0.65,03-01-2025,Hyderabad,B2B,-602.8,8034.775,0.65
1596,Mark Campbell,Jackets,Puffer Coat,3,738.3,0.65,23-09-2024,Ahmedabad,B2B,-871.38,775.215,0.65
1612,Stephanie Ferguson,Jackets,Puffer Coat,5,1010.2,0.65,26-02-2025,Pune,B2B,2174.98,1767.85,0.65
1621,Scott Webb,T-Shirts,Classic Tee,6,639.7,0.65,28-09-2024,Hyd,B2B,1599.1,1343.37,0.65
1004,Heather Gordon,Jeans,Ripped Denim,6,987.4,0.65,04-02-2025,Mumbai,B2B,-108.36,2073.54,0.65
1048,Michael Keller,Accessories,Watches,4,1429.9,0.65,14-11-2024,Ahmedabad,B2B,1844.84,2001.86,0.65
1691,Kathryn Hardy,Shoes,Boots,6,2878.5,0.65,18-04-2025,Mumbai,B2B,2503.51,6044.85,0.65
1699,Linda Long,Shoes,Sneakers,6,701.2,0.65,09-02-2025,Delhi,B2C,2632.17,1472.52,0.65
1709,Jerry Carroll,Jackets,Denim Jacket,5,1717.8,0.65,28-09-2024,Ahmedabad,B2B,2264.16,3006.15,0.65
1718,Christina Meyers,Jackets,Denim Jacket,5,3989,0.65,25-05-2025,hyderbad,B2C,1430.08,6980.75,0.65
1725,Jonathan Schmidt,Dresses,Maxi Dress,3,671.5,0.65,13-08-2024,Hyderabad,B2B,1938.72,705.075,0.65
1732,Mary Kline,Dresses,Wrap Dress,5,4982.7,0.65,06-11-2023,Mumbai,B2B,2239.42,8719.725,0.65
1739,Brent Rios,Jackets,Denim Jacket,3,963.2,0.65,01-01-2025,Mumbai,B2B,-114.6,1011.36,0.65
1760,Dustin Blackburn,Accessories,Watches,3,4326.6,0.65,06-01-2025,Ahmedabad,B2B,1495.82,4542.93,0.65
1029,Lisa Moss,Jackets,Bomber Jacket,3,4343.1,0.65,17-06-2025,Hyderabad,B2C,2997.11,4560.255,0.65
1765,Patrick Chen,Jeans,Straight Cut,6,1016.5,0.65,21-02-2025,Mumbai,B2C,-420.11,2134.65,0.65
1768,Sandra Jensen,Shoes,Slip-ons,5,3548.2,0.65,26-07-2023,Mumbai,B2B,2960.22,6209.35,0.65
1774,Robert Hunter DDS,Accessories,Sunglasses,3,4137.4,0.65,30-04-2025,Ahmedabad,B2C,895.53,4344.27,0.65
1778,Dr. Brandi Stone,T-Shirts,Crop Top,5,2716.6,0.65,04-10-2024,Mumbai,B2C,2059.98,4754.05,0.65
1784,Matthew Barajas,T-Shirts,Crop Top,4,2068,0.65,08-10-2024,Mumbai,B2C,-379.91,2895.2,0.65
1785,Jeffery Hoover,T-Shirts,Oversized T-shirt,3,4103,0.65,27-05-2025,Hyd,B2C,567.89,4308.15,0.65
1014,Gregory Palmer,Jeans,Slim Fit Jeans,5,2951.4,0.65,13-11-2024,Delhi,B2B,2811.87,5164.95,0.65
1793,Maria Krueger,Dresses,Maxi Dress,5,1887.8,0.65,21-08-2024,Ahmedabad,B2C,1275.03,3303.65,0.65
1807,Angela Lopez,Jeans,Boyfriend Jeans,4,2308.1,0.65,03-06-2025,bengaluru,B2C,362.88,3231.34,0.65
1820,John Bailey,T-Shirts,Graphic Tee,5,1965,0.65,25-07-2023,Pune,B2B,20.89,3438.75,0.65
1851,Ms. Brianna Jones,Jeans,Slim Fit Jeans,5,1505,0.65,11-12-2024,bengaluru,B2B,-29.76,2633.75,0.65
1853,Joseph Hall,Accessories,Watches,3,2862.5,0.65,15-09-2023,Ahmedabad,B2B,2555.84,3005.625,0.65
1855,Lisa Smith,T-Shirts,Crop Top,5,3870.8,0.65,03-02-2025,bengaluru,B2C,2313.58,6773.9,0.65
1864,Cory Chambers,Accessories,Caps,4,1570.1,0.65,20-02-2024,Delhi,B2B,1017.26,2198.14,0.65
1874,Melanie Phillips,Shoes,Slip-ons,5,2847,0.65,27-03-2024,Ahmedabad,B2B,-573.97,4982.25,0.65
1881,Patricia Brooks,Shoes,Slip-ons,3,1772.6,0.65,28-06-2025,Bangalore,B2B,993.92,1861.23,0.65
1898,Tonya Kirby,T-Shirts,Classic Tee,5,777,0.65,17-12-2024,Mumbai,B2C,2977.35,1359.75,0.65
1911,Bruce Brown,Jeans,Ripped Denim,6,2357.7,0.65,17-08-2024,Ahmedabad,B2B,1901.07,4951.17,0.65
1936,Michelle Walsh,Jeans,Ripped Denim,5,804.8,0.65,10-01-2025,Ahmedabad,B2B,1109.21,1408.4,0.65
1937,Tim Dean,Accessories,Watches,4,643.2,0.65,18-05-2025,Ahmedabad,B2C,1670.97,900.48,0.65
1998,Thomas Howard,T-Shirts,Classic Tee,5,2567.6,0.65,04-10-2023,Delhi,B2C,-702.7,4493.3,0.65
2024,Todd Edwards,Dresses,Casual Midi,4,4220.2,0.65,14-12-2023,Delhi,B2C,2488.92,5908.28,0.65
2052,Mr. John Carroll Jr.,Dresses,Maxi Dress,3,4971.7,0.65,31-05-2024,Bangalore,B2B,1386.13,5220.285,0.65
2059,Christopher Taylor,Accessories,Sunglasses,3,1193,0.65,07-03-2025,Mumbai,B2B,-876.83,1252.65,0.65
2062,John Sanchez,Dresses,Casual Midi,4,2975.6,0.65,29-07-2024,Hyderabad,B2B,-644.2,4165.84,0.65
2065,Andrea Jones,T-Shirts,Crop Top,4,3590.4,0.65,22-08-2024,bengaluru,B2B,-86.57,5026.56,0.65
2084,Frank Garcia MD,Jackets,Puffer Coat,6,4068.8,0.65,03-04-2025,Ahmedabad,B2B,719.55,8544.48,0.65
2106,Brenda Graham,Dresses,Wrap Dress,4,4312.2,0.65,22-04-2024,Delhi,B2C,552.97,6037.08,0.65
2176,Michelle Anderson,Jackets,Puffer Coat,6,4954.7,0.65,14-07-2025,Hyd,B2B,2176.54,10404.87,0.65
2190,Courtney Wright,Jeans,Boyfriend Jeans,3,3887.5,0.65,07-12-2024,Delhi,B2B,1787.25,4081.875,0.65
2219,Lisa Ford,T-Shirts,Graphic Tee,4,2404,0.65,23-10-2024,Mumbai,B2C,858.23,3365.6,0.65
2242,Andrew Trevino,Shoes,Loafers,6,4450.2,0.65,17-11-2024,Ahmedabad,B2B,-96.55,9345.42,0.65
2252,Lauren Cook,Shoes,Sneakers,6,2755.4,0.65,16-05-2025,Delhi,B2C,613.59,5786.34,0.65
1036,Carmen Cline,Shoes,Boots,6,4437.4,0.65,04-09-2024,Pune,B2C,493.76,9318.54,0.65
2273,Laura Perez,Jeans,Ripped Denim,6,3064.2,0.65,06-10-2024,Delhi,B2C,1569.81,6434.82,0.65
2290,Theresa Stone,Dresses,Casual Midi,4,1405.4,0.65,23-08-2024,Bangalore,B2C,712.37,1967.56,0.65
2316,April Ward,Jeans,Ripped Denim,4,1529.5,0.65,28-04-2024,Mumbai,B2C,1325.56,2141.3,0.65
2357,Catherine Young,Jeans,Ripped Denim,5,509.5,0.65,23-12-2024,Delhi,B2C,2233.39,891.625,0.65
2366,Aaron Molina,Shoes,Sneakers,6,429.4,0.65,29-06-2024,Mumbai,B2B,-21.4,901.74,0.65
2367,Javier Sloan,Shoes,Sneakers,3,500.4,0.65,22-12-2024,Mumbai,B2B,1732.45,525.42,0.65
2371,Charles Ray,Shoes,Loafers,3,4467.2,0.65,06-06-2025,hyderbad,B2B,2388.55,4690.56,0.65
2377,David Mitchell,T-Shirts,Classic Tee,4,4458.5,0.65,09-10-2024,Bangalore,B2B,631,6241.9,0.65
2379,Daniel Greer,Jackets,Denim Jacket,6,2188.7,0.65,21-02-2024,bengaluru,B2C,-885.72,4596.27,0.65
2392,Adrienne Anderson MD,Accessories,Sunglasses,3,4551,0.65,20-03-2025,Ahmedabad,B2B,-951.64,4778.55,0.65
2393,David Snyder,Jackets,Bomber Jacket,5,753.8,0.65,19-11-2024,Delhi,B2C,251.29,1319.15,0.65
2421,Ashley Harrison,Accessories,Caps,4,4411.4,0.65,12-08-2024,Hyderabad,B2B,-501.29,6175.96,0.65
2424,James Day,Shoes,Loafers,5,2476.2,0.65,19-12-2023,Pune,B2C,387.88,4333.35,0.65
2427,Sean Tran,T-Shirts,Classic Tee,5,1510.9,0.65,15-11-2024,bengaluru,B2B,2959.19,2644.075,0.65
2447,Ronald Cohen,Dresses,Maxi Dress,6,1773.3,0.65,11-11-2024,hyderbad,B2B,2073.35,3723.93,0.65
1050,Lindsey Craig,Accessories,Caps,4,4439.4,0.65,08-09-2024,Ahmedabad,B2C,2062.85,6215.16,0.65
2490,Cindy Zamora,T-Shirts,Oversized T-shirt,5,688.4,0.65,28-11-2024,bengaluru,B2B,-25.21,1204.7,0.65
2498,Wanda Medina,Jackets,Puffer Coat,4,2043.7,0.65,07-09-2023,Pune,B2C,-24.72,2861.18,0.65
2518,Selena Johnson,Shoes,Boots,6,773.3,0.65,28-03-2025,Pune,B2B,608.25,1623.93,0.65
2543,Kevin Allison,T-Shirts,Classic Tee,4,3501.9,0.65,22-10-2023,hyderbad,B2B,1747.96,4902.66,0.65
2549,Colin Osborne,Dresses,Wrap Dress,6,2319.2,0.65,17-01-2025,Ahmedabad,B2C,-854.91,4870.32,0.65
1013,Tamara Hopkins,Shoes,Sneakers,6,2355.3,0.65,17-01-2025,Ahmedabad,B2B,330.11,4946.13,0.65
2600,Kristie Williams,Shoes,Boots,5,4832.2,0.65,20-09-2024,Pune,B2B,1707.66,8456.35,0.65
2610,Amanda Wolf,T-Shirts,Oversized T-shirt,5,1607,0.65,23-12-2023,Ahmedabad,B2C,1743.11,2812.25,0.65
2636,Amy Riley,Dresses,Wrap Dress,3,1007,0.65,13-08-2023,Mumbai,B2B,1576.71,1057.35,0.65
2638,Sharon Reed,Jackets,Leather Jacket,6,2012.1,0.65,17-12-2024,Delhi,B2B,3.53,4225.41,0.65
2689,Kendra James MD,Accessories,Caps,4,4777.5,0.65,13-11-2024,Hyderabad,B2B,-204.04,6688.5,0.65
2708,Benjamin Hicks,Accessories,Belts,4,4882.7,0.65,30-12-2024,Mumbai,B2B,2658.6,6835.78,0.65
2718,Lawrence Turner,Jeans,Slim Fit Jeans,3,909.3,0.65,05-04-2025,Pune,B2B,1389.16,954.765,0.65
2739,Brianna Little,Shoes,Boots,4,4316.8,0.65,08-12-2023,Ahmedabad,B2B,2259.3,6043.52,0.65
2748,Laura Hernandez,Accessories,Watches,4,3977.9,0.65,13-01-2025,Ahmedabad,B2C,2431.13,5569.06,0.65
2757,Stephanie Jensen,Accessories,Caps,3,4924,0.65,17-05-2025,Pune,B2B,794.65,5170.2,0.65
2803,Benjamin Boyd,T-Shirts,Crop Top,5,4418.8,0.65,13-08-2023,bengaluru,B2B,693.65,7732.9,0.65
2804,Julie Jones,Accessories,Sunglasses,6,4784,0.65,16-03-2025,Mumbai,B2B,2969.42,10046.4,0.65
2836,Timothy Brown,Dresses,Bodycon,4,4610,0.65,05-06-2024,bengaluru,B2B,-154.75,6454,0.65
2864,Felicia Saunders,Jackets,Leather Jacket,5,2535.3,0.65,27-07-2024,Bangalore,B2B,-456.39,4436.775,0.65
2868,Mallory Lee DVM,Accessories,Sunglasses,4,1392.2,0.65,15-11-2024,bengaluru,B2B,758.3,1949.08,0.65
2873,Jennifer Leblanc,Shoes,Loafers,5,1354.1,0.65,24-03-2025,Ahmedabad,B2B,2535.62,2369.675,0.65
2882,Laura Robertson,Accessories,Caps,3,583.5,0.65,13-02-2025,Mumbai,B2B,2334.42,612.675,0.65
2902,Andrew Brown,Jeans,Boyfriend Jeans,5,3153.4,0.65,28-09-2024,bengaluru,B2B,-594.19,5518.45,0.65
2904,David Walker,T-Shirts,Crop Top,5,1202.7,0.65,03-11-2024,Hyd,B2C,658.6,2104.725,0.65
2948,Daniel Haney,Jeans,Slim Fit Jeans,5,2494.2,0.65,07-02-2025,Delhi,B2B,-901.7,4364.85,0.65
2971,Danielle Archer,Dresses,Bodycon,6,1507.6,0.65,11-02-2025,Delhi,B2C,2280.06,3165.96,0.65
2984,Alexander Gonzalez,Shoes,Loafers,4,2062.9,0.65,02-08-2024,Mumbai,B2C,2471.06,2888.06,0.65
3004,Laurie Martinez,T-Shirts,Crop Top,3,1759.7,0.65,04-04-2025,Mumbai,B2B,1133.07,1847.685,0.65
3022,Jennifer Hancock,Accessories,Belts,3,1695.6,0.65,08-08-2024,Delhi,B2C,297.83,1780.38,0.65
3125,Stephanie Cook,Dresses,Casual Midi,5,4264.8,0.65,03-10-2024,Ahmedabad,B2C,2388.91,7463.4,0.65
3157,Matthew Bryant,Accessories,Caps,6,1768.9,0.65,19-01-2024,Pune,B2B,-750.14,3714.69,0.65
3160,Denise Ashley,Jeans,Ripped Denim,6,4976.8,0.65,17-05-2025,Ahmedabad,B2C,845.06,10451.28,0.65
3172,Robert Rogers,Shoes,Sneakers,3,4433.4,0.65,28-11-2024,Pune,B2B,329.75,4655.07,0.65
3175,Brittany Brown,Jeans,Straight Cut,3,2937.1,0.65,27-03-2024,Pune,B2C,2471.63,3083.955,0.65
3180,Elizabeth Deleon,Shoes,Boots,5,1981.3,0.65,15-08-2024,Bangalore,B2B,1113.19,3467.275,0.65
3187,Karen Clayton,Dresses,Maxi Dress,6,3999,0.65,30-01-2024,Mumbai,B2C,716.49,8397.9,0.65
3208,Melissa Davila,Accessories,Watches,4,4280.7,0.65,19-09-2024,Pune,B2B,68.36,5992.98,0.65
3255,George Gonzales,Accessories,Watches,6,3904.9,0.65,04-12-2024,Mumbai,B2C,1504.25,8200.29,0.65
3263,Tammy Hatfield,Shoes,Sneakers,6,3121.5,0.65,21-01-2025,Bangalore,B2B,1156.27,6555.15,0.65
3272,Christopher Davis,Shoes,Boots,3,4236.4,0.65,27-08-2024,Mumbai,B2C,-849.83,4448.22,0.65
3301,Holly Lopez,T-Shirts,Graphic Tee,5,2590.4,0.65,10-08-2024,Hyderabad,B2B,-613.96,4533.2,0.65
3321,Hector Morris,Jackets,Bomber Jacket,5,1804.6,0.65,24-11-2023,hyderbad,B2B,2534.37,3158.05,0.65
3330,Adrian Cross,Shoes,Loafers,6,2218,0.65,18-06-2025,hyderbad,B2B,146.52,4657.8,0.65
3366,Mary Smith,Jackets,Leather Jacket,5,636.5,0.65,01-04-2025,Mumbai,B2B,-513.44,1113.875,0.65
3399,Mary Johnson,Jeans,Ripped Denim,5,3111.7,0.65,11-07-2024,bengaluru,B2C,800.89,5445.475,0.65
3445,Richard Gutierrez,Accessories,Caps,4,973.5,0.65,10-08-2024,hyderbad,B2B,2406.66,1362.9,0.65
3447,Charles Kelly,Jackets,Puffer Coat,4,4762.6,0.65,02-07-2025,Hyderabad,B2B,1483.83,6667.64,0.65
3449,Carrie Mclaughlin,Dresses,Casual Midi,4,803.8,0.65,16-07-2025,Pune,B2C,2948.6,1125.32,0.65
3454,Amanda Rich,Accessories,Watches,6,1987.6,0.65,31-08-2024,hyderbad,B2B,1184.77,4173.96,0.65
3493,Keith Manning,Dresses,Casual Midi,5,2935.6,0.65,21-01-2025,Delhi,B2B,-410.86,5137.3,0.65
3498,Angela Adkins,Jeans,Straight Cut,5,3844.2,0.65,24-07-2024,Hyd,B2B,2967,6727.35,0.65
1002,Sarah Snyder,Jackets,Puffer Coat,1,637.8,0.65,02-01-2025,Mumbai,B2B,-158.03,223.23,0.65
1006,John Mclean,Jeans,Boyfriend Jeans,1,2060.8,0.65,02-04-2024,Ahmedabad,B2B,198.36,721.28,0.65
1050,Matthew Schmidt,Jeans,Slim Fit Jeans,1,1083.2,0.65,08-07-2025,Pune,B2C,2904.29,379.12,0.65
1098,Diana Jones,Accessories,Caps,1,4752,0.65,08-09-2024,Ahmedabad,B2C,129.37,1663.2,0.65
1036,Nathaniel Thomas,Jeans,Straight Cut,1,4601.4,0.65,16-12-2024,Mumbai,B2C,2145.66,1610.49,0.65
1153,Julia Evans,Accessories,Belts,1,478.6,0.65,15-12-2024,Delhi,B2B,-681.2,167.51,0.65
1184,Craig Farrell,Jeans,Ripped Denim,1,2697.1,0.65,21-06-2025,Delhi,B2B,1518.99,943.985,0.65
1212,Bradley Quinn,Shoes,Slip-ons,1,4098.1,0.65,17-10-2024,Hyd,B2B,-656.35,1434.335,0.65
1270,Vanessa Kelley,T-Shirts,Graphic Tee,1,4446.8,0.65,29-06-2025,Hyd,B2B,-293.05,1556.38,0.65
1299,John Levine,Jackets,Denim Jacket,1,1026.6,0.65,26-10-2024,hyderbad,B2C,1178.37,359.31,0.65
1329,Eric Medina,T-Shirts,Graphic Tee,1,2587.8,0.65,25-12-2023,Hyderabad,B2C,1667.02,905.73,0.65
1362,Krista Wright,T-Shirts,Classic Tee,1,4953,0.65,07-12-2024,Ahmedabad,B2C,-499.33,1733.55,0.65
1442,Emma Ramirez,Shoes,Slip-ons,1,3001.3,0.65,06-07-2024,Delhi,B2C,1218.28,1050.455,0.65
1496,Laura Myers,Jackets,Denim Jacket,1,4874.8,0.65,29-12-2024,Ahmedabad,B2B,2438.13,1706.18,0.65
1519,Jennifer Alvarado,Accessories,Belts,1,3762.9,0.65,17-10-2024,Mumbai,B2B,2567.73,1317.015,0.65
1613,Anna Valdez,Accessories,Watches,1,1575.3,0.65,08-01-2025,Delhi,B2C,-641.72,551.355,0.65
1679,Justin Rose,T-Shirts,Classic Tee,1,4198.5,0.65,21-07-2024,Pune,B2B,2518.86,1469.475,0.65
1712,Ricardo Moran,Accessories,Belts,1,2386.6,0.65,14-08-2024,Pune,B2B,1879.59,835.31,0.65
1730,Jessica Carr,Dresses,Wrap Dress,1,3933.6,0.65,09-01-2025,bengaluru,B2C,2728.66,1376.76,0.65
1766,David Wilson,Jackets,Denim Jacket,1,3589.2,0.65,30-06-2025,Mumbai,B2B,1880.22,1256.22,0.65
1771,Ruth Bennett,Shoes,Slip-ons,1,730.5,0.65,07-01-2025,hyderbad,B2C,-162.02,255.675,0.65
1790,April Delgado,Jackets,Bomber Jacket,1,3268.4,0.65,16-05-2025,Delhi,B2C,259.67,1143.94,0.65
1036,Mark Robertson,Accessories,Sunglasses,1,1535,0.65,01-08-2024,bengaluru,B2B,2042.17,537.25,0.65
1846,Ashley Malone,Accessories,Sunglasses,1,694.7,0.65,26-01-2025,Ahmedabad,B2B,2991.27,243.145,0.65
1856,Paul Garrison,Dresses,Wrap Dress,1,2737.2,0.65,08-05-2025,Mumbai,B2B,2855.35,958.02,0.65
1879,Sarah King,Accessories,Belts,1,444.1,0.65,12-09-2024,Ahmedabad,B2C,2762.27,155.435,0.65
1904,Dr. Meredith Murphy,Jeans,Ripped Denim,1,1339.2,0.65,13-07-2025,bengaluru,B2C,554.93,468.72,0.65
1909,Christopher Burgess,Accessories,Sunglasses,1,3114.1,0.65,22-05-2025,Pune,B2B,2743.54,1089.935,0.65
1910,Bryce Hooper,T-Shirts,Oversized T-shirt,1,2155.2,0.65,22-02-2025,Ahmedabad,B2B,425.89,754.32,0.65
1971,Stephanie Wolfe,Accessories,Sunglasses,1,4746.5,0.65,03-12-2024,Mumbai,B2B,1981.22,1661.275,0.65
1980,Mary Hill,Accessories,Caps,1,1426.7,0.65,08-10-2023,Pune,B2C,2451.99,499.345,0.65
1990,Danny Ayers,Jeans,Boyfriend Jeans,1,1203.4,0.65,27-04-2025,Delhi,B2C,1184.36,421.19,0.65
2000,Christopher Ortiz,Jackets,Leather Jacket,1,1966.2,0.65,16-08-2024,bengaluru,B2B,2035.1,688.17,0.65
2010,Casey Mathews,T-Shirts,Graphic Tee,1,3630.2,0.65,17-10-2024,Ahmedabad,B2B,-194.42,1270.57,0.65
2011,Heidi Ward,Shoes,Slip-ons,1,3989.7,0.65,31-03-2025,Mumbai,B2C,999.35,1396.395,0.65
2030,Larry Kent,Dresses,Wrap Dress,1,1354.7,0.65,11-12-2024,Hyderabad,B2C,-710.56,474.145,0.65
2035,Ronald Black,Dresses,Maxi Dress,1,2516.6,0.65,22-04-2025,Ahmedabad,B2C,2860.05,880.81,0.65
2037,Robert Fletcher,Shoes,Boots,1,1120.5,0.65,11-07-2025,Hyd,B2B,-523.32,392.175,0.65
2108,Cassandra Wright,Jeans,Straight Cut,1,2538.3,0.65,18-05-2025,Mumbai,B2B,-820.5,888.405,0.65
2153,Heather Mitchell,Jackets,Leather Jacket,1,3131.6,0.65,18-11-2024,Ahmedabad,B2C,517.22,1096.06,0.65
2174,Stephanie Williams,Accessories,Belts,1,810.6,0.65,23-12-2024,Bangalore,B2C,-69.8,283.71,0.65
2214,Regina Rodriguez,Dresses,Casual Midi,1,4854,0.65,12-10-2024,Ahmedabad,B2B,864.66,1698.9,0.65
2238,Marcus Harris,T-Shirts,Classic Tee,1,4808.4,0.65,28-03-2025,Ahmedabad,B2B,-282.61,1682.94,0.65
2259,Johnny Doyle,Shoes,Sneakers,1,2854.4,0.65,04-08-2024,Bangalore,B2C,542.9,999.04,0.65
2270,Thomas Murillo,Dresses,Maxi Dress,1,2710.6,0.65,06-05-2025,Delhi,B2B,2414.47,948.71,0.65
1003,Audrey Pittman,Jeans,Straight Cut,1,4426.8,0.65,03-05-2025,Hyderabad,B2C,2095.45,1549.38,0.65
2337,Anita Rose,Jeans,Boyfriend Jeans,1,1295.4,0.65,16-02-2025,Ahmedabad,B2C,1552.41,453.39,0.65
2339,Robert Nelson,Jeans,Ripped Denim,1,1289.2,0.65,30-10-2024,Mumbai,B2B,555.48,451.22,0.65
2345,Susan Gonzalez,Jeans,Slim Fit Jeans,1,1095,0.65,19-12-2024,Ahmedabad,B2C,1317.75,383.25,0.65
2350,Victoria Greene,Shoes,Slip-ons,1,3148.5,0.65,23-09-2023,bengaluru,B2B,-165.49,1101.975,0.65
2362,Cody Benson,Dresses,Casual Midi,1,2551,0.65,07-01-2025,Delhi,B2B,2161.78,892.85,0.65
2425,Jeffery Blankenship,Dresses,Wrap Dress,1,2632.4,0.65,26-10-2024,Pune,B2B,2036.93,921.34,0.65
2429,Melissa Clark,Shoes,Loafers,1,4193.1,0.65,26-09-2024,Hyd,B2C,436.03,1467.585,0.65
2433,Jared Hill,T-Shirts,Crop Top,1,2489.2,0.65,27-08-2024,Ahmedabad,B2C,-22.68,871.22,0.65
2443,Erin Cook,T-Shirts,Graphic Tee,1,4981.9,0.65,27-09-2024,Pune,B2B,1410.16,1743.665,0.65
2461,David Alvarez,Jackets,Puffer Coat,1,4225.6,0.65,28-01-2025,Hyd,B2B,-793.29,1478.96,0.65
1050,Andrea Cortez,Jeans,Boyfriend Jeans,1,2103.5,0.65,05-01-2025,Hyd,B2C,2871.06,736.225,0.65
2497,Darren Bailey,Accessories,Watches,1,3607.5,0.65,13-01-2025,Ahmedabad,B2B,-341.21,1262.625,0.65
2516,Ashley Martin,Jeans,Ripped Denim,1,1927.9,0.65,17-06-2025,Delhi,B2B,-876.36,674.765,0.65
2546,Traci Jennings,T-Shirts,Classic Tee,1,3574.5,0.65,09-08-2024,Mumbai,B2C,-305.77,1251.075,0.65
2550,Anthony Love,Jackets,Leather Jacket,1,1463.6,0.65,30-04-2025,hyderbad,B2C,1667.2,512.26,0.65
2566,Raymond Mcdonald,T-Shirts,Crop Top,1,4482.1,0.65,04-08-2024,Bangalore,B2B,464.92,1568.735,0.65
2589,Kathy Smith,Shoes,Slip-ons,1,3256.3,0.65,07-02-2025,Delhi,B2B,2266.79,1139.705,0.65
2604,Angela Wiggins,Shoes,Boots,1,2171.2,0.65,29-05-2025,bengaluru,B2B,2595.22,759.92,0.65
2642,Andrew Sharp,Jackets,Bomber Jacket,1,1043.6,0.65,08-07-2025,hyderbad,B2B,1206.72,365.26,0.65
2662,Joshua Warren,T-Shirts,Crop Top,1,2718.5,0.65,03-07-2025,Pune,B2C,903.59,951.475,0.65
2681,Jennifer Vargas,Jackets,Denim Jacket,1,4770.9,0.65,24-10-2023,Pune,B2B,433.04,1669.815,0.65
2701,Crystal Campbell,Accessories,Watches,1,2085.9,0.65,12-01-2025,bengaluru,B2C,1301.37,730.065,0.65
2713,Nicholas Mitchell,Shoes,Sneakers,1,1559.7,0.65,19-02-2025,Pune,B2C,2605.55,545.895,0.65
2719,Nicholas Miller,Dresses,Casual Midi,1,1602.5,0.65,25-03-2025,bengaluru,B2B,-886.11,560.875,0.65
2731,David Hawkins,Jackets,Puffer Coat,1,1635.1,0.65,16-07-2025,Mumbai,B2B,-526.88,572.285,0.65
2745,Robert Gray,Jeans,Slim Fit Jeans,1,869.8,0.65,24-07-2024,Bangalore,B2C,737.77,304.43,0.65
2747,Rebekah Wolf,T-Shirts,Graphic Tee,1,1369.3,0.65,19-05-2025,Mumbai,B2C,325.08,479.255,0.65
1002,Jeff Bowman,Jeans,Boyfriend Jeans,1,4351.1,0.65,14-08-2024,Pune,B2C,-190.68,1522.885,0.65
2788,Gerald Snow,Accessories,Sunglasses,1,3267.3,0.65,26-03-2025,Bangalore,B2B,81.99,1143.555,0.65
2797,Kaylee Wilkins,Accessories,Belts,1,1257.8,0.65,19-05-2025,Ahmedabad,B2C,2957.6,440.23,0.65
2842,Cindy Simmons,Accessories,Sunglasses,1,1812.6,0.65,25-09-2024,Delhi,B2B,445.27,634.41,0.65
2858,Julie Anthony,Jeans,Boyfriend Jeans,1,3270.3,0.65,07-02-2025,Pune,B2C,-539.25,1144.605,0.65
2890,Karen Houston,Dresses,Wrap Dress,1,2357.4,0.65,01-05-2024,Pune,B2B,468.3,825.09,0.65
2897,Lisa James,Jackets,Denim Jacket,1,1194.4,0.65,16-06-2025,Delhi,B2B,1048.51,418.04,0.65
2982,Bailey Keller,T-Shirts,Oversized T-shirt,1,2497.5,0.65,23-11-2023,Ahmedabad,B2B,-523.43,874.125,0.65
2990,Johnny Good,Jeans,Slim Fit Jeans,1,3205.7,0.65,21-09-2024,Mumbai,B2B,1600.5,1121.995,0.65
2998,Christine Wilson,Jackets,Puffer Coat,1,3453.6,0.65,29-10-2024,Mumbai,B2B,2018.4,1208.76,0.65
3001,Amanda Mclaughlin,Jackets,Denim Jacket,1,1171.6,0.65,05-11-2024,Pune,B2B,2541.21,410.06,0.65
3018,David Wheeler,Jeans,Slim Fit Jeans,1,4744.9,0.65,27-11-2024,Hyderabad,B2B,2963.16,1660.715,0.65
3019,Alicia Jones,Jeans,Slim Fit Jeans,1,2705.1,0.65,05-10-2024,hyderbad,B2C,-546.72,946.785,0.65
3052,Nathaniel Martin Jr.,Accessories,Belts,1,1290.4,0.65,21-04-2024,Ahmedabad,B2B,-196.63,451.64,0.65
3142,Dale Davis,Dresses,Bodycon,1,4887.4,0.65,29-10-2024,Hyderabad,B2B,-243.32,1710.59,0.65
1047,Wendy Sandoval,T-Shirts,Oversized T-shirt,1,3154.5,0.65,28-07-2024,Ahmedabad,B2C,-243.92,1104.075,0.65
3168,Christine Young,Jeans,Ripped Denim,1,1845.8,0.65,06-06-2025,bengaluru,B2B,268.45,646.03,0.65
3179,Christopher Martin,Jackets,Puffer Coat,1,2057.9,0.65,23-10-2024,Ahmedabad,B2C,932.33,720.265,0.65
3204,Juan Morris,Accessories,Sunglasses,1,781.1,0.65,28-07-2024,Mumbai,B2C,2822.85,273.385,0.65
3239,Mariah Kidd,Jeans,Straight Cut,1,4585.7,0.65,18-05-2025,Ahmedabad,B2B,1277.56,1604.995,0.65
3265,Sandra Patrick,Jackets,Leather Jacket,1,1882.9,0.65,27-06-2025,Bangalore,B2B,520.85,659.015,0.65
3285,Jessica Villa DDS,T-Shirts,Graphic Tee,1,4347.4,0.65,21-02-2025,Delhi,B2B,1440.27,1521.59,0.65
3311,Amanda Dixon,Dresses,Maxi Dress,1,3108.7,0.65,06-04-2024,Delhi,B2B,2986.53,1088.045,0.65
3328,Scott Hernandez,Jeans,Boyfriend Jeans,1,4390.3,0.65,17-03-2025,Bangalore,B2B,2785.75,1536.605,0.65
3400,Timothy Grant,Jackets,Puffer Coat,1,1249.6,0.65,22-06-2025,Pune,B2C,-646.04,437.36,0.65
1003,Jay Briggs,Shoes,Loafers,2,2962.3,0.65,18-06-2025,bengaluru,B2B,2296.5,2073.61,0.65
1045,Connie Mills,Accessories,Sunglasses,2,3477.2,0.65,10-02-2025,Hyd,B2B,1323.75,2434.04,0.65
1060,Dylan Roberson,Jeans,Ripped Denim,2,2813.5,0.65,14-07-2025,Pune,B2B,94.96,1969.45,0.65
1067,Julie Howard,Dresses,Casual Midi,2,3945.2,0.65,30-06-2025,bengaluru,B2B,305.55,2761.64,0.65
1078,Debbie Raymond,Jackets,Leather Jacket,2,4059.6,0.65,13-02-2025,Pune,B2C,-819.94,2841.72,0.65
1088,David Faulkner,Accessories,Caps,2,3891.1,0.65,08-05-2025,Pune,B2C,1374.27,2723.77,0.65
1100,Daniel Brown,Shoes,Boots,2,2011.7,0.65,30-12-2024,Hyd,B2C,2493.5,1408.19,0.65
1161,Laura Gallegos,T-Shirts,Classic Tee,2,1801.9,0.65,01-03-2024,Mumbai,B2B,502.86,1261.33,0.65
1172,Diane Davis,Jackets,Puffer Coat,2,2719.3,0.65,02-05-2025,Hyd,B2C,655.1,1903.51,0.65
1193,Christine Lopez,Dresses,Casual Midi,2,3031.1,0.65,08-08-2024,Pune,B2B,-682.74,2121.77,0.65
1199,Jade Chavez,Shoes,Boots,2,2317.1,0.65,02-02-2025,Bangalore,B2B,2637.77,1621.97,0.65
1201,Crystal Hayes MD,Jackets,Bomber Jacket,2,3507.8,0.65,10-01-2025,Pune,B2B,1023.04,2455.46,0.65
1204,David Parker,Shoes,Slip-ons,2,4213.4,0.65,12-11-2024,Pune,B2B,1867.53,2949.38,0.65
1222,Karen Pennington,T-Shirts,Classic Tee,2,683.8,0.65,30-10-2024,Pune,B2C,1489.45,478.66,0.65
1232,Sierra Miller,Shoes,Sneakers,2,2526.8,0.65,14-09-2023,Mumbai,B2C,1494.67,1768.76,0.65
1240,Melanie Ramirez,Dresses,Casual Midi,2,4634.1,0.65,29-07-2023,Bangalore,B2B,2625.44,3243.87,0.65
1256,Janet Cooley,Jackets,Bomber Jacket,2,1801.4,0.65,18-11-2024,bengaluru,B2C,2071.1,1260.98,0.65
1272,Angela Taylor,Accessories,Belts,2,1429.9,0.65,12-12-2023,Hyd,B2B,484.51,1000.93,0.65
1003,Christopher Ferguson,Jackets,Puffer Coat,2,548.2,0.65,07-11-2024,Mumbai,B2B,259.03,383.74,0.65
1284,Carlos Walsh,Jackets,Puffer Coat,2,1500.2,0.65,18-05-2024,Hyd,B2B,-348.48,1050.14,0.65
1286,Andrew Harmon,T-Shirts,Graphic Tee,2,2972.4,0.65,25-12-2024,Mumbai,B2C,2562.54,2080.68,0.65
1296,Lori Orozco,Jeans,Slim Fit Jeans,2,2795.8,0.65,26-03-2025,bengaluru,B2B,1438.47,1957.06,0.65
1047,Timothy Potter,Dresses,Maxi Dress,2,3218.4,0.65,02-06-2025,Mumbai,B2B,-442.98,2252.88,0.65
1308,Michael Joseph,Dresses,Bodycon,2,4203.6,0.65,08-04-2025,Mumbai,B2B,464.65,2942.52,0.65
1315,Mark Gonzales,Jeans,Boyfriend Jeans,2,515,0.65,30-06-2024,bengaluru,B2B,-279.01,360.5,0.65
1316,Theresa Wiggins,T-Shirts,Crop Top,2,1346,0.65,22-04-2025,Pune,B2B,-177.6,942.2,0.65
1325,Teresa Gilbert,Jeans,Ripped Denim,2,1315.9,0.65,06-07-2025,Bangalore,B2B,1435.03,921.13,0.65
1327,Sarah Sosa,Shoes,Slip-ons,2,2964.4,0.65,06-08-2023,Mumbai,B2B,2021.54,2075.08,0.65
1339,Emily Christensen,Dresses,Maxi Dress,2,4507.5,0.65,01-07-2025,bengaluru,B2B,2552.65,3155.25,0.65
1343,Catherine Barnett,Jeans,Ripped Denim,2,4012.5,0.65,21-07-2025,Mumbai,B2C,730.98,2808.75,0.65
1034,Matthew Robbins,T-Shirts,Graphic Tee,2,3991.4,0.65,05-02-2025,Pune,B2B,-555.4,2793.98,0.65
1394,Jody Larsen,Jackets,Bomber Jacket,2,1218.6,0.65,29-05-2025,Hyd,B2C,2538.59,853.02,0.65
1416,Joshua Johnson,Accessories,Watches,2,3527.2,0.65,23-11-2023,Hyd,B2B,2286.48,2469.04,0.65
1425,Stacey Irwin,Accessories,Caps,2,1133.7,0.65,30-12-2024,Pune,B2B,2604.14,793.59,0.65
1448,Brandon Andrews,Jeans,Slim Fit Jeans,2,1658,0.65,09-12-2023,Pune,B2B,1948.49,1160.6,0.65
1451,Rebecca Murphy,Shoes,Slip-ons,2,620.6,0.65,24-05-2025,hyderbad,B2B,1553.39,434.42,0.65
1454,Justin Clements,Accessories,Sunglasses,2,4523.6,0.65,22-07-2024,Pune,B2B,2424.44,3166.52,0.65
1014,Keith Schroeder,Dresses,Wrap Dress,2,3172.1,0.65,07-09-2023,Mumbai,B2C,673.33,2220.47,0.65
1475,Nancy James,T-Shirts,Oversized T-shirt,2,3692.2,0.65,11-11-2024,Mumbai,B2C,433.87,2584.54,0.65
1477,Rachel Allen,Dresses,Bodycon,2,2277.2,0.65,02-04-2025,Hyd,B2B,1295.82,1594.04,0.65
1480,Troy Love,Jackets,Denim Jacket,2,755.4,0.65,08-05-2024,Pune,B2B,2956.26,528.78,0.65
1483,Kenneth Barry,T-Shirts,Oversized T-shirt,2,2347.2,0.65,12-10-2024,Bangalore,B2B,2870.3,1643.04,0.65
1484,Judith Johnson,Jackets,Bomber Jacket,2,818.7,0.65,29-12-2023,Mumbai,B2B,2357.74,573.09,0.65
1488,Jennifer Morales DVM,Accessories,Caps,2,4925.9,0.65,27-04-2025,bengaluru,B2C,2121.2,3448.13,0.65
1495,James Mcguire,Accessories,Watches,2,2261.5,0.65,05-11-2024,bengaluru,B2C,2044.15,1583.05,0.65
1497,Joseph Anderson,Accessories,Belts,2,1461.5,0.65,22-08-2024,Pune,B2C,1561.06,1023.05,0.65
1504,James Matthews,Shoes,Loafers,2,2558.4,0.65,08-11-2024,bengaluru,B2B,-360.49,1790.88,0.65
1048,Angela Newman,Accessories,Watches,2,1316.6,0.65,13-08-2023,Bangalore,B2C,1390.52,921.62,0.65
1514,Kenneth Mcdaniel,T-Shirts,Oversized T-shirt,2,2343.7,0.65,02-06-2025,Mumbai,B2B,-760.9,1640.59,0.65
1526,Rachel Rios,Shoes,Sneakers,2,1884.2,0.65,11-10-2024,Bangalore,B2B,1177.57,1318.94,0.65
1527,Mary Campos,Jeans,Slim Fit Jeans,2,3431.3,0.65,15-08-2023,Bangalore,B2C,1931.28,2401.91,0.65
1533,Mark Reed,Dresses,Bodycon,2,3965.9,0.65,11-12-2024,Mumbai,B2B,-759.07,2776.13,0.65
1535,Austin Barrett,Accessories,Caps,2,720.4,0.65,22-12-2023,Bangalore,B2B,1359.17,504.28,0.65
1541,Michael Hodge,Accessories,Caps,2,2989.4,0.65,29-03-2025,Mumbai,B2C,-530.72,2092.58,0.65
1554,Christian Williamson,Shoes,Loafers,2,2345.7,0.65,22-04-2025,Pune,B2B,2041.71,1641.99,0.65
1556,Courtney Page,Jeans,Boyfriend Jeans,2,453.9,0.65,02-12-2024,Bangalore,B2B,2308.01,317.73,0.65
1557,Timothy Garcia,Jackets,Puffer Coat,2,4402.4,0.65,12-01-2025,Hyderabad,B2C,-594.21,3081.68,0.65
1573,Jeff Weaver,Jeans,Ripped Denim,2,3972.8,0.65,01-12-2024,hyderbad,B2B,-902.58,2780.96,0.65
1602,Scott Lewis,Dresses,Wrap Dress,2,4256.4,0.65,27-05-2025,bengaluru,B2B,2472.73,2979.48,0.65
1616,Louis Owens,Shoes,Loafers,2,4443.8,0.65,13-10-2023,bengaluru,B2C,1611.45,3110.66,0.65
1617,Shelby Alvarez,Jeans,Boyfriend Jeans,2,1144.5,0.65,10-03-2024,Pune,B2C,-863.76,801.15,0.65
1033,Kimberly Gomez,T-Shirts,Classic Tee,2,3369.6,0.65,07-01-2025,Pune,B2C,1927.24,2358.72,0.65
1639,Jimmy Evans,Jeans,Boyfriend Jeans,2,4183.2,0.65,02-07-2025,Bangalore,B2B,532.81,2928.24,0.65
1667,Taylor Pugh,Shoes,Sneakers,2,4021,0.65,02-11-2024,Mumbai,B2B,2323.66,2814.7,0.65
1668,Miranda Holland,Jeans,Boyfriend Jeans,2,2534.1,0.65,22-10-2024,hyderbad,B2B,941.2,1773.87,0.65
1698,Megan Mays,Shoes,Loafers,2,2111.9,0.65,29-07-2024,hyderbad,B2C,-621,1478.33,0.65
1705,Cynthia Conway,Shoes,Sneakers,2,4170.8,0.65,12-05-2025,bengaluru,B2B,826.76,2919.56,0.65
1711,Zachary Phillips,Accessories,Watches,2,2685.9,0.65,20-10-2024,Pune,B2B,2804.29,1880.13,0.65
1715,Austin Reilly,Accessories,Watches,2,3863.5,0.65,19-05-2025,Mumbai,B2C,-830.55,2704.45,0.65
1716,Michael Crawford,Dresses,Casual Midi,2,980.2,0.65,23-07-2024,Mumbai,B2B,275.05,686.14,0.65
1767,Cynthia Mullen,Dresses,Maxi Dress,2,2151.9,0.65,12-07-2025,Mumbai,B2B,2383.83,1506.33,0.65
1798,Kendra Herman,Shoes,Boots,2,2490.2,0.65,21-07-2025,Mumbai,B2B,905.43,1743.14,0.65
1831,Anthony Hale,Shoes,Loafers,2,895.3,0.65,16-08-2024,bengaluru,B2B,2150.1,626.71,0.65
1858,Eric Cooper,Jeans,Ripped Denim,2,3647.6,0.65,07-03-2025,Mumbai,B2B,1789.65,2553.32,0.65
1865,Ann Melton,Jackets,Leather Jacket,2,2496.8,0.65,19-04-2024,hyderbad,B2B,28.7,1747.76,0.65
1889,Denise Mcconnell,Dresses,Maxi Dress,2,3948.8,0.65,15-06-2024,Pune,B2B,1935.77,2764.16,0.65
1894,Maurice Reynolds,Jackets,Leather Jacket,2,2793.9,0.65,22-08-2023,Hyd,B2B,-512.73,1955.73,0.65
1920,Brandon Lawrence,Jackets,Denim Jacket,2,4141.2,0.65,17-09-2024,Mumbai,B2B,1455.81,2898.84,0.65
1923,Ruth King,Jackets,Puffer Coat,2,3865.6,0.65,30-05-2025,bengaluru,B2B,-56.4,2705.92,0.65
1926,Connie Wilson,Shoes,Slip-ons,2,2533.4,0.65,04-08-2024,Bangalore,B2C,-490.96,1773.38,0.65
1932,Lisa Perez,T-Shirts,Crop Top,2,436.3,0.65,10-10-2023,Pune,B2B,1632.83,305.41,0.65
1934,Sean Warren DDS,Jeans,Straight Cut,2,3369,0.65,17-09-2024,Hyderabad,B2B,-144.96,2358.3,0.65
1940,Martin Miller,Dresses,Bodycon,2,3428,0.65,03-11-2024,Mumbai,B2B,-881.03,2399.6,0.65
1957,Paula Robinson,Accessories,Watches,2,494.8,0.65,26-11-2023,Hyd,B2B,-35.32,346.36,0.65
1958,Jonathan Melton,T-Shirts,Crop Top,2,3068.4,0.65,29-07-2024,bengaluru,B2B,2376.68,2147.88,0.65
1961,Megan Scott,Jackets,Denim Jacket,2,2204.4,0.65,23-03-2024,Pune,B2B,-546.19,1543.08,0.65
1963,Isaac Montgomery,Shoes,Boots,2,1935.3,0.65,21-08-2024,Mumbai,B2B,-114.47,1354.71,0.65
1969,Angelica Hansen,Jeans,Slim Fit Jeans,2,2153.6,0.65,16-11-2024,Mumbai,B2C,1200.02,1507.52,0.65
1983,Janet Evans,Jackets,Bomber Jacket,2,2348.3,0.65,09-04-2025,Bangalore,B2B,358.59,1643.81,0.65
2016,Susan Davis,Shoes,Boots,2,1435.8,0.65,09-05-2025,hyderbad,B2B,317.58,1005.06,0.65
2022,Gabriel Brooks,Shoes,Loafers,2,3094.8,0.65,09-06-2025,Pune,B2B,2340.79,2166.36,0.65
2051,Eric Armstrong,Accessories,Sunglasses,2,1234.3,0.65,28-02-2025,Pune,B2B,-911.71,864.01,0.65
2060,Samuel Jordan,T-Shirts,Oversized T-shirt,2,3725.6,0.65,16-10-2024,Pune,B2B,2544.55,2607.92,0.65
2061,Desiree Jacobs,Shoes,Boots,2,2077.8,0.65,06-03-2025,Pune,B2B,2769.01,1454.46,0.65
2064,Tracy Santana,Accessories,Sunglasses,2,702.9,0.65,31-10-2024,Pune,B2C,577.7,492.03,0.65
2067,Michael Smith,Dresses,Wrap Dress,2,2975.3,0.65,02-04-2025,hyderbad,B2B,1035.45,2082.71,0.65
2069,Bruce Chavez,T-Shirts,Graphic Tee,2,3266,0.65,27-07-2024,Mumbai,B2C,1188.89,2286.2,0.65
2076,Taylor Martin,Shoes,Sneakers,2,1151.1,0.65,21-05-2025,bengaluru,B2B,854.02,805.77,0.65
2078,Charles Warner,T-Shirts,Classic Tee,2,1760.8,0.65,31-05-2025,Pune,B2B,-542.71,1232.56,0.65
2087,Kimberly Morgan,Dresses,Wrap Dress,2,2610.8,0.65,28-07-2024,Bangalore,B2C,-904.51,1827.56,0.65
2093,Stephen Lynn,T-Shirts,Classic Tee,2,3164,0.65,20-01-2025,Mumbai,B2B,1267.01,2214.8,0.65
2098,Willie Barron,Jackets,Bomber Jacket,2,431.2,0.65,20-02-2025,Pune,B2B,-183.75,301.84,0.65
2102,Luis Turner,Dresses,Maxi Dress,2,2581.3,0.65,21-11-2024,Hyd,B2B,2300.14,1806.91,0.65
2121,Kristen Gutierrez,Jeans,Boyfriend Jeans,2,1209.8,0.65,12-03-2024,Bangalore,B2B,959.68,846.86,0.65
2124,Stephanie Mccormick,T-Shirts,Graphic Tee,2,3881.2,0.65,24-12-2023,Mumbai,B2B,339.88,2716.84,0.65
2140,Annette Campbell,Shoes,Loafers,2,2191.6,0.65,06-12-2024,Mumbai,B2B,2424.24,1534.12,0.65
2145,Sandra Fernandez,T-Shirts,Oversized T-shirt,2,3981.4,0.65,15-11-2024,Pune,B2C,1764.19,2786.98,0.65
2151,Kayla Mclaughlin,Dresses,Maxi Dress,2,927.6,0.65,08-08-2024,Pune,B2B,-742.69,649.32,0.65
2160,Angela Warren,Shoes,Boots,2,2119.7,0.65,02-11-2024,Pune,B2C,-203.89,1483.79,0.65
2161,Jeremy Phillips,Accessories,Watches,2,4376.4,0.65,07-04-2025,Mumbai,B2C,1713.03,3063.48,0.65
2184,Kenneth Bryant,Shoes,Sneakers,2,1001.6,0.65,08-07-2025,Hyderabad,B2C,2285.61,701.12,0.65
2191,Martin Alvarez,Jackets,Leather Jacket,2,2267.7,0.65,02-01-2025,Mumbai,B2C,-459.62,1587.39,0.65
2193,Amanda Hester,Jackets,Leather Jacket,2,2712.1,0.65,22-08-2024,hyderbad,B2C,2585.79,1898.47,0.65
2196,Brandon Rojas,Dresses,Casual Midi,2,3655.4,0.65,01-05-2024,hyderbad,B2C,-844.23,2558.78,0.65
2203,Shawn Santiago,Dresses,Maxi Dress,2,1611,0.65,05-07-2025,Pune,B2C,2610.41,1127.7,0.65
2217,Kelly Juarez,Jeans,Ripped Denim,2,1540.5,0.65,13-12-2024,Mumbai,B2B,1385.44,1078.35,0.65
2221,Joshua Johnson,T-Shirts,Crop Top,2,1762.2,0.65,25-09-2024,bengaluru,B2C,-736.69,1233.54,0.65
2239,Devin Gallagher,Accessories,Watches,2,3427.7,0.65,01-12-2024,Mumbai,B2C,1441.3,2399.39,0.65
2240,Diana Campbell,T-Shirts,Oversized T-shirt,2,4205.3,0.65,27-09-2024,Hyd,B2B,2223.03,2943.71,0.65
2247,John Case Jr.,Dresses,Wrap Dress,2,2209.5,0.65,22-04-2025,Hyd,B2C,1944.57,1546.65,0.65
2255,Julian Nielsen,Accessories,Belts,2,4478.1,0.65,05-05-2025,Pune,B2B,2090.38,3134.67,0.65
1039,Susan Morris,T-Shirts,Crop Top,2,633.2,0.65,04-09-2024,Mumbai,B2C,232.2,443.24,0.65
2262,Leslie Clark,Dresses,Maxi Dress,2,2957.5,0.65,09-09-2024,hyderbad,B2B,2744.25,2070.25,0.65
2268,Valerie King,Shoes,Loafers,2,4300,0.65,22-11-2024,bengaluru,B2B,-589.26,3010,0.65
2292,Mary Miller,Dresses,Bodycon,2,3974.6,0.65,10-03-2025,Hyderabad,B2B,-0.12,2782.22,0.65
2295,Amy Mcpherson,Shoes,Sneakers,2,3189.4,0.65,04-10-2024,Bangalore,B2B,-683.11,2232.58,0.65
1034,Jeremy Booth,Jackets,Leather Jacket,2,3062.8,0.65,30-07-2024,hyderbad,B2B,1135.53,2143.96,0.65
2312,Stephanie Ford,Jeans,Straight Cut,2,2688.1,0.65,17-08-2024,Pune,B2B,1913.21,1881.67,0.65
2313,Shawn Martinez,Dresses,Casual Midi,2,2440.4,0.65,08-03-2025,bengaluru,B2B,-899.53,1708.28,0.65
2331,Raymond Floyd,Dresses,Casual Midi,2,2967.5,0.65,04-05-2025,Pune,B2B,1890.42,2077.25,0.65
2346,Christopher Hawkins,Jeans,Boyfriend Jeans,2,4923,0.65,16-11-2024,Bangalore,B2B,-712.37,3446.1,0.65
2347,David Moreno,Dresses,Casual Midi,2,1208,0.65,07-03-2025,bengaluru,B2C,2195.11,845.6,0.65
2364,Veronica Jones,Accessories,Caps,2,857.7,0.65,09-06-2025,Mumbai,B2B,1462.91,600.39,0.65
2382,Jeanette Gordon,Jackets,Bomber Jacket,2,3440.3,0.65,09-05-2025,Bangalore,B2B,921.38,2408.21,0.65
2387,Danielle Davis,Accessories,Caps,2,3246,0.65,26-04-2025,Hyd,B2B,-611.03,2272.2,0.65
2394,Jennifer Palmer,Jackets,Puffer Coat,2,3384.5,0.65,01-07-2025,bengaluru,B2B,2776.41,2369.15,0.65
2397,Austin Quinn,Jackets,Bomber Jacket,2,1823.5,0.65,16-02-2025,Hyd,B2B,378.92,1276.45,0.65
1002,Jim Strong,Jeans,Straight Cut,2,2943,0.65,22-06-2025,bengaluru,B2B,-519.87,2060.1,0.65
2401,Kayla Peters,Accessories,Belts,2,2159.7,0.65,09-01-2025,Pune,B2B,1873.8,1511.79,0.65
2419,Rebekah Parker,Shoes,Slip-ons,2,1832.2,0.65,17-09-2024,Mumbai,B2C,2843.62,1282.54,0.65
2445,Matthew Whitaker,Accessories,Caps,2,2282,0.65,01-01-2025,Mumbai,B2C,555.12,1597.4,0.65
2462,John Perry,Accessories,Belts,2,2123.2,0.65,25-06-2025,Mumbai,B2B,2645.36,1486.24,0.65
2465,Melanie Howe,Jeans,Straight Cut,2,494,0.65,27-01-2025,Hyderabad,B2B,-365.9,345.8,0.65
2469,Travis Boyd,Jackets,Bomber Jacket,2,4132.1,0.65,29-04-2025,Mumbai,B2B,828.43,2892.47,0.65
2478,Rachael Terrell,Dresses,Bodycon,2,1904.6,0.65,22-09-2024,Mumbai,B2B,2090.91,1333.22,0.65
2499,Heather Taylor,Dresses,Casual Midi,2,4638.8,0.65,20-01-2025,Hyderabad,B2B,379.89,3247.16,0.65
2508,Sean Rogers,T-Shirts,Oversized T-shirt,2,4245.4,0.65,23-03-2025,Bangalore,B2B,-556.03,2971.78,0.65
2523,Alyssa Horn,Accessories,Caps,2,2840.8,0.65,30-09-2024,Pune,B2B,-836.39,1988.56,0.65
2524,Carlos Valencia,T-Shirts,Oversized T-shirt,2,3539.2,0.65,05-09-2024,Bangalore,B2B,1991.27,2477.44,0.65
2525,Erica Smith,Jackets,Puffer Coat,2,3046.1,0.65,29-04-2025,bengaluru,B2B,-190.66,2132.27,0.65
2531,Ricky Nelson,T-Shirts,Graphic Tee,2,816.3,0.65,12-12-2024,Mumbai,B2C,868.11,571.41,0.65
2540,Yvonne Perez,Jeans,Slim Fit Jeans,2,799.8,0.65,05-06-2025,Hyderabad,B2C,1358.09,559.86,0.65
2544,Douglas Scott,Accessories,Sunglasses,2,3206,0.65,13-09-2024,Mumbai,B2B,1764.26,2244.2,0.65
2552,Debra Romero,Dresses,Casual Midi,2,3617,0.65,18-12-2024,Hyd,B2C,2692.48,2531.9,0.65
2553,Edward Santos,Dresses,Maxi Dress,2,3347.4,0.65,24-09-2023,Mumbai,B2B,441.13,2343.18,0.65
2554,Deborah Richmond,Shoes,Sneakers,2,2433.5,0.65,16-09-2024,hyderbad,B2B,796.37,1703.45,0.65
2569,Ashley Fernandez,Jackets,Leather Jacket,2,1263.8,0.65,06-02-2025,hyderbad,B2B,2520.08,884.66,0.65
2581,Jason Davis PhD,Jackets,Bomber Jacket,2,3895.4,0.65,15-11-2024,Bangalore,B2B,1316.66,2726.78,0.65
2591,Danielle Kaufman,Jackets,Denim Jacket,2,4784,0.65,28-11-2024,Hyderabad,B2C,176.96,3348.8,0.65
2596,Kelly Saunders,Jeans,Slim Fit Jeans,2,2538.6,0.65,30-05-2025,Hyd,B2C,342.21,1777.02,0.65
2608,James Hayes,Jackets,Puffer Coat,2,3352.9,0.65,21-06-2024,Mumbai,B2B,2684.88,2347.03,0.65
2612,Natasha Willis,Accessories,Watches,2,2672.6,0.65,20-04-2024,bengaluru,B2B,1142.44,1870.82,0.65
2613,Kathleen Sharp,T-Shirts,Graphic Tee,2,2438.2,0.65,01-03-2024,Pune,B2B,161.35,1706.74,0.65
2620,Patricia Stokes,Shoes,Loafers,2,3415.9,0.65,22-08-2024,Mumbai,B2C,25.83,2391.13,0.65
2626,Sarah Craig,T-Shirts,Crop Top,2,4932.2,0.65,16-05-2025,bengaluru,B2B,742.42,3452.54,0.65
1040,Laurie Potter,Jackets,Puffer Coat,2,1640,0.65,31-03-2025,bengaluru,B2C,288.44,1148,0.65
2674,Charles Friedman,T-Shirts,Classic Tee,2,1261.6,0.65,07-09-2024,Mumbai,B2B,534.09,883.12,0.65
2679,Nancy Palmer,Accessories,Watches,2,2514.7,0.65,29-09-2024,Hyd,B2B,2652.58,1760.29,0.65
2682,Jeffrey Powell,T-Shirts,Graphic Tee,2,4784.6,0.65,26-11-2024,Bangalore,B2B,2034.52,3349.22,0.65
2690,Tanya Johnson,Jeans,Ripped Denim,2,2862,0.65,17-12-2023,Mumbai,B2B,115.86,2003.4,0.65
2710,Brittney Perez,Dresses,Bodycon,2,2565.6,0.65,12-09-2024,Bangalore,B2B,62.05,1795.92,0.65
2720,Tracy Howard,Dresses,Wrap Dress,2,3476.5,0.65,13-03-2025,Pune,B2B,-522.33,2433.55,0.65
2728,Shelly Richardson,T-Shirts,Crop Top,2,1935,0.65,29-11-2024,Bangalore,B2B,1483.93,1354.5,0.65
2735,Jermaine Hicks,Accessories,Sunglasses,2,541.7,0.65,11-10-2024,Bangalore,B2B,1872.65,379.19,0.65
2737,Adrian Martinez,Accessories,Watches,2,1928,0.65,14-05-2025,Pune,B2B,-251.21,1349.6,0.65
1049,Paul Thompson,Jackets,Leather Jacket,2,1360.2,0.65,14-04-2025,Mumbai,B2B,276.9,952.14,0.65
2761,Andrea West,Dresses,Maxi Dress,2,3586.8,0.65,05-04-2025,Pune,B2C,594.95,2510.76,0.65
2762,Sara Miller,Dresses,Wrap Dress,2,1278.8,0.65,13-01-2025,Hyd,B2B,1989.71,895.16,0.65
1032,David Garner,Shoes,Loafers,2,3956.8,0.65,24-11-2024,Hyd,B2B,1061.44,2769.76,0.65
2776,Wesley Valencia,Jackets,Leather Jacket,2,891.4,0.65,21-11-2024,Mumbai,B2C,664.02,623.98,0.65
2800,Amanda Berry,Jeans,Boyfriend Jeans,2,3410.4,0.65,04-09-2024,hyderbad,B2B,1733.81,2387.28,0.65
2814,Roger Bennett,Jeans,Boyfriend Jeans,2,1888.3,0.65,25-01-2025,Mumbai,B2B,2441.51,1321.81,0.65
2818,Larry Yang,Dresses,Wrap Dress,2,739.6,0.65,13-04-2025,Mumbai,B2C,1148.87,517.72,0.65
2822,Matthew Bates,T-Shirts,Classic Tee,2,3864.4,0.65,09-03-2025,bengaluru,B2B,957.65,2705.08,0.65
2827,Tracy Mitchell,Jeans,Slim Fit Jeans,2,3996.9,0.65,03-09-2024,Mumbai,B2B,496.23,2797.83,0.65
2828,Norman Henderson,Shoes,Loafers,2,2963,0.65,17-06-2025,bengaluru,B2B,180.31,2074.1,0.65
2837,Lindsey Kelly,Jeans,Slim Fit Jeans,2,4443,0.65,27-03-2025,Bangalore,B2B,-919.16,3110.1,0.65
2839,Laura Graham,Shoes,Boots,2,561.2,0.65,24-10-2024,Hyderabad,B2B,2551.12,392.84,0.65
2840,Kayla Foster,Jackets,Bomber Jacket,2,2297.5,0.65,23-03-2025,hyderbad,B2B,490.32,1608.25,0.65
2841,Rick Peters,Jeans,Ripped Denim,2,4154,0.65,08-01-2025,Mumbai,B2B,265,2907.8,0.65
2843,Natalie Smith,T-Shirts,Graphic Tee,2,1110.1,0.65,22-01-2025,Mumbai,B2B,2926.44,777.07,0.65
2851,Gregg Beck,Dresses,Casual Midi,2,1525.3,0.65,08-09-2024,Hyderabad,B2C,-560.49,1067.71,0.65
2855,Jacqueline Cochran,Jeans,Slim Fit Jeans,2,1831.4,0.65,19-10-2024,hyderbad,B2B,719.33,1281.98,0.65
2870,Erin Martin,Jeans,Ripped Denim,2,839.3,0.65,15-10-2024,Pune,B2C,367.87,587.51,0.65
2885,Kevin Skinner,T-Shirts,Classic Tee,2,2666.5,0.65,29-04-2025,Pune,B2B,-17.89,1866.55,0.65
2901,Kaitlin Baldwin,Shoes,Sneakers,2,1817.7,0.65,28-04-2025,Mumbai,B2C,391.06,1272.39,0.65
2905,Tanya Pham,Jeans,Straight Cut,2,1478.9,0.65,27-02-2025,hyderbad,B2C,25.28,1035.23,0.65
2919,Timothy Peterson,Jeans,Slim Fit Jeans,2,535.6,0.65,27-07-2024,bengaluru,B2C,-637.47,374.92,0.65
1004,Cheryl Baker,Jeans,Slim Fit Jeans,2,977.6,0.65,17-11-2024,bengaluru,B2B,2702.46,684.32,0.65
2936,David Davis,Shoes,Loafers,2,4487.5,0.65,23-06-2025,Pune,B2B,2518.53,3141.25,0.65
2941,Lauren Smith,Jackets,Puffer Coat,2,2144.4,0.65,24-07-2024,Pune,B2C,1435.03,1501.08,0.65
2943,George Thomas,Jeans,Boyfriend Jeans,2,4638,0.65,07-03-2025,Pune,B2B,745.3,3246.6,0.65
2959,Gary Smith,Shoes,Loafers,2,4114,0.65,04-03-2025,Mumbai,B2C,477.7,2879.8,0.65
2966,Carol Williams,T-Shirts,Crop Top,2,1650,0.65,09-12-2024,Hyderabad,B2B,2561.34,1155,0.65
2976,John Lee,T-Shirts,Classic Tee,2,1573,0.65,06-01-2025,Hyderabad,B2B,2532.02,1101.1,0.65
2991,Brittany Torres,Dresses,Bodycon,2,2053.6,0.65,17-10-2024,Hyd,B2B,-86.89,1437.52,0.65
3007,Misty Higgins,Shoes,Loafers,2,3922,0.65,10-03-2025,bengaluru,B2B,2186.58,2745.4,0.65
3026,Shawn Campos,Jeans,Straight Cut,2,3345.4,0.65,08-08-2024,hyderbad,B2C,2896.95,2341.78,0.65
3033,Clinton Ross,T-Shirts,Classic Tee,2,1787.5,0.65,14-02-2025,Hyd,B2B,2626.27,1251.25,0.65
3045,Sean Nelson,Dresses,Casual Midi,2,3180.7,0.65,13-08-2023,Hyderabad,B2B,2237.56,2226.49,0.65
3059,Douglas Cummings,T-Shirts,Crop Top,2,4949.2,0.65,08-05-2025,Bangalore,B2B,1267.49,3464.44,0.65
3062,Christine Lewis,T-Shirts,Classic Tee,2,4312.6,0.65,09-01-2025,Hyderabad,B2B,496.16,3018.82,0.65
3079,Kelly Baker,Shoes,Boots,2,2840,0.65,15-08-2024,Mumbai,B2B,-48.25,1988,0.65
3089,Frank Griffin,Accessories,Belts,2,3153.7,0.65,04-02-2025,hyderbad,B2B,2686.96,2207.59,0.65
3090,Kenneth Griffith,Dresses,Wrap Dress,2,3033.2,0.65,02-09-2024,Pune,B2B,490.69,2123.24,0.65
3094,Thomas Martin,Dresses,Wrap Dress,2,4382.9,0.65,25-04-2025,Pune,B2B,1172.7,3068.03,0.65
3096,Charles Francis,Shoes,Boots,2,2312.1,0.65,13-06-2025,Bangalore,B2B,508.96,1618.47,0.65
3097,Tracy Mejia,Shoes,Boots,2,3111.6,0.65,03-09-2024,Hyderabad,B2B,2868.09,2178.12,0.65
3099,Jessica Hudson,Accessories,Watches,2,4426.9,0.65,21-12-2024,Pune,B2B,2480.95,3098.83,0.65
3116,Margaret Porter,Dresses,Wrap Dress,2,1237.2,0.65,24-03-2025,Bangalore,B2B,1357.42,866.04,0.65
3119,Andrew Forbes,Jeans,Slim Fit Jeans,2,722.7,0.65,11-12-2024,Pune,B2C,1610.64,505.89,0.65
3121,Alyssa Nichols,Jackets,Bomber Jacket,2,1049.3,0.65,01-03-2025,Hyderabad,B2C,-648.45,734.51,0.65
3128,Maria Garcia,Dresses,Casual Midi,2,3216.9,0.65,03-06-2025,hyderbad,B2B,192.22,2251.83,0.65
3129,Michael Knight,Jeans,Straight Cut,2,3201.1,0.65,24-05-2025,Pune,B2C,2989.88,2240.77,0.65
3130,Shelly Jordan,Dresses,Casual Midi,2,3742.6,0.65,18-04-2025,Mumbai,B2C,2886.26,2619.82,0.65
3144,Daniel Blanchard,Dresses,Casual Midi,2,2664.4,0.65,27-04-2025,Hyderabad,B2B,1324.18,1865.08,0.65
3196,Kelly Henry,Dresses,Wrap Dress,2,4897.2,0.65,14-08-2024,Pune,B2B,2989.6,3428.04,0.65
3201,Jennifer Casey,Shoes,Sneakers,2,3494.9,0.65,11-09-2024,Hyd,B2C,1036.32,2446.43,0.65
3217,Kathleen Villarreal,Dresses,Wrap Dress,2,1039.8,0.65,29-07-2023,Pune,B2C,902.04,727.86,0.65
3228,Scott Levine,T-Shirts,Graphic Tee,2,2125,0.65,28-09-2024,hyderbad,B2C,1154.25,1487.5,0.65
3233,Briana Greer,T-Shirts,Crop Top,2,2654.7,0.65,18-07-2024,Bangalore,B2B,2008.66,1858.29,0.65
3234,Thomas White,Jeans,Ripped Denim,2,2068.3,0.65,27-11-2024,Hyd,B2B,-896.79,1447.81,0.65
3235,Elaine Cohen,Shoes,Loafers,2,3466.1,0.65,27-05-2025,bengaluru,B2B,1011.48,2426.27,0.65
3273,Leslie Clark,Shoes,Boots,2,4089.7,0.65,12-08-2024,bengaluru,B2B,-713.14,2862.79,0.65
3304,Cheyenne Benson,Accessories,Watches,2,4452,0.65,27-03-2024,bengaluru,B2C,2932.37,3116.4,0.65
3307,Cynthia Fisher,Accessories,Sunglasses,2,3896.1,0.65,29-03-2025,Pune,B2C,409.14,2727.27,0.65
3312,Sarah Bradley DDS,T-Shirts,Classic Tee,2,4878.8,0.65,02-09-2024,bengaluru,B2B,327.38,3415.16,0.65
3314,Kevin Walker,Jackets,Denim Jacket,2,2537.6,0.65,26-09-2024,Pune,B2B,2708.81,1776.32,0.65
3326,Shawn Campbell,Shoes,Boots,2,3047.7,0.65,22-08-2024,Bangalore,B2C,827.95,2133.39,0.65
3347,Alicia White,Jackets,Denim Jacket,2,3873.3,0.65,30-12-2024,Mumbai,B2B,212.7,2711.31,0.65
3349,Cindy Webb,Jackets,Bomber Jacket,2,1866.3,0.65,02-07-2025,Pune,B2B,1605.37,1306.41,0.65
3357,Rebecca Mullins,Dresses,Maxi Dress,2,4909.6,0.65,14-10-2023,Pune,B2B,-500.19,3436.72,0.65
3365,Dwayne Hampton,Shoes,Loafers,2,2414.9,0.65,24-04-2025,Bangalore,B2B,2493.6,1690.43,0.65
3367,Monica Young,Accessories,Watches,2,4206.9,0.65,20-07-2024,bengaluru,B2C,818.99,2944.83,0.65
3372,Crystal Martin,Jeans,Slim Fit Jeans,2,2291.3,0.65,19-08-2023,hyderbad,B2B,-169.68,1603.91,0.65
3373,Emily Kennedy,Shoes,Slip-ons,2,3507.5,0.65,16-12-2024,Mumbai,B2B,2821.27,2455.25,0.65
3374,Michelle Scott,Dresses,Wrap Dress,2,2489.2,0.65,09-01-2025,Hyderabad,B2C,2977.05,1742.44,0.65
3375,Jeffery Howard,Jackets,Denim Jacket,2,442.1,0.65,15-01-2025,Hyd,B2B,944.55,309.47,0.65
3380,Crystal Beasley,Dresses,Bodycon,2,4166.3,0.65,14-10-2024,Hyderabad,B2B,317.31,2916.41,0.65
1011,Leslie Chandler,Dresses,Casual Midi,2,2842.9,0.65,20-06-2025,Mumbai,B2C,-835.65,1990.03,0.65
3394,Anthony Thompson,Jeans,Boyfriend Jeans,2,1509.3,0.65,04-02-2025,Mumbai,B2B,1037.85,1056.51,0.65
3396,Connor Meza,Jackets,Leather Jacket,2,3760.1,0.65,12-12-2024,hyderbad,B2B,-871.94,2632.07,0.65
3401,Michael Lynch,Jackets,Puffer Coat,2,1960.2,0.65,05-10-2024,Hyderabad,B2B,1816.17,1372.14,0.65
3403,Sandra Kemp,T-Shirts,Graphic Tee,2,2609.1,0.65,28-04-2025,hyderbad,B2C,2036.75,1826.37,0.65
3408,Tara Villegas,Accessories,Watches,2,4003.7,0.65,05-10-2024,Hyd,B2B,1340.94,2802.59,0.65
3421,David Brown,Shoes,Loafers,2,2933.4,0.65,08-05-2025,Bangalore,B2C,2339.14,2053.38,0.65
3439,Jeremiah Reese,Shoes,Slip-ons,2,400.2,0.65,23-06-2025,Bangalore,B2C,914.27,280.14,0.65
3444,Gabriella George,Dresses,Casual Midi,2,2924.4,0.65,26-12-2024,Pune,B2B,461.83,2047.08,0.65
3452,Christopher Shepherd,Shoes,Boots,2,2562.5,0.65,20-10-2024,hyderbad,B2B,-883.82,1793.75,0.65
3462,Alison Weber MD,Accessories,Sunglasses,2,3607.2,0.65,12-08-2023,hyderbad,B2C,2531.75,2525.04,0.65
3485,Elizabeth Garcia,Accessories,Watches,2,2951.5,0.65,12-09-2024,Pune,B2C,-492.53,2066.05,0.65
3488,Lisa Nelson,Accessories,Watches,2,3029.5,0.65,15-12-2024,Mumbai,B2B,2537.46,2120.65,0.65
3491,Timothy Hamilton,Jeans,Boyfriend Jeans,2,4126.4,0.65,25-11-2024,Mumbai,B2B,638.9,2888.48,0.65
1036,Connie Cunningham,T-Shirts,Graphic Tee,2,2721.8,0.65,06-04-2024,Ahmedabad,B2B,1213.95,1905.26,0.65
1120,Angelica Gonzalez,Jackets,Puffer Coat,2,4709,0.65,05-05-2025,Ahmedabad,B2B,828.98,3296.3,0.65
1150,Brittany Robinson,Accessories,Sunglasses,2,1554.9,0.65,17-10-2024,Ahmedabad,B2C,457.65,1088.43,0.65
1177,Elizabeth Torres,Jeans,Straight Cut,2,2426.1,0.65,30-03-2025,Ahmedabad,B2C,353.91,1698.27,0.65
1189,Elizabeth Johnson,T-Shirts,Oversized T-shirt,2,4808.1,0.65,28-01-2025,Ahmedabad,B2B,392.87,3365.67,0.65
1209,Theodore Yang,Accessories,Watches,2,4029.9,0.65,09-01-2025,Ahmedabad,B2B,1447.79,2820.93,0.65
1211,Kelli Young,Jeans,Ripped Denim,2,1560.4,0.65,04-12-2024,Ahmedabad,B2C,2783.91,1092.28,0.65
1259,Tyler Haney,Shoes,Boots,2,3396.9,0.65,05-05-2025,Ahmedabad,B2B,-830.5,2377.83,0.65
1279,Laura Romero,Shoes,Boots,2,2600.3,0.65,21-08-2024,Ahmedabad,B2C,1430.67,1820.21,0.65
1307,Amber Lee,Dresses,Maxi Dress,2,2648.4,0.65,08-08-2024,Ahmedabad,B2B,642,1853.88,0.65
1367,Laura Johnson,Accessories,Caps,2,573.8,0.65,23-01-2025,Ahmedabad,B2B,2546.35,401.66,0.65
1389,Barbara Jones,Dresses,Wrap Dress,2,2742.4,0.65,25-07-2023,Ahmedabad,B2B,1987.46,1919.68,0.65
1407,Joseph Freeman,T-Shirts,Graphic Tee,2,4977.8,0.65,15-06-2025,Ahmedabad,B2B,2041.12,3484.46,0.65
1422,Marvin Cox,Jeans,Boyfriend Jeans,2,4466.5,0.65,10-03-2025,Ahmedabad,B2B,2168.78,3126.55,0.65
1478,Jaclyn Lynch,Jackets,Denim Jacket,2,2277.4,0.65,18-07-2024,Ahmedabad,B2B,-584.69,1594.18,0.65
1482,Kristen Fuentes,Shoes,Slip-ons,2,1269.5,0.65,26-03-2025,Ahmedabad,B2C,480.43,888.65,0.65
1500,Jerry Turner,Jeans,Straight Cut,2,2128.7,0.65,23-10-2024,Ahmedabad,B2B,-648.94,1490.09,0.65
1517,Benjamin Lutz,Jeans,Slim Fit Jeans,2,4944.2,0.65,05-10-2024,Ahmedabad,B2B,-157.21,3460.94,0.65
1566,Brooke Garcia,Jackets,Puffer Coat,2,1696.7,0.65,12-08-2024,Ahmedabad,B2B,953.07,1187.69,0.65
1575,Aaron Patel,T-Shirts,Graphic Tee,2,615.1,0.65,01-10-2024,Ahmedabad,B2B,638.16,430.57,0.65
1671,Elizabeth Ross,Jeans,Slim Fit Jeans,2,4417.3,0.65,30-11-2024,Ahmedabad,B2B,-72.28,3092.11,0.65
1702,Christopher Patrick,Shoes,Sneakers,2,792.4,0.65,29-03-2025,Ahmedabad,B2B,990.35,554.68,0.65
1738,Barbara Patel,T-Shirts,Classic Tee,2,1171.2,0.65,10-02-2025,Ahmedabad,B2C,2205.44,819.84,0.65
1797,Dr. Emily Thomas,Dresses,Casual Midi,2,4305,0.65,06-01-2025,Ahmedabad,B2B,2296.37,3013.5,0.65
1823,Michael Jackson,T-Shirts,Oversized T-shirt,2,3887.2,0.65,27-06-2025,Ahmedabad,B2C,2088.25,2721.04,0.65
1891,Michael Bradshaw,T-Shirts,Crop Top,2,2727.9,0.65,17-08-2024,Ahmedabad,B2C,849.07,1909.53,0.65
1918,Christopher Lloyd,Dresses,Bodycon,2,581.5,0.65,06-01-2024,Ahmedabad,B2B,-714.88,407.05,0.65
1924,Bethany Gallagher,Jeans,Boyfriend Jeans,2,2999.5,0.65,13-01-2024,Ahmedabad,B2B,-988.45,2099.65,0.65
1954,Miss Angela Webb,Jeans,Ripped Denim,2,2315.8,0.65,26-05-2025,Ahmedabad,B2B,2501.64,1621.06,0.65
2002,Jeffrey Hess,T-Shirts,Crop Top,2,1335.3,0.65,27-11-2024,Ahmedabad,B2C,1372.9,934.71,0.65
2003,Megan Carter,Jackets,Denim Jacket,2,2910.8,0.65,12-10-2024,Ahmedabad,B2C,-304.63,2037.56,0.65
2019,Matthew Gibson,Jeans,Straight Cut,2,1797.9,0.65,23-01-2025,Ahmedabad,B2C,2132.08,1258.53,0.65
2081,Jesus Swanson,T-Shirts,Crop Top,2,2809.9,0.65,12-07-2025,Ahmedabad,B2B,1063.07,1966.93,0.65
2101,Justin Dougherty,Jeans,Boyfriend Jeans,2,1020.8,0.65,22-06-2024,Ahmedabad,B2B,-881.4,714.56,0.65
1028,Nancy Wood,Accessories,Belts,2,4142.5,0.65,06-03-2025,Ahmedabad,B2B,2453.99,2899.75,0.65
2194,Jasmine Torres,Jackets,Leather Jacket,2,3862.6,0.65,17-07-2025,Ahmedabad,B2B,794.8,2703.82,0.65
2213,Zachary Macdonald,Jeans,Boyfriend Jeans,2,2543.9,0.65,16-06-2025,Ahmedabad,B2C,2177.82,1780.73,0.65
2251,John Wu,Dresses,Casual Midi,2,1438.7,0.65,06-03-2025,Ahmedabad,B2C,2726.72,1007.09,0.65
2256,Jennifer Jordan,Dresses,Casual Midi,2,535.3,0.65,24-03-2025,Ahmedabad,B2B,1787.52,374.71,0.65
2275,Jo Mckinney,Accessories,Sunglasses,2,3899,0.65,24-07-2024,Ahmedabad,B2B,2522.67,2729.3,0.65
2293,Nancy Chandler,Shoes,Loafers,2,3241.6,0.65,27-07-2024,Ahmedabad,B2C,2518.36,2269.12,0.65
2326,Timothy Thompson,Shoes,Sneakers,2,1718.1,0.65,20-03-2025,Ahmedabad,B2B,1309.05,1202.67,0.65
2342,Samuel Wilson,T-Shirts,Oversized T-shirt,2,1042.4,0.65,31-01-2024,Ahmedabad,B2C,2778.49,729.68,0.65
2369,Brittney Scott,T-Shirts,Crop Top,2,935.6,0.65,29-01-2024,Ahmedabad,B2B,-111.36,654.92,0.65
2420,Alex Marshall,Jackets,Bomber Jacket,2,3714.5,0.65,27-01-2025,Ahmedabad,B2C,2452.72,2600.15,0.65
2450,Elizabeth Rice,Accessories,Caps,2,3333.9,0.65,05-05-2025,Ahmedabad,B2B,1673.63,2333.73,0.65
2456,Robert Nichols,Accessories,Caps,2,889.9,0.65,18-02-2025,Ahmedabad,B2B,1607.65,622.93,0.65
2571,Julie Grant,Dresses,Wrap Dress,2,3062,0.65,05-07-2025,Ahmedabad,B2B,2553.09,2143.4,0.65
2586,Tina Wilson,Jeans,Slim Fit Jeans,2,789.2,0.65,15-01-2025,Ahmedabad,B2C,1565.56,552.44,0.65
2630,Kimberly Morris,Shoes,Loafers,2,856.8,0.65,30-04-2025,Ahmedabad,B2C,1369.89,599.76,0.65
2648,Susan Solis,Jeans,Straight Cut,2,4899.8,0.65,14-01-2025,Ahmedabad,B2C,1775.2,3429.86,0.65
2685,Nancy Carroll,Shoes,Sneakers,2,1804.6,0.65,01-07-2025,Ahmedabad,B2B,-208.79,1263.22,0.65
2697,Krystal Cortez,Dresses,Wrap Dress,2,3300.8,0.65,19-05-2025,Ahmedabad,B2B,394.83,2310.56,0.65
2780,Ebony Jones,Dresses,Casual Midi,2,2534.9,0.65,04-05-2025,Ahmedabad,B2B,1529.17,1774.43,0.65
2793,Scott Kent,Accessories,Belts,2,4836.5,0.65,19-03-2025,Ahmedabad,B2C,-608.3,3385.55,0.65
2883,Lisa Kline,T-Shirts,Graphic Tee,2,2320.8,0.65,12-07-2025,Ahmedabad,B2C,2529.16,1624.56,0.65
2916,Edward Anderson,Jackets,Denim Jacket,2,2483.5,0.65,11-04-2025,Ahmedabad,B2B,370.61,1738.45,0.65
1027,Morgan Sharp,Accessories,Watches,2,2092.3,0.65,14-04-2025,Ahmedabad,B2B,-586.88,1464.61,0.65
2975,Alexandra Jones,Accessories,Caps,2,3835.2,0.65,12-02-2025,Ahmedabad,B2B,2378.4,2684.64,0.65
3038,Gloria Barrett,Jackets,Bomber Jacket,2,1318,0.65,08-02-2025,Ahmedabad,B2C,-19.53,922.6,0.65
3048,Patrick Frye,Jackets,Puffer Coat,2,1136.4,0.65,11-02-2025,Ahmedabad,B2B,2504.79,795.48,0.65
3050,Nicole Miller MD,Jeans,Ripped Denim,2,3177.8,0.65,28-10-2024,Ahmedabad,B2C,407.14,2224.46,0.65
3171,William Goodman,T-Shirts,Classic Tee,2,3618.2,0.65,08-06-2025,Ahmedabad,B2B,726.81,2532.74,0.65
1022,Bryan Molina,Shoes,Sneakers,2,3611.4,0.65,10-07-2025,Ahmedabad,B2B,-200.64,2527.98,0.65
3209,Jessica Ward,Shoes,Boots,2,3221.6,0.65,19-12-2023,Ahmedabad,B2B,1996.4,2255.12,0.65
3248,Angela Leon,Dresses,Casual Midi,2,2061.9,0.65,23-05-2025,Ahmedabad,B2B,-729.1,1443.33,0.65
3309,Katrina Pugh,Dresses,Casual Midi,2,3944.5,0.65,02-10-2023,Ahmedabad,B2C,1392.37,2761.15,0.65
3317,Joy Hester,Jackets,Leather Jacket,2,2140.2,0.65,02-11-2024,Ahmedabad,B2B,-415.92,1498.14,0.65
3352,Jonathan Blake,Accessories,Belts,2,2559.4,0.65,08-10-2023,Ahmedabad,B2B,1386.39,1791.58,0.65
3385,Thomas Camacho,Dresses,Bodycon,2,2394.8,0.65,29-09-2024,Ahmedabad,B2B,1007.9,1676.36,0.65
3410,Franklin Harrell,Dresses,Wrap Dress,2,4732.4,0.65,06-07-2025,Ahmedabad,B2B,916.47,3312.68,0.65
3426,Michael Brown,Jackets,Denim Jacket,2,3441.9,0.65,07-11-2024,Ahmedabad,B2B,-872.49,2409.33,0.65
3466,Lisa Fisher,Jeans,Ripped Denim,2,4059.5,0.65,09-09-2023,Ahmedabad,B2B,-74.57,2841.65,0.65
1032,Kim Harris,Jeans,Boyfriend Jeans,2,2182,0.65,25-01-2025,Delhi,B2B,1377.61,1527.4,0.65
1066,Joshua Figueroa,Shoes,Slip-ons,2,3479.4,0.65,15-01-2025,Delhi,B2B,-252.78,2435.58,0.65
1137,Jason Moore,Shoes,Sneakers,2,4206.1,0.65,23-04-2025,Delhi,B2B,1161.76,2944.27,0.65
1147,Tracy Miller,Dresses,Casual Midi,2,2875.5,0.65,06-12-2024,Delhi,B2B,-794.99,2012.85,0.65
1158,Vicki Jackson,Dresses,Wrap Dress,2,4516.1,0.65,06-07-2025,Delhi,B2B,2164.95,3161.27,0.65
1205,Jennifer Williams,Jeans,Slim Fit Jeans,2,696.5,0.65,11-06-2025,Delhi,B2C,-24.51,487.55,0.65
1245,Christopher Mcknight,T-Shirts,Classic Tee,2,1822.9,0.65,13-12-2024,Delhi,B2B,1076.34,1276.03,0.65
1258,Shane Gomez,Dresses,Bodycon,2,4313.4,0.65,12-03-2025,Delhi,B2C,2636.96,3019.38,0.65
1012,Manuel Prince,Jeans,Boyfriend Jeans,2,4129.4,0.65,20-07-2025,Delhi,B2B,2328.1,2890.58,0.65
1264,Ernest Myers,T-Shirts,Graphic Tee,2,3382.1,0.65,27-10-2024,Delhi,B2B,1647.48,2367.47,0.65
1278,Jessica Kirby,Accessories,Sunglasses,2,3550.9,0.65,23-09-2024,Delhi,B2C,466.53,2485.63,0.65
1297,Sharon Combs,Jackets,Puffer Coat,2,4524.2,0.65,02-08-2024,Delhi,B2C,1637.33,3166.94,0.65
1300,Latoya Johnson,Jeans,Slim Fit Jeans,2,4611.9,0.65,25-04-2025,Delhi,B2B,703.48,3228.33,0.65
1322,Lori Benson,T-Shirts,Classic Tee,2,2387.6,0.65,02-12-2024,Delhi,B2C,822.46,1671.32,0.65
1014,Jonathan Montgomery,Jeans,Ripped Denim,2,784.1,0.65,05-02-2025,Delhi,B2B,401.24,548.87,0.65
1429,Travis Vargas,Dresses,Bodycon,2,3292,0.65,03-10-2024,Delhi,B2B,-358.22,2304.4,0.65
1460,Leah Chaney,Jackets,Leather Jacket,2,4264.2,0.65,12-10-2024,Delhi,B2B,921.96,2984.94,0.65
1502,Randy Robertson,Dresses,Bodycon,2,4261,0.65,16-09-2024,Delhi,B2B,-86.64,2982.7,0.65
1507,Michael Smith,Jackets,Puffer Coat,2,3597.7,0.65,25-09-2024,Delhi,B2B,-857.53,2518.39,0.65
1510,Susan Bird,T-Shirts,Graphic Tee,2,1897.1,0.65,04-05-2025,Delhi,B2C,-345.3,1327.97,0.65
1518,Andrew Williams,Jeans,Slim Fit Jeans,2,706.7,0.65,23-06-2025,Delhi,B2B,-285.44,494.69,0.65
1529,John Robinson,T-Shirts,Classic Tee,2,3381.7,0.65,18-03-2025,Delhi,B2B,2953.76,2367.19,0.65
1607,Matthew Marshall,Shoes,Loafers,2,4941.3,0.65,08-10-2023,Delhi,B2C,515.06,3458.91,0.65
1633,Ryan Taylor,Jackets,Bomber Jacket,2,4599.4,0.65,25-12-2024,Delhi,B2B,182.46,3219.58,0.65
1665,Christopher Merritt DVM,T-Shirts,Crop Top,2,4504,0.65,23-03-2025,Delhi,B2C,1488.95,3152.8,0.65
1666,Hannah Santos,Jeans,Straight Cut,2,973.6,0.65,13-11-2024,Delhi,B2C,-148.67,681.52,0.65
1697,Sandra Peterson,Accessories,Belts,2,1759,0.65,12-02-2025,Delhi,B2B,2026.97,1231.3,0.65
1733,Selena Baker,Jackets,Bomber Jacket,2,721.2,0.65,29-01-2025,Delhi,B2B,-936.38,504.84,0.65
1749,Michelle Moore,Shoes,Loafers,2,4499.4,0.65,27-03-2025,Delhi,B2C,17.49,3149.58,0.65
1882,Kristin Gonzalez,Jackets,Denim Jacket,2,1622.8,0.65,23-06-2025,Delhi,B2C,1020.63,1135.96,0.65
1925,Patrick Benson,Accessories,Caps,2,1429.2,0.65,08-11-2024,Delhi,B2B,2081.78,1000.44,0.65
1946,William Martinez,Jeans,Ripped Denim,2,2355.4,0.65,10-03-2025,Delhi,B2B,2397.33,1648.78,0.65
1976,Carla Mcneil,Jeans,Ripped Denim,2,4363.1,0.65,26-05-2025,Delhi,B2C,-16.09,3054.17,0.65
2041,Brandon Rodriguez,Dresses,Bodycon,2,854.8,0.65,23-11-2024,Delhi,B2C,400.41,598.36,0.65
2090,Richard Chandler,Accessories,Caps,2,940.7,0.65,20-03-2025,Delhi,B2B,1317.26,658.49,0.65
2091,Ricardo Jordan,Dresses,Casual Midi,2,1323.6,0.65,04-05-2025,Delhi,B2C,-63.42,926.52,0.65
2092,Ashley Nielsen,Shoes,Boots,2,4459.2,0.65,23-03-2025,Delhi,B2B,1008.2,3121.44,0.65
2111,Jennifer Ayala,Shoes,Boots,2,1934,0.65,16-07-2025,Delhi,B2B,897.11,1353.8,0.65
2117,Kevin Flores,Dresses,Maxi Dress,2,4767.4,0.65,18-09-2024,Delhi,B2B,2319.14,3337.18,0.65
2135,Lori Bush,Dresses,Casual Midi,2,857.2,0.65,20-08-2023,Delhi,B2B,-806.63,600.04,0.65
2141,Cheryl Roberts,Jackets,Leather Jacket,2,1762.3,0.65,01-10-2024,Delhi,B2B,2590.56,1233.61,0.65
2164,Bobby Brock,Jackets,Puffer Coat,2,1498.8,0.65,12-08-2024,Delhi,B2B,-548.47,1049.16,0.65
2171,Crystal Mcneil,T-Shirts,Classic Tee,2,630.3,0.65,22-07-2025,Delhi,B2B,2988.11,441.21,0.65
2210,Kevin Carpenter,Jackets,Bomber Jacket,2,4368.1,0.65,02-05-2025,Delhi,B2C,2434.6,3057.67,0.65
2236,Jonathan Caldwell,Shoes,Slip-ons,2,2420.2,0.65,23-05-2025,Delhi,B2C,2707.96,1694.14,0.65
2274,Larry Mills,Dresses,Wrap Dress,2,4456.6,0.65,07-10-2024,Delhi,B2C,9.1,3119.62,0.65
2284,Gary Ferrell,Accessories,Caps,2,3736.2,0.65,27-03-2025,Delhi,B2C,-440.98,2615.34,0.65
2308,Stephanie Cook MD,Dresses,Maxi Dress,2,3978.5,0.65,06-12-2024,Delhi,B2B,929.92,2784.95,0.65
2317,Monique Brown,Shoes,Boots,2,1005.4,0.65,06-06-2025,Delhi,B2C,566.18,703.78,0.65
2361,William Brown,T-Shirts,Crop Top,2,899.4,0.65,26-11-2024,Delhi,B2B,477.1,629.58,0.65
2399,Amy Frederick,Jeans,Slim Fit Jeans,2,3643.5,0.65,04-08-2024,Delhi,B2B,1452.6,2550.45,0.65
2413,Regina Lewis,Shoes,Loafers,2,4140.9,0.65,15-10-2024,Delhi,B2B,162.16,2898.63,0.65
2463,Amanda Schroeder,Accessories,Sunglasses,2,405.5,0.65,07-03-2025,Delhi,B2B,2036.57,283.85,0.65
2495,Carrie Larson,Jeans,Slim Fit Jeans,2,1106.1,0.65,28-09-2023,Delhi,B2C,1838.39,774.27,0.65
2545,Rachel Williams,Dresses,Bodycon,2,2109.1,0.65,05-05-2025,Delhi,B2B,1633.57,1476.37,0.65
1044,Cody Rogers,Jackets,Bomber Jacket,2,756.7,0.65,05-12-2024,Delhi,B2B,1504.13,529.69,0.65
2622,Jennifer Jordan,T-Shirts,Oversized T-shirt,2,2705.1,0.65,02-09-2024,Delhi,B2B,1133.53,1893.57,0.65
2705,Randy Miller,Dresses,Casual Midi,2,4870.8,0.65,08-07-2025,Delhi,B2B,2833.18,3409.56,0.65
2724,Carlos Hernandez,Jeans,Slim Fit Jeans,2,716.3,0.65,10-03-2025,Delhi,B2C,-400.16,501.41,0.65
2811,Robert Perry MD,Dresses,Bodycon,2,4426.2,0.65,31-12-2024,Delhi,B2B,1639.67,3098.34,0.65
2834,Patricia Mcbride,Jackets,Leather Jacket,2,3523,0.65,01-11-2024,Delhi,B2C,2242.67,2466.1,0.65
2844,Samuel Torres Jr.,Jeans,Straight Cut,2,2549.6,0.65,19-05-2024,Delhi,B2B,2612.63,1784.72,0.65
2850,Janice Ballard,Jeans,Slim Fit Jeans,2,2688,0.65,24-09-2024,Delhi,B2B,2288,1881.6,0.65
2899,Daniel Reyes,Accessories,Sunglasses,2,3086.6,0.65,26-01-2025,Delhi,B2C,-745.27,2160.62,0.65
2909,Albert Fowler,T-Shirts,Crop Top,2,2928.8,0.65,11-03-2025,Delhi,B2B,-477.2,2050.16,0.65
2915,Kimberly Harrison,Accessories,Belts,2,3022.2,0.65,19-12-2024,Delhi,B2B,-528.82,2115.54,0.65
2933,Miguel Reed,Jeans,Straight Cut,2,2891,0.65,13-04-2025,Delhi,B2C,1279.32,2023.7,0.65
2956,Daniel Hicks,Jackets,Puffer Coat,2,2710.2,0.65,21-12-2024,Delhi,B2C,2.22,1897.14,0.65
2963,Molly Adams,Jeans,Slim Fit Jeans,2,570.2,0.65,03-04-2025,Delhi,B2B,380.3,399.14,0.65
3008,Brandon Ritter,Accessories,Sunglasses,2,2880.8,0.65,21-05-2025,Delhi,B2C,2519.23,2016.56,0.65
3030,Jeffrey Haynes,Accessories,Watches,2,4101.9,0.65,20-12-2024,Delhi,B2C,1196.03,2871.33,0.65
3036,Charlene Garrett,Dresses,Bodycon,2,3997.8,0.65,07-05-2025,Delhi,B2B,1399.12,2798.46,0.65
3043,Dennis Bryant,Accessories,Caps,2,1137.8,0.65,04-12-2023,Delhi,B2C,-471.37,796.46,0.65
3083,Joy Ingram,T-Shirts,Crop Top,2,1573.6,0.65,08-07-2025,Delhi,B2B,792.35,1101.52,0.65
3110,Amy Kline,Jeans,Boyfriend Jeans,2,4103.3,0.65,21-02-2025,Delhi,B2B,-828.25,2872.31,0.65
3112,Joseph Gilmore MD,Shoes,Loafers,2,3026.8,0.65,28-08-2024,Delhi,B2B,-565.92,2118.76,0.65
3131,Andrea Perry,Accessories,Belts,2,4938,0.65,18-12-2023,Delhi,B2B,878.99,3456.6,0.65
3136,Patricia Jackson,T-Shirts,Graphic Tee,2,3622.9,0.65,22-01-2024,Delhi,B2C,813.36,2536.03,0.65
3195,Cody Williams,Jackets,Denim Jacket,2,958.2,0.65,11-01-2024,Delhi,B2C,2567.7,670.74,0.65
3274,Nathan Maynard,Dresses,Casual Midi,2,4409.2,0.65,30-08-2024,Delhi,B2C,2886.62,3086.44,0.65
3318,James Cooper,Accessories,Watches,2,2912.6,0.65,29-03-2025,Delhi,B2B,1847.45,2038.82,0.65
3322,Regina Wilson,T-Shirts,Oversized T-shirt,2,4480.2,0.65,09-09-2024,Delhi,B2C,397.15,3136.14,0.65
3377,Derek Holder,Dresses,Wrap Dress,2,1064.4,0.65,08-06-2025,Delhi,B2B,-671.09,745.08,0.65
3453,Bill Turner,Accessories,Watches,2,4213.8,0.65,18-05-2025,Delhi,B2B,-209.3,2949.66,0.65
3476,Nicholas Johnson,Dresses,Maxi Dress,2,4804.9,0.65,15-08-2024,Delhi,B2C,407.85,3363.43,0.65
1007,Dr. Kathryn Bass PhD,Dresses,Casual Midi,2,3669.6,0.65,26-07-2024,Bangalore,B2C,2490.01,2568.72,0.65
1071,Nancy White,Accessories,Sunglasses,2,1000.8,0.65,26-07-2024,Delhi,B2B,2131.43,700.56,0.65
1075,Jennifer Horn,T-Shirts,Crop Top,2,795.8,0.65,26-07-2024,Pune,B2B,2418.8,557.06,0.65
1033,Carla Phillips,Accessories,Belts,2,421.9,0.65,26-07-2024,Hyderabad,B2B,2969.19,295.33,0.65
1107,Elizabeth Hood,Jeans,Straight Cut,2,4948,0.65,26-07-2024,Delhi,B2C,1064.86,3463.6,0.65
1112,Sherry Shepard,Dresses,Casual Midi,2,1027.6,0.65,26-07-2024,Mumbai,B2B,1160.17,719.32,0.65
1113,Derek Edwards,Jackets,Puffer Coat,2,3864.5,0.65,26-07-2024,Ahmedabad,B2C,-763.23,2705.15,0.65
1117,Molly Johnson,Jackets,Puffer Coat,2,3567.6,0.65,26-07-2024,bengaluru,B2B,-455.6,2497.32,0.65
1173,Shaun Bush,Jeans,Boyfriend Jeans,2,4063.4,0.65,26-07-2024,bengaluru,B2B,2034.39,2844.38,0.65
1257,Mr. Matthew Gomez DDS,Jeans,Straight Cut,2,1228.8,0.65,26-07-2024,Ahmedabad,B2C,-83.19,860.16,0.65
1263,Ryan Graves,Shoes,Slip-ons,2,2542.7,0.65,26-07-2024,Delhi,B2B,-136.41,1779.89,0.65
1289,Lauren Johnson,Jackets,Denim Jacket,2,3590.8,0.65,26-07-2024,Mumbai,B2C,2052.57,2513.56,0.65
1346,Leah Gonzalez,Shoes,Slip-ons,2,1622.6,0.65,26-07-2024,Mumbai,B2C,-891.76,1135.82,0.65
1008,Sarah Vance,T-Shirts,Classic Tee,2,2319.8,0.65,26-07-2024,bengaluru,B2B,1669.55,1623.86,0.65
1359,Robert Harmon,T-Shirts,Crop Top,2,4625.8,0.65,26-07-2024,Mumbai,B2B,1663.88,3238.06,0.65
1404,Hannah Martin,Accessories,Watches,2,3074.6,0.65,26-07-2024,Bangalore,B2C,1979.07,2152.22,0.65
1411,Michael Bond,Dresses,Wrap Dress,2,4946.8,0.65,26-07-2024,Mumbai,B2B,1520.19,3462.76,0.65
1415,Sydney Travis,Jackets,Puffer Coat,2,3149,0.65,26-07-2024,bengaluru,B2B,2661.23,2204.3,0.65
1539,Sheryl Davis,Jeans,Straight Cut,2,2891.6,0.65,26-07-2024,Mumbai,B2B,2309.23,2024.12,0.65
1548,David Garcia,Jackets,Bomber Jacket,2,2273.2,0.65,26-07-2024,Ahmedabad,B2C,-701.47,1591.24,0.65
1552,Daniel Villegas,Shoes,Slip-ons,2,883.8,0.65,26-07-2024,Ahmedabad,B2B,-572.62,618.66,0.65
1594,Patrick Garza,Jeans,Straight Cut,2,3785,0.65,26-07-2024,Bangalore,B2B,346.37,2649.5,0.65
1598,Amanda Wilson,Jackets,Denim Jacket,2,3311.3,0.65,26-07-2024,Pune,B2B,2944.25,2317.91,0.65
1626,Jennifer Olsen,Dresses,Maxi Dress,2,4695.2,0.65,26-07-2024,Pune,B2C,1584.44,3286.64,0.65
1629,Dr. Daniel Sanchez,Shoes,Boots,2,829.1,0.65,26-07-2024,Ahmedabad,B2C,2172.06,580.37,0.65
1637,Mr. Nicholas Reed,Shoes,Slip-ons,2,2644.7,0.65,26-07-2024,Delhi,B2B,1402.25,1851.29,0.65
1683,Tracy Taylor,Jeans,Ripped Denim,2,1743.6,0.65,26-07-2024,Pune,B2C,32.33,1220.52,0.65
1688,Donna Winters,Accessories,Watches,2,4177.9,0.65,26-07-2024,Hyd,B2B,2610.69,2924.53,0.65
1689,Travis Washington,T-Shirts,Oversized T-shirt,2,1193.5,0.65,26-07-2024,Pune,B2B,2629.51,835.45,0.65
1695,Lance Gonzales,Jackets,Leather Jacket,2,3785.1,0.65,26-07-2024,Mumbai,B2C,-982.7,2649.57,0.65
1696,Noah Wade,Shoes,Sneakers,2,532.5,0.65,26-07-2024,Mumbai,B2B,666.49,372.75,0.65
1729,Beth Wolfe,Jeans,Boyfriend Jeans,2,416.6,0.65,26-07-2024,Bangalore,B2B,-765.44,291.62,0.65
1747,Rachel Bryan,T-Shirts,Oversized T-shirt,2,405.4,0.65,26-07-2024,Pune,B2C,375.4,283.78,0.65
1763,William Reyes,Shoes,Slip-ons,2,1874.6,0.65,26-07-2024,Pune,B2B,1906.32,1312.22,0.65
1827,Brooke Trevino,Jeans,Straight Cut,2,3109.7,0.65,26-07-2024,Mumbai,B2B,-828.23,2176.79,0.65
1839,Michael Barnes,T-Shirts,Classic Tee,2,2067.6,0.65,26-07-2024,bengaluru,B2B,-276.17,1447.32,0.65
1849,Kelly Diaz,T-Shirts,Oversized T-shirt,2,927,0.65,26-07-2024,Ahmedabad,B2C,880.71,648.9,0.65
1870,Jeffrey Fischer,Shoes,Sneakers,2,1870.7,0.65,26-07-2024,Pune,B2B,2695.81,1309.49,0.65
1890,Madison Joseph,Accessories,Belts,2,3772.5,0.65,26-07-2024,bengaluru,B2B,792.89,2640.75,0.65
1893,Ricardo Davis,Accessories,Watches,2,4456.4,0.65,26-07-2024,Delhi,B2B,870.63,3119.48,0.65
1905,John Wade,Dresses,Bodycon,2,759.8,0.65,26-07-2024,Pune,B2B,2254.82,531.86,0.65
1919,Darren Pittman,Dresses,Maxi Dress,2,1460.7,0.65,26-07-2024,Ahmedabad,B2C,2917.9,1022.49,0.65
1921,Corey Padilla,Accessories,Watches,2,4224.3,0.65,26-07-2024,hyderbad,B2B,2660.84,2957.01,0.65
1929,Regina Allen,Accessories,Watches,2,3618.5,0.65,26-07-2024,Delhi,B2B,1383.46,2532.95,0.65
1930,Jesse Carter,Jeans,Boyfriend Jeans,2,3017.8,0.65,26-07-2024,Ahmedabad,B2B,1257.1,2112.46,0.65
1933,Vincent Torres,Jackets,Leather Jacket,2,1403.4,0.65,26-07-2024,Pune,B2B,635.85,982.38,0.65
1959,Deanna Ortiz,Jackets,Denim Jacket,2,3805.1,0.65,26-07-2024,Ahmedabad,B2B,-476,2663.57,0.65
1974,Gregory Munoz,Jeans,Ripped Denim,2,3286.7,0.65,26-07-2024,Ahmedabad,B2B,1019.91,2300.69,0.65
1975,Gregory Wilson,T-Shirts,Classic Tee,2,3853.5,0.65,26-07-2024,Mumbai,B2B,77.2,2697.45,0.65
1977,Michael Gray,T-Shirts,Oversized T-shirt,2,4126.3,0.65,26-07-2024,Mumbai,B2B,-578.63,2888.41,0.65
1982,Christian Johnson,Dresses,Wrap Dress,2,3701.7,0.65,26-07-2024,Ahmedabad,B2B,1936.33,2591.19,0.65
2006,Justin Harvey,Accessories,Caps,2,1283.6,0.65,26-07-2024,Ahmedabad,B2C,541.27,898.52,0.65
2017,Stephanie Baker,Jeans,Ripped Denim,2,3549.9,0.65,26-07-2024,Ahmedabad,B2C,652.09,2484.93,0.65
2039,Abigail Wilson,Jackets,Puffer Coat,2,1802.4,0.65,26-07-2024,hyderbad,B2B,644.27,1261.68,0.65
2109,Andre Jefferson,Jeans,Boyfriend Jeans,2,1901.9,0.65,26-07-2024,Pune,B2C,-906.34,1331.33,0.65
1003,Tammy Jennings,Jackets,Puffer Coat,2,1685.8,0.65,26-07-2024,Hyderabad,B2C,-298.61,1180.06,0.65
2138,Sara Dillon,Shoes,Boots,2,2426.8,0.65,26-07-2024,Delhi,B2B,1446.08,1698.76,0.65
2158,Donna Mendoza,Shoes,Sneakers,2,3270.7,0.65,26-07-2024,Mumbai,B2B,-437.06,2289.49,0.65
2173,Dennis Brown,Shoes,Loafers,2,2679.1,0.65,26-07-2024,Mumbai,B2B,2156.1,1875.37,0.65
2179,Natalie Adams,Accessories,Belts,2,466.4,0.65,26-07-2024,Hyd,B2B,2807.92,326.48,0.65
2186,Joel Wright,Accessories,Belts,2,2036.7,0.65,26-07-2024,Delhi,B2B,1586.84,1425.69,0.65
2215,Nathan Hendrix,Jackets,Leather Jacket,2,442.4,0.65,26-07-2024,Delhi,B2C,1628.57,309.68,0.65
2222,Louis Holt,Dresses,Wrap Dress,2,2161.8,0.65,26-07-2024,Ahmedabad,B2B,1722.2,1513.26,0.65
2241,Sharon Decker,T-Shirts,Oversized T-shirt,2,1600.2,0.65,26-07-2024,Pune,B2B,2933.71,1120.14,0.65
2254,Tyler Clark,T-Shirts,Classic Tee,2,4998.9,0.65,26-07-2024,Mumbai,B2B,-396.07,3499.23,0.65
2263,Christian Green,Shoes,Boots,2,4252,0.65,26-07-2024,Mumbai,B2C,-396.3,2976.4,0.65
2305,David Rodriguez,Jackets,Bomber Jacket,2,3476.1,0.65,26-07-2024,bengaluru,B2C,1379.32,2433.27,0.65
2334,Morgan Blankenship,Jeans,Ripped Denim,2,2295.5,0.65,26-07-2024,Pune,B2C,2846.96,1606.85,0.65
2373,Thomas Carr,Accessories,Caps,2,2490.4,0.65,26-07-2024,Mumbai,B2B,11.27,1743.28,0.65
2375,Ralph Owens,T-Shirts,Classic Tee,2,2765.8,0.65,26-07-2024,bengaluru,B2C,-31.82,1936.06,0.65
2391,Debbie Wade,Jeans,Boyfriend Jeans,2,4473.9,0.65,26-07-2024,bengaluru,B2B,1003.14,3131.73,0.65
2406,Robert Henderson,Jeans,Slim Fit Jeans,2,4847.7,0.65,26-07-2024,Ahmedabad,B2B,1741,3393.39,0.65
2415,Donald Howard,Jeans,Ripped Denim,2,3395.7,0.65,26-07-2024,Bangalore,B2C,1958.51,2376.99,0.65
2430,Alex Nash,Jeans,Ripped Denim,2,3149.4,0.65,26-07-2024,Pune,B2C,1094.4,2204.58,0.65
2444,Alexa Mclaughlin,Jeans,Boyfriend Jeans,2,3470.9,0.65,26-07-2024,Pune,B2B,638.83,2429.63,0.65
2449,James Edwards,Shoes,Boots,2,2344.4,0.65,26-07-2024,Mumbai,B2B,419.95,1641.08,0.65
2503,Amy Robinson,Accessories,Sunglasses,2,1259.2,0.65,26-07-2024,Bangalore,B2B,120.44,881.44,0.65
2529,Kathryn Green,T-Shirts,Crop Top,2,419.2,0.65,26-07-2024,Mumbai,B2B,1726.68,293.44,0.65
2556,Kenneth Harris,Jackets,Puffer Coat,2,2068.9,0.65,26-07-2024,bengaluru,B2B,-9.99,1448.23,0.65
2558,Loretta Perry,Accessories,Sunglasses,2,1175.2,0.65,26-07-2024,Mumbai,B2B,854.14,822.64,0.65
2592,Jeffery Green,T-Shirts,Crop Top,2,4965.9,0.65,26-07-2024,Pune,B2C,1406.72,3476.13,0.65
2598,Christopher Davis,Jackets,Denim Jacket,2,4412.2,0.65,26-07-2024,bengaluru,B2C,2917.18,3088.54,0.65
2658,John Irwin,Jeans,Ripped Denim,2,3726.3,0.65,26-07-2024,Mumbai,B2C,1524.78,2608.41,0.65
2695,Kevin Gilbert,Jeans,Boyfriend Jeans,2,4834.9,0.65,26-07-2024,Bangalore,B2B,1655.07,3384.43,0.65
2714,Alec Santos,Shoes,Boots,2,1171.8,0.65,26-07-2024,Delhi,B2B,-392.96,820.26,0.65
1029,Nicholas Morgan,T-Shirts,Oversized T-shirt,2,2965.3,0.65,26-07-2024,Mumbai,B2C,-786.53,2075.71,0.65
2782,Janet Lopez,Jeans,Ripped Denim,2,449.1,0.65,26-07-2024,Mumbai,B2B,2797.37,314.37,0.65
2792,Elizabeth Ford,T-Shirts,Graphic Tee,2,1039.2,0.65,26-07-2024,Pune,B2C,2620.13,727.44,0.65
2801,Robert Kelly,Accessories,Watches,2,1870.8,0.65,26-07-2024,Ahmedabad,B2B,-45.08,1309.56,0.65
2808,Samantha Wells,Shoes,Slip-ons,2,4234.8,0.65,26-07-2024,Delhi,B2C,-664.44,2964.36,0.65
2852,Stephen Rivera,Shoes,Boots,2,1816.8,0.65,26-07-2024,Mumbai,B2B,630.13,1271.76,0.65
2869,Briana Robles,Dresses,Casual Midi,2,4238.9,0.65,26-07-2024,hyderbad,B2B,-746.44,2967.23,0.65
2935,Danielle Hernandez,Shoes,Loafers,2,3681.1,0.65,26-07-2024,hyderbad,B2B,2705.42,2576.77,0.65
2938,Donald Brown,Shoes,Boots,2,2429.6,0.65,26-07-2024,Ahmedabad,B2B,-7.17,1700.72,0.65
2977,Brendan Martin,Dresses,Casual Midi,2,3205.9,0.65,26-07-2024,Mumbai,B2C,1421.4,2244.13,0.65
3012,Nathan Lyons,Accessories,Caps,2,674,0.65,26-07-2024,bengaluru,B2B,799.35,471.8,0.65
3058,Eric Ellison,T-Shirts,Graphic Tee,2,2948.4,0.65,26-07-2024,Pune,B2B,1074.35,2063.88,0.65
3078,Jesse Bush,Jackets,Puffer Coat,2,2563.2,0.65,26-07-2024,Ahmedabad,B2B,195.81,1794.24,0.65
1028,Miguel Edwards,Dresses,Maxi Dress,2,2996.4,0.65,26-07-2024,Pune,B2C,2205.57,2097.48,0.65
3107,Catherine Mendoza,Jeans,Slim Fit Jeans,2,2068.6,0.65,26-07-2024,Mumbai,B2C,2447.29,1448.02,0.65
3114,Eric Bridges,Jeans,Slim Fit Jeans,2,4082.6,0.65,26-07-2024,Pune,B2B,-454.61,2857.82,0.65
3145,Rachel Harris,Jackets,Bomber Jacket,2,4415,0.65,26-07-2024,Hyderabad,B2B,2754.74,3090.5,0.65
3165,Tina Hartman,Dresses,Bodycon,2,2994.3,0.65,26-07-2024,Bangalore,B2C,-990.57,2096.01,0.65
3170,Timothy Sheppard,Jackets,Denim Jacket,2,2229.8,0.65,26-07-2024,Ahmedabad,B2C,2733.99,1560.86,0.65
3182,Christopher Martinez,Dresses,Wrap Dress,2,3078.9,0.65,26-07-2024,Hyderabad,B2B,1935.04,2155.23,0.65
3188,Mr. David Green MD,Accessories,Belts,2,936.8,0.65,26-07-2024,Hyderabad,B2B,1308.49,655.76,0.65
3246,Brenda Rodriguez,Jeans,Boyfriend Jeans,2,4842.7,0.65,26-07-2024,Pune,B2B,2628.24,3389.89,0.65
3262,Melanie Wolf,Accessories,Caps,2,3727.5,0.65,26-07-2024,Ahmedabad,B2B,29.62,2609.25,0.65
3266,Alan Hall,T-Shirts,Classic Tee,2,3349.6,0.65,26-07-2024,Mumbai,B2B,1085.2,2344.72,0.65
3277,Keith Jones,Jackets,Denim Jacket,2,3583.1,0.65,26-07-2024,Ahmedabad,B2C,2185.25,2508.17,0.65
3306,John Davis,T-Shirts,Oversized T-shirt,2,4536.1,0.65,26-07-2024,Hyderabad,B2B,1015.71,3175.27,0.65
3341,Ricky Hudson,Accessories,Watches,2,2080.1,0.65,26-07-2024,hyderbad,B2B,1818.51,1456.07,0.65
3342,April Anderson,Shoes,Loafers,2,2109.8,0.65,26-07-2024,Pune,B2B,546.26,1476.86,0.65
3359,Suzanne Medina,Dresses,Maxi Dress,2,1380.4,0.65,26-07-2024,Mumbai,B2B,-329.81,966.28,0.65
3363,Amanda Mckenzie,Jackets,Puffer Coat,2,3754.2,0.65,26-07-2024,Delhi,B2B,461.46,2627.94,0.65
3378,Kathleen Collins,Jackets,Leather Jacket,2,3675,0.65,26-07-2024,Pune,B2C,2641.65,2572.5,0.65
3398,Kimberly Garcia,Dresses,Maxi Dress,2,2784.2,0.65,26-07-2024,Hyderabad,B2B,-348.84,1948.94,0.65
3405,Bridget Galvan,T-Shirts,Graphic Tee,2,2310.5,0.65,26-07-2024,Mumbai,B2C,393.88,1617.35,0.65
3430,Terry Short MD,Accessories,Watches,2,2244.1,0.65,26-07-2024,Bangalore,B2C,195.31,1570.87,0.65
3474,Christine Henderson,Shoes,Slip-ons,2,3494.9,0.65,26-07-2024,Mumbai,B2B,-76.85,2446.43,0.65
3482,Brenda Gonzales,Accessories,Watches,2,1169.9,0.65,26-07-2024,Pune,B2C,161.95,818.93,0.65
3495,Allen Williams,T-Shirts,Oversized T-shirt,2,848.8,0.65,26-07-2024,Mumbai,B2B,2259,594.16,0.65
1010,Oscar Turner,T-Shirts,Crop Top,1,4007,0.65,26-07-2024,Pune,B2B,-950.38,1402.45,0.65
1017,Alejandro Johnson,T-Shirts,Oversized T-shirt,3,468.5,0.65,26-07-2024,Mumbai,B2B,-195.65,491.925,0.65
1068,Brandon Lin,Dresses,Wrap Dress,4,2765.3,0.65,26-07-2024,Ahmedabad,B2C,1719.9,3871.42,0.65
1094,Betty Middleton,Jackets,Denim Jacket,1,4741.4,0.65,26-07-2024,Mumbai,B2C,1901.7,1659.49,0.65
1178,Joshua Anderson,T-Shirts,Crop Top,4,1204.6,0.65,26-07-2024,Hyd,B2B,2161.64,1686.44,0.65
1180,Michelle Moore,Dresses,Bodycon,6,2496,0.65,26-07-2024,Hyderabad,B2C,835.4,5241.6,0.65
1187,Karen Smith,Accessories,Belts,3,3810.9,0.65,26-07-2024,Mumbai,B2C,1153.72,4001.445,0.65
1215,Melanie Hoffman,T-Shirts,Classic Tee,6,3802.3,0.65,26-07-2024,Ahmedabad,B2C,-266.99,7984.83,0.65
1217,Cheryl King,Jackets,Denim Jacket,3,2850.4,0.65,26-07-2024,Delhi,B2C,17.31,2992.92,0.65
1231,Ashley Stevens,Shoes,Slip-ons,1,1744.7,0.65,26-07-2024,Pune,B2B,1393.69,610.645,0.65
1303,Laura Smith,Jeans,Straight Cut,3,1192.2,0.65,26-07-2024,Pune,B2B,505.33,1251.81,0.65
1342,Chloe Martinez,Dresses,Wrap Dress,1,4707.2,0.65,26-07-2024,Pune,B2B,1395.82,1647.52,0.65
1344,Jason Dixon,Jeans,Straight Cut,4,3386.9,0.65,26-07-2024,Mumbai,B2C,2006.17,4741.66,0.65
1365,Shawn Gardner,Dresses,Maxi Dress,1,776.5,0.65,26-07-2024,Delhi,B2C,2757.77,271.775,0.65
1368,Lauren Kaufman,T-Shirts,Classic Tee,4,4033,0.65,26-07-2024,Ahmedabad,B2C,-20.09,5646.2,0.65
1375,Kelly Vang,Jeans,Straight Cut,3,420.4,0.65,26-07-2024,Hyd,B2B,1318.19,441.42,0.65
1410,Dawn Caldwell,Jeans,Ripped Denim,6,4445.8,0.65,26-07-2024,Delhi,B2B,-654.59,9336.18,0.65
1444,Paula Leon,Accessories,Watches,3,3452.2,0.65,26-07-2024,Mumbai,B2B,810.8,3624.81,0.65
1457,Danielle Washington,Accessories,Watches,1,2342.2,0.65,26-07-2024,bengaluru,B2B,750.64,819.77,0.65
1470,Victoria Hayden,T-Shirts,Oversized T-shirt,1,1376.5,0.65,26-07-2024,hyderbad,B2B,0.59,481.775,0.65
1542,Sarah Welch,Jackets,Bomber Jacket,1,2044.2,0.65,26-07-2024,Pune,B2B,-798.37,715.47,0.65
1563,Cassie Johnson,Dresses,Maxi Dress,5,1571.1,0.65,26-07-2024,Ahmedabad,B2B,103.28,2749.425,0.65
1571,William James,Jackets,Denim Jacket,3,1308.1,0.65,26-07-2024,Pune,B2C,-246.91,1373.505,0.65
1624,Mark Mendoza,Jeans,Slim Fit Jeans,5,977.2,0.65,26-07-2024,Pune,B2B,1003.06,1710.1,0.65
1669,Brooke Dillon,Shoes,Boots,1,1838.6,0.65,26-07-2024,Pune,B2C,-524.25,643.51,0.65
1676,Kristine Khan,Dresses,Maxi Dress,1,4351.8,0.65,26-07-2024,Bangalore,B2B,1818.14,1523.13,0.65
1737,Nicholas Fisher,Dresses,Casual Midi,5,2220.5,0.65,26-07-2024,Pune,B2C,-156.87,3885.875,0.65
1752,Kelsey King,Jeans,Slim Fit Jeans,5,2177.2,0.65,26-07-2024,Pune,B2B,-341.7,3810.1,0.65
1776,Martin White,Shoes,Boots,4,4685,0.65,26-07-2024,Pune,B2C,-360.88,6559,0.65
1819,Kelsey King,Accessories,Watches,6,1761.2,0.65,26-07-2024,Mumbai,B2B,2069.36,3698.52,0.65
1825,Peter Baldwin,Jackets,Bomber Jacket,6,982.6,0.65,26-07-2024,Mumbai,B2B,2186.63,2063.46,0.65
1862,Christopher Evans,Dresses,Casual Midi,5,4739.7,0.65,26-07-2024,Delhi,B2C,-315.41,8294.475,0.65
1883,Jessica Mckenzie,Jeans,Straight Cut,1,4350.9,0.65,26-07-2024,Pune,B2B,2845.42,1522.815,0.65
1886,Sonya Mendoza,Accessories,Sunglasses,6,1229.1,0.65,26-07-2024,Hyderabad,B2C,1005.96,2581.11,0.65
1896,Mr. Daniel Knox,T-Shirts,Oversized T-shirt,5,4829.8,0.65,26-07-2024,Hyd,B2B,2993.71,8452.15,0.65
1943,William Hudson,Shoes,Sneakers,4,3153.5,0.65,26-07-2024,Ahmedabad,B2B,763.19,4414.9,0.65
1944,Steven Huynh,Jeans,Boyfriend Jeans,1,3227.2,0.65,26-07-2024,Mumbai,B2B,597.81,1129.52,0.65
1994,Manuel Carter,Jeans,Ripped Denim,1,1010.5,0.65,26-07-2024,Hyderabad,B2C,2321.53,353.675,0.65
2008,Carlos Bishop,Dresses,Maxi Dress,3,1284.4,0.65,26-07-2024,Ahmedabad,B2C,108.58,1348.62,0.65
2023,Adam Villarreal,Shoes,Boots,3,618.2,0.65,26-07-2024,Ahmedabad,B2C,404.9,649.11,0.65
2045,Bryan Jarvis,Jackets,Puffer Coat,1,473.7,0.65,26-07-2024,Hyd,B2C,-108.72,165.795,0.65
2049,Victoria Lee,Shoes,Loafers,1,2462.9,0.65,26-07-2024,Delhi,B2B,825.06,862.015,0.65
2073,Joseph Carney,Shoes,Slip-ons,3,1596,0.65,26-07-2024,Ahmedabad,B2C,-217.87,1675.8,0.65
2080,Jeff Gordon,Accessories,Watches,3,4672.4,0.65,26-07-2024,Delhi,B2B,991.5,4906.02,0.65
2195,John Melton,Shoes,Boots,4,3491.3,0.65,26-07-2024,hyderbad,B2C,-165.48,4887.82,0.65
2207,Virginia Murphy,Accessories,Watches,3,2146.1,0.65,26-07-2024,Pune,B2C,199.99,2253.405,0.65
2289,Linda Riley,Dresses,Casual Midi,1,3407.2,0.65,26-07-2024,Ahmedabad,B2C,2344.16,1192.52,0.65
2291,Christopher Brown Jr.,Dresses,Bodycon,4,3217.8,0.65,26-07-2024,Bangalore,B2B,2909.8,4504.92,0.65
2303,Tracy Knight,Shoes,Sneakers,6,2201.9,0.65,26-07-2024,hyderbad,B2B,1919.35,4623.99,0.65
2351,Joe Reed,Dresses,Casual Midi,1,1875.2,0.65,26-07-2024,Ahmedabad,B2B,1406.99,656.32,0.65
2358,Kimberly Villanueva,Jeans,Straight Cut,1,3099.2,0.65,26-07-2024,Mumbai,B2B,-860.89,1084.72,0.65
2378,Katie Montoya,Jeans,Straight Cut,1,1985.5,0.65,26-07-2024,Ahmedabad,B2C,-198.55,694.925,0.65
2405,Mary Smith,Jackets,Denim Jacket,1,1943.2,0.65,26-07-2024,Ahmedabad,B2B,1039.86,680.12,0.65
2408,Jeffrey Owens,Dresses,Casual Midi,6,2169.7,0.65,26-07-2024,Bangalore,B2B,442.92,4556.37,0.65
2476,Crystal Ortiz,Dresses,Casual Midi,5,2967.3,0.65,26-07-2024,hyderbad,B2B,2069.15,5192.775,0.65
2477,Joshua Knight,Shoes,Boots,3,3725.1,0.65,26-07-2024,Bangalore,B2C,1220.32,3911.355,0.65
2548,Patrick Hill,Dresses,Bodycon,1,4994.1,0.65,26-07-2024,Hyd,B2B,2068.21,1747.935,0.65
2551,Mark Wood,Accessories,Sunglasses,6,4777,0.65,26-07-2024,Ahmedabad,B2B,727.96,10031.7,0.65
2560,Jason Tucker,Shoes,Loafers,1,4699.7,0.65,26-07-2024,Mumbai,B2C,2759.92,1644.895,0.65
2603,Carol Young,T-Shirts,Crop Top,5,4403.8,0.65,26-07-2024,Mumbai,B2C,-513.19,7706.65,0.65
2632,Scott Bryant,Shoes,Loafers,3,4127.3,0.65,26-07-2024,Pune,B2B,989.17,4333.665,0.65
2639,Rachel Brown,Shoes,Sneakers,1,4948,0.65,26-07-2024,Pune,B2C,1245.61,1731.8,0.65
2667,Michelle Williams,T-Shirts,Graphic Tee,1,4710.8,0.65,26-07-2024,Ahmedabad,B2B,2520.05,1648.78,0.65
2683,Jillian Castillo,Jackets,Puffer Coat,5,3164,0.65,26-07-2024,Delhi,B2B,1411.27,5537,0.65
2693,Lisa Weaver,Jeans,Boyfriend Jeans,4,4366.4,0.65,26-07-2024,Hyd,B2B,-542.72,6112.96,0.65
2763,Steven Sharp,Accessories,Caps,3,3360,0.65,26-07-2024,hyderbad,B2B,1547.22,3528,0.65
2789,Alexis Wu,Accessories,Belts,3,3735.6,0.65,26-07-2024,Pune,B2C,-690.11,3922.38,0.65
1042,Ashley Manning,Jeans,Boyfriend Jeans,6,2422,0.65,26-07-2024,Pune,B2B,339.16,5086.2,0.65
2833,Meghan Robinson,Jeans,Ripped Denim,5,4273.3,0.65,26-07-2024,bengaluru,B2C,900.12,7478.275,0.65
2953,Ronnie Oconnor,Shoes,Boots,3,3501,0.65,26-07-2024,Mumbai,B2B,-865.81,3676.05,0.65
2987,Lauren Harrell,Accessories,Belts,6,2584.4,0.65,26-07-2024,Delhi,B2C,992.21,5427.24,0.65
2994,Christopher Cannon,T-Shirts,Oversized T-shirt,5,919.3,0.65,26-07-2024,hyderbad,B2B,2805.22,1608.775,0.65
3032,Johnathan Owens,Shoes,Slip-ons,5,3654.9,0.65,26-07-2024,Ahmedabad,B2B,1069.81,6396.075,0.65
3042,Gabriel Chen,Jackets,Leather Jacket,3,848.4,0.65,26-07-2024,bengaluru,B2C,1334.54,890.82,0.65
3111,Joel Chambers,T-Shirts,Classic Tee,1,839.9,0.65,26-07-2024,bengaluru,B2C,-286.1,293.965,0.65
3132,Raymond Robinson,Jackets,Denim Jacket,6,2940.4,0.65,26-07-2024,Hyderabad,B2C,-583.81,6174.84,0.65
1050,Robin Ortiz,Shoes,Sneakers,4,1206,0.65,26-07-2024,Delhi,B2C,-794.73,1688.4,0.65
3203,Nicholas Mclaughlin,Jackets,Denim Jacket,1,4883.5,0.65,26-07-2024,Pune,B2B,1510.55,1709.225,0.65
3323,Felicia Young,Shoes,Boots,3,4009.4,0.65,26-07-2024,Hyderabad,B2B,-495.81,4209.87,0.65
3356,Jill Singh,Shoes,Slip-ons,1,966.4,0.65,26-07-2024,bengaluru,B2C,924.69,338.24,0.65
3409,David Murphy,Jackets,Denim Jacket,1,2123.2,0.65,26-07-2024,Delhi,B2B,-717.75,743.12,0.65
3463,Tiffany Johnson,Accessories,Sunglasses,6,1139.8,0.65,26-07-2024,Pune,B2B,992.89,2393.58,0.65
3499,Zachary Werner,T-Shirts,Graphic Tee,6,1239.8,0.65,26-07-2024,Mumbai,B2C,715.15,2603.58,0.65
