Order_ID,Customer_Name,Product_Category,Product_Name,Units_Sold,Unit_Price,Discount_%,Order_Date,City,Segment,Profit,sales_amount.1,discount_c
SS100461,Nisha Kumar,Shirts,Denim Shirt,1,1044.86,15.0,2025-01-01,Mumbai,Premium Shopper,256.77,888.13,156.73
SS100470,Kavya Mishra,T-Shirts,Typography Tee,1,655.33,30.0,2025-01-01,Chandigarh,Casual Shopper,147.74,458.73,196.6
SS100798,Meera Sharma,Shirts,Casual Printed Shirt,5,1417.29,30.0,2025-01-01,Chennai,Young Professional,1212.55,4960.51,2125.94
SS101235,Priya Kapoor,Hoodies,Graphic Pullover Hoodie,1,2237.78,10.0,2025-01-01,Noida,Premium Shopper,650.05,2014.0,223.78
SS101359,Kritika Joshi,Shirts,Oversized Shirt,1,1041.68,25.0,2025-01-01,Delhi,Premium Shopper,290.61,781.26,260.42
SS101442,Ishaan Mehta,Shirts,Denim Shirt,2,1826.77,10.0,2025-01-01,Kolkata,Working Professional,1048.67,3288.19,365.35
SS102163,Rahul Chopra,Accessories,Graphic Cap,3,528.96,35.0,2025-01-01,Chandigarh,Student,273.2,1031.47,555.41
SS102694,Sneha Reddy,Bottomwear,Joggers,1,2288.59,15.0,2025-01-01,Hyderabad,Casual Shopper,540.06,1945.3,343.29
SS102865,Rohan Verma,Shirts,Oversized Shirt,2,1592.86,15.0,2025-01-01,Lucknow,Casual Shopper,698.16,2707.86,477.86
SS100712,Meera Agarwal,Hoodies,Graphic Pullover Hoodie,3,2987.38,5.0,2025-01-02,Kolkata,Working Professional,2500.83,8514.03,448.11
SS102862,Kritika Das,Bottomwear,Cargo Pants,1,2056.55,0.0,2025-01-02,Delhi,Working Professional,643.48,2056.55,0.0
SS102904,Manya Mehta,Hoodies,Oversized Hoodie,1,2975.74,25.0,2025-01-02,Bengaluru,Young Professional,531.45,2231.8,743.94
SS102906,Neha Singh,Bottomwear,Cargo Pants,2,1435.91,10.0,2025-01-02,Noida,Premium Shopper,718.75,2584.64,287.18
SS100389,Aditi Reddy,Accessories,Sling Bag,2,809.39,20.0,2025-01-03,Bengaluru,Working Professional,480.81,1295.02,323.76
SS100596,Diya Das,Shirts,Oversized Shirt,2,1992.72,0.0,2025-01-03,Surat,Student,1099.25,3985.44,0.0
SS102087,Arjun Mishra,Shirts,Denim Shirt,1,1221.73,0.0,2025-01-03,Gurugram,Student,312.75,1221.73,0.0
SS102903,Neha Kumar,Hoodies,Graphic Pullover Hoodie,1,2900.98,15.0,2025-01-03,Jaipur,Student,651.49,2465.83,435.15
SS100797,Ishaan Agarwal,Shirts,Denim Shirt,1,1547.42,30.0,2025-01-04,Chennai,Young Professional,259.89,1083.19,464.23
SS102517,Kabir Das,Hoodies,Graphic Pullover Hoodie,1,1438.8,35.0,2025-01-04,Pune,Student,137.81,935.22,503.58
SS102809,Ananya Agarwal,Shirts,Denim Shirt,3,1026.8,25.0,2025-01-04,Mumbai,Working Professional,633.04,2310.3,770.1
SS102909,Sakshi Saxena,T-Shirts,Anime Printed Tee,1,1094.93,5.0,2025-01-04,Pune,Premium Shopper,298.54,1040.18,54.75
SS101700,Vivaan Das,Bottomwear,Track Pants,2,1027.76,10.0,2025-01-05,Hyderabad,Working Professional,437.81,1849.97,205.55
SS102892,Rahul Nair,Accessories,Sling Bag,1,1118.33,20.0,2025-01-05,Lucknow,Working Professional,294.08,894.66,223.67
SS102925,Sneha Kumar,Bottomwear,Relaxed Jeans,3,1758.35,10.0,2025-01-05,Jaipur,Student,1136.3,4747.54,527.51
SS101787,Meera Nair,Shirts,Denim Shirt,1,1226.85,5.0,2025-01-06,Surat,Young Professional,332.44,1165.51,61.34
SS101889,Kritika Mishra,Bottomwear,Relaxed Jeans,2,1029.02,10.0,2025-01-06,Surat,Premium Shopper,524.97,1852.24,205.8
SS102835,Meera Verma,Bottomwear,Joggers,2,1313.9,5.0,2025-01-06,Jaipur,Working Professional,785.55,2496.41,131.39
SS100353,Aarav Singh,T-Shirts,Typography Tee,1,1121.74,30.0,2025-01-07,Bengaluru,Premium Shopper,218.4,785.22,336.52
SS100451,Shreya Mehta,Shirts,Denim Shirt,5,953.2,0.0,2025-01-07,Noida,Working Professional,1559.65,4766.0,0.0
SS100918,Pooja Kumar,Accessories,Backpack,4,876.05,20.0,2025-01-07,Hyderabad,Working Professional,957.98,2803.36,700.84
SS102613,Kavya Verma,Accessories,Sling Bag,1,741.49,20.0,2025-01-07,Pune,Working Professional,192.62,593.19,148.3
SS100536,Aarav Jain,Accessories,Socks Pack,1,749.1,15.0,2025-01-08,Noida,Working Professional,211.83,636.74,112.36
SS100742,Kritika Nair,Accessories,Backpack,1,574.45,15.0,2025-01-08,Hyderabad,Student,186.23,488.28,86.17
SS101471,Vivaan Bansal,Accessories,Backpack,1,490.77,10.0,2025-01-08,Gurugram,Casual Shopper,174.74,441.69,49.08
SS101664,Vivaan Chopra,Bottomwear,Relaxed Jeans,1,1567.74,10.0,2025-01-08,Hyderabad,Working Professional,495.55,1410.97,156.77
SS101883,Aditi Jain,Accessories,Socks Pack,1,1236.89,10.0,2025-01-08,Hyderabad,Student,416.48,1113.2,123.69
SS102010,Diya Mehta,T-Shirts,Anime Printed Tee,1,827.15,15.0,2025-01-08,Chennai,Young Professional,161.56,703.08,124.07
SS101842,Meera Reddy,Hoodies,Zip Hoodie,2,2747.21,15.0,2025-01-09,Hyderabad,Casual Shopper,1155.8,4670.26,824.16
SS102016,Kritika Reddy,Hoodies,Zip Hoodie,1,1507.28,10.0,2025-01-09,Lucknow,Student,346.61,1356.55,150.73
SS102206,Meera Nair,T-Shirts,Classic Logo Tee,1,760.2,10.0,2025-01-09,Hyderabad,Working Professional,234.38,684.18,76.02
SS102301,Yash Malhotra,Shirts,Oversized Shirt,1,1088.31,15.0,2025-01-09,Noida,Working Professional,277.68,925.06,163.25
SS100124,Diya Kapoor,T-Shirts,Classic Logo Tee,4,729.08,15.0,2025-01-10,Chandigarh,Working Professional,657.56,2478.87,437.45
SS100544,Aditi Mehta,Shirts,Denim Shirt,1,1096.63,15.0,2025-01-10,Chennai,Working Professional,224.2,932.14,164.49
SS101190,Kabir Mishra,T-Shirts,Classic Logo Tee,1,931.97,10.0,2025-01-10,Jaipur,Premium Shopper,298.82,838.77,93.2
SS101402,Tanya Bansal,T-Shirts,Classic Logo Tee,2,1345.53,10.0,2025-01-10,Mumbai,Young Professional,727.76,2421.95,269.11
SS101518,Isha Mehta,T-Shirts,Typography Tee,3,1026.62,25.0,2025-01-10,Kolkata,Casual Shopper,698.61,2309.89,769.97
SS102108,Aanya Saxena,T-Shirts,Marvel Graphic Tee,1,1261.95,5.0,2025-01-10,Noida,Young Professional,325.26,1198.85,63.1
SS100594,Arjun Verma,Bottomwear,Track Pants,1,1277.75,15.0,2025-01-11,Ahmedabad,Casual Shopper,339.39,1086.09,191.66
SS100750,Ishaan Gupta,T-Shirts,Oversized Graphic Tee,2,695.95,10.0,2025-01-11,Chandigarh,Working Professional,444.78,1252.71,139.19
SS102329,Anika Kumar,T-Shirts,Classic Logo Tee,1,760.75,10.0,2025-01-11,Hyderabad,Casual Shopper,239.76,684.68,76.07
SS101555,Aditya Kumar,T-Shirts,Marvel Graphic Tee,1,755.25,5.0,2025-01-12,Gurugram,Premium Shopper,262.6,717.49,37.76
SS102380,Nisha Patel,Accessories,Graphic Cap,2,708.52,25.0,2025-01-12,Hyderabad,Student,289.37,1062.78,354.26
SS102544,Manya Joshi,T-Shirts,Typography Tee,1,765.66,10.0,2025-01-12,Ahmedabad,Working Professional,131.86,689.09,76.57
SS102840,Anika Kumar,Hoodies,Zip Hoodie,2,1580.18,10.0,2025-01-12,Delhi,Premium Shopper,801.63,2844.32,316.04
SS101337,Neha Joshi,Shirts,Casual Printed Shirt,2,1009.58,30.0,2025-01-13,Chandigarh,Student,442.58,1413.41,605.75
SS102089,Nisha Kumar,Hoodies,Zip Hoodie,1,2685.9,0.0,2025-01-13,Lucknow,Casual Shopper,781.08,2685.9,0.0
SS100036,Nisha Mishra,T-Shirts,Typography Tee,4,1008.76,30.0,2025-01-14,Chandigarh,Young Professional,698.49,2824.53,1210.51
SS101544,Tanya Saxena,Bottomwear,Cargo Pants,2,1712.86,5.0,2025-01-14,Jaipur,Premium Shopper,972.3,3254.43,171.29
SS102932,Anika Saxena,T-Shirts,Oversized Graphic Tee,1,862.39,20.0,2025-01-15,Hyderabad,Young Professional,115.11,689.91,172.48
SS101117,Neha Sharma,Bottomwear,Cargo Pants,2,2218.39,25.0,2025-01-16,Bengaluru,Young Professional,802.19,3327.58,1109.19
SS101168,Aditya Saxena,T-Shirts,Oversized Graphic Tee,1,529.5,25.0,2025-01-16,Bengaluru,Premium Shopper,160.04,397.12,132.38
SS101371,Neha Chopra,T-Shirts,Classic Logo Tee,4,1020.88,0.0,2025-01-16,Lucknow,Casual Shopper,1301.39,4083.52,0.0
SS101467,Isha Gupta,Hoodies,Fleece Hoodie,1,2668.49,10.0,2025-01-16,Delhi,Casual Shopper,604.54,2401.64,266.85
SS101671,Aanya Saxena,Bottomwear,Joggers,1,1152.59,25.0,2025-01-16,Gurugram,Working Professional,228.83,864.44,288.15
SS101685,Neha Chopra,Bottomwear,Joggers,1,2205.3,10.0,2025-01-16,Noida,Working Professional,455.76,1984.77,220.53
SS102558,Kabir Joshi,T-Shirts,Oversized Graphic Tee,1,519.24,40.0,2025-01-16,Lucknow,Young Professional,11.56,311.54,207.7
SS100192,Ananya Bansal,Bottomwear,Joggers,3,1877.79,0.0,2025-01-17,Chandigarh,Young Professional,1603.77,5633.37,0.0
SS100255,Tanya Joshi,Shirts,Casual Printed Shirt,1,1098.38,10.0,2025-01-17,Ahmedabad,Young Professional,270.08,988.54,109.84
SS101074,Kabir Kumar,Bottomwear,Cargo Pants,1,1643.4,5.0,2025-01-17,Mumbai,Young Professional,468.51,1561.23,82.17
SS101554,Diya Verma,T-Shirts,Classic Logo Tee,4,1358.43,10.0,2025-01-17,Delhi,Student,1367.21,4890.35,543.37
SS102064,Kavya Bansal,T-Shirts,Marvel Graphic Tee,1,990.79,0.0,2025-01-17,Gurugram,Young Professional,352.49,990.79,0.0
SS102323,Isha Nair,T-Shirts,Marvel Graphic Tee,1,759.4,30.0,2025-01-17,Gurugram,Working Professional,89.43,531.58,227.82
SS102487,Yash Kumar,Bottomwear,Cargo Pants,5,2462.41,5.0,2025-01-17,Noida,Premium Shopper,3528.59,11696.45,615.6
SS102838,Rahul Kumar,Accessories,Backpack,2,523.75,5.0,2025-01-17,Chandigarh,Premium Shopper,370.23,995.12,52.38
SS102950,Kabir Kumar,Accessories,Socks Pack,1,799.97,5.0,2025-01-17,Delhi,Casual Shopper,240.98,759.97,40.0
SS100508,Rahul Gupta,Bottomwear,Relaxed Jeans,1,1763.58,15.0,2025-01-18,Surat,Casual Shopper,357.36,1499.04,264.54
SS100551,Aditi Sharma,Accessories,Sling Bag,1,414.01,20.0,2025-01-18,Chennai,Student,100.63,331.21,82.8
SS100737,Arjun Jain,Accessories,Graphic Cap,3,756.02,20.0,2025-01-18,Gurugram,Student,555.28,1814.45,453.61
SS101479,Ananya Saxena,Hoodies,Oversized Hoodie,3,1805.57,30.0,2025-01-18,Delhi,Casual Shopper,903.21,3791.7,1625.01
SS101575,Vivaan Bansal,T-Shirts,Typography Tee,4,1314.18,10.0,2025-01-18,Bengaluru,Working Professional,1432.11,4731.05,525.67
SS102169,Kabir Sharma,T-Shirts,Typography Tee,1,1393.05,20.0,2025-01-18,Surat,Young Professional,290.6,1114.44,278.61
SS102394,Simran Kumar,Bottomwear,Track Pants,1,1725.06,10.0,2025-01-18,Delhi,Working Professional,428.65,1552.55,172.51
SS100313,Ishaan Bansal,Bottomwear,Relaxed Jeans,2,1835.72,0.0,2025-01-19,Chennai,Student,954.48,3671.44,0.0
SS100729,Sakshi Agarwal,T-Shirts,Oversized Graphic Tee,1,1185.76,15.0,2025-01-19,Kolkata,Young Professional,324.29,1007.9,177.86
SS101194,Aditi Sharma,T-Shirts,Classic Logo Tee,1,1012.22,20.0,2025-01-19,Chandigarh,Young Professional,268.42,809.78,202.44
SS100177,Kabir Singh,Hoodies,Zip Hoodie,1,2293.83,10.0,2025-01-20,Surat,Young Professional,499.53,2064.45,229.38
SS101296,Shreya Singh,T-Shirts,Classic Logo Tee,1,1237.78,25.0,2025-01-20,Delhi,Student,243.38,928.34,309.44
SS101196,Yash Gupta,Bottomwear,Joggers,1,1432.41,5.0,2025-01-21,Ahmedabad,Working Professional,386.63,1360.79,71.62
SS101308,Aanya Mehta,T-Shirts,Oversized Graphic Tee,1,1290.91,10.0,2025-01-21,Kolkata,Young Professional,325.96,1161.82,129.09
SS101342,Meera Reddy,Bottomwear,Cargo Pants,2,2046.95,25.0,2025-01-21,Pune,Young Professional,755.94,3070.42,1023.47
SS101880,Kritika Jain,Shirts,Denim Shirt,1,1300.77,20.0,2025-01-21,Gurugram,Premium Shopper,291.29,1040.62,260.15
SS100701,Sakshi Nair,T-Shirts,Marvel Graphic Tee,1,1213.15,25.0,2025-01-22,Pune,Working Professional,260.27,909.86,303.29
SS102050,Rahul Kumar,Hoodies,Graphic Pullover Hoodie,2,2170.13,15.0,2025-01-22,Kolkata,Young Professional,1037.96,3689.22,651.04
SS100271,Nisha Bansal,Accessories,Graphic Cap,2,1101.56,20.0,2025-01-23,Lucknow,Student,523.99,1762.5,440.62
SS101014,Priya Malhotra,Shirts,Oversized Shirt,2,991.18,30.0,2025-01-23,Bengaluru,Working Professional,358.6,1387.65,594.71
SS101943,Rohan Gupta,Shirts,Casual Printed Shirt,1,1680.27,5.0,2025-01-23,Surat,Student,394.84,1596.26,84.01
SS101997,Ananya Kumar,T-Shirts,Typography Tee,1,1178.82,30.0,2025-01-23,Hyderabad,Premium Shopper,313.22,825.17,353.65
SS102164,Diya Saxena,Hoodies,Graphic Pullover Hoodie,1,1550.83,10.0,2025-01-23,Chandigarh,Young Professional,463.9,1395.75,155.08
SS100217,Ishaan Agarwal,Accessories,Graphic Cap,2,541.18,15.0,2025-01-24,Mumbai,Premium Shopper,348.03,920.01,162.35
SS101083,Tanya Agarwal,Bottomwear,Cargo Pants,1,1829.14,5.0,2025-01-24,Mumbai,Working Professional,543.04,1737.68,91.46
SS101388,Sneha Sharma,Bottomwear,Relaxed Jeans,5,1605.16,0.0,2025-01-24,Jaipur,Casual Shopper,2225.63,8025.8,0.0
SS102340,Shreya Mehta,Accessories,Socks Pack,3,845.1,10.0,2025-01-24,Pune,Casual Shopper,801.44,2281.77,253.53
SS102526,Rahul Patel,T-Shirts,Anime Printed Tee,1,822.61,10.0,2025-01-24,Noida,Casual Shopper,238.08,740.35,82.26
SS100039,Karan Bansal,Hoodies,Zip Hoodie,3,2107.11,0.0,2025-01-25,Pune,Young Professional,1886.72,6321.33,0.0
SS100391,Nisha Nair,Hoodies,Oversized Hoodie,1,2477.46,10.0,2025-01-25,Pune,Young Professional,692.55,2229.71,247.75
SS102964,Sneha Shah,Accessories,Backpack,1,384.81,20.0,2025-01-25,Chennai,Premium Shopper,152.51,307.85,76.96
SS101495,Anika Sharma,Shirts,Denim Shirt,1,907.92,10.0,2025-01-26,Pune,Student,203.15,817.13,90.79
SS102703,Isha Chopra,T-Shirts,Anime Printed Tee,4,1410.26,15.0,2025-01-26,Ahmedabad,Student,1306.03,4794.88,846.16
SS102901,Ananya Sharma,Accessories,Sling Bag,1,1136.24,0.0,2025-01-26,Ahmedabad,Young Professional,455.53,1136.24,0.0
SS100681,Shreya Joshi,T-Shirts,Classic Logo Tee,1,1267.42,10.0,2025-01-27,Noida,Young Professional,360.12,1140.68,126.74
SS101876,Meera Agarwal,Shirts,Oversized Shirt,2,1490.28,5.0,2025-01-27,Delhi,Young Professional,783.69,2831.53,149.03
SS100249,Rahul Mishra,Accessories,Socks Pack,1,551.25,25.0,2025-01-28,Kolkata,Student,129.52,413.44,137.81
SS100623,Pooja Shah,Hoodies,Fleece Hoodie,1,2023.89,0.0,2025-01-28,Ahmedabad,Casual Shopper,683.14,2023.89,0.0
SS101126,Karan Gupta,T-Shirts,Marvel Graphic Tee,3,1063.3,20.0,2025-01-28,Kolkata,Student,672.45,2551.92,637.98
SS102557,Isha Verma,T-Shirts,Marvel Graphic Tee,1,869.32,5.0,2025-01-28,Gurugram,Premium Shopper,236.86,825.85,43.47
SS100169,Yash Singh,Shirts,Casual Printed Shirt,1,1526.73,15.0,2025-01-29,Delhi,Young Professional,378.37,1297.72,229.01
SS102531,Aditi Sharma,Accessories,Socks Pack,1,381.93,30.0,2025-01-29,Delhi,Working Professional,81.17,267.35,114.58
SS102751,Riya Bansal,Shirts,Oversized Shirt,1,1808.64,10.0,2025-01-29,Hyderabad,Student,397.35,1627.78,180.86
SS100215,Rohan Singh,T-Shirts,Marvel Graphic Tee,2,779.46,30.0,2025-01-30,Gurugram,Working Professional,311.44,1091.24,467.68
SS102753,Nisha Mishra,Hoodies,Oversized Hoodie,3,2266.54,15.0,2025-01-30,Lucknow,Premium Shopper,1707.68,5779.68,1019.94
SS102955,Sneha Mishra,Shirts,Casual Printed Shirt,1,1511.48,25.0,2025-01-30,Kolkata,Young Professional,325.76,1133.61,377.87
SS100887,Rohan Jain,T-Shirts,Classic Logo Tee,3,1231.24,15.0,2025-01-31,Noida,Premium Shopper,1069.7,3139.66,554.06
SS101106,Neha Joshi,Hoodies,Oversized Hoodie,2,1810.97,15.0,2025-01-31,Lucknow,Young Professional,852.68,3078.65,543.29
SS101639,Pooja Saxena,Bottomwear,Relaxed Jeans,2,1888.73,0.0,2025-01-31,Jaipur,Premium Shopper,1242.06,3777.46,0.0
SS102378,Vivaan Agarwal,Hoodies,Fleece Hoodie,2,1911.79,15.0,2025-01-31,Pune,Working Professional,932.17,3250.04,573.54
SS102632,Aditi Chopra,T-Shirts,Marvel Graphic Tee,1,1452.11,10.0,2025-01-31,Surat,Working Professional,346.8,1306.9,145.21
SS100581,Aarav Mishra,Bottomwear,Relaxed Jeans,1,1370.9,10.0,2025-02-01,Chandigarh,Casual Shopper,267.97,1233.81,137.09
SS100678,Sneha Patel,Bottomwear,Relaxed Jeans,4,1515.76,20.0,2025-02-01,Ahmedabad,Student,1083.69,4850.43,1212.61
SS101003,Karan Agarwal,Accessories,Backpack,1,1054.44,15.0,2025-02-01,Pune,Student,234.05,896.27,158.17
SS101219,Vivaan Singh,T-Shirts,Marvel Graphic Tee,2,1361.15,20.0,2025-02-01,Pune,Working Professional,676.76,2177.84,544.46
SS101486,Rahul Saxena,Hoodies,Fleece Hoodie,2,2850.22,20.0,2025-02-01,Chennai,Student,1139.38,4560.35,1140.09
SS102605,Aanya Verma,Hoodies,Graphic Pullover Hoodie,4,2032.95,30.0,2025-02-01,Bengaluru,Young Professional,1326.97,5692.26,2439.54
SS102654,Sakshi Bansal,Accessories,Sling Bag,2,1048.99,25.0,2025-02-01,Pune,Young Professional,542.33,1573.48,524.49
SS102700,Riya Kumar,Hoodies,Oversized Hoodie,2,1628.29,5.0,2025-02-01,Noida,Young Professional,892.26,3093.75,162.83
SS100078,Aditya Sharma,Hoodies,Zip Hoodie,1,2542.9,15.0,2025-02-02,Surat,Working Professional,646.04,2161.46,381.43
SS100186,Aanya Verma,Accessories,Sling Bag,3,1249.61,30.0,2025-02-02,Delhi,Premium Shopper,794.49,2624.18,1124.65
SS100263,Yash Das,Hoodies,Zip Hoodie,1,2116.6,25.0,2025-02-02,Chandigarh,Working Professional,437.7,1587.45,529.15
SS101850,Riya Patel,T-Shirts,Typography Tee,1,844.18,0.0,2025-02-02,Hyderabad,Casual Shopper,266.75,844.18,0.0
SS102725,Nisha Chopra,T-Shirts,Anime Printed Tee,2,1152.6,15.0,2025-02-02,Jaipur,Working Professional,608.15,1959.42,345.78
SS102994,Neha Shah,T-Shirts,Oversized Graphic Tee,2,1111.21,15.0,2025-02-02,Pune,Premium Shopper,610.66,1889.06,333.36
SS101240,Ananya Malhotra,Bottomwear,Cargo Pants,1,1606.37,20.0,2025-02-03,Surat,Working Professional,336.26,1285.1,321.27
SS101241,Yash Verma,Accessories,Graphic Cap,1,497.37,35.0,2025-02-03,Bengaluru,Casual Shopper,128.38,323.29,174.08
SS101465,Kritika Nair,T-Shirts,Anime Printed Tee,2,1004.16,5.0,2025-02-03,Hyderabad,Young Professional,589.78,1907.9,100.42
SS101826,Kritika Singh,T-Shirts,Marvel Graphic Tee,1,1320.03,25.0,2025-02-03,Chennai,Working Professional,325.66,990.02,330.01
SS102260,Kabir Joshi,Accessories,Backpack,2,852.53,15.0,2025-02-03,Delhi,Casual Shopper,469.8,1449.3,255.76
SS101084,Simran Gupta,Bottomwear,Cargo Pants,1,1016.08,10.0,2025-02-04,Bengaluru,Young Professional,325.33,914.47,101.61
SS101481,Anika Mehta,T-Shirts,Classic Logo Tee,2,799.66,15.0,2025-02-04,Mumbai,Working Professional,453.03,1359.42,239.9
SS102223,Aanya Kumar,T-Shirts,Typography Tee,3,1217.53,15.0,2025-02-04,Ahmedabad,Premium Shopper,915.29,3104.7,547.89
SS102876,Kavya Sharma,Hoodies,Oversized Hoodie,1,1810.63,15.0,2025-02-04,Delhi,Working Professional,435.57,1539.04,271.59
SS101464,Meera Das,Bottomwear,Joggers,1,1426.28,20.0,2025-02-05,Chennai,Student,306.61,1141.02,285.26
SS101774,Sneha Kumar,Accessories,Graphic Cap,1,697.15,10.0,2025-02-05,Jaipur,Student,253.86,627.43,69.72
SS100717,Aanya Gupta,Bottomwear,Cargo Pants,1,1145.56,0.0,2025-02-06,Gurugram,Student,321.14,1145.56,0.0
SS102158,Karan Singh,Hoodies,Oversized Hoodie,4,2194.51,25.0,2025-02-06,Delhi,Working Professional,1719.97,6583.53,2194.51
SS102495,Pooja Gupta,Hoodies,Fleece Hoodie,1,2566.36,5.0,2025-02-06,Gurugram,Working Professional,707.78,2438.04,128.32
SS100287,Sneha Verma,Shirts,Denim Shirt,1,1928.74,20.0,2025-02-07,Ahmedabad,Young Professional,432.0,1542.99,385.75
SS101795,Manya Agarwal,T-Shirts,Oversized Graphic Tee,2,1051.02,20.0,2025-02-07,Chandigarh,Working Professional,529.39,1681.63,420.41
SS101806,Rahul Reddy,Shirts,Casual Printed Shirt,4,901.9,5.0,2025-02-07,Surat,Student,970.71,3427.22,180.38
SS101812,Aarav Gupta,T-Shirts,Oversized Graphic Tee,2,756.76,20.0,2025-02-07,Jaipur,Student,384.94,1210.82,302.7
SS102565,Aarav Reddy,T-Shirts,Typography Tee,1,867.88,15.0,2025-02-07,Hyderabad,Student,244.98,737.7,130.18
SS102688,Sakshi Gupta,Hoodies,Fleece Hoodie,2,2663.55,0.0,2025-02-07,Hyderabad,Young Professional,1677.55,5327.1,0.0
SS100400,Rahul Malhotra,T-Shirts,Oversized Graphic Tee,3,1287.28,15.0,2025-02-08,Noida,Casual Shopper,943.36,3282.56,579.28
SS102174,Rahul Saxena,T-Shirts,Classic Logo Tee,2,1481.94,35.0,2025-02-08,Mumbai,Premium Shopper,555.0,1926.52,1037.36
SS100042,Kabir Agarwal,T-Shirts,Classic Logo Tee,3,1400.26,10.0,2025-02-09,Hyderabad,Casual Shopper,1149.94,3780.7,420.08
SS100416,Rahul Mehta,T-Shirts,Oversized Graphic Tee,1,1365.94,20.0,2025-02-09,Kolkata,Young Professional,290.32,1092.75,273.19
SS102453,Aarav Singh,Hoodies,Oversized Hoodie,2,2694.89,20.0,2025-02-09,Bengaluru,Student,968.37,4311.82,1077.96
SS100069,Tanya Malhotra,Bottomwear,Track Pants,1,2341.65,5.0,2025-02-10,Ahmedabad,Student,578.38,2224.57,117.08
SS101177,Riya Bansal,T-Shirts,Oversized Graphic Tee,2,1262.29,15.0,2025-02-10,Noida,Premium Shopper,665.69,2145.89,378.69
SS101392,Aditi Mehta,T-Shirts,Classic Logo Tee,4,1037.33,40.0,2025-02-10,Mumbai,Premium Shopper,674.37,2489.59,1659.73
SS100074,Anika Bansal,Shirts,Oversized Shirt,1,1466.87,20.0,2025-02-11,Bengaluru,Student,344.84,1173.5,293.37
SS101401,Kabir Joshi,T-Shirts,Typography Tee,1,994.06,15.0,2025-02-11,Hyderabad,Student,233.24,844.95,149.11
SS101667,Sakshi Das,Bottomwear,Cargo Pants,2,2335.49,0.0,2025-02-11,Chennai,Young Professional,1370.95,4670.98,0.0
SS101801,Kavya Kapoor,Accessories,Graphic Cap,2,514.0,10.0,2025-02-11,Chandigarh,Working Professional,255.65,925.2,102.8
SS102875,Sneha Gupta,Hoodies,Graphic Pullover Hoodie,1,1308.87,30.0,2025-02-11,Mumbai,Young Professional,271.96,916.21,392.66
SS100323,Nisha Chopra,T-Shirts,Marvel Graphic Tee,1,1396.8,30.0,2025-02-12,Bengaluru,Premium Shopper,329.53,977.76,419.04
SS100929,Diya Patel,T-Shirts,Classic Logo Tee,2,761.11,0.0,2025-02-12,Bengaluru,Student,415.39,1522.22,0.0
SS101660,Neha Agarwal,Shirts,Denim Shirt,1,1815.06,25.0,2025-02-12,Pune,Young Professional,314.88,1361.3,453.76
SS102944,Isha Jain,Accessories,Socks Pack,3,427.81,15.0,2025-02-12,Gurugram,Premium Shopper,350.35,1090.92,192.51
SS100761,Meera Verma,T-Shirts,Typography Tee,1,911.09,40.0,2025-02-13,Gurugram,Working Professional,121.32,546.65,364.44
SS100806,Simran Mishra,Bottomwear,Joggers,4,2115.07,35.0,2025-02-13,Mumbai,Casual Shopper,1213.16,5499.18,2961.1
SS100936,Pooja Chopra,T-Shirts,Typography Tee,3,1002.07,15.0,2025-02-13,Ahmedabad,Student,783.15,2555.28,450.93
SS101034,Aditi Malhotra,T-Shirts,Typography Tee,1,1108.45,10.0,2025-02-13,Gurugram,Student,247.43,997.6,110.85
SS101706,Aditya Reddy,Shirts,Oversized Shirt,1,1794.21,20.0,2025-02-13,Bengaluru,Young Professional,365.05,1435.37,358.84
SS102067,Simran Das,T-Shirts,Classic Logo Tee,1,608.63,20.0,2025-02-13,Gurugram,Young Professional,133.06,486.9,121.73
SS102109,Sakshi Patel,Bottomwear,Track Pants,1,2138.23,5.0,2025-02-13,Gurugram,Working Professional,584.0,2031.32,106.91
SS100258,Sakshi Agarwal,Shirts,Denim Shirt,1,1341.52,20.0,2025-02-14,Hyderabad,Casual Shopper,323.33,1073.22,268.3
SS102935,Ananya Kumar,T-Shirts,Marvel Graphic Tee,1,1465.41,20.0,2025-02-14,Mumbai,Working Professional,288.88,1172.33,293.08
SS100793,Aditi Sharma,Shirts,Casual Printed Shirt,2,912.28,30.0,2025-02-15,Gurugram,Young Professional,404.61,1277.19,547.37
SS101070,Neha Joshi,T-Shirts,Marvel Graphic Tee,3,615.45,0.0,2025-02-15,Mumbai,Student,504.86,1846.35,0.0
SS101358,Kabir Patel,T-Shirts,Typography Tee,3,1273.86,15.0,2025-02-15,Surat,Student,838.27,3248.34,573.24
SS101990,Rahul Shah,Accessories,Graphic Cap,1,1016.05,20.0,2025-02-15,Mumbai,Premium Shopper,339.34,812.84,203.21
SS102041,Aditya Mehta,Shirts,Oversized Shirt,3,958.29,20.0,2025-02-15,Ahmedabad,Working Professional,630.54,2299.9,574.97
SS102045,Yash Malhotra,Accessories,Socks Pack,3,552.5,10.0,2025-02-15,Noida,Casual Shopper,541.15,1491.75,165.75
SS102638,Aanya Das,Bottomwear,Relaxed Jeans,1,1842.98,25.0,2025-02-15,Hyderabad,Student,252.2,1382.24,460.74
SS100109,Priya Reddy,T-Shirts,Marvel Graphic Tee,1,538.71,10.0,2025-02-16,Kolkata,Premium Shopper,70.12,484.84,53.87
SS100569,Arjun Jain,Hoodies,Fleece Hoodie,1,1324.95,25.0,2025-02-16,Chandigarh,Working Professional,241.37,993.71,331.24
SS102030,Arjun Saxena,T-Shirts,Marvel Graphic Tee,1,1322.23,15.0,2025-02-16,Delhi,Casual Shopper,281.7,1123.9,198.33
SS102617,Kavya Singh,T-Shirts,Marvel Graphic Tee,1,1043.2,30.0,2025-02-16,Noida,Casual Shopper,194.04,730.24,312.96
SS102736,Aarav Bansal,Bottomwear,Relaxed Jeans,1,1664.92,20.0,2025-02-16,Bengaluru,Casual Shopper,214.86,1331.94,332.98
SS101007,Kavya Das,Accessories,Graphic Cap,3,927.72,15.0,2025-02-17,Jaipur,Casual Shopper,823.08,2365.69,417.47
SS101172,Aanya Kumar,Shirts,Oversized Shirt,1,1364.16,5.0,2025-02-17,Chandigarh,Working Professional,413.08,1295.95,68.21
SS101757,Nisha Reddy,Hoodies,Oversized Hoodie,1,1631.47,0.0,2025-02-17,Gurugram,Young Professional,550.38,1631.47,0.0
SS102715,Sakshi Chopra,T-Shirts,Oversized Graphic Tee,1,1010.3,20.0,2025-02-17,Hyderabad,Young Professional,193.82,808.24,202.06
SS100588,Anika Agarwal,T-Shirts,Marvel Graphic Tee,2,730.58,25.0,2025-02-18,Lucknow,Young Professional,284.58,1095.87,365.29
SS102431,Riya Kumar,Accessories,Backpack,3,878.96,10.0,2025-02-18,Noida,Premium Shopper,927.33,2373.19,263.69
SS100228,Shreya Saxena,Bottomwear,Joggers,1,2300.03,15.0,2025-02-19,Pune,Student,345.65,1955.03,345.0
SS100490,Ishaan Jain,Hoodies,Fleece Hoodie,1,2329.23,0.0,2025-02-19,Mumbai,Working Professional,722.4,2329.23,0.0
SS101721,Kabir Sharma,T-Shirts,Anime Printed Tee,1,570.5,25.0,2025-02-19,Chennai,Young Professional,49.89,427.88,142.62
SS101892,Aditya Verma,Accessories,Sling Bag,1,313.96,25.0,2025-02-19,Chandigarh,Student,120.48,235.47,78.49
SS102014,Rohan Gupta,Hoodies,Zip Hoodie,1,2066.54,25.0,2025-02-19,Chennai,Premium Shopper,484.28,1549.9,516.64
SS102350,Anika Nair,Shirts,Denim Shirt,3,1667.93,20.0,2025-02-19,Jaipur,Young Professional,1083.09,4003.03,1000.76
SS102516,Yash Mehta,T-Shirts,Anime Printed Tee,1,1196.8,0.0,2025-02-19,Jaipur,Young Professional,392.06,1196.8,0.0
SS102698,Kavya Mishra,Accessories,Graphic Cap,5,390.07,0.0,2025-02-19,Noida,Young Professional,641.7,1950.35,0.0
SS100632,Pooja Kumar,Hoodies,Fleece Hoodie,2,2245.98,30.0,2025-02-20,Noida,Student,696.37,3144.37,1347.59
SS101042,Anika Das,T-Shirts,Oversized Graphic Tee,1,1362.58,10.0,2025-02-20,Pune,Casual Shopper,364.13,1226.32,136.26
SS102812,Shreya Das,Shirts,Casual Printed Shirt,1,1933.19,25.0,2025-02-20,Hyderabad,Working Professional,411.21,1449.89,483.3
SS100609,Nisha Shah,Shirts,Casual Printed Shirt,1,1215.73,10.0,2025-02-21,Hyderabad,Student,307.72,1094.16,121.57
SS101065,Simran Gupta,Accessories,Socks Pack,4,960.52,15.0,2025-02-21,Jaipur,Premium Shopper,1145.39,3265.77,576.31
SS101161,Aarav Chopra,T-Shirts,Anime Printed Tee,1,1351.67,25.0,2025-02-21,Chennai,Student,140.41,1013.75,337.92
SS101977,Aanya Reddy,Hoodies,Fleece Hoodie,1,1931.82,20.0,2025-02-21,Hyderabad,Young Professional,424.1,1545.46,386.36
SS102848,Rahul Saxena,Shirts,Oversized Shirt,1,1395.18,20.0,2025-02-21,Chennai,Student,326.26,1116.14,279.04
SS102888,Diya Mishra,Accessories,Graphic Cap,1,1015.13,20.0,2025-02-21,Lucknow,Student,199.68,812.1,203.03
SS100023,Aanya Patel,Hoodies,Fleece Hoodie,3,1434.3,0.0,2025-02-22,Delhi,Casual Shopper,1300.28,4302.9,0.0
SS101189,Sneha Kapoor,Shirts,Oversized Shirt,1,1572.37,15.0,2025-02-22,Noida,Premium Shopper,404.86,1336.51,235.86
SS101568,Ishaan Kumar,Shirts,Denim Shirt,4,1462.39,15.0,2025-02-22,Chandigarh,Working Professional,1528.66,4972.13,877.43
SS101661,Sakshi Kumar,Hoodies,Zip Hoodie,1,1421.86,10.0,2025-02-22,Hyderabad,Student,342.01,1279.67,142.19
SS101673,Tanya Bansal,Accessories,Sling Bag,3,350.33,5.0,2025-02-22,Chennai,Casual Shopper,303.34,998.44,52.55
SS101281,Aanya Malhotra,Shirts,Denim Shirt,1,1347.67,30.0,2025-02-23,Mumbai,Young Professional,280.86,943.37,404.3
SS101510,Aditya Joshi,Accessories,Socks Pack,1,456.38,20.0,2025-02-23,Chandigarh,Premium Shopper,103.63,365.1,91.28
SS101538,Anika Kumar,T-Shirts,Anime Printed Tee,1,499.91,5.0,2025-02-23,Hyderabad,Casual Shopper,149.29,474.91,25.0
SS102157,Diya Das,Hoodies,Graphic Pullover Hoodie,1,2616.82,0.0,2025-02-23,Delhi,Working Professional,799.78,2616.82,0.0
SS102233,Yash Shah,Accessories,Socks Pack,1,759.32,15.0,2025-02-23,Chandigarh,Young Professional,199.85,645.42,113.9
SS102395,Meera Bansal,Hoodies,Graphic Pullover Hoodie,5,2962.06,5.0,2025-02-23,Chandigarh,Young Professional,4071.6,14069.78,740.52
SS102472,Rahul Shah,Bottomwear,Cargo Pants,1,1753.84,0.0,2025-02-23,Lucknow,Casual Shopper,524.1,1753.84,0.0
SS102665,Nisha Malhotra,T-Shirts,Classic Logo Tee,4,1204.11,15.0,2025-02-23,Chandigarh,Student,1022.45,4093.97,722.47
SS102778,Kavya Jain,Hoodies,Fleece Hoodie,1,1618.94,15.0,2025-02-23,Kolkata,Student,329.9,1376.1,242.84
SS100342,Tanya Mishra,T-Shirts,Typography Tee,2,523.43,5.0,2025-02-24,Ahmedabad,Casual Shopper,359.07,994.52,52.34
SS100398,Meera Gupta,Accessories,Backpack,1,327.34,20.0,2025-02-24,Gurugram,Working Professional,71.21,261.87,65.47
SS101195,Ishaan Patel,Bottomwear,Relaxed Jeans,2,2307.16,5.0,2025-02-24,Pune,Working Professional,1316.25,4383.6,230.72
SS101887,Simran Saxena,T-Shirts,Marvel Graphic Tee,3,710.16,40.0,2025-02-24,Lucknow,Casual Shopper,358.17,1278.29,852.19
SS102003,Rahul Kumar,T-Shirts,Typography Tee,2,1057.38,25.0,2025-02-24,Hyderabad,Premium Shopper,490.37,1586.07,528.69
SS102234,Vivaan Bansal,Shirts,Oversized Shirt,2,942.4,20.0,2025-02-24,Lucknow,Casual Shopper,372.0,1507.84,376.96
SS102761,Kabir Saxena,T-Shirts,Oversized Graphic Tee,2,546.97,10.0,2025-02-24,Gurugram,Casual Shopper,265.6,984.55,109.39
SS100327,Aarav Malhotra,Shirts,Oversized Shirt,3,1037.38,35.0,2025-02-25,Hyderabad,Casual Shopper,455.59,2022.89,1089.25
SS101045,Kavya Joshi,Shirts,Denim Shirt,1,1849.33,25.0,2025-02-25,Chandigarh,Working Professional,444.74,1387.0,462.33
SS101480,Kabir Chopra,Accessories,Graphic Cap,2,310.87,10.0,2025-02-25,Bengaluru,Student,272.02,559.57,62.17
SS102154,Anika Chopra,T-Shirts,Marvel Graphic Tee,2,1023.93,0.0,2025-02-25,Chennai,Premium Shopper,719.54,2047.86,0.0
SS100160,Vivaan Chopra,Hoodies,Oversized Hoodie,4,2373.02,20.0,2025-02-26,Hyderabad,Student,1906.27,7593.66,1898.42
SS101818,Karan Kapoor,Shirts,Denim Shirt,1,1085.68,20.0,2025-02-26,Delhi,Casual Shopper,221.06,868.54,217.14
SS101917,Aditi Kapoor,Shirts,Oversized Shirt,4,1405.42,35.0,2025-02-26,Ahmedabad,Student,790.09,3654.09,1967.59
SS101987,Kabir Shah,Hoodies,Graphic Pullover Hoodie,1,2665.6,10.0,2025-02-26,Ahmedabad,Premium Shopper,725.67,2399.04,266.56
SS102133,Ananya Nair,Hoodies,Oversized Hoodie,2,2820.68,0.0,2025-02-26,Mumbai,Casual Shopper,1624.83,5641.36,0.0
SS102146,Shreya Mishra,Hoodies,Oversized Hoodie,2,1693.63,5.0,2025-02-26,Delhi,Young Professional,935.47,3217.9,169.36
SS102772,Sneha Kumar,Accessories,Graphic Cap,3,503.59,0.0,2025-02-26,Pune,Young Professional,544.75,1510.77,0.0
SS102880,Neha Agarwal,T-Shirts,Anime Printed Tee,1,1458.04,40.0,2025-02-26,Delhi,Casual Shopper,104.62,874.82,583.22
SS100303,Neha Saxena,Shirts,Casual Printed Shirt,2,1313.98,20.0,2025-02-27,Jaipur,Premium Shopper,624.74,2102.37,525.59
SS100430,Sakshi Singh,T-Shirts,Marvel Graphic Tee,1,1243.37,25.0,2025-02-27,Lucknow,Working Professional,250.45,932.53,310.84
SS101521,Kabir Sharma,Bottomwear,Joggers,1,1822.62,15.0,2025-02-27,Delhi,Young Professional,394.79,1549.23,273.39
SS101727,Nisha Verma,Bottomwear,Cargo Pants,2,2307.31,30.0,2025-02-27,Chennai,Casual Shopper,699.32,3230.23,1384.39
SS102656,Anika Saxena,Accessories,Sling Bag,1,403.82,5.0,2025-02-27,Chennai,Young Professional,123.5,383.63,20.19
SS101902,Manya Patel,Accessories,Sling Bag,1,429.84,20.0,2025-02-28,Hyderabad,Premium Shopper,63.52,343.87,85.97
SS100196,Rohan Joshi,Accessories,Backpack,3,382.04,20.0,2025-03-01,Hyderabad,Young Professional,276.44,916.9,229.22
SS100876,Neha Mishra,Shirts,Oversized Shirt,2,1970.06,5.0,2025-03-01,Mumbai,Young Professional,1123.33,3743.11,197.01
SS100886,Meera Singh,Shirts,Casual Printed Shirt,1,1444.4,30.0,2025-03-01,Ahmedabad,Young Professional,245.79,1011.08,433.32
SS101232,Aditi Kapoor,T-Shirts,Classic Logo Tee,2,1019.82,10.0,2025-03-01,Chandigarh,Working Professional,567.87,1835.68,203.96
SS100261,Aanya Patel,Bottomwear,Joggers,1,1188.98,10.0,2025-03-02,Hyderabad,Casual Shopper,297.81,1070.08,118.9
SS100394,Arjun Kumar,Hoodies,Graphic Pullover Hoodie,3,2610.25,0.0,2025-03-02,Gurugram,Casual Shopper,2334.84,7830.75,0.0
SS100650,Aditi Jain,T-Shirts,Classic Logo Tee,1,1413.58,5.0,2025-03-02,Mumbai,Premium Shopper,416.65,1342.9,70.68
SS100651,Kritika Agarwal,Hoodies,Graphic Pullover Hoodie,1,1453.76,20.0,2025-03-02,Hyderabad,Student,263.3,1163.01,290.75
SS102081,Tanya Kumar,T-Shirts,Typography Tee,2,1102.33,15.0,2025-03-02,Noida,Student,509.35,1873.96,330.7
SS102524,Kritika Patel,Accessories,Sling Bag,1,1079.94,25.0,2025-03-02,Jaipur,Working Professional,204.05,809.96,269.98
SS102608,Aarav Gupta,Shirts,Denim Shirt,2,1683.33,10.0,2025-03-02,Ahmedabad,Working Professional,950.3,3029.99,336.67
SS102706,Ananya Mishra,T-Shirts,Marvel Graphic Tee,1,1147.75,10.0,2025-03-02,Ahmedabad,Casual Shopper,348.19,1032.98,114.77
SS100426,Anika Verma,Hoodies,Oversized Hoodie,1,1513.1,15.0,2025-03-03,Bengaluru,Student,340.97,1286.14,226.96
SS100964,Tanya Bansal,T-Shirts,Marvel Graphic Tee,2,511.76,25.0,2025-03-03,Surat,Premium Shopper,248.79,767.64,255.88
SS100987,Nisha Mishra,Hoodies,Fleece Hoodie,4,2485.8,10.0,2025-03-03,Delhi,Young Professional,2442.38,8948.88,994.32
SS101136,Priya Kapoor,Accessories,Sling Bag,2,406.45,10.0,2025-03-03,Lucknow,Young Professional,221.03,731.61,81.29
SS101645,Priya Saxena,Accessories,Graphic Cap,1,406.36,5.0,2025-03-03,Ahmedabad,Young Professional,107.04,386.04,20.32
SS102293,Aditi Kapoor,Hoodies,Fleece Hoodie,1,2809.69,15.0,2025-03-03,Gurugram,Casual Shopper,713.72,2388.24,421.45
SS102470,Kritika Gupta,T-Shirts,Classic Logo Tee,2,864.03,25.0,2025-03-03,Kolkata,Working Professional,331.49,1296.04,432.01
SS100626,Kabir Chopra,Hoodies,Zip Hoodie,2,2053.99,5.0,2025-03-04,Lucknow,Student,1008.91,3902.58,205.4
SS101093,Simran Mehta,Hoodies,Graphic Pullover Hoodie,2,2109.17,0.0,2025-03-04,Noida,Casual Shopper,1208.46,4218.34,0.0
SS101677,Riya Kapoor,Hoodies,Fleece Hoodie,1,2561.8,15.0,2025-03-04,Pune,Student,556.09,2177.53,384.27
SS101705,Aarav Mehta,T-Shirts,Oversized Graphic Tee,1,1272.94,15.0,2025-03-04,Ahmedabad,Young Professional,291.7,1082.0,190.94
SS100867,Anika Joshi,T-Shirts,Marvel Graphic Tee,1,626.18,0.0,2025-03-05,Jaipur,Premium Shopper,194.25,626.18,0.0
SS101332,Anika Singh,T-Shirts,Marvel Graphic Tee,2,1426.93,5.0,2025-03-05,Ahmedabad,Working Professional,950.81,2711.17,142.69
SS100011,Rahul Joshi,Bottomwear,Track Pants,2,1618.37,20.0,2025-03-06,Kolkata,Premium Shopper,676.3,2589.39,647.35
SS100486,Neha Kapoor,T-Shirts,Classic Logo Tee,1,1474.53,0.0,2025-03-06,Surat,Young Professional,537.66,1474.53,0.0
SS100614,Aanya Singh,Bottomwear,Cargo Pants,1,1477.98,20.0,2025-03-06,Surat,Student,262.23,1182.38,295.6
SS100680,Kabir Saxena,Accessories,Socks Pack,1,568.97,5.0,2025-03-06,Hyderabad,Casual Shopper,148.86,540.52,28.45
SS100985,Sakshi Gupta,Hoodies,Graphic Pullover Hoodie,2,2471.49,5.0,2025-03-06,Ahmedabad,Working Professional,1399.55,4695.83,247.15
SS102062,Aditi Das,Accessories,Socks Pack,4,783.27,25.0,2025-03-06,Gurugram,Young Professional,743.04,2349.81,783.27
SS100583,Sakshi Singh,T-Shirts,Anime Printed Tee,2,1431.13,15.0,2025-03-07,Gurugram,Working Professional,790.96,2432.92,429.34
SS100685,Priya Jain,Shirts,Denim Shirt,1,1416.36,20.0,2025-03-07,Pune,Student,287.79,1133.09,283.27
SS101601,Aanya Singh,T-Shirts,Classic Logo Tee,1,1235.02,0.0,2025-03-07,Hyderabad,Young Professional,334.25,1235.02,0.0
SS101803,Anika Agarwal,T-Shirts,Classic Logo Tee,1,1299.05,20.0,2025-03-07,Kolkata,Student,315.19,1039.24,259.81
SS102630,Priya Kumar,Shirts,Casual Printed Shirt,1,1722.24,30.0,2025-03-07,Surat,Young Professional,278.03,1205.57,516.67
SS100488,Isha Sharma,Bottomwear,Relaxed Jeans,2,1891.57,40.0,2025-03-08,Lucknow,Premium Shopper,576.2,2269.88,1513.26
SS100768,Aditi Singh,Hoodies,Graphic Pullover Hoodie,1,1727.78,20.0,2025-03-08,Noida,Casual Shopper,390.77,1382.22,345.56
SS101377,Kavya Patel,Hoodies,Fleece Hoodie,1,2219.02,20.0,2025-03-08,Hyderabad,Student,380.94,1775.22,443.8
SS101909,Sakshi Gupta,T-Shirts,Typography Tee,1,1032.59,15.0,2025-03-08,Chennai,Casual Shopper,312.56,877.7,154.89
SS101927,Isha Mehta,Hoodies,Graphic Pullover Hoodie,1,2211.26,0.0,2025-03-08,Kolkata,Casual Shopper,642.31,2211.26,0.0
SS101989,Isha Singh,Accessories,Sling Bag,2,594.93,25.0,2025-03-08,Chandigarh,Student,286.27,892.4,297.46
SS102220,Vivaan Jain,Shirts,Denim Shirt,4,921.56,20.0,2025-03-08,Pune,Student,758.38,2948.99,737.25
SS102659,Sneha Shah,Shirts,Denim Shirt,3,1967.43,15.0,2025-03-08,Ahmedabad,Casual Shopper,1348.85,5016.95,885.34
SS101307,Riya Shah,Accessories,Graphic Cap,1,985.95,15.0,2025-03-09,Chennai,Working Professional,266.46,838.06,147.89
SS101434,Anika Mishra,T-Shirts,Typography Tee,1,885.49,10.0,2025-03-09,Ahmedabad,Working Professional,301.76,796.94,88.55
SS101624,Pooja Chopra,T-Shirts,Anime Printed Tee,1,573.75,0.0,2025-03-09,Chennai,Young Professional,185.66,573.75,0.0
SS102577,Rohan Singh,Shirts,Oversized Shirt,1,954.02,20.0,2025-03-09,Ahmedabad,Premium Shopper,247.47,763.22,190.8
SS102819,Kritika Malhotra,Hoodies,Oversized Hoodie,5,1710.95,0.0,2025-03-09,Hyderabad,Casual Shopper,2445.91,8554.75,0.0
SS100149,Pooja Shah,T-Shirts,Oversized Graphic Tee,2,637.65,5.0,2025-03-10,Mumbai,Young Professional,443.15,1211.53,63.77
SS100326,Diya Nair,Shirts,Casual Printed Shirt,2,1294.5,20.0,2025-03-10,Hyderabad,Working Professional,608.49,2071.2,517.8
SS101108,Anika Agarwal,Shirts,Oversized Shirt,2,1446.94,15.0,2025-03-10,Surat,Student,651.09,2459.8,434.08
SS101672,Isha Gupta,Bottomwear,Track Pants,1,1091.26,5.0,2025-03-10,Chennai,Student,280.81,1036.7,54.56
SS102683,Shreya Malhotra,Hoodies,Oversized Hoodie,1,2240.52,25.0,2025-03-10,Hyderabad,Young Professional,445.45,1680.39,560.13
SS102726,Karan Malhotra,T-Shirts,Oversized Graphic Tee,3,1337.16,15.0,2025-03-10,Chandigarh,Student,996.53,3409.76,601.72
SS101670,Pooja Sharma,Hoodies,Fleece Hoodie,2,1982.67,35.0,2025-03-11,Bengaluru,Student,530.85,2577.47,1387.87
SS102774,Nisha Agarwal,Shirts,Oversized Shirt,2,914.38,35.0,2025-03-11,Chandigarh,Young Professional,207.86,1188.69,640.07
SS102845,Priya Nair,Hoodies,Oversized Hoodie,2,2284.34,10.0,2025-03-11,Bengaluru,Student,1072.46,4111.81,456.87
SS102913,Riya Singh,Bottomwear,Relaxed Jeans,1,2248.81,5.0,2025-03-11,Ahmedabad,Young Professional,470.63,2136.37,112.44
SS100552,Rohan Mishra,Shirts,Casual Printed Shirt,1,1663.3,0.0,2025-03-12,Mumbai,Working Professional,560.06,1663.3,0.0
SS100971,Rohan Patel,Bottomwear,Relaxed Jeans,1,1199.96,10.0,2025-03-12,Gurugram,Casual Shopper,205.04,1079.96,120.0
SS101647,Tanya Verma,Accessories,Backpack,2,332.44,20.0,2025-03-12,Chennai,Working Professional,112.14,531.9,132.98
SS102274,Nisha Verma,Bottomwear,Relaxed Jeans,1,1275.5,5.0,2025-03-12,Chennai,Student,332.88,1211.72,63.78
SS101352,Priya Mishra,Hoodies,Oversized Hoodie,1,1721.51,25.0,2025-03-13,Hyderabad,Working Professional,318.22,1291.13,430.38
SS101973,Sneha Reddy,Hoodies,Oversized Hoodie,1,1655.77,0.0,2025-03-13,Jaipur,Casual Shopper,496.14,1655.77,0.0
SS102830,Diya Mehta,Hoodies,Fleece Hoodie,2,1918.06,10.0,2025-03-13,Chennai,Young Professional,1033.91,3452.51,383.61
SS100173,Karan Mishra,T-Shirts,Anime Printed Tee,1,1184.88,0.0,2025-03-14,Jaipur,Young Professional,390.52,1184.88,0.0
SS100304,Isha Singh,Accessories,Backpack,5,963.07,30.0,2025-03-14,Chennai,Student,1052.51,3370.74,1444.61
SS100306,Simran Verma,Hoodies,Zip Hoodie,3,1514.96,25.0,2025-03-14,Delhi,Working Professional,887.6,3408.66,1136.22
SS100516,Tanya Gupta,Hoodies,Zip Hoodie,1,2617.2,30.0,2025-03-15,Ahmedabad,Young Professional,450.44,1832.04,785.16
SS100978,Nisha Jain,Hoodies,Graphic Pullover Hoodie,1,1934.06,20.0,2025-03-15,Kolkata,Student,345.84,1547.25,386.81
SS101408,Kavya Agarwal,Shirts,Denim Shirt,2,1080.21,5.0,2025-03-15,Surat,Premium Shopper,631.29,2052.4,108.02
SS101817,Nisha Agarwal,Accessories,Backpack,1,570.86,20.0,2025-03-15,Jaipur,Premium Shopper,113.77,456.69,114.17
SS101859,Simran Reddy,Accessories,Backpack,1,874.52,10.0,2025-03-15,Hyderabad,Casual Shopper,274.12,787.07,87.45
SS101954,Aanya Shah,Bottomwear,Cargo Pants,1,2293.54,10.0,2025-03-15,Gurugram,Casual Shopper,509.62,2064.19,229.35
SS100956,Kavya Patel,Hoodies,Zip Hoodie,1,1663.26,15.0,2025-03-16,Mumbai,Student,362.25,1413.77,249.49
SS101275,Sakshi Mehta,T-Shirts,Anime Printed Tee,2,698.87,20.0,2025-03-16,Mumbai,Casual Shopper,397.76,1118.19,279.55
SS101390,Aarav Sharma,T-Shirts,Anime Printed Tee,1,1011.02,15.0,2025-03-16,Noida,Young Professional,296.1,859.37,151.65
SS101542,Meera Saxena,Shirts,Casual Printed Shirt,2,1160.27,30.0,2025-03-16,Lucknow,Premium Shopper,480.44,1624.38,696.16
SS101770,Yash Agarwal,Hoodies,Fleece Hoodie,1,2073.04,0.0,2025-03-16,Delhi,Casual Shopper,599.11,2073.04,0.0
SS100889,Arjun Sharma,T-Shirts,Anime Printed Tee,1,1167.18,20.0,2025-03-17,Noida,Student,207.48,933.74,233.44
SS101217,Rohan Jain,Shirts,Denim Shirt,5,1983.59,25.0,2025-03-17,Pune,Working Professional,2046.0,7438.46,2479.49
SS101346,Kritika Patel,Hoodies,Graphic Pullover Hoodie,1,2130.63,0.0,2025-03-17,Bengaluru,Student,671.89,2130.63,0.0
SS101903,Ananya Mehta,T-Shirts,Oversized Graphic Tee,1,1174.81,0.0,2025-03-17,Ahmedabad,Casual Shopper,347.92,1174.81,0.0
SS102225,Simran Chopra,Hoodies,Graphic Pullover Hoodie,2,2694.91,0.0,2025-03-17,Surat,Premium Shopper,1677.53,5389.82,0.0
SS100113,Shreya Mishra,Accessories,Sling Bag,2,520.24,10.0,2025-03-18,Hyderabad,Casual Shopper,398.65,936.43,104.05
SS100136,Sneha Joshi,Hoodies,Graphic Pullover Hoodie,2,1760.35,20.0,2025-03-18,Mumbai,Working Professional,787.31,2816.56,704.14
SS100337,Pooja Bansal,Shirts,Denim Shirt,2,1770.97,30.0,2025-03-18,Chandigarh,Student,615.74,2479.36,1062.58
SS100765,Aanya Kapoor,Shirts,Casual Printed Shirt,3,1513.72,10.0,2025-03-18,Kolkata,Working Professional,1183.13,4087.04,454.12
SS100781,Karan Shah,Shirts,Oversized Shirt,2,1787.97,10.0,2025-03-18,Noida,Working Professional,974.56,3218.35,357.59
SS101078,Sakshi Saxena,T-Shirts,Classic Logo Tee,2,1142.77,15.0,2025-03-18,Delhi,Premium Shopper,479.88,1942.71,342.83
SS101573,Isha Jain,Bottomwear,Joggers,5,1309.48,10.0,2025-03-18,Pune,Young Professional,1556.09,5892.66,654.74
SS102650,Sneha Kapoor,T-Shirts,Typography Tee,4,934.39,10.0,2025-03-18,Chandigarh,Premium Shopper,1036.42,3363.8,373.76
SS101316,Ishaan Reddy,Hoodies,Fleece Hoodie,1,2211.68,15.0,2025-03-19,Noida,Young Professional,600.34,1879.93,331.75
SS101376,Riya Chopra,Hoodies,Oversized Hoodie,1,1792.48,20.0,2025-03-19,Mumbai,Working Professional,405.1,1433.98,358.5
SS102434,Sneha Kapoor,Bottomwear,Joggers,1,1248.62,15.0,2025-03-19,Noida,Working Professional,291.0,1061.33,187.29
SS101716,Karan Singh,T-Shirts,Marvel Graphic Tee,1,1186.9,0.0,2025-03-20,Chandigarh,Working Professional,333.61,1186.9,0.0
SS102288,Sakshi Jain,Hoodies,Oversized Hoodie,2,1588.95,35.0,2025-03-20,Chennai,Casual Shopper,396.62,2065.64,1112.26
SS102335,Aditya Gupta,Hoodies,Graphic Pullover Hoodie,1,2286.05,30.0,2025-03-20,Pune,Working Professional,404.02,1600.24,685.82
SS100060,Sakshi Das,Hoodies,Zip Hoodie,2,2793.1,10.0,2025-03-21,Hyderabad,Young Professional,1410.44,5027.58,558.62
SS100500,Priya Sharma,Shirts,Denim Shirt,1,1447.94,5.0,2025-03-21,Jaipur,Working Professional,405.54,1375.54,72.4
SS101051,Pooja Kapoor,Hoodies,Zip Hoodie,1,2699.96,5.0,2025-03-21,Ahmedabad,Casual Shopper,696.76,2564.96,135.0
SS101916,Priya Bansal,Bottomwear,Joggers,1,1893.05,25.0,2025-03-21,Ahmedabad,Working Professional,326.9,1419.79,473.26
SS102194,Rohan Saxena,T-Shirts,Oversized Graphic Tee,1,1326.91,30.0,2025-03-21,Lucknow,Working Professional,302.32,928.84,398.07
SS102389,Shreya Mishra,Shirts,Denim Shirt,3,1057.06,10.0,2025-03-21,Kolkata,Young Professional,811.46,2854.06,317.12
SS100320,Vivaan Das,Shirts,Oversized Shirt,1,1857.4,0.0,2025-03-22,Chandigarh,Working Professional,620.17,1857.4,0.0
SS102360,Aditi Nair,T-Shirts,Classic Logo Tee,1,1180.53,20.0,2025-03-22,Delhi,Student,307.75,944.42,236.11
SS100047,Shreya Kapoor,Hoodies,Oversized Hoodie,2,2538.08,30.0,2025-03-23,Kolkata,Student,809.31,3553.31,1522.85
SS100688,Arjun Reddy,Accessories,Graphic Cap,4,812.08,25.0,2025-03-23,Surat,Premium Shopper,862.06,2436.24,812.08
SS102550,Sneha Verma,Hoodies,Oversized Hoodie,2,2538.13,25.0,2025-03-23,Bengaluru,Premium Shopper,1001.67,3807.2,1269.06
SS102807,Aditya Jain,T-Shirts,Typography Tee,3,1037.08,10.0,2025-03-23,Chandigarh,Student,767.23,2800.12,311.12
SS100107,Priya Joshi,Accessories,Socks Pack,3,556.37,30.0,2025-03-24,Kolkata,Student,386.91,1168.38,500.73
SS100401,Riya Kumar,Bottomwear,Cargo Pants,1,1387.55,5.0,2025-03-24,Chandigarh,Student,335.82,1318.17,69.38
SS100940,Kavya Chopra,T-Shirts,Marvel Graphic Tee,1,1072.5,0.0,2025-03-24,Mumbai,Student,377.81,1072.5,0.0
SS102095,Karan Das,Accessories,Backpack,2,1156.66,35.0,2025-03-24,Delhi,Working Professional,488.02,1503.66,809.66
SS102449,Shreya Bansal,Hoodies,Zip Hoodie,4,2127.92,15.0,2025-03-24,Kolkata,Casual Shopper,1917.08,7234.93,1276.75
SS102193,Neha Joshi,Shirts,Casual Printed Shirt,1,1830.71,5.0,2025-03-25,Ahmedabad,Working Professional,503.56,1739.17,91.54
SS102275,Anika Reddy,Shirts,Oversized Shirt,1,970.32,20.0,2025-03-25,Chennai,Casual Shopper,151.58,776.26,194.06
SS100527,Aarav Sharma,T-Shirts,Typography Tee,1,1484.86,20.0,2025-03-26,Kolkata,Student,376.65,1187.89,296.97
SS102614,Aditi Reddy,T-Shirts,Classic Logo Tee,2,1145.95,0.0,2025-03-26,Chandigarh,Working Professional,763.74,2291.9,0.0
SS101116,Priya Bansal,T-Shirts,Oversized Graphic Tee,1,602.77,0.0,2025-03-27,Bengaluru,Working Professional,138.56,602.77,0.0
SS101341,Sneha Mishra,Hoodies,Fleece Hoodie,1,2481.33,0.0,2025-03-27,Surat,Working Professional,823.76,2481.33,0.0
SS101421,Vivaan Joshi,Hoodies,Graphic Pullover Hoodie,2,2802.95,35.0,2025-03-27,Noida,Young Professional,894.66,3643.84,1962.06
SS102028,Aditi Jain,T-Shirts,Typography Tee,2,1334.23,20.0,2025-03-27,Chandigarh,Student,499.45,2134.77,533.69
SS100135,Diya Bansal,T-Shirts,Oversized Graphic Tee,1,597.97,35.0,2025-03-28,Mumbai,Working Professional,77.13,388.68,209.29
SS101105,Sneha Joshi,T-Shirts,Classic Logo Tee,5,839.58,30.0,2025-03-28,Pune,Working Professional,802.25,2938.53,1259.37
SS101737,Shreya Mehta,T-Shirts,Anime Printed Tee,2,517.52,25.0,2025-03-28,Pune,Casual Shopper,188.36,776.28,258.76
SS102047,Anika Malhotra,Shirts,Oversized Shirt,1,1195.78,5.0,2025-03-28,Delhi,Casual Shopper,283.52,1135.99,59.79
SS102361,Isha Patel,Hoodies,Graphic Pullover Hoodie,1,2455.19,10.0,2025-03-28,Jaipur,Premium Shopper,740.14,2209.67,245.52
SS102420,Aditya Shah,T-Shirts,Typography Tee,1,1051.84,20.0,2025-03-28,Gurugram,Premium Shopper,271.4,841.47,210.37
SS102769,Priya Nair,Shirts,Denim Shirt,1,1008.11,25.0,2025-03-28,Surat,Student,211.1,756.08,252.03
SS100226,Isha Mishra,Bottomwear,Track Pants,2,1189.4,25.0,2025-03-29,Jaipur,Young Professional,431.85,1784.1,594.7
SS100543,Sneha Kumar,Shirts,Casual Printed Shirt,4,1356.84,15.0,2025-03-29,Noida,Casual Shopper,1229.2,4613.26,814.1
SS101466,Simran Shah,Bottomwear,Cargo Pants,1,1796.0,25.0,2025-03-29,Ahmedabad,Student,389.25,1347.0,449.0
SS101596,Shreya Kumar,T-Shirts,Anime Printed Tee,1,994.32,20.0,2025-03-29,Chandigarh,Student,291.19,795.46,198.86
SS102669,Meera Mishra,T-Shirts,Classic Logo Tee,1,1089.3,25.0,2025-03-29,Delhi,Working Professional,154.37,816.97,272.33
SS100044,Ananya Joshi,T-Shirts,Typography Tee,3,880.41,10.0,2025-03-30,Kolkata,Young Professional,699.75,2377.11,264.12
SS100275,Priya Kumar,Hoodies,Zip Hoodie,3,1788.86,15.0,2025-03-30,Lucknow,Premium Shopper,1434.06,4561.59,804.99
SS100622,Nisha Patel,Hoodies,Zip Hoodie,2,1565.5,5.0,2025-03-30,Kolkata,Casual Shopper,864.93,2974.45,156.55
SS102100,Nisha Kapoor,Bottomwear,Joggers,1,1559.46,35.0,2025-03-30,Noida,Casual Shopper,191.89,1013.65,545.81
SS102639,Riya Mehta,Shirts,Denim Shirt,1,1425.94,10.0,2025-03-30,Lucknow,Young Professional,396.99,1283.35,142.59
SS102684,Priya Mishra,T-Shirts,Classic Logo Tee,2,1028.77,10.0,2025-03-30,Pune,Working Professional,629.7,1851.79,205.75
SS102765,Ishaan Saxena,Bottomwear,Joggers,1,1207.78,30.0,2025-03-30,Hyderabad,Student,198.55,845.45,362.33
SS100080,Simran Singh,Bottomwear,Joggers,5,1299.51,20.0,2025-03-31,Chennai,Student,1173.77,5198.04,1299.51
SS100361,Anika Mehta,Shirts,Oversized Shirt,3,1100.8,10.0,2025-03-31,Lucknow,Student,856.15,2972.16,330.24
SS100635,Shreya Chopra,Hoodies,Graphic Pullover Hoodie,1,1849.62,25.0,2025-03-31,Chennai,Working Professional,420.74,1387.22,462.4
SS102780,Rohan Kumar,T-Shirts,Typography Tee,4,974.93,35.0,2025-03-31,Jaipur,Working Professional,701.39,2534.82,1364.9
SS102874,Aanya Mehta,Accessories,Graphic Cap,1,512.93,30.0,2025-03-31,Gurugram,Student,71.37,359.05,153.88
SS100086,Sakshi Nair,Accessories,Backpack,2,1082.95,0.0,2025-04-01,Mumbai,Student,716.47,2165.9,0.0
SS101551,Nisha Kapoor,Shirts,Oversized Shirt,5,1587.87,25.0,2025-04-01,Chennai,Premium Shopper,1694.3,5954.51,1984.84
SS102384,Meera Shah,T-Shirts,Marvel Graphic Tee,1,608.0,15.0,2025-04-01,Surat,Student,143.28,516.8,91.2
SS100770,Manya Agarwal,T-Shirts,Anime Printed Tee,3,1446.17,10.0,2025-04-02,Chennai,Young Professional,1123.97,3904.66,433.85
SS100858,Shreya Das,Shirts,Casual Printed Shirt,1,1129.88,30.0,2025-04-03,Bengaluru,Working Professional,185.71,790.92,338.96
SS101229,Rohan Kumar,Hoodies,Zip Hoodie,1,2915.01,15.0,2025-04-03,Kolkata,Working Professional,734.44,2477.76,437.25
SS102747,Kritika Reddy,T-Shirts,Marvel Graphic Tee,1,1346.68,20.0,2025-04-03,Surat,Young Professional,336.76,1077.34,269.34
SS101882,Kabir Patel,Shirts,Casual Printed Shirt,2,1664.2,5.0,2025-04-04,Chandigarh,Student,910.32,3161.98,166.42
SS102265,Anika Mehta,Shirts,Oversized Shirt,1,1037.17,0.0,2025-04-04,Mumbai,Premium Shopper,358.18,1037.17,0.0
SS100103,Yash Saxena,Hoodies,Fleece Hoodie,1,2867.37,10.0,2025-04-05,Surat,Working Professional,820.78,2580.63,286.74
SS102291,Aditya Agarwal,T-Shirts,Typography Tee,2,800.23,10.0,2025-04-05,Kolkata,Young Professional,419.16,1440.41,160.05
SS100576,Tanya Nair,T-Shirts,Oversized Graphic Tee,1,584.2,20.0,2025-04-06,Kolkata,Student,52.11,467.36,116.84
SS101026,Kabir Patel,Bottomwear,Relaxed Jeans,3,1889.42,0.0,2025-04-06,Hyderabad,Working Professional,1681.1,5668.26,0.0
SS101860,Kavya Mehta,Accessories,Graphic Cap,1,1224.26,5.0,2025-04-06,Pune,Working Professional,485.22,1163.05,61.21
SS102365,Ananya Mishra,T-Shirts,Classic Logo Tee,1,540.97,35.0,2025-04-06,Jaipur,Working Professional,63.24,351.63,189.34
SS102795,Nisha Das,Shirts,Casual Printed Shirt,2,1789.42,0.0,2025-04-06,Chandigarh,Young Professional,1083.88,3578.84,0.0
SS100133,Aarav Mehta,T-Shirts,Typography Tee,2,608.28,20.0,2025-04-07,Ahmedabad,Young Professional,185.28,973.25,243.31
SS100168,Riya Mishra,T-Shirts,Typography Tee,4,948.12,15.0,2025-04-07,Ahmedabad,Casual Shopper,828.93,3223.61,568.87
SS100720,Isha Shah,Bottomwear,Relaxed Jeans,1,2493.02,15.0,2025-04-07,Mumbai,Young Professional,580.54,2119.07,373.95
SS100776,Rahul Verma,T-Shirts,Marvel Graphic Tee,2,642.69,10.0,2025-04-07,Lucknow,Student,364.05,1156.84,128.54
SS101206,Kritika Sharma,Shirts,Oversized Shirt,2,1058.18,20.0,2025-04-07,Kolkata,Working Professional,498.67,1693.09,423.27
SS101813,Ananya Malhotra,T-Shirts,Typography Tee,3,725.43,15.0,2025-04-07,Kolkata,Working Professional,594.96,1849.85,326.44
SS100690,Priya Mehta,T-Shirts,Oversized Graphic Tee,1,1346.36,15.0,2025-04-08,Jaipur,Student,355.98,1144.41,201.95
SS100874,Yash Agarwal,T-Shirts,Marvel Graphic Tee,1,1446.73,40.0,2025-04-08,Chennai,Student,216.96,868.04,578.69
SS101004,Meera Nair,Accessories,Graphic Cap,1,905.72,20.0,2025-04-08,Mumbai,Casual Shopper,246.02,724.58,181.14
SS101718,Yash Kumar,Bottomwear,Relaxed Jeans,2,2082.47,5.0,2025-04-08,Chandigarh,Young Professional,1135.76,3956.69,208.25
SS102593,Karan Gupta,Hoodies,Oversized Hoodie,2,1533.14,15.0,2025-04-08,Kolkata,Working Professional,673.15,2606.34,459.94
SS100861,Anika Agarwal,Hoodies,Fleece Hoodie,4,2440.33,5.0,2025-04-09,Bengaluru,Working Professional,2744.29,9273.25,488.07
SS100045,Aditi Agarwal,Shirts,Casual Printed Shirt,4,1053.96,20.0,2025-04-10,Noida,Working Professional,961.78,3372.67,843.17
SS100117,Kavya Jain,T-Shirts,Marvel Graphic Tee,1,1116.73,30.0,2025-04-10,Chandigarh,Working Professional,241.37,781.71,335.02
SS100270,Tanya Gupta,Accessories,Graphic Cap,1,1115.03,25.0,2025-04-10,Kolkata,Young Professional,204.73,836.27,278.76
SS102106,Arjun Gupta,Accessories,Backpack,2,331.11,40.0,2025-04-10,Jaipur,Premium Shopper,149.94,397.33,264.89
SS100167,Ananya Nair,T-Shirts,Marvel Graphic Tee,1,832.37,10.0,2025-04-11,Ahmedabad,Student,186.3,749.13,83.24
SS102631,Kritika Malhotra,Shirts,Casual Printed Shirt,1,1733.67,15.0,2025-04-11,Surat,Premium Shopper,395.79,1473.62,260.05
SS102729,Meera Das,Hoodies,Oversized Hoodie,2,2190.97,40.0,2025-04-11,Gurugram,Student,483.61,2629.16,1752.78
SS100982,Shreya Chopra,T-Shirts,Oversized Graphic Tee,1,533.18,5.0,2025-04-12,Noida,Young Professional,42.8,506.52,26.66
SS101412,Aanya Kapoor,T-Shirts,Classic Logo Tee,2,1207.32,10.0,2025-04-12,Chandigarh,Premium Shopper,703.91,2173.18,241.46
SS101781,Arjun Das,Bottomwear,Joggers,1,1034.96,20.0,2025-04-12,Noida,Working Professional,264.5,827.97,206.99
SS102969,Aditi Agarwal,Hoodies,Fleece Hoodie,1,1925.66,15.0,2025-04-12,Ahmedabad,Casual Shopper,385.14,1636.81,288.85
SS100041,Diya Joshi,Hoodies,Zip Hoodie,1,2388.71,20.0,2025-04-13,Surat,Casual Shopper,485.22,1910.97,477.74
SS100229,Nisha Joshi,Shirts,Casual Printed Shirt,3,1155.97,25.0,2025-04-13,Kolkata,Premium Shopper,708.48,2600.93,866.98
SS100836,Ishaan Das,Bottomwear,Track Pants,2,1585.64,20.0,2025-04-13,Surat,Working Professional,709.4,2537.02,634.26
SS101528,Pooja Joshi,Accessories,Graphic Cap,1,731.4,10.0,2025-04-13,Mumbai,Young Professional,206.61,658.26,73.14
SS101800,Diya Bansal,Bottomwear,Relaxed Jeans,2,2170.1,15.0,2025-04-13,Bengaluru,Student,911.6,3689.17,651.03
SS102438,Aarav Bansal,Shirts,Oversized Shirt,2,1284.52,10.0,2025-04-13,Kolkata,Premium Shopper,727.7,2312.14,256.9
SS102496,Kavya Bansal,Shirts,Denim Shirt,1,1454.87,15.0,2025-04-13,Hyderabad,Working Professional,330.76,1236.64,218.23
SS102746,Aarav Jain,Shirts,Denim Shirt,2,1879.6,20.0,2025-04-13,Ahmedabad,Student,814.31,3007.36,751.84
SS101123,Isha Nair,Accessories,Socks Pack,1,604.58,35.0,2025-04-14,Noida,Premium Shopper,80.19,392.98,211.6
SS101941,Isha Kumar,T-Shirts,Typography Tee,1,1490.59,15.0,2025-04-14,Ahmedabad,Young Professional,361.28,1267.0,223.59
SS102657,Kritika Shah,Accessories,Backpack,2,1157.29,20.0,2025-04-14,Chandigarh,Casual Shopper,522.42,1851.66,462.92
SS102976,Nisha Agarwal,Accessories,Sling Bag,2,748.73,15.0,2025-04-14,Mumbai,Premium Shopper,377.05,1272.84,224.62
SS100662,Nisha Kumar,Shirts,Denim Shirt,1,1620.76,25.0,2025-04-15,Mumbai,Casual Shopper,415.56,1215.57,405.19
SS102646,Aanya Kumar,Bottomwear,Relaxed Jeans,3,2428.61,15.0,2025-04-15,Gurugram,Student,1512.81,6192.96,1092.87
SS100166,Riya Bansal,T-Shirts,Anime Printed Tee,1,980.13,0.0,2025-04-16,Lucknow,Working Professional,328.9,980.13,0.0
SS101535,Isha Jain,T-Shirts,Typography Tee,2,795.35,35.0,2025-04-16,Gurugram,Young Professional,309.56,1033.96,556.74
SS101969,Priya Verma,T-Shirts,Oversized Graphic Tee,4,673.58,20.0,2025-04-16,Lucknow,Working Professional,712.19,2155.46,538.86
SS100577,Vivaan Mehta,Bottomwear,Joggers,2,1974.14,20.0,2025-04-17,Pune,Young Professional,749.33,3158.62,789.66
SS100718,Ishaan Chopra,T-Shirts,Anime Printed Tee,2,514.0,30.0,2025-04-17,Chandigarh,Casual Shopper,181.28,719.6,308.4
SS101435,Isha Kapoor,T-Shirts,Marvel Graphic Tee,2,710.26,5.0,2025-04-17,Pune,Young Professional,363.53,1349.49,71.03
SS101683,Riya Saxena,Accessories,Socks Pack,1,432.94,25.0,2025-04-17,Mumbai,Student,168.4,324.7,108.24
SS101730,Simran Nair,T-Shirts,Anime Printed Tee,1,657.24,15.0,2025-04-17,Ahmedabad,Working Professional,162.68,558.65,98.59
SS102015,Neha Bansal,Hoodies,Graphic Pullover Hoodie,1,2894.4,15.0,2025-04-17,Surat,Casual Shopper,706.79,2460.24,434.16
SS102996,Sakshi Malhotra,T-Shirts,Oversized Graphic Tee,2,565.17,15.0,2025-04-17,Chennai,Working Professional,354.16,960.79,169.55
SS100606,Tanya Jain,T-Shirts,Typography Tee,2,499.41,30.0,2025-04-18,Chandigarh,Young Professional,66.31,699.17,299.65
SS101814,Priya Bansal,T-Shirts,Typography Tee,3,979.71,5.0,2025-04-18,Ahmedabad,Young Professional,898.01,2792.17,146.96
SS102457,Diya Verma,Shirts,Denim Shirt,4,1313.64,40.0,2025-04-18,Noida,Young Professional,748.41,3152.74,2101.82
SS102846,Meera Kapoor,Accessories,Graphic Cap,1,1176.15,40.0,2025-04-18,Noida,Young Professional,180.74,705.69,470.46
SS100604,Ishaan Gupta,T-Shirts,Anime Printed Tee,1,652.36,15.0,2025-04-19,Surat,Working Professional,253.88,554.51,97.85
SS100800,Kabir Saxena,Shirts,Denim Shirt,1,1919.69,5.0,2025-04-19,Mumbai,Casual Shopper,493.63,1823.71,95.98
SS100722,Manya Patel,T-Shirts,Marvel Graphic Tee,3,1001.55,0.0,2025-04-20,Noida,Working Professional,968.98,3004.65,0.0
SS101064,Sakshi Agarwal,Hoodies,Fleece Hoodie,2,2245.58,15.0,2025-04-20,Bengaluru,Casual Shopper,974.11,3817.49,673.67
SS102209,Yash Bansal,Bottomwear,Joggers,1,1250.43,5.0,2025-04-20,Noida,Young Professional,331.35,1187.91,62.52
SS100139,Neha Chopra,Bottomwear,Cargo Pants,4,2458.57,25.0,2025-04-21,Chennai,Young Professional,1801.41,7375.71,2458.57
SS100386,Karan Gupta,T-Shirts,Anime Printed Tee,5,940.27,35.0,2025-04-21,Hyderabad,Young Professional,748.11,3055.88,1645.47
SS101313,Tanya Nair,Accessories,Sling Bag,1,701.37,40.0,2025-04-21,Chandigarh,Young Professional,111.53,420.82,280.55
SS101330,Aarav Sharma,Shirts,Denim Shirt,2,1422.54,20.0,2025-04-21,Ahmedabad,Casual Shopper,604.5,2276.06,569.02
SS101540,Kritika Patel,Shirts,Casual Printed Shirt,1,1087.3,25.0,2025-04-21,Noida,Premium Shopper,222.55,815.47,271.83
SS101616,Karan Singh,Bottomwear,Relaxed Jeans,3,1703.15,15.0,2025-04-21,Gurugram,Young Professional,1144.9,4343.03,766.42
SS101764,Yash Shah,T-Shirts,Classic Logo Tee,4,804.44,15.0,2025-04-21,Gurugram,Working Professional,872.02,2735.1,482.66
SS102084,Rahul Joshi,Hoodies,Graphic Pullover Hoodie,3,2778.68,10.0,2025-04-21,Delhi,Young Professional,2110.36,7502.44,833.6
SS102182,Vivaan Kumar,T-Shirts,Oversized Graphic Tee,1,1154.8,15.0,2025-04-21,Chandigarh,Premium Shopper,297.85,981.58,173.22
SS102295,Ananya Das,T-Shirts,Classic Logo Tee,2,1428.28,25.0,2025-04-21,Lucknow,Premium Shopper,626.52,2142.42,714.14
SS102388,Manya Agarwal,Shirts,Casual Printed Shirt,4,1580.0,10.0,2025-04-21,Chandigarh,Working Professional,1748.91,5688.0,632.0
SS102977,Isha Kapoor,T-Shirts,Classic Logo Tee,1,1042.76,10.0,2025-04-21,Ahmedabad,Working Professional,247.32,938.48,104.28
SS102990,Ananya Malhotra,T-Shirts,Classic Logo Tee,1,1354.49,25.0,2025-04-21,Jaipur,Casual Shopper,246.26,1015.87,338.62
SS100610,Manya Mehta,T-Shirts,Classic Logo Tee,1,684.53,0.0,2025-04-22,Ahmedabad,Premium Shopper,265.43,684.53,0.0
SS100633,Tanya Mehta,Hoodies,Zip Hoodie,3,2637.49,5.0,2025-04-22,Kolkata,Student,2107.61,7516.85,395.62
SS100913,Isha Patel,Hoodies,Graphic Pullover Hoodie,1,1887.65,5.0,2025-04-22,Chandigarh,Student,508.85,1793.27,94.38
SS101292,Vivaan Jain,Shirts,Oversized Shirt,3,1926.24,35.0,2025-04-22,Pune,Student,840.78,3756.17,2022.55
SS101893,Vivaan Singh,T-Shirts,Marvel Graphic Tee,1,763.55,35.0,2025-04-22,Delhi,Young Professional,82.97,496.31,267.24
SS102149,Aanya Gupta,Accessories,Backpack,2,1284.21,15.0,2025-04-22,Mumbai,Young Professional,757.99,2183.16,385.26
SS102662,Yash Malhotra,T-Shirts,Marvel Graphic Tee,1,590.01,20.0,2025-04-22,Lucknow,Working Professional,118.29,472.01,118.0
SS102668,Tanya Joshi,Accessories,Socks Pack,3,1227.52,35.0,2025-04-22,Mumbai,Working Professional,797.91,2393.66,1288.9
SS102951,Diya Mishra,Shirts,Casual Printed Shirt,2,1311.46,15.0,2025-04-22,Gurugram,Young Professional,616.39,2229.48,393.44
SS100403,Priya Chopra,Accessories,Graphic Cap,4,513.85,5.0,2025-04-23,Chennai,Working Professional,794.75,1952.63,102.77
SS101505,Sneha Agarwal,Hoodies,Oversized Hoodie,3,1991.2,0.0,2025-04-23,Noida,Working Professional,1848.14,5973.6,0.0
SS102008,Simran Jain,T-Shirts,Oversized Graphic Tee,3,667.51,25.0,2025-04-23,Jaipur,Working Professional,501.13,1501.9,500.63
SS102773,Arjun Reddy,Hoodies,Oversized Hoodie,2,1607.56,10.0,2025-04-23,Lucknow,Working Professional,831.87,2893.61,321.51
SS100380,Manya Saxena,T-Shirts,Oversized Graphic Tee,5,834.56,10.0,2025-04-24,Pune,Premium Shopper,1222.67,3755.52,417.28
SS100753,Tanya Joshi,T-Shirts,Marvel Graphic Tee,1,1082.86,5.0,2025-04-24,Jaipur,Student,267.61,1028.72,54.14
SS100845,Pooja Gupta,Hoodies,Zip Hoodie,2,2157.06,5.0,2025-04-24,Chandigarh,Working Professional,1208.35,4098.41,215.71
SS101250,Kavya Nair,Accessories,Socks Pack,2,842.47,15.0,2025-04-24,Mumbai,Young Professional,483.37,1432.2,252.74
SS102023,Kavya Mehta,T-Shirts,Marvel Graphic Tee,2,1113.09,30.0,2025-04-24,Chennai,Young Professional,434.06,1558.33,667.85
SS102459,Sneha Kumar,Hoodies,Zip Hoodie,3,2376.42,10.0,2025-04-24,Kolkata,Working Professional,1849.68,6416.33,712.93
SS102564,Manya Bansal,Hoodies,Zip Hoodie,1,1573.91,20.0,2025-04-24,Gurugram,Casual Shopper,295.86,1259.13,314.78
SS102578,Yash Das,Hoodies,Oversized Hoodie,3,2127.32,15.0,2025-04-24,Lucknow,Young Professional,1429.07,5424.67,957.29
SS100448,Shreya Saxena,Hoodies,Graphic Pullover Hoodie,1,2094.36,5.0,2025-04-25,Ahmedabad,Casual Shopper,599.5,1989.64,104.72
SS100469,Ishaan Saxena,Bottomwear,Track Pants,1,1168.65,30.0,2025-04-25,Mumbai,Working Professional,266.36,818.06,350.6
SS100494,Karan Mehta,Hoodies,Oversized Hoodie,2,2638.87,25.0,2025-04-25,Ahmedabad,Young Professional,983.24,3958.3,1319.44
SS100571,Neha Gupta,Accessories,Sling Bag,1,580.94,5.0,2025-04-25,Chennai,Premium Shopper,264.83,551.89,29.05
SS101382,Diya Agarwal,Bottomwear,Joggers,3,2081.27,5.0,2025-04-25,Surat,Casual Shopper,1634.77,5931.62,312.19
SS101444,Nisha Joshi,Bottomwear,Cargo Pants,1,1086.45,15.0,2025-04-25,Gurugram,Young Professional,186.7,923.48,162.97
SS102863,Vivaan Verma,Shirts,Denim Shirt,2,1148.56,35.0,2025-04-25,Chandigarh,Student,316.13,1493.13,803.99
SS100515,Shreya Joshi,T-Shirts,Typography Tee,1,546.96,10.0,2025-04-26,Chennai,Student,116.03,492.26,54.7
SS100519,Rahul Kumar,T-Shirts,Anime Printed Tee,1,648.86,15.0,2025-04-26,Noida,Casual Shopper,180.4,551.53,97.33
SS100534,Nisha Kumar,Accessories,Backpack,2,1260.5,25.0,2025-04-26,Noida,Casual Shopper,564.09,1890.75,630.25
SS102602,Diya Singh,Accessories,Socks Pack,1,1038.12,5.0,2025-04-26,Hyderabad,Premium Shopper,463.06,986.21,51.91
SS100838,Aditi Verma,Shirts,Denim Shirt,1,997.81,20.0,2025-04-27,Delhi,Casual Shopper,110.83,798.25,199.56
SS101834,Tanya Kumar,Accessories,Sling Bag,1,1045.25,10.0,2025-04-27,Jaipur,Young Professional,288.44,940.72,104.52
SS101119,Isha Reddy,T-Shirts,Typography Tee,1,1157.94,0.0,2025-04-28,Bengaluru,Working Professional,445.72,1157.94,0.0
SS101569,Tanya Patel,Hoodies,Oversized Hoodie,3,1911.24,20.0,2025-04-28,Surat,Young Professional,1186.46,4586.98,1146.74
SS101622,Aditi Nair,Shirts,Oversized Shirt,3,1932.02,20.0,2025-04-28,Gurugram,Working Professional,1334.75,4636.85,1159.21
SS102000,Shreya Saxena,T-Shirts,Anime Printed Tee,1,522.11,30.0,2025-04-28,Delhi,Working Professional,135.99,365.48,156.63
SS101027,Kabir Gupta,Accessories,Graphic Cap,2,463.18,0.0,2025-04-29,Mumbai,Young Professional,368.5,926.36,0.0
SS101148,Tanya Singh,Accessories,Backpack,3,1252.12,25.0,2025-04-29,Pune,Young Professional,998.5,2817.27,939.09
SS101631,Pooja Singh,Hoodies,Oversized Hoodie,4,2885.8,20.0,2025-04-29,Lucknow,Working Professional,2521.42,9234.56,2308.64
SS101979,Kavya Bansal,Accessories,Socks Pack,1,853.81,5.0,2025-04-29,Noida,Casual Shopper,275.16,811.12,42.69
SS102750,Pooja Mehta,Hoodies,Zip Hoodie,1,2891.37,15.0,2025-04-29,Delhi,Student,626.81,2457.66,433.71
SS101205,Rohan Das,Accessories,Graphic Cap,1,590.29,25.0,2025-04-30,Chandigarh,Working Professional,214.66,442.72,147.57
SS101207,Rohan Bansal,Hoodies,Graphic Pullover Hoodie,1,2678.09,10.0,2025-04-30,Delhi,Working Professional,731.82,2410.28,267.81
SS101972,Sneha Gupta,T-Shirts,Anime Printed Tee,2,762.36,10.0,2025-04-30,Bengaluru,Working Professional,475.76,1372.25,152.47
SS102255,Aarav Singh,Shirts,Casual Printed Shirt,3,1357.76,0.0,2025-04-30,Chennai,Premium Shopper,1378.4,4073.28,0.0
SS100456,Priya Singh,T-Shirts,Marvel Graphic Tee,1,780.93,5.0,2025-05-01,Bengaluru,Young Professional,213.24,741.88,39.05
SS101107,Aanya Nair,Accessories,Socks Pack,1,877.23,25.0,2025-05-01,Delhi,Working Professional,263.07,657.92,219.31
SS101132,Karan Joshi,T-Shirts,Oversized Graphic Tee,3,862.9,20.0,2025-05-01,Chandigarh,Working Professional,624.24,2070.96,517.74
SS101173,Aarav Kapoor,T-Shirts,Anime Printed Tee,1,1016.15,35.0,2025-05-01,Delhi,Young Professional,172.85,660.5,355.65
SS101680,Aditi Agarwal,Hoodies,Zip Hoodie,3,1765.25,25.0,2025-05-01,Kolkata,Working Professional,1003.72,3971.81,1323.94
SS102573,Aditi Saxena,Hoodies,Fleece Hoodie,2,1523.76,10.0,2025-05-01,Noida,Student,655.33,2742.77,304.75
SS100444,Ananya Joshi,Accessories,Backpack,5,1267.07,10.0,2025-05-02,Kolkata,Student,1905.59,5701.82,633.53
SS101328,Rohan Sharma,Shirts,Denim Shirt,3,1321.34,15.0,2025-05-02,Mumbai,Working Professional,963.7,3369.42,594.6
SS100396,Riya Agarwal,Accessories,Graphic Cap,1,916.69,15.0,2025-05-03,Hyderabad,Working Professional,319.87,779.19,137.5
SS100561,Simran Bansal,T-Shirts,Marvel Graphic Tee,1,1400.49,0.0,2025-05-03,Delhi,Young Professional,419.77,1400.49,0.0
SS101035,Aarav Nair,Shirts,Oversized Shirt,2,1606.91,5.0,2025-05-03,Ahmedabad,Premium Shopper,954.49,3053.13,160.69
SS102364,Priya Malhotra,Shirts,Oversized Shirt,3,1804.4,15.0,2025-05-03,Jaipur,Student,1282.78,4601.22,811.98
SS102403,Priya Kumar,T-Shirts,Marvel Graphic Tee,3,1496.92,25.0,2025-05-03,Hyderabad,Casual Shopper,933.37,3368.07,1122.69
SS100457,Isha Mehta,Hoodies,Oversized Hoodie,5,2201.46,30.0,2025-05-04,Chandigarh,Premium Shopper,2048.78,7705.11,3302.19
SS101614,Yash Kapoor,T-Shirts,Classic Logo Tee,2,1122.77,25.0,2025-05-04,Gurugram,Student,520.85,1684.16,561.38
SS102027,Sneha Kumar,Bottomwear,Track Pants,2,2498.26,15.0,2025-05-04,Ahmedabad,Student,1040.1,4247.04,749.48
SS102879,Aditi Sharma,T-Shirts,Typography Tee,2,701.47,20.0,2025-05-04,Noida,Working Professional,330.85,1122.35,280.59
SS100694,Kabir Reddy,T-Shirts,Marvel Graphic Tee,1,1239.31,30.0,2025-05-05,Ahmedabad,Young Professional,216.51,867.52,371.79
SS101605,Anika Saxena,Hoodies,Oversized Hoodie,3,2087.25,40.0,2025-05-05,Ahmedabad,Premium Shopper,1008.05,3757.05,2504.7
SS102499,Aditi Malhotra,Hoodies,Zip Hoodie,1,2135.08,0.0,2025-05-05,Hyderabad,Premium Shopper,650.93,2135.08,0.0
SS102858,Isha Bansal,T-Shirts,Marvel Graphic Tee,4,838.09,5.0,2025-05-05,Pune,Student,981.9,3184.74,167.62
SS100190,Shreya Kumar,T-Shirts,Marvel Graphic Tee,1,1361.68,35.0,2025-05-06,Ahmedabad,Student,255.28,885.09,476.59
SS100523,Aanya Singh,Accessories,Sling Bag,1,310.53,15.0,2025-05-06,Mumbai,Student,170.43,263.95,46.58
SS101039,Simran Das,T-Shirts,Typography Tee,1,812.37,15.0,2025-05-06,Chennai,Student,128.96,690.51,121.86
SS101057,Manya Sharma,Hoodies,Graphic Pullover Hoodie,1,2746.52,35.0,2025-05-06,Bengaluru,Student,330.67,1785.24,961.28
SS101470,Aanya Shah,Shirts,Denim Shirt,2,1757.86,0.0,2025-05-06,Mumbai,Casual Shopper,1023.11,3515.72,0.0
SS102467,Arjun Verma,T-Shirts,Anime Printed Tee,2,865.25,25.0,2025-05-06,Bengaluru,Young Professional,367.62,1297.88,432.62
SS100066,Sakshi Kumar,T-Shirts,Oversized Graphic Tee,5,773.9,5.0,2025-05-07,Pune,Working Professional,1265.9,3676.02,193.48
SS100829,Kabir Gupta,Hoodies,Zip Hoodie,4,1781.98,5.0,2025-05-07,Noida,Casual Shopper,1904.29,6771.52,356.4
SS100567,Kabir Gupta,Hoodies,Fleece Hoodie,3,2183.31,20.0,2025-05-08,Bengaluru,Young Professional,1417.34,5239.94,1309.99
SS100901,Ishaan Chopra,T-Shirts,Marvel Graphic Tee,1,757.26,10.0,2025-05-08,Chennai,Casual Shopper,217.75,681.53,75.73
SS102625,Meera Verma,Bottomwear,Cargo Pants,2,2145.37,25.0,2025-05-09,Pune,Young Professional,840.48,3218.06,1072.68
SS102831,Kritika Mishra,Shirts,Casual Printed Shirt,1,1836.6,10.0,2025-05-09,Surat,Working Professional,482.4,1652.94,183.66
SS100207,Aditi Gupta,Shirts,Denim Shirt,1,1443.31,15.0,2025-05-10,Mumbai,Young Professional,369.24,1226.81,216.5
SS102034,Isha Joshi,Shirts,Denim Shirt,4,1232.86,20.0,2025-05-10,Delhi,Young Professional,1056.35,3945.15,986.29
SS102117,Kavya Gupta,Shirts,Oversized Shirt,1,1163.14,15.0,2025-05-10,Bengaluru,Casual Shopper,320.57,988.67,174.47
SS102709,Shreya Chopra,T-Shirts,Anime Printed Tee,1,1367.76,15.0,2025-05-10,Mumbai,Student,309.75,1162.6,205.16
SS100740,Neha Gupta,Hoodies,Zip Hoodie,2,2705.17,40.0,2025-05-11,Pune,Working Professional,805.69,3246.2,2164.14
SS101974,Karan Reddy,T-Shirts,Classic Logo Tee,3,1098.1,35.0,2025-05-11,Lucknow,Working Professional,508.16,2141.3,1153.0
SS102343,Rohan Patel,Hoodies,Oversized Hoodie,2,1839.9,20.0,2025-05-11,Pune,Young Professional,806.18,2943.84,735.96
SS102627,Nisha Joshi,Shirts,Oversized Shirt,2,977.11,10.0,2025-05-11,Pune,Working Professional,499.29,1758.8,195.42
SS101033,Tanya Verma,T-Shirts,Oversized Graphic Tee,5,1166.6,5.0,2025-05-12,Kolkata,Premium Shopper,1839.27,5541.35,291.65
SS101766,Riya Agarwal,Accessories,Sling Bag,1,346.52,25.0,2025-05-12,Bengaluru,Student,126.01,259.89,86.63
SS101905,Nisha Gupta,T-Shirts,Typography Tee,3,1288.67,25.0,2025-05-12,Gurugram,Young Professional,824.14,2899.51,966.5
SS102254,Rahul Das,Bottomwear,Relaxed Jeans,1,2192.37,10.0,2025-05-12,Jaipur,Young Professional,620.23,1973.13,219.24
SS102861,Aditya Agarwal,T-Shirts,Classic Logo Tee,1,906.86,15.0,2025-05-12,Surat,Working Professional,273.03,770.83,136.03
SS100150,Nisha Joshi,Bottomwear,Joggers,1,1189.97,0.0,2025-05-13,Delhi,Casual Shopper,319.93,1189.97,0.0
SS100188,Simran Das,Hoodies,Oversized Hoodie,2,1387.48,15.0,2025-05-13,Surat,Premium Shopper,610.78,2358.72,416.24
SS100590,Tanya Jain,T-Shirts,Oversized Graphic Tee,1,1309.3,35.0,2025-05-13,Mumbai,Working Professional,204.87,851.04,458.26
SS100686,Riya Saxena,Shirts,Oversized Shirt,1,1859.93,15.0,2025-05-13,Chennai,Young Professional,401.23,1580.94,278.99
SS100696,Meera Sharma,T-Shirts,Anime Printed Tee,1,1028.64,15.0,2025-05-13,Surat,Working Professional,230.69,874.34,154.3
SS100966,Ishaan Patel,Shirts,Casual Printed Shirt,2,1358.8,0.0,2025-05-13,Jaipur,Young Professional,899.39,2717.6,0.0
SS101164,Simran Jain,T-Shirts,Oversized Graphic Tee,1,1003.38,30.0,2025-05-13,Surat,Working Professional,249.11,702.37,301.01
SS101487,Karan Kumar,Shirts,Oversized Shirt,2,1191.57,15.0,2025-05-13,Bengaluru,Working Professional,625.19,2025.67,357.47
SS102179,Nisha Reddy,Hoodies,Graphic Pullover Hoodie,2,2962.44,35.0,2025-05-13,Chennai,Working Professional,973.18,3851.17,2073.71
SS102332,Priya Agarwal,Shirts,Denim Shirt,1,1845.56,25.0,2025-05-13,Lucknow,Casual Shopper,337.47,1384.17,461.39
SS102920,Ishaan Verma,T-Shirts,Oversized Graphic Tee,1,993.04,5.0,2025-05-13,Chennai,Student,214.52,943.39,49.65
SS100290,Aditya Reddy,T-Shirts,Oversized Graphic Tee,1,1372.39,20.0,2025-05-14,Bengaluru,Young Professional,269.76,1097.91,274.48
SS100844,Tanya Kumar,T-Shirts,Oversized Graphic Tee,1,1015.55,25.0,2025-05-14,Ahmedabad,Casual Shopper,270.99,761.66,253.89
SS101779,Diya Sharma,Accessories,Graphic Cap,2,627.92,10.0,2025-05-14,Gurugram,Working Professional,444.52,1130.26,125.58
SS102814,Shreya Mehta,Shirts,Denim Shirt,1,1968.77,5.0,2025-05-14,Gurugram,Young Professional,522.02,1870.33,98.44
SS102962,Vivaan Das,T-Shirts,Oversized Graphic Tee,1,607.15,10.0,2025-05-14,Lucknow,Student,96.27,546.43,60.72
SS100106,Isha Singh,Hoodies,Zip Hoodie,3,2585.12,20.0,2025-05-15,Mumbai,Young Professional,1690.92,6204.29,1551.07
SS100639,Ishaan Singh,Hoodies,Zip Hoodie,1,2791.8,20.0,2025-05-15,Pune,Working Professional,615.78,2233.44,558.36
SS100786,Aditya Chopra,Shirts,Denim Shirt,2,1246.22,0.0,2025-05-15,Surat,Casual Shopper,712.98,2492.44,0.0
SS101101,Priya Malhotra,Bottomwear,Track Pants,1,1787.04,0.0,2025-05-15,Lucknow,Casual Shopper,497.01,1787.04,0.0
SS100182,Ananya Shah,Bottomwear,Relaxed Jeans,3,1319.7,10.0,2025-05-16,Noida,Student,955.96,3563.19,395.91
SS100746,Riya Saxena,Hoodies,Fleece Hoodie,1,2047.21,10.0,2025-05-16,Surat,Working Professional,492.08,1842.49,204.72
SS101025,Aditya Bansal,Hoodies,Graphic Pullover Hoodie,2,2309.36,30.0,2025-05-16,Chandigarh,Casual Shopper,766.99,3233.1,1385.62
SS101036,Yash Mehta,T-Shirts,Typography Tee,2,587.01,25.0,2025-05-16,Noida,Student,286.54,880.52,293.5
SS101532,Rahul Verma,Shirts,Oversized Shirt,3,1670.26,30.0,2025-05-16,Chandigarh,Student,901.96,3507.55,1503.23
SS101571,Ishaan Agarwal,T-Shirts,Classic Logo Tee,3,1188.9,20.0,2025-05-16,Bengaluru,Premium Shopper,811.52,2853.36,713.34
SS102256,Yash Kapoor,Hoodies,Fleece Hoodie,2,1688.5,5.0,2025-05-16,Pune,Student,843.08,3208.15,168.85
SS102475,Tanya Kumar,Bottomwear,Track Pants,1,1739.25,15.0,2025-05-16,Hyderabad,Casual Shopper,400.91,1478.36,260.89
SS102480,Rohan Saxena,T-Shirts,Marvel Graphic Tee,1,1287.58,0.0,2025-05-16,Chennai,Working Professional,448.56,1287.58,0.0
SS102685,Riya Mehta,T-Shirts,Oversized Graphic Tee,2,820.74,0.0,2025-05-16,Mumbai,Working Professional,604.15,1641.48,0.0
SS100481,Kritika Saxena,Shirts,Oversized Shirt,2,1086.75,20.0,2025-05-17,Mumbai,Young Professional,439.4,1738.8,434.7
SS101043,Vivaan Joshi,Shirts,Casual Printed Shirt,3,1921.19,25.0,2025-05-17,Delhi,Young Professional,1019.12,4322.68,1440.89
SS101789,Aditya Singh,Hoodies,Fleece Hoodie,1,2719.47,15.0,2025-05-17,Chennai,Student,581.59,2311.55,407.92
SS101971,Simran Kapoor,Accessories,Sling Bag,1,815.84,30.0,2025-05-17,Pune,Young Professional,153.59,571.09,244.75
SS100350,Priya Gupta,Hoodies,Fleece Hoodie,1,2865.48,15.0,2025-05-18,Lucknow,Student,696.98,2435.66,429.82
SS100638,Isha Saxena,T-Shirts,Marvel Graphic Tee,2,969.76,15.0,2025-05-18,Jaipur,Premium Shopper,587.23,1648.59,290.93
SS100804,Shreya Jain,Hoodies,Zip Hoodie,4,1745.48,5.0,2025-05-18,Chandigarh,Student,1891.01,6632.82,349.1
SS101032,Rohan Jain,T-Shirts,Typography Tee,1,670.32,0.0,2025-05-18,Jaipur,Student,197.41,670.32,0.0
SS101087,Isha Malhotra,T-Shirts,Oversized Graphic Tee,4,1441.61,5.0,2025-05-18,Kolkata,Working Professional,1761.48,5478.12,288.32
SS102121,Nisha Sharma,Hoodies,Fleece Hoodie,3,1347.48,25.0,2025-05-18,Chandigarh,Student,770.88,3031.83,1010.61
SS102755,Meera Mehta,T-Shirts,Typography Tee,2,1433.56,35.0,2025-05-18,Hyderabad,Premium Shopper,565.5,1863.63,1003.49
SS100025,Anika Bansal,Accessories,Sling Bag,1,559.67,5.0,2025-05-19,Jaipur,Young Professional,129.12,531.69,27.98
SS100443,Ishaan Kapoor,Hoodies,Graphic Pullover Hoodie,1,2094.19,30.0,2025-05-19,Surat,Premium Shopper,387.29,1465.93,628.26
SS100835,Anika Patel,Hoodies,Fleece Hoodie,2,2968.53,20.0,2025-05-19,Surat,Premium Shopper,1325.47,4749.65,1187.41
SS101406,Manya Bansal,Accessories,Sling Bag,1,551.41,15.0,2025-05-19,Hyderabad,Casual Shopper,95.45,468.7,82.71
SS101717,Riya Malhotra,Shirts,Oversized Shirt,1,1931.62,5.0,2025-05-19,Gurugram,Premium Shopper,643.22,1835.04,96.58
SS100375,Rohan Mishra,T-Shirts,Typography Tee,1,1241.2,10.0,2025-05-20,Hyderabad,Young Professional,316.83,1117.08,124.12
SS100379,Neha Das,T-Shirts,Oversized Graphic Tee,1,525.45,25.0,2025-05-20,Jaipur,Young Professional,49.85,394.09,131.36
SS100881,Pooja Mehta,Shirts,Casual Printed Shirt,1,1842.68,15.0,2025-05-20,Chennai,Working Professional,437.36,1566.28,276.4
SS101650,Aanya Shah,T-Shirts,Typography Tee,1,614.68,15.0,2025-05-20,Ahmedabad,Casual Shopper,156.33,522.48,92.2
SS102469,Rohan Singh,Shirts,Oversized Shirt,4,1565.95,15.0,2025-05-20,Kolkata,Casual Shopper,1459.1,5324.23,939.57
SS100479,Karan Reddy,Hoodies,Graphic Pullover Hoodie,1,2018.85,5.0,2025-05-21,Hyderabad,Young Professional,541.53,1917.91,100.94
SS101062,Vivaan Gupta,Accessories,Socks Pack,1,749.54,10.0,2025-05-21,Chandigarh,Premium Shopper,161.69,674.59,74.95
SS102124,Priya Saxena,Bottomwear,Relaxed Jeans,2,2103.12,15.0,2025-05-21,Kolkata,Student,815.86,3575.3,630.94
SS100908,Diya Nair,T-Shirts,Typography Tee,2,539.51,0.0,2025-05-22,Chennai,Casual Shopper,331.29,1079.02,0.0
SS100958,Meera Mishra,T-Shirts,Marvel Graphic Tee,1,1073.29,25.0,2025-05-22,Noida,Casual Shopper,216.43,804.97,268.32
SS100980,Anika Nair,T-Shirts,Anime Printed Tee,1,1084.12,15.0,2025-05-22,Noida,Young Professional,262.88,921.5,162.62
SS101276,Rohan Kumar,T-Shirts,Anime Printed Tee,2,730.86,0.0,2025-05-22,Noida,Student,448.62,1461.72,0.0
SS101567,Sneha Verma,T-Shirts,Classic Logo Tee,1,1408.27,5.0,2025-05-22,Chandigarh,Young Professional,446.58,1337.86,70.41
SS101638,Aarav Kumar,Bottomwear,Track Pants,1,1049.68,10.0,2025-05-22,Gurugram,Premium Shopper,291.02,944.71,104.97
SS101799,Aditya Kumar,T-Shirts,Typography Tee,1,1308.03,5.0,2025-05-22,Noida,Student,286.63,1242.63,65.4
SS102294,Aanya Joshi,T-Shirts,Oversized Graphic Tee,3,725.9,15.0,2025-05-22,Chandigarh,Casual Shopper,463.57,1851.04,326.65
SS102682,Yash Gupta,T-Shirts,Classic Logo Tee,1,971.28,5.0,2025-05-22,Jaipur,Student,287.06,922.72,48.56
SS100028,Sakshi Bansal,Shirts,Oversized Shirt,2,1748.77,15.0,2025-05-23,Lucknow,Casual Shopper,881.52,2972.91,524.63
SS100715,Karan Patel,Bottomwear,Track Pants,3,2424.57,25.0,2025-05-23,Chennai,Premium Shopper,1460.09,5455.28,1818.43
SS101213,Sneha Das,Accessories,Backpack,2,760.03,25.0,2025-05-23,Chandigarh,Working Professional,373.2,1140.04,380.01
SS101253,Neha Patel,T-Shirts,Anime Printed Tee,1,995.08,20.0,2025-05-23,Jaipur,Casual Shopper,285.65,796.06,199.02
SS101386,Simran Verma,Accessories,Graphic Cap,3,909.95,25.0,2025-05-23,Delhi,Student,674.43,2047.39,682.46
SS101874,Sneha Joshi,Accessories,Socks Pack,1,1092.84,15.0,2025-05-23,Hyderabad,Premium Shopper,344.92,928.91,163.93
SS102821,Ishaan Patel,T-Shirts,Classic Logo Tee,4,730.09,20.0,2025-05-23,Hyderabad,Student,620.02,2336.29,584.07
SS102870,Kabir Bansal,Bottomwear,Track Pants,2,1707.69,15.0,2025-05-23,Delhi,Casual Shopper,753.15,2903.07,512.31
SS100046,Ananya Gupta,T-Shirts,Anime Printed Tee,2,1123.94,0.0,2025-05-24,Mumbai,Young Professional,740.57,2247.88,0.0
SS101294,Rohan Mehta,Accessories,Sling Bag,2,1136.22,10.0,2025-05-24,Pune,Casual Shopper,674.95,2045.2,227.24
SS101762,Nisha Jain,T-Shirts,Classic Logo Tee,1,761.55,20.0,2025-05-24,Kolkata,Premium Shopper,242.7,609.24,152.31
SS101914,Aarav Kapoor,Hoodies,Graphic Pullover Hoodie,1,2926.08,0.0,2025-05-24,Lucknow,Working Professional,954.01,2926.08,0.0
SS101945,Ishaan Reddy,Hoodies,Graphic Pullover Hoodie,1,1990.58,10.0,2025-05-24,Kolkata,Working Professional,580.61,1791.52,199.06
SS102477,Rohan Kapoor,Accessories,Sling Bag,1,812.07,35.0,2025-05-24,Bengaluru,Casual Shopper,148.09,527.85,284.22
SS102745,Kabir Kapoor,Accessories,Sling Bag,2,373.16,20.0,2025-05-24,Jaipur,Student,103.69,597.06,149.26
SS100319,Aditi Bansal,T-Shirts,Oversized Graphic Tee,1,1232.4,15.0,2025-05-25,Lucknow,Premium Shopper,264.44,1047.54,184.86
SS100454,Aanya Joshi,T-Shirts,Classic Logo Tee,2,696.31,25.0,2025-05-25,Pune,Working Professional,258.99,1044.46,348.16
SS100909,Yash Nair,Hoodies,Zip Hoodie,1,1507.95,5.0,2025-05-25,Gurugram,Casual Shopper,458.48,1432.55,75.4
SS101934,Kavya Jain,Shirts,Denim Shirt,4,1029.74,10.0,2025-05-25,Hyderabad,Student,1004.97,3707.06,411.9
SS102021,Neha Jain,Shirts,Denim Shirt,1,1855.9,5.0,2025-05-25,Mumbai,Working Professional,519.65,1763.1,92.8
SS102107,Diya Saxena,Bottomwear,Joggers,1,1964.8,35.0,2025-05-25,Surat,Casual Shopper,189.2,1277.12,687.68
SS100093,Aditi Malhotra,Shirts,Denim Shirt,2,1245.33,15.0,2025-05-26,Delhi,Student,519.09,2117.06,373.6
SS100138,Neha Kapoor,Hoodies,Graphic Pullover Hoodie,2,1888.0,30.0,2025-05-26,Chennai,Working Professional,745.89,2643.2,1132.8
SS101110,Sneha Patel,Accessories,Graphic Cap,3,585.66,35.0,2025-05-26,Pune,Young Professional,422.84,1142.04,614.94
SS101280,Rohan Malhotra,Shirts,Oversized Shirt,2,1371.26,10.0,2025-05-26,Jaipur,Working Professional,791.81,2468.27,274.25
SS101557,Nisha Chopra,Hoodies,Zip Hoodie,1,2780.16,15.0,2025-05-26,Chennai,Casual Shopper,622.62,2363.14,417.02
SS101606,Aarav Reddy,T-Shirts,Typography Tee,3,587.52,20.0,2025-05-26,Chennai,Young Professional,389.0,1410.05,352.51
SS101894,Aditya Joshi,Shirts,Denim Shirt,1,1464.43,15.0,2025-05-26,Chandigarh,Working Professional,316.65,1244.77,219.66
SS102244,Aditi Nair,Accessories,Backpack,4,923.92,5.0,2025-05-26,Mumbai,Young Professional,1253.07,3510.9,184.78
SS101802,Priya Malhotra,Hoodies,Graphic Pullover Hoodie,1,2515.58,20.0,2025-05-27,Gurugram,Student,537.1,2012.46,503.12
SS102713,Ishaan Verma,Hoodies,Fleece Hoodie,1,1891.07,5.0,2025-05-27,Ahmedabad,Student,494.53,1796.52,94.55
SS102150,Meera Agarwal,T-Shirts,Classic Logo Tee,3,1308.91,30.0,2025-05-28,Surat,Student,717.76,2748.71,1178.02
SS102333,Meera Chopra,Shirts,Denim Shirt,2,1420.14,0.0,2025-05-28,Noida,Casual Shopper,756.44,2840.28,0.0
SS102373,Riya Mehta,Hoodies,Fleece Hoodie,1,1449.68,20.0,2025-05-28,Chennai,Casual Shopper,226.31,1159.74,289.94
SS102744,Isha Mishra,Shirts,Casual Printed Shirt,1,1134.9,20.0,2025-05-28,Gurugram,Working Professional,264.3,907.92,226.98
SS100208,Neha Nair,T-Shirts,Classic Logo Tee,3,1241.31,10.0,2025-05-29,Chandigarh,Student,988.34,3351.54,372.39
SS100247,Kabir Bansal,Bottomwear,Cargo Pants,4,2380.6,10.0,2025-05-29,Noida,Student,2182.75,8570.16,952.24
SS100250,Rohan Malhotra,T-Shirts,Anime Printed Tee,1,1033.22,0.0,2025-05-29,Gurugram,Student,315.6,1033.22,0.0
SS101329,Riya Reddy,Hoodies,Oversized Hoodie,1,2551.59,10.0,2025-05-29,Surat,Premium Shopper,660.69,2296.43,255.16
SS101726,Vivaan Reddy,Hoodies,Zip Hoodie,3,2311.1,10.0,2025-05-29,Gurugram,Working Professional,1817.36,6239.97,693.33
SS100256,Priya Mehta,Bottomwear,Cargo Pants,1,2067.01,35.0,2025-05-30,Gurugram,Working Professional,373.9,1343.56,723.45
SS100458,Sakshi Saxena,T-Shirts,Classic Logo Tee,3,550.69,20.0,2025-05-30,Hyderabad,Working Professional,377.68,1321.66,330.41
SS100637,Riya Reddy,T-Shirts,Classic Logo Tee,3,1386.56,15.0,2025-05-30,Pune,Young Professional,1090.28,3535.73,623.95
SS100828,Karan Das,Accessories,Backpack,1,654.97,5.0,2025-05-30,Chandigarh,Young Professional,251.47,622.22,32.75
SS100924,Diya Patel,Hoodies,Zip Hoodie,1,2792.5,25.0,2025-05-30,Surat,Premium Shopper,542.21,2094.38,698.12
SS101141,Shreya Jain,Hoodies,Zip Hoodie,1,1836.7,10.0,2025-05-30,Gurugram,Working Professional,481.5,1653.03,183.67
SS102346,Neha Shah,Shirts,Oversized Shirt,2,1075.08,10.0,2025-05-30,Surat,Young Professional,554.12,1935.14,215.02
SS102603,Yash Kapoor,T-Shirts,Marvel Graphic Tee,1,817.01,0.0,2025-05-30,Pune,Working Professional,272.47,817.01,0.0
SS102907,Sakshi Mishra,T-Shirts,Typography Tee,3,871.4,10.0,2025-05-30,Lucknow,Premium Shopper,773.47,2352.78,261.42
SS101816,Meera Mishra,T-Shirts,Marvel Graphic Tee,1,714.09,0.0,2025-05-31,Mumbai,Young Professional,215.68,714.09,0.0
SS102083,Ananya Reddy,Bottomwear,Cargo Pants,3,2363.74,30.0,2025-05-31,Noida,Working Professional,1239.66,4963.85,2127.37
SS100810,Rohan Bansal,Bottomwear,Track Pants,1,2207.96,25.0,2025-06-01,Ahmedabad,Casual Shopper,428.81,1655.97,551.99
SS101351,Simran Mishra,Shirts,Denim Shirt,1,1595.89,25.0,2025-06-01,Ahmedabad,Young Professional,315.64,1196.92,398.97
SS102212,Kabir Singh,T-Shirts,Marvel Graphic Tee,1,1203.42,0.0,2025-06-01,Gurugram,Premium Shopper,444.21,1203.42,0.0
SS101209,Neha Sharma,Bottomwear,Track Pants,4,2075.11,5.0,2025-06-02,Delhi,Casual Shopper,2078.08,7885.42,415.02
SS101338,Nisha Singh,T-Shirts,Classic Logo Tee,3,995.22,10.0,2025-06-02,Surat,Working Professional,899.7,2687.09,298.57
SS101707,Aditya Sharma,T-Shirts,Oversized Graphic Tee,2,992.51,30.0,2025-06-02,Surat,Premium Shopper,391.45,1389.51,595.51
SS102004,Aarav Nair,T-Shirts,Marvel Graphic Tee,1,1416.35,25.0,2025-06-02,Bengaluru,Young Professional,315.5,1062.26,354.09
SS102208,Vivaan Reddy,T-Shirts,Oversized Graphic Tee,3,818.62,35.0,2025-06-02,Delhi,Student,359.35,1596.31,859.55
SS102539,Yash Kapoor,Accessories,Backpack,1,643.43,15.0,2025-06-02,Hyderabad,Young Professional,178.3,546.92,96.51
SS102919,Simran Malhotra,T-Shirts,Anime Printed Tee,2,928.75,5.0,2025-06-03,Chennai,Student,492.58,1764.62,92.88
SS100408,Meera Sharma,Bottomwear,Cargo Pants,3,1626.67,20.0,2025-06-04,Surat,Working Professional,944.53,3904.01,976.0
SS101863,Riya Mehta,Shirts,Casual Printed Shirt,1,1941.22,20.0,2025-06-04,Pune,Casual Shopper,416.99,1552.98,388.24
SS101930,Pooja Mehta,Shirts,Oversized Shirt,4,1349.28,10.0,2025-06-04,Gurugram,Student,1253.39,4857.41,539.71
SS102740,Anika Kumar,Hoodies,Oversized Hoodie,1,2271.18,15.0,2025-06-04,Hyderabad,Casual Shopper,484.18,1930.5,340.68
SS101129,Meera Malhotra,T-Shirts,Anime Printed Tee,1,924.56,10.0,2025-06-05,Mumbai,Young Professional,218.58,832.1,92.46
SS101502,Simran Nair,T-Shirts,Oversized Graphic Tee,1,1058.89,15.0,2025-06-05,Pune,Young Professional,299.13,900.06,158.83
SS101708,Aditya Singh,Shirts,Oversized Shirt,4,1124.91,25.0,2025-06-05,Noida,Working Professional,929.38,3374.73,1124.91
SS101720,Nisha Jain,T-Shirts,Oversized Graphic Tee,1,941.16,20.0,2025-06-05,Jaipur,Working Professional,221.25,752.93,188.23
SS100698,Simran Chopra,T-Shirts,Typography Tee,2,1019.52,5.0,2025-06-06,Surat,Casual Shopper,531.83,1937.09,101.95
SS101760,Anika Jain,Hoodies,Zip Hoodie,2,2251.41,10.0,2025-06-06,Mumbai,Student,1069.82,4052.54,450.28
SS101852,Diya Jain,Bottomwear,Relaxed Jeans,1,1736.79,5.0,2025-06-06,Chandigarh,Young Professional,479.74,1649.95,86.84
SS102298,Aarav Kapoor,T-Shirts,Anime Printed Tee,4,700.46,10.0,2025-06-06,Hyderabad,Working Professional,804.81,2521.66,280.18
SS100860,Aarav Bansal,Accessories,Graphic Cap,3,318.61,20.0,2025-06-07,Bengaluru,Working Professional,263.18,764.66,191.17
SS101044,Rahul Chopra,Bottomwear,Joggers,5,1454.18,30.0,2025-06-07,Bengaluru,Young Professional,1174.66,5089.63,2181.27
SS101193,Rohan Shah,Shirts,Oversized Shirt,2,1671.38,25.0,2025-06-07,Hyderabad,Student,565.07,2507.07,835.69
SS101243,Meera Mishra,Accessories,Socks Pack,3,810.47,5.0,2025-06-07,Noida,Premium Shopper,891.75,2309.84,121.57
SS101344,Nisha Das,Accessories,Socks Pack,2,791.52,0.0,2025-06-07,Ahmedabad,Premium Shopper,685.43,1583.04,0.0
SS101619,Aditya Das,Accessories,Socks Pack,1,694.49,20.0,2025-06-07,Pune,Premium Shopper,210.69,555.59,138.9
SS102737,Simran Shah,Shirts,Oversized Shirt,2,1729.6,15.0,2025-06-08,Chandigarh,Working Professional,857.11,2940.32,518.88
SS102788,Sneha Gupta,Bottomwear,Cargo Pants,1,2197.03,10.0,2025-06-08,Ahmedabad,Casual Shopper,583.52,1977.33,219.7
SS100083,Aanya Singh,T-Shirts,Marvel Graphic Tee,3,718.72,10.0,2025-06-09,Ahmedabad,Working Professional,629.66,1940.54,215.62
SS101018,Kritika Kumar,Bottomwear,Relaxed Jeans,1,1664.68,10.0,2025-06-09,Mumbai,Premium Shopper,406.28,1498.21,166.47
SS101216,Nisha Mishra,T-Shirts,Typography Tee,2,1101.81,15.0,2025-06-09,Gurugram,Casual Shopper,616.12,1873.08,330.54
SS101449,Ishaan Mehta,Shirts,Casual Printed Shirt,2,1840.91,5.0,2025-06-09,Lucknow,Young Professional,1027.89,3497.73,184.09
SS101531,Simran Shah,Shirts,Oversized Shirt,4,1106.76,0.0,2025-06-09,Ahmedabad,Student,1313.52,4427.04,0.0
SS101931,Yash Joshi,Shirts,Oversized Shirt,1,1883.95,5.0,2025-06-09,Surat,Working Professional,500.29,1789.75,94.2
SS102734,Priya Mishra,Bottomwear,Cargo Pants,2,1545.04,20.0,2025-06-09,Ahmedabad,Young Professional,604.95,2472.06,618.02
SS100157,Aanya Verma,Accessories,Graphic Cap,1,533.48,30.0,2025-06-10,Mumbai,Casual Shopper,15.0,373.44,160.04
SS101326,Ananya Das,T-Shirts,Marvel Graphic Tee,1,901.61,10.0,2025-06-10,Ahmedabad,Working Professional,335.35,811.45,90.16
SS101414,Ishaan Nair,Hoodies,Zip Hoodie,1,2242.95,20.0,2025-06-10,Ahmedabad,Young Professional,542.68,1794.36,448.59
SS101529,Kabir Verma,Hoodies,Zip Hoodie,2,2707.73,20.0,2025-06-10,Pune,Working Professional,1135.99,4332.37,1083.09
SS101872,Shreya Gupta,Hoodies,Zip Hoodie,2,1597.56,5.0,2025-06-10,Noida,Student,862.68,3035.36,159.76
SS100146,Neha Nair,Shirts,Casual Printed Shirt,2,1677.28,0.0,2025-06-11,Kolkata,Casual Shopper,1006.42,3354.56,0.0
SS100709,Aditi Sharma,Shirts,Oversized Shirt,1,1864.24,10.0,2025-06-11,Jaipur,Casual Shopper,411.53,1677.82,186.42
SS101122,Kavya Jain,Bottomwear,Joggers,3,1726.49,25.0,2025-06-11,Hyderabad,Young Professional,966.15,3884.6,1294.87
SS101728,Arjun Patel,Accessories,Backpack,2,346.58,15.0,2025-06-11,Kolkata,Casual Shopper,152.64,589.19,103.97
SS102090,Sakshi Gupta,Accessories,Backpack,4,749.38,30.0,2025-06-11,Jaipur,Student,679.56,2098.26,899.26
SS102803,Isha Sharma,Bottomwear,Relaxed Jeans,1,2472.07,15.0,2025-06-11,Ahmedabad,Young Professional,598.78,2101.26,370.81
SS100399,Simran Joshi,Accessories,Graphic Cap,1,1127.53,5.0,2025-06-12,Chennai,Student,342.82,1071.15,56.38
SS100885,Diya Kumar,T-Shirts,Anime Printed Tee,4,970.76,30.0,2025-06-12,Ahmedabad,Student,698.04,2718.13,1164.91
SS100520,Aditi Malhotra,Shirts,Casual Printed Shirt,1,1528.01,20.0,2025-06-13,Jaipur,Student,272.39,1222.41,305.6
SS100547,Isha Saxena,Shirts,Casual Printed Shirt,2,1843.54,15.0,2025-06-13,Pune,Working Professional,894.6,3134.02,553.06
SS101135,Neha Saxena,T-Shirts,Typography Tee,1,1218.56,15.0,2025-06-13,Chennai,Working Professional,302.03,1035.78,182.78
SS101304,Shreya Sharma,Shirts,Casual Printed Shirt,1,1925.13,0.0,2025-06-13,Chandigarh,Student,535.96,1925.13,0.0
SS101586,Kabir Shah,Shirts,Casual Printed Shirt,4,905.19,10.0,2025-06-13,Chandigarh,Young Professional,962.74,3258.68,362.08
SS101628,Meera Kapoor,T-Shirts,Marvel Graphic Tee,1,1487.88,20.0,2025-06-13,Surat,Young Professional,331.99,1190.3,297.58
SS102317,Aditya Agarwal,Hoodies,Zip Hoodie,2,1834.6,20.0,2025-06-13,Bengaluru,Premium Shopper,845.1,2935.36,733.84
SS100409,Aditi Mishra,T-Shirts,Classic Logo Tee,4,1007.54,0.0,2025-06-14,Mumbai,Working Professional,1303.85,4030.16,0.0
SS100759,Kabir Saxena,Accessories,Sling Bag,2,1179.42,10.0,2025-06-14,Kolkata,Student,697.96,2122.96,235.88
SS101080,Anika Joshi,Accessories,Socks Pack,2,1053.87,5.0,2025-06-14,Lucknow,Casual Shopper,747.39,2002.35,105.39
SS102601,Manya Nair,T-Shirts,Typography Tee,3,525.35,20.0,2025-06-14,Jaipur,Working Professional,325.5,1260.84,315.21
SS100254,Neha Agarwal,T-Shirts,Anime Printed Tee,2,1294.07,25.0,2025-06-15,Mumbai,Premium Shopper,664.27,1941.1,647.03
SS101556,Pooja Nair,Shirts,Denim Shirt,2,1317.21,10.0,2025-06-15,Surat,Working Professional,666.17,2370.98,263.44
SS101583,Tanya Reddy,Hoodies,Fleece Hoodie,1,2666.34,0.0,2025-06-15,Bengaluru,Working Professional,863.68,2666.34,0.0
SS102009,Sakshi Gupta,Hoodies,Oversized Hoodie,2,1350.72,30.0,2025-06-15,Lucknow,Young Professional,451.18,1891.01,810.43
SS102082,Aditya Agarwal,Hoodies,Oversized Hoodie,4,1829.4,0.0,2025-06-15,Gurugram,Premium Shopper,2322.52,7317.6,0.0
SS102567,Anika Mishra,T-Shirts,Anime Printed Tee,2,859.53,25.0,2025-06-15,Chennai,Casual Shopper,372.12,1289.3,429.76
SS100483,Aarav Sharma,Shirts,Casual Printed Shirt,1,1836.79,20.0,2025-06-16,Pune,Working Professional,417.4,1469.43,367.36
SS101124,Diya Shah,Shirts,Denim Shirt,1,1468.4,15.0,2025-06-16,Hyderabad,Young Professional,345.43,1248.14,220.26
SS102460,Nisha Shah,Bottomwear,Relaxed Jeans,2,2319.2,10.0,2025-06-16,Chennai,Student,1027.75,4174.56,463.84
SS101238,Kabir Bansal,Bottomwear,Cargo Pants,2,1720.91,5.0,2025-06-17,Mumbai,Premium Shopper,974.1,3269.73,172.09
SS101794,Kritika Sharma,T-Shirts,Marvel Graphic Tee,2,925.91,20.0,2025-06-17,Noida,Working Professional,501.66,1481.46,370.36
SS101933,Rahul Gupta,Shirts,Oversized Shirt,4,1994.07,15.0,2025-06-17,Hyderabad,Young Professional,1908.6,6779.84,1196.44
SS102042,Pooja Gupta,Hoodies,Fleece Hoodie,2,1319.71,0.0,2025-06-17,Surat,Casual Shopper,712.29,2639.42,0.0
SS101322,Ananya Kumar,Bottomwear,Cargo Pants,1,1797.18,5.0,2025-06-18,Ahmedabad,Premium Shopper,544.69,1707.32,89.86
SS101561,Pooja Jain,T-Shirts,Typography Tee,2,518.68,25.0,2025-06-18,Mumbai,Student,221.61,778.02,259.34
SS102113,Sneha Das,Bottomwear,Cargo Pants,1,1497.98,5.0,2025-06-18,Jaipur,Premium Shopper,430.63,1423.08,74.9
SS102136,Arjun Kapoor,T-Shirts,Anime Printed Tee,1,1392.65,15.0,2025-06-18,Chandigarh,Young Professional,363.14,1183.75,208.9
SS100159,Meera Patel,Accessories,Socks Pack,1,850.83,20.0,2025-06-19,Bengaluru,Working Professional,201.5,680.66,170.17
SS100672,Neha Reddy,T-Shirts,Marvel Graphic Tee,3,785.87,0.0,2025-06-19,Mumbai,Working Professional,768.22,2357.61,0.0
SS101562,Tanya Kumar,Accessories,Sling Bag,4,1034.64,40.0,2025-06-19,Surat,Young Professional,714.2,2483.14,1655.42
SS102325,Kabir Kumar,Bottomwear,Relaxed Jeans,5,1817.41,10.0,2025-06-19,Lucknow,Casual Shopper,2163.96,8178.35,908.7
SS102939,Karan Agarwal,T-Shirts,Marvel Graphic Tee,3,974.25,20.0,2025-06-19,Surat,Premium Shopper,662.76,2338.2,584.55
SS100364,Aditya Jain,Bottomwear,Joggers,5,2224.32,20.0,2025-06-20,Mumbai,Student,2003.5,8897.28,2224.32
SS100960,Nisha Joshi,T-Shirts,Marvel Graphic Tee,1,1004.74,30.0,2025-06-20,Chandigarh,Casual Shopper,151.24,703.32,301.42
SS101096,Aanya Malhotra,T-Shirts,Marvel Graphic Tee,2,664.37,30.0,2025-06-20,Kolkata,Young Professional,276.89,930.12,398.62
SS100934,Karan Singh,T-Shirts,Anime Printed Tee,3,1442.57,15.0,2025-06-21,Chandigarh,Casual Shopper,979.06,3678.55,649.16
SS102716,Diya Bansal,Shirts,Casual Printed Shirt,1,1920.98,5.0,2025-06-21,Jaipur,Student,491.06,1824.93,96.05
SS100014,Rahul Das,T-Shirts,Marvel Graphic Tee,1,501.35,25.0,2025-06-22,Mumbai,Student,19.54,376.01,125.34
SS100371,Simran Agarwal,T-Shirts,Oversized Graphic Tee,1,606.96,0.0,2025-06-22,Mumbai,Young Professional,170.88,606.96,0.0
SS101450,Diya Das,Hoodies,Oversized Hoodie,1,1490.05,20.0,2025-06-22,Chennai,Casual Shopper,356.27,1192.04,298.01
SS101861,Meera Kumar,Shirts,Casual Printed Shirt,1,1060.59,20.0,2025-06-22,Bengaluru,Casual Shopper,288.37,848.47,212.12
SS102129,Karan Patel,Hoodies,Oversized Hoodie,1,2441.8,10.0,2025-06-22,Jaipur,Student,526.6,2197.62,244.18
SS102187,Riya Mishra,Accessories,Sling Bag,2,715.75,35.0,2025-06-22,Lucknow,Young Professional,315.44,930.48,501.02
SS102541,Rahul Verma,Accessories,Socks Pack,1,1058.56,20.0,2025-06-22,Jaipur,Premium Shopper,308.5,846.85,211.71
SS100646,Ananya Gupta,Shirts,Denim Shirt,1,1782.35,15.0,2025-06-23,Surat,Premium Shopper,406.7,1515.0,267.35
SS101691,Tanya Reddy,Hoodies,Fleece Hoodie,1,1516.34,20.0,2025-06-23,Surat,Premium Shopper,348.29,1213.07,303.27
SS101869,Pooja Mishra,Accessories,Sling Bag,1,479.42,10.0,2025-06-23,Lucknow,Young Professional,131.22,431.48,47.94
SS101920,Isha Saxena,Shirts,Denim Shirt,2,1599.01,5.0,2025-06-23,Lucknow,Young Professional,834.89,3038.12,159.9
SS102070,Riya Verma,Accessories,Graphic Cap,1,365.63,15.0,2025-06-23,Pune,Working Professional,74.34,310.79,54.84
SS100553,Ishaan Shah,Shirts,Casual Printed Shirt,1,1384.7,10.0,2025-06-24,Lucknow,Premium Shopper,301.45,1246.23,138.47
SS100951,Riya Kumar,Shirts,Oversized Shirt,4,1416.33,30.0,2025-06-24,Surat,Working Professional,987.08,3965.72,1699.6
SS101055,Riya Mehta,Hoodies,Zip Hoodie,2,1847.56,25.0,2025-06-24,Noida,Young Professional,696.8,2771.34,923.78
SS101855,Yash Kumar,T-Shirts,Marvel Graphic Tee,1,768.49,25.0,2025-06-24,Surat,Young Professional,103.52,576.37,192.12
SS100420,Simran Reddy,Accessories,Sling Bag,1,429.93,20.0,2025-06-25,Lucknow,Young Professional,189.25,343.94,85.99
SS100524,Karan Chopra,Accessories,Backpack,1,429.34,25.0,2025-06-25,Kolkata,Working Professional,172.21,322.0,107.33
SS100592,Pooja Mishra,T-Shirts,Classic Logo Tee,2,967.65,15.0,2025-06-25,Chandigarh,Student,448.78,1645.0,290.3
SS101476,Anika Bansal,Accessories,Sling Bag,2,994.32,0.0,2025-06-25,Lucknow,Casual Shopper,667.71,1988.64,0.0
SS101847,Riya Shah,T-Shirts,Typography Tee,1,805.79,20.0,2025-06-25,Mumbai,Young Professional,186.98,644.63,161.16
SS102217,Rahul Chopra,T-Shirts,Typography Tee,1,1111.59,15.0,2025-06-25,Hyderabad,Young Professional,326.19,944.85,166.74
SS102242,Vivaan Gupta,Shirts,Oversized Shirt,3,1916.09,10.0,2025-06-25,Kolkata,Working Professional,1546.11,5173.44,574.83
SS102512,Anika Singh,Hoodies,Zip Hoodie,1,1702.44,0.0,2025-06-25,Noida,Young Professional,590.74,1702.44,0.0
SS102887,Pooja Das,Hoodies,Fleece Hoodie,4,1313.99,0.0,2025-06-25,Hyderabad,Working Professional,1629.25,5255.96,0.0
SS100679,Kritika Saxena,Bottomwear,Cargo Pants,1,1091.31,25.0,2025-06-26,Chandigarh,Working Professional,149.79,818.48,272.83
SS100897,Diya Nair,Bottomwear,Cargo Pants,5,1759.16,15.0,2025-06-26,Mumbai,Working Professional,2020.64,7476.43,1319.37
SS101030,Rohan Chopra,T-Shirts,Oversized Graphic Tee,1,892.72,20.0,2025-06-26,Jaipur,Casual Shopper,226.7,714.18,178.54
SS101144,Kabir Singh,T-Shirts,Classic Logo Tee,2,955.13,20.0,2025-06-26,Ahmedabad,Student,333.21,1528.21,382.05
SS102607,Manya Bansal,T-Shirts,Classic Logo Tee,1,1011.88,25.0,2025-06-26,Pune,Casual Shopper,189.39,758.91,252.97
SS100302,Diya Joshi,Shirts,Casual Printed Shirt,2,1929.64,20.0,2025-06-28,Noida,Working Professional,917.02,3087.42,771.86
SS100453,Isha Reddy,Bottomwear,Cargo Pants,2,1821.6,15.0,2025-06-28,Bengaluru,Working Professional,880.85,3096.72,546.48
SS100584,Aditya Reddy,Shirts,Oversized Shirt,2,1691.65,5.0,2025-06-28,Chennai,Working Professional,945.92,3214.14,169.16
SS102145,Tanya Gupta,Accessories,Backpack,1,918.35,20.0,2025-06-28,Chandigarh,Student,200.98,734.68,183.67
SS102945,Neha Reddy,T-Shirts,Anime Printed Tee,2,1354.31,5.0,2025-06-28,Hyderabad,Premium Shopper,827.88,2573.19,135.43
SS102958,Meera Saxena,T-Shirts,Anime Printed Tee,1,1313.07,15.0,2025-06-28,Kolkata,Student,332.86,1116.11,196.96
SS100952,Meera Chopra,T-Shirts,Classic Logo Tee,3,528.0,30.0,2025-06-29,Bengaluru,Young Professional,285.33,1108.8,475.2
SS101013,Pooja Agarwal,T-Shirts,Anime Printed Tee,1,714.64,30.0,2025-06-29,Mumbai,Working Professional,94.45,500.25,214.39
SS101684,Pooja Mishra,T-Shirts,Oversized Graphic Tee,2,1442.79,5.0,2025-06-29,Chandigarh,Casual Shopper,896.82,2741.3,144.28
SS101747,Diya Sharma,T-Shirts,Typography Tee,4,1029.75,5.0,2025-06-29,Ahmedabad,Student,1118.61,3913.05,205.95
SS100206,Simran Das,T-Shirts,Typography Tee,1,697.54,25.0,2025-06-30,Mumbai,Working Professional,117.96,523.16,174.38
SS100764,Nisha Shah,T-Shirts,Classic Logo Tee,2,1053.17,25.0,2025-06-30,Jaipur,Casual Shopper,426.51,1579.76,526.58
SS101690,Aditya Shah,T-Shirts,Classic Logo Tee,1,1009.21,30.0,2025-06-30,Chennai,Young Professional,186.1,706.45,302.76
SS100253,Vivaan Jain,T-Shirts,Marvel Graphic Tee,3,1442.02,15.0,2025-07-01,Pune,Premium Shopper,1120.32,3677.15,648.91
SS100410,Kavya Verma,T-Shirts,Classic Logo Tee,1,975.75,5.0,2025-07-01,Noida,Casual Shopper,309.95,926.96,48.79
SS101181,Aanya Das,Hoodies,Fleece Hoodie,5,2097.74,20.0,2025-07-01,Gurugram,Premium Shopper,2338.52,8390.96,2097.74
SS101968,Arjun Das,T-Shirts,Classic Logo Tee,2,1409.8,15.0,2025-07-01,Noida,Student,663.56,2396.66,422.94
SS102805,Rohan Singh,Bottomwear,Relaxed Jeans,1,1882.82,5.0,2025-07-01,Noida,Young Professional,540.32,1788.68,94.14
SS101793,Anika Agarwal,Shirts,Denim Shirt,3,1830.21,25.0,2025-07-02,Mumbai,Young Professional,1090.12,4117.97,1372.66
SS101864,Ananya Verma,Bottomwear,Joggers,3,2325.86,25.0,2025-07-02,Bengaluru,Working Professional,1378.76,5233.18,1744.4
SS102055,Aanya Saxena,Shirts,Oversized Shirt,1,1283.42,20.0,2025-07-02,Chennai,Working Professional,315.36,1026.74,256.68
SS102065,Rahul Kumar,Accessories,Graphic Cap,1,864.46,10.0,2025-07-02,Gurugram,Student,259.06,778.01,86.45
SS102321,Rahul Singh,Shirts,Casual Printed Shirt,1,1696.61,40.0,2025-07-02,Jaipur,Working Professional,173.14,1017.97,678.64
SS100317,Pooja Nair,T-Shirts,Classic Logo Tee,2,812.37,20.0,2025-07-03,Kolkata,Young Professional,352.87,1299.79,324.95
SS100738,Rohan Malhotra,Hoodies,Oversized Hoodie,1,2330.07,15.0,2025-07-03,Pune,Premium Shopper,536.07,1980.56,349.51
SS101553,Simran Singh,Bottomwear,Track Pants,1,1282.39,25.0,2025-07-03,Kolkata,Working Professional,233.4,961.79,320.6
SS102222,Kabir Saxena,T-Shirts,Oversized Graphic Tee,2,1389.67,0.0,2025-07-03,Hyderabad,Working Professional,945.3,2779.34,0.0
SS102775,Aanya Kumar,Hoodies,Oversized Hoodie,2,2611.07,15.0,2025-07-03,Noida,Working Professional,1303.71,4438.82,783.32
SS100341,Pooja Reddy,Hoodies,Fleece Hoodie,1,2450.48,30.0,2025-07-04,Delhi,Young Professional,459.68,1715.34,735.14
SS101260,Arjun Shah,T-Shirts,Oversized Graphic Tee,1,1407.98,10.0,2025-07-04,Bengaluru,Working Professional,361.47,1267.18,140.8
SS102156,Arjun Saxena,T-Shirts,Typography Tee,3,946.62,10.0,2025-07-04,Pune,Student,728.02,2555.87,283.99
SS102363,Anika Singh,Hoodies,Graphic Pullover Hoodie,1,2900.97,20.0,2025-07-04,Kolkata,Working Professional,634.57,2320.78,580.19
SS101733,Manya Shah,Hoodies,Graphic Pullover Hoodie,2,2429.17,15.0,2025-07-05,Ahmedabad,Young Professional,1126.3,4129.59,728.75
SS101756,Aarav Joshi,Bottomwear,Joggers,1,2416.42,20.0,2025-07-05,Delhi,Premium Shopper,506.71,1933.14,483.28
SS101873,Priya Singh,Accessories,Socks Pack,1,720.38,10.0,2025-07-05,Kolkata,Student,230.92,648.34,72.04
SS101935,Aarav Jain,Accessories,Socks Pack,1,313.95,20.0,2025-07-05,Pune,Casual Shopper,53.8,251.16,62.79
SS102053,Vivaan Das,Bottomwear,Cargo Pants,1,1375.96,10.0,2025-07-05,Lucknow,Premium Shopper,334.93,1238.36,137.6
SS102304,Arjun Bansal,Bottomwear,Joggers,4,1238.44,15.0,2025-07-05,Ahmedabad,Young Professional,1132.78,4210.7,743.06
SS102432,Ananya Patel,Bottomwear,Relaxed Jeans,4,1132.5,15.0,2025-07-05,Pune,Working Professional,989.76,3850.5,679.5
SS100201,Aditya Reddy,T-Shirts,Anime Printed Tee,2,1487.26,30.0,2025-07-06,Surat,Casual Shopper,477.25,2082.16,892.36
SS100415,Rohan Saxena,Hoodies,Fleece Hoodie,1,1806.74,25.0,2025-07-06,Surat,Premium Shopper,279.24,1355.06,451.68
SS101156,Aditya Saxena,T-Shirts,Anime Printed Tee,1,1358.13,25.0,2025-07-06,Bengaluru,Premium Shopper,257.89,1018.6,339.53
SS102724,Diya Agarwal,Hoodies,Graphic Pullover Hoodie,2,2934.9,15.0,2025-07-06,Pune,Young Professional,1327.38,4989.33,880.47
SS102938,Arjun Agarwal,Bottomwear,Joggers,1,1975.32,15.0,2025-07-06,Lucknow,Premium Shopper,347.08,1679.02,296.3
SS100726,Sneha Malhotra,T-Shirts,Oversized Graphic Tee,1,776.03,25.0,2025-07-07,Hyderabad,Casual Shopper,163.35,582.02,194.01
SS101092,Aditya Jain,Shirts,Casual Printed Shirt,1,1273.42,35.0,2025-07-07,Surat,Premium Shopper,281.4,827.72,445.7
SS102504,Tanya Reddy,T-Shirts,Anime Printed Tee,1,1471.98,10.0,2025-07-07,Noida,Young Professional,390.45,1324.78,147.2
SS100151,Rahul Reddy,T-Shirts,Anime Printed Tee,3,674.67,5.0,2025-07-08,Gurugram,Student,515.11,1922.81,101.2
SS100260,Karan Gupta,Shirts,Denim Shirt,2,1958.06,10.0,2025-07-08,Kolkata,Student,1001.53,3524.51,391.61
SS100613,Tanya Malhotra,T-Shirts,Classic Logo Tee,2,1187.03,10.0,2025-07-08,Chandigarh,Student,562.66,2136.65,237.41
SS100969,Sakshi Sharma,Hoodies,Zip Hoodie,2,1894.4,20.0,2025-07-08,Mumbai,Young Professional,817.48,3031.04,757.76
SS101546,Manya Bansal,Accessories,Backpack,5,1269.57,15.0,2025-07-08,Ahmedabad,Working Professional,1924.18,5395.67,952.18
SS100012,Yash Patel,Accessories,Sling Bag,2,836.49,5.0,2025-07-09,Kolkata,Student,502.51,1589.33,83.65
SS100892,Ananya Kumar,Accessories,Socks Pack,5,439.65,40.0,2025-07-09,Ahmedabad,Young Professional,305.26,1318.95,879.3
SS101340,Nisha Joshi,T-Shirts,Marvel Graphic Tee,4,833.74,5.0,2025-07-09,Mumbai,Young Professional,1056.5,3168.21,166.75
SS101005,Isha Patel,Shirts,Denim Shirt,2,1588.46,20.0,2025-07-10,Chennai,Student,603.34,2541.54,635.38
SS101970,Diya Mishra,T-Shirts,Marvel Graphic Tee,2,785.06,20.0,2025-07-10,Ahmedabad,Student,413.28,1256.1,314.02
SS102381,Priya Mishra,Accessories,Backpack,1,673.73,0.0,2025-07-10,Lucknow,Casual Shopper,226.24,673.73,0.0
SS102633,Tanya Kapoor,T-Shirts,Oversized Graphic Tee,2,553.13,10.0,2025-07-10,Hyderabad,Casual Shopper,243.91,995.63,110.63
SS102728,Meera Kapoor,T-Shirts,Oversized Graphic Tee,4,707.33,30.0,2025-07-10,Chennai,Student,507.85,1980.52,848.8
SS100120,Vivaan Mishra,Accessories,Sling Bag,2,796.87,20.0,2025-07-11,Gurugram,Working Professional,375.02,1274.99,318.75
SS101239,Sakshi Sharma,T-Shirts,Classic Logo Tee,3,1116.35,25.0,2025-07-11,Bengaluru,Young Professional,720.86,2511.79,837.26
SS101439,Vivaan Jain,Shirts,Denim Shirt,1,1406.07,5.0,2025-07-11,Noida,Young Professional,423.59,1335.77,70.3
SS102956,Riya Mishra,Accessories,Sling Bag,1,1007.73,0.0,2025-07-11,Surat,Casual Shopper,374.75,1007.73,0.0
SS100556,Tanya Shah,T-Shirts,Anime Printed Tee,1,1141.83,15.0,2025-07-12,Lucknow,Working Professional,251.13,970.56,171.27
SS100986,Simran Mishra,Shirts,Casual Printed Shirt,2,1696.36,10.0,2025-07-12,Mumbai,Working Professional,960.19,3053.45,339.27
SS101804,Yash Patel,Hoodies,Fleece Hoodie,1,1887.38,5.0,2025-07-12,Delhi,Young Professional,544.48,1793.01,94.37
SS101946,Sakshi Bansal,Hoodies,Oversized Hoodie,1,2740.55,35.0,2025-07-12,Chennai,Student,300.61,1781.36,959.19
SS102188,Aarav Malhotra,Accessories,Backpack,1,1056.3,20.0,2025-07-12,Jaipur,Casual Shopper,238.56,845.04,211.26
SS101788,Anika Gupta,T-Shirts,Marvel Graphic Tee,2,882.1,20.0,2025-07-13,Delhi,Young Professional,465.76,1411.36,352.84
SS101929,Riya Kumar,T-Shirts,Classic Logo Tee,1,1160.27,5.0,2025-07-13,Jaipur,Student,327.76,1102.26,58.01
SS102437,Vivaan Reddy,Hoodies,Zip Hoodie,1,2007.98,10.0,2025-07-13,Kolkata,Young Professional,452.13,1807.18,200.8
SS102825,Manya Agarwal,Accessories,Sling Bag,1,693.63,35.0,2025-07-13,Pune,Working Professional,129.53,450.86,242.77
SS100129,Tanya Patel,Hoodies,Fleece Hoodie,1,2669.36,0.0,2025-07-14,Hyderabad,Working Professional,767.41,2669.36,0.0
SS100992,Ishaan Chopra,T-Shirts,Classic Logo Tee,2,1479.47,5.0,2025-07-14,Lucknow,Young Professional,926.5,2810.99,147.95
SS101155,Kritika Malhotra,Accessories,Socks Pack,2,1249.59,15.0,2025-07-14,Bengaluru,Working Professional,785.25,2124.3,374.88
SS101169,Pooja Sharma,T-Shirts,Classic Logo Tee,1,630.81,10.0,2025-07-14,Kolkata,Young Professional,116.65,567.73,63.08
SS101632,Riya Bansal,Shirts,Denim Shirt,4,1298.45,0.0,2025-07-14,Chandigarh,Working Professional,1679.36,5193.8,0.0
SS102076,Meera Gupta,T-Shirts,Marvel Graphic Tee,2,984.34,0.0,2025-07-14,Surat,Casual Shopper,576.92,1968.68,0.0
SS100423,Aditya Mishra,Hoodies,Graphic Pullover Hoodie,5,2049.09,0.0,2025-07-15,Ahmedabad,Casual Shopper,2922.94,10245.45,0.0
SS100754,Aarav Joshi,T-Shirts,Typography Tee,1,870.46,30.0,2025-07-15,Pune,Working Professional,172.19,609.32,261.14
SS101407,Neha Gupta,Accessories,Sling Bag,1,1030.78,35.0,2025-07-15,Jaipur,Student,208.97,670.01,360.77
SS101457,Manya Bansal,Shirts,Oversized Shirt,1,1077.92,25.0,2025-07-15,Ahmedabad,Working Professional,224.06,808.44,269.48
SS100054,Aditya Reddy,Shirts,Casual Printed Shirt,1,1882.15,30.0,2025-07-16,Noida,Working Professional,243.94,1317.5,564.65
SS101300,Kabir Kapoor,T-Shirts,Classic Logo Tee,2,1444.63,10.0,2025-07-16,Ahmedabad,Young Professional,843.1,2600.33,288.93
SS101446,Kritika Kapoor,Shirts,Casual Printed Shirt,1,1726.64,5.0,2025-07-16,Noida,Premium Shopper,580.96,1640.31,86.33
SS102249,Priya Mishra,T-Shirts,Classic Logo Tee,2,890.38,25.0,2025-07-16,Jaipur,Student,396.87,1335.57,445.19
SS101719,Yash Shah,T-Shirts,Anime Printed Tee,2,689.46,20.0,2025-07-17,Jaipur,Student,292.04,1103.14,275.78
SS102711,Sakshi Joshi,Hoodies,Graphic Pullover Hoodie,1,2577.19,30.0,2025-07-17,Mumbai,Casual Shopper,403.06,1804.03,773.16
SS100602,Simran Verma,T-Shirts,Typography Tee,1,779.64,20.0,2025-07-18,Kolkata,Young Professional,176.63,623.71,155.93
SS100959,Riya Saxena,Accessories,Sling Bag,2,921.03,20.0,2025-07-18,Kolkata,Casual Shopper,486.86,1473.65,368.41
SS101069,Ananya Kapoor,T-Shirts,Anime Printed Tee,3,565.75,20.0,2025-07-18,Noida,Student,335.71,1357.8,339.45
SS101438,Diya Shah,T-Shirts,Anime Printed Tee,1,809.6,25.0,2025-07-18,Chennai,Young Professional,189.91,607.2,202.4
SS101489,Priya Joshi,Hoodies,Graphic Pullover Hoodie,2,2232.54,10.0,2025-07-18,Chandigarh,Young Professional,1155.23,4018.57,446.51
SS102198,Riya Singh,Shirts,Oversized Shirt,1,1164.33,10.0,2025-07-18,Kolkata,Student,334.83,1047.9,116.43
SS100422,Arjun Nair,T-Shirts,Marvel Graphic Tee,1,705.07,10.0,2025-07-19,Gurugram,Working Professional,168.9,634.56,70.51
SS100915,Aditya Sharma,Hoodies,Zip Hoodie,1,2504.83,15.0,2025-07-19,Chennai,Young Professional,578.49,2129.11,375.72
SS101530,Sakshi Verma,T-Shirts,Classic Logo Tee,2,1321.89,40.0,2025-07-19,Ahmedabad,Young Professional,360.42,1586.27,1057.51
SS100163,Ishaan Joshi,Hoodies,Oversized Hoodie,1,1587.59,25.0,2025-07-20,Ahmedabad,Working Professional,309.77,1190.69,396.9
SS100334,Aanya Nair,T-Shirts,Oversized Graphic Tee,2,595.92,5.0,2025-07-20,Gurugram,Young Professional,358.28,1132.25,59.59
SS100587,Tanya Malhotra,T-Shirts,Marvel Graphic Tee,2,1012.88,15.0,2025-07-20,Noida,Working Professional,559.96,1721.9,303.86
SS100595,Aditi Agarwal,Hoodies,Graphic Pullover Hoodie,1,2961.59,15.0,2025-07-20,Mumbai,Working Professional,659.17,2517.35,444.24
SS101100,Sakshi Shah,T-Shirts,Marvel Graphic Tee,2,1412.58,20.0,2025-07-20,Chandigarh,Casual Shopper,632.44,2260.13,565.03
SS102031,Aditya Malhotra,Shirts,Denim Shirt,1,1012.35,25.0,2025-07-20,Lucknow,Working Professional,254.38,759.26,253.09
SS102342,Vivaan Das,T-Shirts,Marvel Graphic Tee,1,974.53,5.0,2025-07-20,Kolkata,Working Professional,281.1,925.8,48.73
SS102444,Meera Kumar,Hoodies,Zip Hoodie,2,2837.63,15.0,2025-07-20,Pune,Student,1218.01,4823.97,851.29
SS102847,Kavya Reddy,T-Shirts,Typography Tee,2,1366.75,20.0,2025-07-20,Kolkata,Premium Shopper,727.53,2186.8,546.7
SS102914,Ishaan Mishra,T-Shirts,Marvel Graphic Tee,1,1204.62,15.0,2025-07-20,Bengaluru,Working Professional,270.87,1023.93,180.69
SS102986,Aanya Chopra,T-Shirts,Oversized Graphic Tee,1,554.48,20.0,2025-07-20,Noida,Working Professional,152.33,443.58,110.9
SS100503,Rahul Patel,Accessories,Sling Bag,1,837.38,15.0,2025-07-21,Surat,Casual Shopper,326.13,711.77,125.61
SS100999,Kavya Mishra,Hoodies,Graphic Pullover Hoodie,2,2902.71,5.0,2025-07-21,Ahmedabad,Casual Shopper,1641.07,5515.15,290.27
SS101227,Rahul Das,T-Shirts,Marvel Graphic Tee,1,1100.08,40.0,2025-07-21,Jaipur,Premium Shopper,164.23,660.05,440.03
SS101270,Neha Agarwal,Shirts,Denim Shirt,1,1197.0,10.0,2025-07-21,Ahmedabad,Premium Shopper,353.05,1077.3,119.7
SS101366,Aanya Shah,Shirts,Oversized Shirt,5,1225.08,0.0,2025-07-21,Mumbai,Working Professional,1929.32,6125.4,0.0
SS101745,Karan Shah,Hoodies,Zip Hoodie,1,2441.85,15.0,2025-07-21,Jaipur,Working Professional,653.13,2075.57,366.28
SS101854,Riya Das,Bottomwear,Relaxed Jeans,1,1331.47,20.0,2025-07-21,Lucknow,Young Professional,277.24,1065.18,266.29
SS101879,Shreya Nair,Shirts,Oversized Shirt,1,1575.94,15.0,2025-07-21,Mumbai,Young Professional,404.78,1339.55,236.39
SS102061,Priya Mehta,Hoodies,Zip Hoodie,1,2269.17,0.0,2025-07-21,Pune,Working Professional,620.73,2269.17,0.0
SS102144,Diya Malhotra,Hoodies,Fleece Hoodie,4,2597.96,15.0,2025-07-21,Pune,Casual Shopper,2327.13,8833.06,1558.78
SS101349,Kritika Kumar,T-Shirts,Classic Logo Tee,1,806.66,35.0,2025-07-22,Kolkata,Premium Shopper,145.0,524.33,282.33
SS101520,Anika Malhotra,T-Shirts,Classic Logo Tee,5,1423.35,35.0,2025-07-22,Noida,Casual Shopper,1072.33,4625.89,2490.86
SS102972,Aanya Reddy,Accessories,Sling Bag,4,884.22,20.0,2025-07-22,Noida,Student,834.0,2829.5,707.38
SS100329,Vivaan Reddy,T-Shirts,Anime Printed Tee,2,1024.14,15.0,2025-07-23,Mumbai,Young Professional,535.34,1741.04,307.24
SS100367,Rahul Reddy,Bottomwear,Track Pants,1,1546.64,5.0,2025-07-23,Ahmedabad,Premium Shopper,406.7,1469.31,77.33
SS100560,Aditya Shah,Shirts,Casual Printed Shirt,3,1957.4,10.0,2025-07-23,Ahmedabad,Young Professional,1533.02,5284.98,587.22
SS101365,Rahul Shah,T-Shirts,Marvel Graphic Tee,2,543.75,10.0,2025-07-23,Ahmedabad,Student,372.4,978.75,108.75
SS100778,Shreya Jain,Accessories,Socks Pack,2,832.73,15.0,2025-07-24,Jaipur,Casual Shopper,513.85,1415.64,249.82
SS101261,Shreya Agarwal,Accessories,Backpack,1,936.93,20.0,2025-07-24,Surat,Working Professional,238.01,749.54,187.39
SS101577,Riya Saxena,Shirts,Denim Shirt,1,1867.28,10.0,2025-07-24,Ahmedabad,Young Professional,477.56,1680.55,186.73
SS102433,Ananya Reddy,T-Shirts,Anime Printed Tee,2,1192.99,25.0,2025-07-24,Surat,Premium Shopper,615.52,1789.48,596.49
SS102568,Manya Mishra,Accessories,Graphic Cap,2,1097.5,10.0,2025-07-24,Ahmedabad,Student,696.99,1975.5,219.5
SS100280,Arjun Gupta,Bottomwear,Track Pants,1,1009.18,20.0,2025-07-25,Jaipur,Working Professional,236.67,807.34,201.84
SS100660,Anika Singh,Hoodies,Oversized Hoodie,1,1588.9,15.0,2025-07-25,Pune,Working Professional,351.52,1350.56,238.34
SS102284,Yash Patel,T-Shirts,Typography Tee,1,1139.05,15.0,2025-07-25,Delhi,Casual Shopper,208.18,968.19,170.86
SS102468,Aanya Jain,Hoodies,Graphic Pullover Hoodie,1,2321.63,25.0,2025-07-25,Noida,Casual Shopper,448.38,1741.22,580.41
SS100853,Anika Das,Bottomwear,Joggers,3,1259.36,5.0,2025-07-26,Mumbai,Working Professional,1106.11,3589.18,188.9
SS101835,Aarav Bansal,Shirts,Casual Printed Shirt,2,1564.07,15.0,2025-07-26,Chennai,Casual Shopper,649.88,2658.92,469.22
SS101591,Diya Gupta,Bottomwear,Cargo Pants,1,1064.1,5.0,2025-07-27,Bengaluru,Working Professional,286.45,1010.89,53.21
SS101759,Sakshi Gupta,Shirts,Denim Shirt,1,1797.99,25.0,2025-07-27,Mumbai,Young Professional,419.19,1348.49,449.5
SS102262,Vivaan Nair,Bottomwear,Relaxed Jeans,2,1710.49,15.0,2025-07-27,Chennai,Student,624.55,2907.83,513.15
SS102674,Kabir Verma,Bottomwear,Cargo Pants,1,2357.93,15.0,2025-07-27,Chennai,Young Professional,569.73,2004.24,353.69
SS102689,Priya Patel,Hoodies,Graphic Pullover Hoodie,1,1536.2,10.0,2025-07-27,Gurugram,Student,359.3,1382.58,153.62
SS100276,Yash Chopra,Accessories,Graphic Cap,3,535.01,20.0,2025-07-28,Chennai,Casual Shopper,452.16,1284.02,321.01
SS101187,Isha Saxena,T-Shirts,Typography Tee,1,1478.91,15.0,2025-07-28,Hyderabad,Working Professional,411.17,1257.07,221.84
SS102196,Anika Kapoor,Hoodies,Fleece Hoodie,3,2300.5,5.0,2025-07-28,Bengaluru,Premium Shopper,2023.1,6556.42,345.08
SS102276,Nisha Patel,Accessories,Backpack,5,1061.65,20.0,2025-07-28,Pune,Working Professional,1424.79,4246.6,1061.65
SS102894,Vivaan Shah,T-Shirts,Typography Tee,2,672.37,30.0,2025-07-28,Lucknow,Working Professional,224.8,941.32,403.42
SS102992,Ishaan Malhotra,Shirts,Denim Shirt,3,1816.9,10.0,2025-07-28,Pune,Casual Shopper,1417.0,4905.63,545.07
SS100621,Vivaan Bansal,T-Shirts,Oversized Graphic Tee,2,923.39,0.0,2025-07-29,Pune,Student,475.07,1846.78,0.0
SS100695,Rahul Mehta,Shirts,Oversized Shirt,1,1496.13,25.0,2025-07-29,Kolkata,Young Professional,287.95,1122.1,374.03
SS100817,Sakshi Shah,Hoodies,Graphic Pullover Hoodie,1,2474.56,20.0,2025-07-29,Kolkata,Young Professional,533.48,1979.65,494.91
SS102175,Priya Verma,Accessories,Backpack,1,573.14,20.0,2025-07-29,Gurugram,Working Professional,213.21,458.51,114.63
SS102690,Kabir Das,Hoodies,Graphic Pullover Hoodie,1,2619.51,10.0,2025-07-29,Jaipur,Young Professional,616.84,2357.56,261.95
SS100213,Manya Singh,T-Shirts,Marvel Graphic Tee,2,1162.36,15.0,2025-07-30,Chennai,Working Professional,609.14,1976.01,348.71
SS100301,Shreya Chopra,Hoodies,Zip Hoodie,5,1991.59,10.0,2025-07-30,Lucknow,Casual Shopper,2431.31,8962.15,995.8
SS102176,Nisha Verma,T-Shirts,Oversized Graphic Tee,2,701.66,25.0,2025-07-30,Mumbai,Working Professional,307.95,1052.49,350.83
SS102900,Ishaan Nair,T-Shirts,Anime Printed Tee,1,850.22,30.0,2025-07-30,Gurugram,Student,178.82,595.15,255.07
SS101258,Simran Reddy,T-Shirts,Typography Tee,1,1158.49,10.0,2025-07-31,Delhi,Working Professional,342.26,1042.64,115.85
SS101663,Anika Jain,Hoodies,Fleece Hoodie,2,2206.85,30.0,2025-07-31,Jaipur,Young Professional,667.99,3089.59,1324.11
SS102766,Neha Joshi,Hoodies,Graphic Pullover Hoodie,2,1304.76,15.0,2025-07-31,Kolkata,Student,572.94,2218.09,391.43
SS100022,Shreya Kapoor,T-Shirts,Typography Tee,2,677.45,10.0,2025-08-01,Chennai,Premium Shopper,370.35,1219.41,135.49
SS100648,Nisha Mishra,Accessories,Backpack,1,687.12,15.0,2025-08-01,Bengaluru,Student,83.91,584.05,103.07
SS100811,Yash Kumar,Accessories,Backpack,5,588.5,5.0,2025-08-01,Lucknow,Working Professional,1049.07,2795.38,147.12
SS101516,Rahul Das,Shirts,Denim Shirt,1,1557.0,5.0,2025-08-01,Noida,Working Professional,490.46,1479.15,77.85
SS100597,Kritika Sharma,T-Shirts,Classic Logo Tee,3,1054.62,10.0,2025-08-02,Noida,Young Professional,801.22,2847.47,316.39
SS100839,Kabir Kumar,Shirts,Casual Printed Shirt,1,1548.83,10.0,2025-08-02,Pune,Casual Shopper,391.68,1393.95,154.88
SS100914,Diya Reddy,Shirts,Denim Shirt,1,1619.08,10.0,2025-08-02,Mumbai,Working Professional,442.85,1457.17,161.91
SS101271,Diya Bansal,Bottomwear,Cargo Pants,2,2282.11,30.0,2025-08-02,Kolkata,Premium Shopper,835.3,3194.95,1369.27
SS101378,Meera Patel,Hoodies,Graphic Pullover Hoodie,3,1339.32,20.0,2025-08-02,Hyderabad,Working Professional,929.13,3214.37,803.59
SS101715,Rahul Jain,Bottomwear,Cargo Pants,2,2289.37,20.0,2025-08-02,Noida,Premium Shopper,990.09,3662.99,915.75
SS102392,Yash Gupta,Hoodies,Zip Hoodie,1,1837.21,15.0,2025-08-02,Lucknow,Working Professional,448.82,1561.63,275.58
SS102592,Sakshi Reddy,Shirts,Denim Shirt,1,1158.02,10.0,2025-08-02,Mumbai,Working Professional,342.03,1042.22,115.8
SS102929,Meera Bansal,Hoodies,Graphic Pullover Hoodie,1,2190.24,15.0,2025-08-02,Pune,Casual Shopper,501.26,1861.7,328.54
SS100305,Shreya Patel,Bottomwear,Joggers,1,1381.63,30.0,2025-08-03,Kolkata,Working Professional,169.42,967.14,414.49
SS100898,Pooja Saxena,T-Shirts,Oversized Graphic Tee,5,625.55,5.0,2025-08-03,Pune,Student,824.19,2971.36,156.39
SS100955,Aanya Jain,Hoodies,Oversized Hoodie,3,1510.39,5.0,2025-08-03,Noida,Casual Shopper,1251.14,4304.61,226.56
SS102590,Aanya Kumar,Accessories,Sling Bag,1,545.48,25.0,2025-08-03,Gurugram,Young Professional,141.79,409.11,136.37
SS100002,Ananya Joshi,Accessories,Graphic Cap,1,568.12,25.0,2025-08-04,Ahmedabad,Young Professional,244.72,426.09,142.03
SS100104,Nisha Saxena,Bottomwear,Cargo Pants,3,1851.71,0.0,2025-08-04,Noida,Premium Shopper,1746.43,5555.13,0.0
SS100653,Manya Joshi,Accessories,Backpack,2,712.19,20.0,2025-08-04,Chennai,Premium Shopper,380.16,1139.5,284.88
SS101263,Kabir Kumar,Hoodies,Graphic Pullover Hoodie,1,1925.56,10.0,2025-08-04,Gurugram,Student,506.33,1733.0,192.56
SS101791,Karan Gupta,Accessories,Graphic Cap,1,737.66,20.0,2025-08-04,Kolkata,Working Professional,214.49,590.13,147.53
SS102306,Aditi Kumar,T-Shirts,Typography Tee,1,1287.55,20.0,2025-08-04,Kolkata,Casual Shopper,272.59,1030.04,257.51
SS102406,Aanya Saxena,Hoodies,Zip Hoodie,3,2842.66,15.0,2025-08-04,Chandigarh,Young Professional,1938.56,7248.78,1279.2
SS101752,Vivaan Chopra,T-Shirts,Classic Logo Tee,1,748.3,10.0,2025-08-05,Ahmedabad,Casual Shopper,179.59,673.47,74.83
SS102011,Kabir Nair,T-Shirts,Oversized Graphic Tee,5,1407.19,35.0,2025-08-05,Jaipur,Casual Shopper,1098.92,4573.37,2462.58
SS102818,Aditi Chopra,T-Shirts,Typography Tee,1,510.15,10.0,2025-08-05,Chandigarh,Working Professional,178.68,459.14,51.01
SS102895,Tanya Agarwal,Bottomwear,Cargo Pants,1,1510.31,25.0,2025-08-05,Kolkata,Premium Shopper,303.53,1132.73,377.58
SS100537,Karan Singh,T-Shirts,Oversized Graphic Tee,3,521.13,30.0,2025-08-06,Hyderabad,Working Professional,289.04,1094.37,469.02
SS101058,Karan Jain,Hoodies,Fleece Hoodie,3,2334.63,15.0,2025-08-07,Ahmedabad,Casual Shopper,1594.79,5953.31,1050.58
SS101361,Manya Chopra,T-Shirts,Classic Logo Tee,3,1005.93,15.0,2025-08-07,Chennai,Young Professional,778.22,2565.12,452.67
SS101694,Kritika Das,Hoodies,Fleece Hoodie,2,1745.97,0.0,2025-08-07,Kolkata,Casual Shopper,1032.09,3491.94,0.0
SS102098,Riya Verma,Accessories,Sling Bag,1,696.49,10.0,2025-08-07,Kolkata,Casual Shopper,142.65,626.84,69.65
SS102418,Anika Agarwal,T-Shirts,Oversized Graphic Tee,1,1204.6,30.0,2025-08-07,Ahmedabad,Young Professional,204.11,843.22,361.38
SS102490,Pooja Bansal,T-Shirts,Typography Tee,2,1385.38,0.0,2025-08-07,Gurugram,Working Professional,964.6,2770.76,0.0
SS102540,Riya Singh,Shirts,Oversized Shirt,2,1662.12,10.0,2025-08-07,Hyderabad,Premium Shopper,926.71,2991.82,332.42
SS100089,Vivaan Das,Hoodies,Oversized Hoodie,3,2724.66,20.0,2025-08-08,Chandigarh,Student,1620.53,6539.18,1634.8
SS101215,Meera Agarwal,T-Shirts,Classic Logo Tee,2,974.66,0.0,2025-08-08,Surat,Premium Shopper,725.23,1949.32,0.0
SS101599,Nisha Nair,Bottomwear,Track Pants,3,1321.1,25.0,2025-08-08,Pune,Young Professional,632.66,2972.48,990.82
SS102073,Shreya Reddy,Bottomwear,Track Pants,1,1089.65,10.0,2025-08-08,Kolkata,Premium Shopper,312.2,980.68,108.97
SS102579,Isha Bansal,Shirts,Oversized Shirt,1,1289.98,25.0,2025-08-08,Kolkata,Student,204.44,967.48,322.5
SS102580,Shreya Agarwal,T-Shirts,Classic Logo Tee,1,750.51,20.0,2025-08-08,Surat,Student,141.38,600.41,150.1
SS102677,Aditya Joshi,T-Shirts,Typography Tee,2,1400.84,15.0,2025-08-08,Jaipur,Casual Shopper,677.36,2381.43,420.25
SS102834,Anika Reddy,Hoodies,Graphic Pullover Hoodie,1,1918.14,20.0,2025-08-08,Mumbai,Young Professional,390.38,1534.51,383.63
SS101331,Neha Joshi,Shirts,Casual Printed Shirt,4,1033.84,35.0,2025-08-09,Chennai,Working Professional,752.48,2687.98,1447.38
SS100218,Anika Verma,Shirts,Casual Printed Shirt,2,1087.88,20.0,2025-08-10,Bengaluru,Casual Shopper,442.68,1740.61,435.15
SS100522,Rohan Kapoor,Bottomwear,Cargo Pants,5,1341.09,35.0,2025-08-10,Chennai,Student,918.15,4358.54,2346.91
SS100816,Riya Verma,Shirts,Denim Shirt,1,1476.98,0.0,2025-08-10,Ahmedabad,Student,425.59,1476.98,0.0
SS100573,Anika Singh,Shirts,Denim Shirt,2,1087.21,15.0,2025-08-11,Lucknow,Casual Shopper,413.08,1848.26,326.16
SS101524,Aanya Reddy,Hoodies,Oversized Hoodie,1,2912.44,20.0,2025-08-11,Mumbai,Student,556.92,2329.95,582.49
SS101640,Sakshi Shah,Hoodies,Graphic Pullover Hoodie,1,1616.45,0.0,2025-08-11,Ahmedabad,Working Professional,494.35,1616.45,0.0
SS101776,Vivaan Verma,Shirts,Denim Shirt,2,1941.86,10.0,2025-08-11,Surat,Working Professional,1003.62,3495.35,388.37
SS102520,Meera Mehta,Shirts,Denim Shirt,1,1105.15,30.0,2025-08-11,Surat,Premium Shopper,207.48,773.6,331.55
SS100842,Pooja Bansal,T-Shirts,Classic Logo Tee,3,930.84,10.0,2025-08-12,Delhi,Working Professional,853.94,2513.27,279.25
SS100975,Nisha Bansal,T-Shirts,Typography Tee,1,611.5,30.0,2025-08-12,Chandigarh,Young Professional,98.86,428.05,183.45
SS101541,Anika Reddy,T-Shirts,Typography Tee,1,603.48,20.0,2025-08-12,Mumbai,Student,130.52,482.78,120.7
SS101595,Rahul Patel,Shirts,Oversized Shirt,1,1409.7,40.0,2025-08-12,Kolkata,Working Professional,167.51,845.82,563.88
SS102463,Yash Sharma,Shirts,Oversized Shirt,3,1853.48,10.0,2025-08-12,Ahmedabad,Young Professional,1461.16,5004.4,556.04
SS100862,Aanya Verma,Hoodies,Fleece Hoodie,4,2188.37,15.0,2025-08-13,Chandigarh,Working Professional,2157.32,7440.46,1313.02
SS101165,Kavya Saxena,Accessories,Backpack,3,763.33,15.0,2025-08-13,Bengaluru,Working Professional,625.82,1946.49,343.5
SS101353,Rohan Sharma,Accessories,Sling Bag,1,603.16,15.0,2025-08-13,Noida,Casual Shopper,158.57,512.69,90.47
SS101410,Aanya Saxena,T-Shirts,Anime Printed Tee,1,763.87,20.0,2025-08-13,Kolkata,Student,199.47,611.1,152.77
SS101761,Pooja Saxena,Accessories,Backpack,1,554.0,20.0,2025-08-13,Noida,Premium Shopper,122.48,443.2,110.8
SS102239,Kritika Sharma,T-Shirts,Classic Logo Tee,1,1052.43,0.0,2025-08-13,Chandigarh,Casual Shopper,339.83,1052.43,0.0
SS101009,Nisha Das,Hoodies,Graphic Pullover Hoodie,1,2975.9,0.0,2025-08-14,Mumbai,Young Professional,913.34,2975.9,0.0
SS101901,Shreya Patel,T-Shirts,Typography Tee,1,699.01,0.0,2025-08-14,Surat,Working Professional,169.31,699.01,0.0
SS101956,Aarav Gupta,Shirts,Casual Printed Shirt,2,985.38,25.0,2025-08-14,Chandigarh,Student,406.32,1478.07,492.69
SS102555,Ananya Kapoor,Bottomwear,Relaxed Jeans,5,1687.74,25.0,2025-08-14,Delhi,Casual Shopper,1593.9,6329.02,2109.68
SS102998,Meera Malhotra,T-Shirts,Classic Logo Tee,1,626.85,35.0,2025-08-14,Kolkata,Young Professional,139.57,407.45,219.4
SS100017,Pooja Malhotra,Hoodies,Zip Hoodie,1,1505.15,15.0,2025-08-15,Jaipur,Casual Shopper,326.64,1279.38,225.77
SS100429,Sakshi Kumar,T-Shirts,Classic Logo Tee,2,963.58,0.0,2025-08-15,Ahmedabad,Working Professional,647.9,1927.16,0.0
SS101418,Pooja Jain,Hoodies,Fleece Hoodie,2,2401.51,0.0,2025-08-15,Surat,Young Professional,1430.35,4803.02,0.0
SS102303,Isha Mishra,T-Shirts,Typography Tee,1,820.46,25.0,2025-08-15,Delhi,Working Professional,181.3,615.34,205.12
SS100288,Aanya Bansal,T-Shirts,Typography Tee,4,1019.16,10.0,2025-08-16,Lucknow,Student,1041.35,3668.98,407.66
SS100962,Rahul Sharma,T-Shirts,Typography Tee,1,1360.01,25.0,2025-08-16,Chandigarh,Casual Shopper,178.05,1020.01,340.0
SS101723,Ananya Shah,T-Shirts,Typography Tee,2,1240.6,5.0,2025-08-16,Hyderabad,Premium Shopper,795.34,2357.14,124.06
SS102161,Isha Gupta,Shirts,Denim Shirt,2,940.52,10.0,2025-08-16,Lucknow,Casual Shopper,436.37,1692.94,188.1
SS102409,Sneha Jain,Hoodies,Oversized Hoodie,1,1825.12,15.0,2025-08-16,Chandigarh,Working Professional,489.77,1551.35,273.77
SS102837,Sakshi Chopra,T-Shirts,Oversized Graphic Tee,1,985.41,25.0,2025-08-16,Surat,Student,230.99,739.06,246.35
SS100050,Kritika Bansal,Bottomwear,Cargo Pants,1,2424.32,5.0,2025-08-17,Lucknow,Student,581.63,2303.1,121.22
SS100636,Nisha Singh,Hoodies,Fleece Hoodie,1,1530.63,30.0,2025-08-17,Hyderabad,Young Professional,269.07,1071.44,459.19
SS101325,Nisha Reddy,T-Shirts,Typography Tee,2,1426.37,15.0,2025-08-17,Mumbai,Working Professional,683.01,2424.83,427.91
SS101350,Tanya Verma,Bottomwear,Track Pants,1,1062.5,20.0,2025-08-17,Surat,Young Professional,231.09,850.0,212.5
SS100347,Arjun Joshi,T-Shirts,Oversized Graphic Tee,3,1089.87,10.0,2025-08-18,Chennai,Young Professional,862.53,2942.65,326.96
SS100405,Riya Das,Bottomwear,Relaxed Jeans,2,1300.7,0.0,2025-08-18,Chandigarh,Student,688.67,2601.4,0.0
SS101895,Kavya Shah,Accessories,Sling Bag,1,872.15,35.0,2025-08-18,Chennai,Working Professional,203.99,566.9,305.25
SS101910,Karan Gupta,T-Shirts,Marvel Graphic Tee,3,612.11,10.0,2025-08-18,Gurugram,Young Professional,559.09,1652.7,183.63
SS102652,Simran Nair,Hoodies,Fleece Hoodie,2,2277.72,25.0,2025-08-18,Lucknow,Premium Shopper,859.88,3416.58,1138.86
SS102968,Yash Verma,Bottomwear,Track Pants,1,1786.65,20.0,2025-08-18,Chennai,Working Professional,439.17,1429.32,357.33
SS101184,Ananya Sharma,T-Shirts,Classic Logo Tee,1,828.35,0.0,2025-08-19,Jaipur,Premium Shopper,279.85,828.35,0.0
SS101492,Karan Singh,T-Shirts,Marvel Graphic Tee,2,734.41,20.0,2025-08-19,Chandigarh,Young Professional,283.51,1175.06,293.76
SS101871,Ananya Reddy,T-Shirts,Marvel Graphic Tee,3,837.8,20.0,2025-08-19,Kolkata,Premium Shopper,636.02,2010.72,502.68
SS102678,Priya Shah,T-Shirts,Oversized Graphic Tee,4,626.37,35.0,2025-08-19,Mumbai,Young Professional,414.26,1628.56,876.92
SS100006,Aditya Singh,T-Shirts,Marvel Graphic Tee,5,629.35,15.0,2025-08-20,Kolkata,Young Professional,776.11,2674.74,472.01
SS100675,Isha Gupta,Bottomwear,Cargo Pants,1,1103.79,5.0,2025-08-20,Gurugram,Working Professional,314.88,1048.6,55.19
SS100848,Yash Gupta,Hoodies,Oversized Hoodie,5,1509.07,10.0,2025-08-20,Delhi,Young Professional,1884.23,6790.82,754.53
SS101662,Ananya Bansal,Bottomwear,Relaxed Jeans,1,2035.05,20.0,2025-08-20,Hyderabad,Young Professional,322.8,1628.04,407.01
SS101994,Aanya Agarwal,Accessories,Socks Pack,2,1028.61,10.0,2025-08-20,Delhi,Casual Shopper,677.58,1851.5,205.72
SS102052,Simran Singh,T-Shirts,Classic Logo Tee,1,886.13,20.0,2025-08-20,Chandigarh,Casual Shopper,166.91,708.9,177.23
SS102280,Tanya Mehta,T-Shirts,Anime Printed Tee,1,1178.32,0.0,2025-08-20,Bengaluru,Young Professional,355.54,1178.32,0.0
SS100094,Nisha Mishra,Accessories,Socks Pack,1,415.8,30.0,2025-08-21,Chennai,Young Professional,86.78,291.06,124.74
SS101415,Anika Gupta,Bottomwear,Joggers,4,1148.9,5.0,2025-08-21,Chandigarh,Young Professional,1165.64,4365.82,229.78
SS101669,Aditya Das,Accessories,Socks Pack,1,1123.72,5.0,2025-08-21,Pune,Student,408.91,1067.53,56.19
SS101839,Aanya Das,T-Shirts,Marvel Graphic Tee,4,1136.82,20.0,2025-08-21,Pune,Premium Shopper,1117.5,3637.82,909.46
SS102429,Pooja Verma,Bottomwear,Track Pants,2,2307.7,35.0,2025-08-21,Surat,Working Professional,699.88,3000.01,1615.39
SS102777,Neha Verma,T-Shirts,Anime Printed Tee,5,1113.16,30.0,2025-08-21,Surat,Student,1090.44,3896.06,1669.74
SS100096,Nisha Shah,Hoodies,Oversized Hoodie,1,1655.18,30.0,2025-08-22,Delhi,Working Professional,336.65,1158.63,496.55
SS100311,Arjun Mishra,T-Shirts,Anime Printed Tee,1,1259.76,20.0,2025-08-22,Jaipur,Working Professional,338.96,1007.81,251.95
SS100705,Ishaan Bansal,Bottomwear,Track Pants,2,1611.03,25.0,2025-08-22,Pune,Premium Shopper,595.83,2416.54,805.51
SS100812,Aanya Kapoor,T-Shirts,Classic Logo Tee,1,1163.13,20.0,2025-08-22,Chennai,Young Professional,274.38,930.5,232.63
SS100943,Diya Jain,Accessories,Sling Bag,1,1175.29,20.0,2025-08-22,Chennai,Student,282.32,940.23,235.06
SS102200,Yash Bansal,Bottomwear,Track Pants,1,2457.14,5.0,2025-08-22,Chandigarh,Working Professional,708.55,2334.28,122.86
SS102702,Priya Mishra,T-Shirts,Anime Printed Tee,2,1160.3,15.0,2025-08-22,Hyderabad,Student,557.5,1972.51,348.09
SS102760,Rohan Gupta,T-Shirts,Anime Printed Tee,1,969.51,25.0,2025-08-22,Pune,Working Professional,42.75,727.13,242.38
SS100043,Rohan Malhotra,Bottomwear,Track Pants,1,1244.88,10.0,2025-08-23,Bengaluru,Casual Shopper,308.73,1120.39,124.49
SS100061,Yash Kumar,T-Shirts,Oversized Graphic Tee,1,813.93,15.0,2025-08-23,Surat,Young Professional,236.73,691.84,122.09
SS102661,Sakshi Jain,Bottomwear,Track Pants,2,2436.38,10.0,2025-08-23,Delhi,Student,1029.77,4385.48,487.28
SS102882,Ananya Malhotra,T-Shirts,Classic Logo Tee,3,1415.98,10.0,2025-08-23,Gurugram,Premium Shopper,1312.41,3823.15,424.79
SS102410,Meera Singh,Shirts,Denim Shirt,5,1973.05,10.0,2025-08-25,Chennai,Casual Shopper,2508.76,8878.72,986.52
SS100388,Sakshi Malhotra,Accessories,Graphic Cap,1,373.51,15.0,2025-08-26,Lucknow,Working Professional,190.45,317.48,56.03
SS100624,Priya Joshi,Shirts,Denim Shirt,2,1490.16,15.0,2025-08-26,Bengaluru,Young Professional,748.97,2533.27,447.05
SS101829,Kritika Joshi,T-Shirts,Anime Printed Tee,3,624.66,10.0,2025-08-26,Surat,Casual Shopper,476.67,1686.58,187.4
SS102184,Shreya Shah,Shirts,Casual Printed Shirt,2,934.27,10.0,2025-08-26,Hyderabad,Working Professional,548.05,1681.69,186.85
SS102492,Neha Chopra,Accessories,Socks Pack,3,945.4,10.0,2025-08-26,Noida,Casual Shopper,889.16,2552.58,283.62
SS100411,Vivaan Kapoor,Bottomwear,Joggers,2,1405.01,15.0,2025-08-27,Bengaluru,Young Professional,692.87,2388.52,421.5
SS100548,Rohan Reddy,Hoodies,Zip Hoodie,2,1498.71,0.0,2025-08-27,Ahmedabad,Young Professional,910.86,2997.42,0.0
SS100947,Sakshi Mishra,Bottomwear,Track Pants,2,1984.8,25.0,2025-08-27,Chandigarh,Casual Shopper,707.33,2977.2,992.4
SS101265,Neha Chopra,T-Shirts,Typography Tee,2,1319.46,20.0,2025-08-27,Ahmedabad,Working Professional,520.02,2111.14,527.78
SS101293,Pooja Chopra,Shirts,Denim Shirt,4,1789.77,15.0,2025-08-27,Mumbai,Student,1605.11,6085.22,1073.86
SS101339,Yash Gupta,T-Shirts,Oversized Graphic Tee,4,1188.96,40.0,2025-08-27,Chandigarh,Casual Shopper,687.64,2853.5,1902.34
SS101400,Kavya Mehta,T-Shirts,Typography Tee,3,764.12,35.0,2025-08-27,Pune,Casual Shopper,367.67,1490.03,802.33
SS101548,Riya Mishra,T-Shirts,Typography Tee,1,822.19,20.0,2025-08-27,Jaipur,Young Professional,118.45,657.75,164.44
SS101594,Kritika Nair,Accessories,Graphic Cap,5,946.07,0.0,2025-08-27,Gurugram,Student,1549.82,4730.35,0.0
SS101981,Shreya Mishra,Accessories,Sling Bag,1,864.75,25.0,2025-08-27,Bengaluru,Young Professional,212.01,648.56,216.19
SS102005,Sneha Das,Accessories,Sling Bag,1,690.48,15.0,2025-08-27,Mumbai,Working Professional,132.39,586.91,103.57
SS102278,Rahul Patel,Shirts,Oversized Shirt,1,1588.31,10.0,2025-08-27,Pune,Student,347.21,1429.48,158.83
SS102498,Nisha Das,Bottomwear,Track Pants,2,1752.96,0.0,2025-08-27,Pune,Premium Shopper,1070.77,3505.92,0.0
SS102666,Meera Mishra,T-Shirts,Oversized Graphic Tee,4,1349.3,10.0,2025-08-27,Bengaluru,Student,1427.37,4857.48,539.72
SS100161,Arjun Malhotra,Shirts,Denim Shirt,4,1181.83,0.0,2025-08-28,Kolkata,Casual Shopper,1368.07,4727.32,0.0
SS100240,Ishaan Singh,Bottomwear,Joggers,2,1179.41,25.0,2025-08-28,Lucknow,Student,350.15,1769.12,589.7
SS100442,Manya Gupta,Hoodies,Zip Hoodie,1,1604.66,10.0,2025-08-28,Bengaluru,Casual Shopper,387.46,1444.19,160.47
SS101681,Ishaan Sharma,Bottomwear,Cargo Pants,4,1820.42,30.0,2025-08-28,Surat,Student,1060.23,5097.18,2184.5
SS101755,Vivaan Das,Accessories,Sling Bag,1,861.69,10.0,2025-08-28,Kolkata,Working Professional,205.38,775.52,86.17
SS102352,Arjun Sharma,Shirts,Denim Shirt,1,943.54,10.0,2025-08-28,Mumbai,Premium Shopper,229.94,849.19,94.35
SS102397,Neha Jain,T-Shirts,Oversized Graphic Tee,2,858.07,20.0,2025-08-28,Chennai,Young Professional,333.0,1372.91,343.23
SS102771,Manya Saxena,T-Shirts,Anime Printed Tee,2,714.02,0.0,2025-08-28,Gurugram,Young Professional,514.88,1428.04,0.0
SS100989,Yash Reddy,Accessories,Graphic Cap,1,398.66,10.0,2025-08-29,Chandigarh,Working Professional,101.12,358.79,39.87
SS101635,Sakshi Nair,T-Shirts,Anime Printed Tee,1,939.86,15.0,2025-08-29,Ahmedabad,Casual Shopper,315.15,798.88,140.98
SS101778,Karan Agarwal,T-Shirts,Typography Tee,2,1006.39,20.0,2025-08-29,Pune,Student,410.26,1610.22,402.56
SS100664,Anika Reddy,T-Shirts,Classic Logo Tee,4,984.28,25.0,2025-08-30,Delhi,Casual Shopper,849.68,2952.84,984.28
SS100837,Aditi Malhotra,Hoodies,Fleece Hoodie,1,1434.97,20.0,2025-08-30,Bengaluru,Working Professional,295.07,1147.98,286.99
SS100333,Sakshi Shah,T-Shirts,Marvel Graphic Tee,1,1089.43,20.0,2025-08-31,Noida,Student,252.04,871.54,217.89
SS100433,Vivaan Mishra,T-Shirts,Typography Tee,1,930.81,20.0,2025-08-31,Kolkata,Working Professional,182.17,744.65,186.16
SS101584,Yash Mehta,Bottomwear,Track Pants,1,2347.88,20.0,2025-08-31,Kolkata,Student,434.98,1878.3,469.58
SS100462,Sneha Chopra,Accessories,Socks Pack,2,532.4,20.0,2025-09-01,Kolkata,Student,275.25,851.84,212.96
SS100771,Tanya Chopra,Accessories,Socks Pack,1,434.93,5.0,2025-09-01,Ahmedabad,Working Professional,155.26,413.18,21.75
SS101856,Aanya Saxena,Accessories,Sling Bag,3,541.71,10.0,2025-09-01,Lucknow,Casual Shopper,513.98,1462.62,162.51
SS102201,Simran Sharma,T-Shirts,Oversized Graphic Tee,1,1116.56,10.0,2025-09-01,Gurugram,Young Professional,347.76,1004.9,111.66
SS102949,Priya Reddy,Bottomwear,Joggers,1,1079.44,5.0,2025-09-01,Lucknow,Working Professional,301.76,1025.47,53.97
SS100910,Riya Joshi,Shirts,Oversized Shirt,1,1122.38,35.0,2025-09-02,Pune,Casual Shopper,225.65,729.55,392.83
SS101017,Kavya Reddy,Shirts,Oversized Shirt,2,1811.1,40.0,2025-09-02,Mumbai,Working Professional,464.8,2173.32,1448.88
SS101210,Yash Nair,Hoodies,Zip Hoodie,5,2902.61,5.0,2025-09-02,Pune,Student,3778.26,13787.4,725.65
SS101360,Aanya Singh,Bottomwear,Track Pants,1,1679.63,40.0,2025-09-02,Chennai,Working Professional,286.37,1007.78,671.85
SS102569,Kritika Mehta,Bottomwear,Relaxed Jeans,1,1785.06,15.0,2025-09-02,Delhi,Young Professional,442.09,1517.3,267.76
SS101264,Vivaan Bansal,T-Shirts,Anime Printed Tee,1,1459.01,10.0,2025-09-03,Jaipur,Casual Shopper,392.81,1313.11,145.9
SS101877,Karan Mishra,Hoodies,Zip Hoodie,1,2990.77,30.0,2025-09-03,Mumbai,Young Professional,591.31,2093.54,897.23
SS102641,Kritika Jain,T-Shirts,Typography Tee,1,1111.49,30.0,2025-09-03,Gurugram,Student,220.5,778.04,333.45
SS102826,Sneha Saxena,Accessories,Graphic Cap,1,671.47,40.0,2025-09-03,Ahmedabad,Premium Shopper,124.58,402.88,268.59
SS102942,Nisha Kapoor,T-Shirts,Classic Logo Tee,1,1367.63,10.0,2025-09-03,Pune,Working Professional,387.06,1230.87,136.76
SS101942,Aarav Das,Accessories,Sling Bag,1,593.04,15.0,2025-09-04,Surat,Student,190.17,504.08,88.96
SS100555,Kavya Sharma,Hoodies,Fleece Hoodie,1,1539.74,5.0,2025-09-05,Chennai,Premium Shopper,406.01,1462.75,76.99
SS100871,Priya Joshi,T-Shirts,Classic Logo Tee,2,762.25,5.0,2025-09-05,Chandigarh,Young Professional,438.07,1448.28,76.23
SS101306,Priya Reddy,Shirts,Oversized Shirt,1,1450.23,30.0,2025-09-06,Kolkata,Student,235.78,1015.16,435.07
SS101738,Neha Mehta,Hoodies,Zip Hoodie,1,2043.22,15.0,2025-09-06,Chandigarh,Casual Shopper,452.21,1736.74,306.48
SS101965,Aarav Kapoor,Shirts,Oversized Shirt,1,904.53,25.0,2025-09-06,Jaipur,Casual Shopper,208.1,678.4,226.13
SS102338,Tanya Saxena,T-Shirts,Marvel Graphic Tee,2,1330.42,35.0,2025-09-06,Lucknow,Casual Shopper,491.75,1729.55,931.29
SS102626,Ishaan Mishra,T-Shirts,Oversized Graphic Tee,2,1081.55,25.0,2025-09-06,Chandigarh,Casual Shopper,426.6,1622.32,540.78
SS101008,Diya Sharma,T-Shirts,Typography Tee,1,1052.73,15.0,2025-09-07,Bengaluru,Student,285.17,894.82,157.91
SS102120,Pooja Gupta,Accessories,Backpack,2,476.04,15.0,2025-09-07,Gurugram,Working Professional,284.16,809.27,142.81
SS102443,Pooja Kumar,Accessories,Backpack,2,1003.8,20.0,2025-09-07,Ahmedabad,Premium Shopper,595.07,1606.08,401.52
SS102982,Sakshi Agarwal,Shirts,Oversized Shirt,2,1325.02,20.0,2025-09-07,Gurugram,Working Professional,644.63,2120.03,530.01
SS100450,Pooja Gupta,Accessories,Backpack,2,1129.03,10.0,2025-09-08,Pune,Casual Shopper,702.0,2032.25,225.81
SS100464,Ananya Verma,Bottomwear,Track Pants,2,1774.68,10.0,2025-09-08,Chennai,Casual Shopper,731.42,3194.42,354.94
SS101915,Simran Saxena,Accessories,Socks Pack,1,995.8,5.0,2025-09-08,Delhi,Young Professional,343.51,946.01,49.79
SS102465,Neha Nair,T-Shirts,Classic Logo Tee,1,879.24,20.0,2025-09-08,Pune,Casual Shopper,149.63,703.39,175.85
SS100436,Aditi Kumar,T-Shirts,Typography Tee,1,1439.97,10.0,2025-09-09,Mumbai,Working Professional,416.12,1295.97,144.0
SS100760,Aarav Bansal,T-Shirts,Marvel Graphic Tee,1,932.72,25.0,2025-09-09,Delhi,Student,240.67,699.54,233.18
SS100945,Simran Sharma,T-Shirts,Classic Logo Tee,1,1231.45,0.0,2025-09-09,Hyderabad,Working Professional,437.63,1231.45,0.0
SS101429,Anika Agarwal,Bottomwear,Track Pants,1,2213.51,5.0,2025-09-09,Lucknow,Working Professional,571.61,2102.83,110.68
SS101820,Anika Joshi,T-Shirts,Marvel Graphic Tee,3,1269.09,15.0,2025-09-09,Mumbai,Premium Shopper,995.93,3236.18,571.09
SS102902,Shreya Das,T-Shirts,Classic Logo Tee,5,565.8,35.0,2025-09-09,Bengaluru,Premium Shopper,484.86,1838.85,990.15
SS102916,Nisha Chopra,Accessories,Graphic Cap,1,1188.74,10.0,2025-09-09,Lucknow,Premium Shopper,454.59,1069.87,118.87
SS102510,Kavya Joshi,T-Shirts,Anime Printed Tee,1,1292.72,5.0,2025-09-10,Chennai,Working Professional,419.82,1228.08,64.64
SS102585,Sneha Reddy,Shirts,Oversized Shirt,2,1832.63,40.0,2025-09-10,Noida,Casual Shopper,489.68,2199.16,1466.1
SS100174,Yash Joshi,Shirts,Oversized Shirt,5,1815.6,10.0,2025-09-11,Mumbai,Casual Shopper,2319.26,8170.2,907.8
SS100787,Kritika Das,Hoodies,Zip Hoodie,4,1446.8,20.0,2025-09-11,Chennai,Young Professional,1203.8,4629.76,1157.44
SS101821,Vivaan Das,T-Shirts,Classic Logo Tee,1,961.33,0.0,2025-09-11,Bengaluru,Premium Shopper,374.6,961.33,0.0
SS100789,Yash Jain,Bottomwear,Joggers,2,1281.09,20.0,2025-09-12,Surat,Premium Shopper,511.19,2049.74,512.44
SS101604,Nisha Agarwal,T-Shirts,Anime Printed Tee,1,876.97,10.0,2025-09-12,Gurugram,Working Professional,266.96,789.27,87.7
SS101983,Kritika Kumar,Hoodies,Fleece Hoodie,1,2890.45,15.0,2025-09-12,Kolkata,Working Professional,628.1,2456.88,433.57
SS102241,Meera Singh,T-Shirts,Typography Tee,1,968.3,10.0,2025-09-12,Jaipur,Premium Shopper,267.15,871.47,96.83
SS102680,Kavya Bansal,T-Shirts,Anime Printed Tee,2,908.84,5.0,2025-09-12,Gurugram,Premium Shopper,653.12,1726.8,90.88
SS100008,Manya Verma,Shirts,Oversized Shirt,2,1333.25,25.0,2025-09-13,Jaipur,Young Professional,485.44,1999.88,666.62
SS100827,Aditya Chopra,Hoodies,Fleece Hoodie,1,1664.07,20.0,2025-09-13,Lucknow,Young Professional,319.53,1331.26,332.81
SS101490,Nisha Gupta,T-Shirts,Anime Printed Tee,1,1448.11,20.0,2025-09-13,Noida,Premium Shopper,310.19,1158.49,289.62
SS102125,Kritika Agarwal,Shirts,Casual Printed Shirt,2,1066.36,0.0,2025-09-13,Surat,Young Professional,631.7,2132.72,0.0
SS102505,Diya Singh,T-Shirts,Marvel Graphic Tee,1,652.11,10.0,2025-09-13,Kolkata,Casual Shopper,122.04,586.9,65.21
SS101740,Shreya Gupta,Accessories,Socks Pack,2,782.59,15.0,2025-09-14,Gurugram,Working Professional,389.95,1330.4,234.78
SS102643,Manya Saxena,Shirts,Denim Shirt,5,1743.01,30.0,2025-09-14,Chennai,Premium Shopper,1652.81,6100.53,2614.52
SS102779,Riya Bansal,T-Shirts,Anime Printed Tee,1,784.28,10.0,2025-09-14,Noida,Casual Shopper,210.09,705.85,78.43
SS100007,Aditi Saxena,Bottomwear,Relaxed Jeans,1,2193.1,15.0,2025-09-15,Kolkata,Student,470.62,1864.13,328.97
SS100241,Kavya Sharma,Bottomwear,Joggers,1,2054.29,35.0,2025-09-15,Jaipur,Working Professional,346.12,1335.29,719.0
SS100617,Rahul Mishra,T-Shirts,Classic Logo Tee,3,1422.3,5.0,2025-09-15,Kolkata,Young Professional,1281.17,4053.55,213.35
SS101867,Arjun Das,T-Shirts,Classic Logo Tee,1,1259.89,30.0,2025-09-15,Lucknow,Working Professional,206.16,881.92,377.97
SS102362,Anika Mishra,T-Shirts,Typography Tee,2,1168.08,20.0,2025-09-15,Bengaluru,Young Professional,561.53,1868.93,467.23
SS100114,Isha Jain,Shirts,Casual Printed Shirt,1,1643.78,30.0,2025-09-16,Mumbai,Working Professional,305.54,1150.65,493.13
SS101698,Pooja Chopra,Bottomwear,Track Pants,4,1361.86,15.0,2025-09-16,Surat,Working Professional,1225.33,4630.32,817.12
SS101824,Rohan Mehta,Shirts,Denim Shirt,2,1051.1,20.0,2025-09-16,Lucknow,Young Professional,388.77,1681.76,420.44
SS101886,Aditi Nair,T-Shirts,Marvel Graphic Tee,4,588.21,0.0,2025-09-16,Jaipur,Student,868.36,2352.84,0.0
SS102277,Aarav Das,Hoodies,Zip Hoodie,3,2025.65,15.0,2025-09-16,Mumbai,Working Professional,1532.22,5165.41,911.54
SS102574,Kabir Verma,T-Shirts,Anime Printed Tee,1,1212.91,15.0,2025-09-16,Gurugram,Premium Shopper,304.07,1030.97,181.94
SS102851,Riya Jain,T-Shirts,Classic Logo Tee,2,1105.19,10.0,2025-09-16,Pune,Casual Shopper,628.78,1989.34,221.04
SS100419,Karan Agarwal,Accessories,Graphic Cap,2,793.98,35.0,2025-09-17,Bengaluru,Young Professional,282.26,1032.17,555.79
SS100731,Kritika Mehta,Accessories,Sling Bag,2,520.49,30.0,2025-09-18,Kolkata,Young Professional,186.2,728.69,312.29
SS101678,Arjun Saxena,T-Shirts,Typography Tee,1,549.85,10.0,2025-09-18,Jaipur,Young Professional,222.96,494.86,54.99
SS102461,Priya Joshi,Bottomwear,Joggers,1,2330.63,10.0,2025-09-18,Lucknow,Young Professional,552.94,2097.57,233.06
SS102813,Ishaan Mishra,T-Shirts,Oversized Graphic Tee,1,1261.07,5.0,2025-09-18,Surat,Young Professional,387.42,1198.02,63.05
SS100808,Ananya Patel,Hoodies,Oversized Hoodie,2,1414.25,10.0,2025-09-19,Pune,Casual Shopper,708.29,2545.65,282.85
SS101323,Diya Patel,T-Shirts,Classic Logo Tee,1,765.38,15.0,2025-09-19,Chennai,Premium Shopper,169.08,650.57,114.81
SS102246,Aditya Singh,T-Shirts,Anime Printed Tee,2,1282.93,35.0,2025-09-19,Hyderabad,Working Professional,457.5,1667.81,898.05
SS102375,Rahul Saxena,T-Shirts,Marvel Graphic Tee,3,979.24,10.0,2025-09-19,Kolkata,Working Professional,879.68,2643.95,293.77
SS102464,Vivaan Joshi,Shirts,Casual Printed Shirt,2,901.36,10.0,2025-09-19,Ahmedabad,Premium Shopper,462.65,1622.45,180.27
SS102521,Neha Kapoor,T-Shirts,Typography Tee,2,947.23,10.0,2025-09-19,Noida,Young Professional,519.16,1705.01,189.45
SS100340,Anika Agarwal,Hoodies,Zip Hoodie,5,2506.29,10.0,2025-09-20,Lucknow,Working Professional,3274.13,11278.3,1253.15
SS100589,Shreya Kumar,T-Shirts,Classic Logo Tee,4,680.22,15.0,2025-09-20,Surat,Young Professional,626.11,2312.75,408.13
SS100972,Tanya Bansal,Accessories,Graphic Cap,2,970.51,10.0,2025-09-20,Lucknow,Working Professional,648.56,1746.92,194.1
SS101113,Manya Patel,Hoodies,Fleece Hoodie,2,1387.87,25.0,2025-09-20,Chandigarh,Young Professional,486.28,2081.8,693.94
SS101162,Pooja Agarwal,T-Shirts,Marvel Graphic Tee,2,1273.88,15.0,2025-09-20,Gurugram,Working Professional,589.49,2165.6,382.16
SS102038,Riya Mehta,T-Shirts,Anime Printed Tee,2,1373.51,5.0,2025-09-20,Pune,Young Professional,776.22,2609.67,137.35
SS102069,Rohan Shah,T-Shirts,Anime Printed Tee,1,634.89,10.0,2025-09-20,Chennai,Casual Shopper,212.99,571.4,63.49
SS100125,Kritika Joshi,Hoodies,Oversized Hoodie,2,1989.34,15.0,2025-09-21,Gurugram,Working Professional,943.13,3381.88,596.8
SS101413,Nisha Gupta,T-Shirts,Anime Printed Tee,1,866.85,10.0,2025-09-21,Chennai,Working Professional,161.94,780.17,86.68
SS101433,Priya Saxena,Shirts,Casual Printed Shirt,2,1687.12,35.0,2025-09-21,Hyderabad,Working Professional,617.81,2193.26,1180.98
SS101980,Ananya Saxena,T-Shirts,Oversized Graphic Tee,3,921.88,20.0,2025-09-21,Mumbai,Premium Shopper,648.31,2212.51,553.13
SS102094,Isha Shah,T-Shirts,Anime Printed Tee,4,623.61,10.0,2025-09-21,Bengaluru,Student,585.32,2245.0,249.44
SS102181,Simran Malhotra,T-Shirts,Anime Printed Tee,3,1055.95,5.0,2025-09-21,Hyderabad,Premium Shopper,1041.01,3009.46,158.39
SS102285,Tanya Reddy,T-Shirts,Typography Tee,4,993.79,25.0,2025-09-21,Jaipur,Student,764.13,2981.37,993.79
SS102853,Karan Chopra,Bottomwear,Track Pants,1,1976.0,10.0,2025-09-21,Surat,Young Professional,554.39,1778.4,197.6
SS101090,Vivaan Chopra,Bottomwear,Relaxed Jeans,1,1377.27,5.0,2025-09-22,Jaipur,Casual Shopper,357.36,1308.41,68.86
SS101403,Kavya Kumar,Accessories,Backpack,3,804.17,20.0,2025-09-22,Lucknow,Casual Shopper,566.95,1930.01,482.5
SS101514,Diya Saxena,T-Shirts,Anime Printed Tee,1,966.8,5.0,2025-09-22,Jaipur,Working Professional,231.26,918.46,48.34
SS102006,Yash Joshi,Hoodies,Fleece Hoodie,1,2735.42,15.0,2025-09-22,Ahmedabad,Working Professional,693.76,2325.11,410.31
SS102049,Nisha Kapoor,T-Shirts,Anime Printed Tee,1,939.15,0.0,2025-09-22,Bengaluru,Young Professional,285.98,939.15,0.0
SS102997,Simran Singh,T-Shirts,Oversized Graphic Tee,2,714.94,5.0,2025-09-22,Bengaluru,Working Professional,382.3,1358.39,71.49
SS100414,Manya Nair,Shirts,Denim Shirt,2,1334.32,35.0,2025-09-23,Jaipur,Premium Shopper,464.5,1734.62,934.02
SS100803,Diya Das,Shirts,Denim Shirt,1,1159.98,10.0,2025-09-23,Chennai,Young Professional,278.97,1043.98,116.0
SS101641,Aditi Sharma,Accessories,Graphic Cap,3,644.95,15.0,2025-09-23,Lucknow,Young Professional,594.67,1644.62,290.23
SS101932,Arjun Joshi,Shirts,Casual Printed Shirt,2,1077.82,10.0,2025-09-23,Noida,Casual Shopper,573.6,1940.08,215.56
SS101950,Anika Gupta,T-Shirts,Oversized Graphic Tee,1,1144.95,10.0,2025-09-23,Mumbai,Student,284.67,1030.46,114.49
SS102210,Kritika Joshi,Accessories,Sling Bag,2,561.88,10.0,2025-09-23,Surat,Working Professional,329.19,1011.38,112.38
SS102536,Riya Reddy,Accessories,Socks Pack,1,586.15,10.0,2025-09-23,Hyderabad,Student,119.02,527.54,58.62
SS101615,Priya Agarwal,Shirts,Denim Shirt,1,1106.92,15.0,2025-09-24,Ahmedabad,Student,189.18,940.88,166.04
SS101999,Yash Nair,T-Shirts,Typography Tee,1,540.6,0.0,2025-09-24,Mumbai,Casual Shopper,189.34,540.6,0.0
SS102973,Aditi Das,Accessories,Sling Bag,4,579.88,30.0,2025-09-24,Chennai,Young Professional,541.46,1623.66,695.86
SS100126,Ananya Gupta,Accessories,Socks Pack,1,1125.22,5.0,2025-09-25,Bengaluru,Young Professional,436.08,1068.96,56.26
SS100233,Meera Mehta,Hoodies,Graphic Pullover Hoodie,1,1934.13,20.0,2025-09-25,Bengaluru,Student,384.67,1547.3,386.83
SS100683,Pooja Kumar,Shirts,Denim Shirt,2,1142.68,20.0,2025-09-25,Hyderabad,Casual Shopper,509.81,1828.29,457.07
SS100875,Karan Gupta,T-Shirts,Typography Tee,1,625.37,10.0,2025-09-25,Hyderabad,Casual Shopper,75.81,562.83,62.54
SS102007,Sakshi Sharma,Accessories,Socks Pack,3,299.24,25.0,2025-09-25,Bengaluru,Casual Shopper,234.87,673.29,224.43
SS102379,Kabir Das,Accessories,Sling Bag,2,729.42,25.0,2025-09-25,Chennai,Casual Shopper,320.76,1094.13,364.71
SS100499,Pooja Gupta,Bottomwear,Relaxed Jeans,3,2434.25,15.0,2025-09-26,Surat,Premium Shopper,1612.71,6207.34,1095.41
SS100517,Neha Kapoor,Accessories,Graphic Cap,1,869.68,10.0,2025-09-26,Chandigarh,Student,312.39,782.71,86.97
SS100902,Rohan Saxena,T-Shirts,Classic Logo Tee,1,979.79,10.0,2025-09-26,Surat,Young Professional,323.03,881.81,97.98
SS101857,Neha Singh,Hoodies,Oversized Hoodie,2,2984.84,30.0,2025-09-26,Pune,Student,854.76,4178.78,1790.9
SS102488,Meera Gupta,Shirts,Casual Printed Shirt,1,1854.16,20.0,2025-09-26,Chandigarh,Premium Shopper,541.86,1483.33,370.83
SS102784,Sneha Mishra,Accessories,Sling Bag,1,738.45,25.0,2025-09-26,Surat,Premium Shopper,177.41,553.84,184.61
SS100246,Arjun Shah,Hoodies,Oversized Hoodie,2,1815.33,15.0,2025-09-27,Lucknow,Premium Shopper,947.53,3086.06,544.6
SS100843,Neha Sharma,Bottomwear,Joggers,5,1079.9,40.0,2025-09-27,Hyderabad,Working Professional,773.28,3239.7,2159.8
SS101120,Simran Jain,Bottomwear,Joggers,1,1407.84,15.0,2025-09-27,Hyderabad,Premium Shopper,327.22,1196.66,211.18
SS102159,Nisha Kapoor,Accessories,Backpack,4,615.72,10.0,2025-09-27,Ahmedabad,Working Professional,772.38,2216.59,246.29
SS102486,Anika Kapoor,Hoodies,Zip Hoodie,1,1520.77,20.0,2025-09-27,Mumbai,Student,212.31,1216.62,304.15
SS102859,Manya Singh,T-Shirts,Oversized Graphic Tee,1,1208.9,15.0,2025-09-27,Ahmedabad,Young Professional,399.8,1027.56,181.34
SS100277,Nisha Reddy,Shirts,Casual Printed Shirt,1,1702.57,35.0,2025-09-28,Gurugram,Casual Shopper,282.45,1106.67,595.9
SS100308,Sneha Mishra,Accessories,Socks Pack,3,604.41,0.0,2025-09-28,Chandigarh,Student,514.38,1813.23,0.0
SS100713,Diya Agarwal,Hoodies,Fleece Hoodie,1,1479.36,35.0,2025-09-28,Hyderabad,Student,118.59,961.58,517.78
SS101289,Yash Kumar,T-Shirts,Oversized Graphic Tee,1,1313.21,15.0,2025-09-28,Ahmedabad,Working Professional,374.15,1116.23,196.98
SS100038,Sakshi Kapoor,Shirts,Casual Printed Shirt,3,1294.27,0.0,2025-09-29,Ahmedabad,Working Professional,1177.88,3882.81,0.0
SS100928,Pooja Nair,Shirts,Casual Printed Shirt,1,1329.6,5.0,2025-09-29,Surat,Working Professional,418.07,1263.12,66.48
SS101010,Kritika Jain,T-Shirts,Classic Logo Tee,1,1231.29,30.0,2025-09-29,Mumbai,Working Professional,229.65,861.9,369.39
SS101102,Neha Sharma,Bottomwear,Joggers,3,2086.37,10.0,2025-09-29,Pune,Student,1417.95,5633.2,625.91
SS101160,Nisha Malhotra,Accessories,Backpack,1,1221.5,35.0,2025-09-30,Ahmedabad,Student,230.87,793.98,427.52
SS101419,Yash Kapoor,Bottomwear,Relaxed Jeans,1,2087.08,35.0,2025-09-30,Surat,Working Professional,267.63,1356.6,730.48
SS102933,Sakshi Mishra,Shirts,Casual Printed Shirt,3,1179.97,40.0,2025-09-30,Ahmedabad,Working Professional,550.6,2123.95,1415.96
SS100055,Anika Shah,Bottomwear,Joggers,2,1793.71,25.0,2025-10-01,Delhi,Premium Shopper,716.43,2690.56,896.86
SS100834,Rahul Nair,Hoodies,Fleece Hoodie,2,1954.96,15.0,2025-10-01,Surat,Premium Shopper,911.29,3323.43,586.49
SS101029,Rahul Gupta,Accessories,Socks Pack,4,1279.05,10.0,2025-10-01,Surat,Young Professional,1634.15,4604.58,511.62
SS101448,Sakshi Kumar,Bottomwear,Cargo Pants,2,1975.8,0.0,2025-10-01,Jaipur,Student,1072.29,3951.6,0.0
SS102231,Nisha Nair,T-Shirts,Marvel Graphic Tee,1,731.34,5.0,2025-10-01,Chandigarh,Student,239.71,694.77,36.57
SS102922,Diya Agarwal,Accessories,Sling Bag,1,1253.64,35.0,2025-10-01,Noida,Casual Shopper,286.17,814.87,438.77
SS100677,Riya Saxena,Hoodies,Fleece Hoodie,5,1592.79,30.0,2025-10-02,Bengaluru,Premium Shopper,1469.45,5574.76,2389.19
SS101600,Manya Shah,T-Shirts,Anime Printed Tee,1,1015.66,25.0,2025-10-02,Lucknow,Student,148.87,761.74,253.91
SS101710,Neha Kapoor,T-Shirts,Anime Printed Tee,3,1198.71,10.0,2025-10-02,Lucknow,Working Professional,1080.26,3236.52,359.61
SS102026,Aanya Das,Accessories,Sling Bag,1,744.02,15.0,2025-10-02,Hyderabad,Working Professional,232.04,632.42,111.6
SS102122,Aanya Mehta,Bottomwear,Joggers,4,2362.96,35.0,2025-10-02,Surat,Working Professional,1406.19,6143.7,3308.14
SS102312,Anika Sharma,Hoodies,Zip Hoodie,1,1500.71,5.0,2025-10-02,Chennai,Working Professional,399.36,1425.67,75.04
SS100079,Aditya Gupta,T-Shirts,Anime Printed Tee,1,1208.18,15.0,2025-10-03,Kolkata,Premium Shopper,324.52,1026.95,181.23
SS100357,Riya Verma,Shirts,Oversized Shirt,2,1978.13,10.0,2025-10-03,Chandigarh,Student,932.82,3560.63,395.63
SS102032,Pooja Jain,Hoodies,Oversized Hoodie,1,1685.66,15.0,2025-10-03,Surat,Young Professional,376.07,1432.81,252.85
SS102302,Simran Gupta,Hoodies,Graphic Pullover Hoodie,2,1818.23,15.0,2025-10-03,Noida,Student,791.9,3090.99,545.47
SS102776,Ishaan Shah,T-Shirts,Marvel Graphic Tee,2,1374.03,10.0,2025-10-03,Noida,Premium Shopper,792.93,2473.25,274.81
SS100318,Kritika Chopra,T-Shirts,Classic Logo Tee,1,794.11,15.0,2025-10-04,Delhi,Student,119.13,674.99,119.12
SS101031,Rohan Das,Shirts,Denim Shirt,1,1149.16,15.0,2025-10-04,Gurugram,Working Professional,279.65,976.79,172.37
SS101269,Rahul Bansal,T-Shirts,Classic Logo Tee,1,784.63,10.0,2025-10-04,Chandigarh,Casual Shopper,182.69,706.17,78.46
SS101283,Riya Kumar,T-Shirts,Oversized Graphic Tee,5,1175.14,15.0,2025-10-04,Surat,Casual Shopper,1429.66,4994.34,881.36
SS101539,Kavya Verma,Hoodies,Oversized Hoodie,2,2514.9,10.0,2025-10-04,Gurugram,Casual Shopper,1212.37,4526.82,502.98
SS101612,Rohan Joshi,Hoodies,Graphic Pullover Hoodie,3,1427.98,5.0,2025-10-04,Ahmedabad,Working Professional,1211.08,4069.74,214.2
SS101741,Kabir Mishra,Accessories,Sling Bag,3,800.05,20.0,2025-10-04,Surat,Premium Shopper,725.12,1920.12,480.03
SS101912,Pooja Mehta,Bottomwear,Cargo Pants,1,1376.78,10.0,2025-10-04,Chennai,Student,417.91,1239.1,137.68
SS102235,Shreya Kapoor,Shirts,Denim Shirt,2,914.92,40.0,2025-10-04,Jaipur,Working Professional,258.32,1097.9,731.94
SS102559,Isha Kapoor,Hoodies,Graphic Pullover Hoodie,1,2189.79,10.0,2025-10-04,Bengaluru,Young Professional,543.36,1970.81,218.98
SS102829,Manya Das,T-Shirts,Anime Printed Tee,2,1133.0,5.0,2025-10-04,Jaipur,Young Professional,656.17,2152.7,113.3
SS100187,Kavya Kapoor,Shirts,Casual Printed Shirt,1,1701.65,15.0,2025-10-05,Bengaluru,Working Professional,450.63,1446.4,255.25
SS100279,Karan Kumar,Accessories,Sling Bag,4,393.77,0.0,2025-10-05,Delhi,Working Professional,551.44,1575.08,0.0
SS100376,Aanya Kumar,Accessories,Socks Pack,1,808.74,10.0,2025-10-05,Surat,Working Professional,190.96,727.87,80.87
SS101059,Aditya Mehta,Shirts,Casual Printed Shirt,3,1837.49,30.0,2025-10-05,Pune,Working Professional,1048.17,3858.73,1653.74
SS101188,Meera Singh,T-Shirts,Classic Logo Tee,2,724.88,20.0,2025-10-05,Mumbai,Casual Shopper,276.26,1159.81,289.95
SS101370,Aarav Singh,Bottomwear,Relaxed Jeans,1,1463.65,30.0,2025-10-05,Kolkata,Student,307.93,1024.56,439.1
SS102040,Diya Malhotra,Accessories,Socks Pack,3,1237.59,10.0,2025-10-05,Gurugram,Working Professional,1288.6,3341.49,371.28
SS100076,Manya Patel,Accessories,Backpack,1,1220.73,30.0,2025-10-06,Ahmedabad,Student,342.15,854.51,366.22
SS100153,Kavya Chopra,Hoodies,Fleece Hoodie,1,2477.39,25.0,2025-10-06,Jaipur,Casual Shopper,402.05,1858.04,619.35
SS100869,Meera Mishra,Bottomwear,Joggers,4,1254.23,0.0,2025-10-06,Surat,Young Professional,1470.88,5016.92,0.0
SS101094,Nisha Chopra,T-Shirts,Marvel Graphic Tee,1,795.07,35.0,2025-10-06,Chandigarh,Young Professional,90.87,516.8,278.27
SS100252,Pooja Verma,Accessories,Backpack,4,402.15,10.0,2025-10-07,Ahmedabad,Student,430.94,1447.74,160.86
SS102326,Sakshi Patel,Accessories,Backpack,3,1005.79,15.0,2025-10-07,Gurugram,Student,801.21,2564.76,452.61
SS100428,Ananya Malhotra,Hoodies,Graphic Pullover Hoodie,1,2768.19,25.0,2025-10-08,Chandigarh,Casual Shopper,542.24,2076.14,692.05
SS100721,Aarav Kumar,T-Shirts,Anime Printed Tee,4,679.0,10.0,2025-10-08,Hyderabad,Young Professional,807.05,2444.4,271.6
SS101582,Shreya Kumar,Shirts,Oversized Shirt,2,1574.6,5.0,2025-10-08,Gurugram,Working Professional,972.35,2991.74,157.46
SS102178,Priya Malhotra,Shirts,Casual Printed Shirt,2,961.52,25.0,2025-10-08,Noida,Working Professional,449.67,1442.28,480.76
SS100362,Diya Saxena,Hoodies,Oversized Hoodie,2,2588.29,20.0,2025-10-09,Ahmedabad,Premium Shopper,1132.55,4141.26,1035.32
SS101197,Rahul Sharma,Bottomwear,Joggers,3,1128.37,30.0,2025-10-09,Chennai,Working Professional,617.39,2369.58,1015.53
SS101558,Aditi Verma,Accessories,Graphic Cap,1,962.15,15.0,2025-10-09,Ahmedabad,Young Professional,291.59,817.83,144.32
SS101642,Isha Nair,Hoodies,Oversized Hoodie,5,1890.55,35.0,2025-10-09,Lucknow,Working Professional,1466.56,6144.29,3308.46
SS101697,Pooja Agarwal,T-Shirts,Oversized Graphic Tee,1,842.12,15.0,2025-10-09,Lucknow,Casual Shopper,197.46,715.8,126.32
SS101875,Rohan Singh,Shirts,Oversized Shirt,1,1410.33,15.0,2025-10-09,Pune,Premium Shopper,446.66,1198.78,211.55
SS102281,Ishaan Bansal,Hoodies,Zip Hoodie,1,2098.85,0.0,2025-10-09,Mumbai,Casual Shopper,608.52,2098.85,0.0
SS102479,Arjun Singh,Accessories,Backpack,1,1075.86,25.0,2025-10-09,Kolkata,Casual Shopper,194.68,806.9,268.96
SS100406,Ishaan Singh,Hoodies,Zip Hoodie,1,1602.67,35.0,2025-10-10,Gurugram,Premium Shopper,275.57,1041.74,560.93
SS102229,Kabir Joshi,T-Shirts,Anime Printed Tee,4,1180.83,5.0,2025-10-10,Jaipur,Working Professional,1399.64,4487.15,236.17
SS102355,Isha Bansal,T-Shirts,Classic Logo Tee,2,510.77,10.0,2025-10-10,Pune,Working Professional,275.87,919.39,102.15
SS102471,Simran Reddy,Bottomwear,Relaxed Jeans,2,2355.71,10.0,2025-10-10,Hyderabad,Casual Shopper,1091.88,4240.28,471.14
SS100035,Pooja Kapoor,Accessories,Sling Bag,1,420.89,5.0,2025-10-11,Lucknow,Premium Shopper,159.25,399.85,21.04
SS101840,Simran Agarwal,Hoodies,Graphic Pullover Hoodie,1,1314.89,20.0,2025-10-11,Pune,Young Professional,315.74,1051.91,262.98
SS102252,Manya Kapoor,Shirts,Denim Shirt,5,1207.24,0.0,2025-10-11,Kolkata,Working Professional,1956.7,6036.2,0.0
SS101020,Aanya Das,Shirts,Oversized Shirt,1,1478.78,25.0,2025-10-12,Mumbai,Young Professional,179.99,1109.08,369.69
SS101200,Sakshi Mishra,Accessories,Backpack,1,875.41,15.0,2025-10-12,Delhi,Young Professional,248.16,744.1,131.31
SS101499,Shreya Kumar,Bottomwear,Relaxed Jeans,3,1032.85,10.0,2025-10-12,Surat,Casual Shopper,733.86,2788.7,309.86
SS101508,Meera Mishra,Shirts,Oversized Shirt,2,1117.71,35.0,2025-10-12,Chennai,Young Professional,372.71,1453.02,782.4
SS102374,Karan Agarwal,Shirts,Casual Printed Shirt,1,1913.45,20.0,2025-10-12,Kolkata,Student,346.87,1530.76,382.69
SS102494,Karan Shah,Hoodies,Fleece Hoodie,1,1386.05,0.0,2025-10-12,Lucknow,Student,422.41,1386.05,0.0
SS102731,Kabir Joshi,Hoodies,Fleece Hoodie,2,2561.18,5.0,2025-10-12,Kolkata,Working Professional,1476.82,4866.24,256.12
SS100349,Kavya Shah,Shirts,Casual Printed Shirt,1,1776.58,25.0,2025-10-13,Surat,Young Professional,406.77,1332.44,444.14
SS100661,Riya Reddy,Bottomwear,Joggers,5,2345.13,10.0,2025-10-13,Pune,Casual Shopper,2819.15,10553.08,1172.57
SS100921,Riya Kumar,Hoodies,Graphic Pullover Hoodie,1,2986.77,20.0,2025-10-13,Pune,Working Professional,582.17,2389.42,597.35
SS102748,Pooja Nair,Accessories,Backpack,1,1291.59,15.0,2025-10-13,Pune,Young Professional,334.88,1097.85,193.74
SS100062,Ananya Joshi,Accessories,Graphic Cap,1,427.98,15.0,2025-10-14,Surat,Casual Shopper,97.21,363.78,64.2
SS100407,Kritika Kapoor,T-Shirts,Anime Printed Tee,1,836.75,5.0,2025-10-14,Hyderabad,Premium Shopper,252.84,794.91,41.84
SS102441,Tanya Chopra,Shirts,Casual Printed Shirt,1,1521.21,0.0,2025-10-14,Mumbai,Young Professional,455.53,1521.21,0.0
SS102917,Isha Kapoor,Accessories,Graphic Cap,4,999.31,15.0,2025-10-14,Pune,Young Professional,1133.06,3397.65,599.59
SS102563,Karan Das,T-Shirts,Anime Printed Tee,1,1410.45,20.0,2025-10-15,Surat,Student,311.27,1128.36,282.09
SS102801,Shreya Saxena,Bottomwear,Track Pants,2,1663.61,20.0,2025-10-15,Kolkata,Student,718.85,2661.78,665.44
SS100368,Simran Kumar,T-Shirts,Marvel Graphic Tee,3,1110.49,30.0,2025-10-16,Kolkata,Casual Shopper,667.25,2332.03,999.44
SS101298,Karan Agarwal,Shirts,Casual Printed Shirt,1,1645.4,10.0,2025-10-16,Jaipur,Casual Shopper,458.89,1480.86,164.54
SS101866,Rohan Kapoor,T-Shirts,Typography Tee,5,1133.06,20.0,2025-10-16,Gurugram,Premium Shopper,1396.01,4532.24,1133.06
SS102515,Ishaan Agarwal,Bottomwear,Cargo Pants,2,2237.51,15.0,2025-10-16,Bengaluru,Student,888.89,3803.77,671.25
SS100799,Simran Joshi,Bottomwear,Relaxed Jeans,1,1859.1,0.0,2025-10-17,Lucknow,Student,515.05,1859.1,0.0
SS100912,Tanya Jain,Shirts,Denim Shirt,3,1829.32,5.0,2025-10-17,Surat,Working Professional,1634.85,5213.56,274.4
SS102673,Riya Kumar,T-Shirts,Classic Logo Tee,2,853.27,15.0,2025-10-17,Chennai,Casual Shopper,378.88,1450.56,255.98
SS100605,Manya Nair,Hoodies,Graphic Pullover Hoodie,1,2545.66,25.0,2025-10-18,Delhi,Premium Shopper,536.71,1909.24,636.42
SS101363,Anika Reddy,Shirts,Casual Printed Shirt,5,1595.61,0.0,2025-10-18,Kolkata,Premium Shopper,2692.83,7978.05,0.0
SS101422,Rahul Patel,T-Shirts,Typography Tee,2,1115.22,5.0,2025-10-18,Hyderabad,Student,588.11,2118.92,111.52
SS101659,Meera Kapoor,Hoodies,Graphic Pullover Hoodie,4,2296.59,15.0,2025-10-18,Gurugram,Premium Shopper,2260.9,7808.41,1377.95
SS102537,Aditya Das,T-Shirts,Marvel Graphic Tee,1,999.73,25.0,2025-10-18,Pune,Young Professional,198.62,749.8,249.93
SS102013,Shreya Gupta,T-Shirts,Marvel Graphic Tee,1,1105.41,5.0,2025-10-19,Gurugram,Student,255.24,1050.14,55.27
SS102762,Priya Chopra,Shirts,Casual Printed Shirt,3,1869.25,20.0,2025-10-19,Surat,Premium Shopper,1256.66,4486.2,1121.55
SS102918,Kavya Mehta,Hoodies,Fleece Hoodie,4,1641.89,20.0,2025-10-19,Chennai,Working Professional,1422.76,5254.05,1313.51
SS100033,Aditi Kumar,Bottomwear,Relaxed Jeans,1,1504.8,25.0,2025-10-20,Pune,Premium Shopper,400.1,1128.6,376.2
SS100325,Riya Gupta,Accessories,Sling Bag,1,850.32,15.0,2025-10-20,Mumbai,Working Professional,159.35,722.77,127.55
SS100926,Karan Mishra,T-Shirts,Classic Logo Tee,2,1149.3,10.0,2025-10-20,Chandigarh,Working Professional,698.19,2068.74,229.86
SS101114,Ishaan Verma,Shirts,Casual Printed Shirt,1,1177.8,5.0,2025-10-20,Hyderabad,Student,262.7,1118.91,58.89
SS102527,Karan Malhotra,Bottomwear,Relaxed Jeans,1,2256.99,25.0,2025-10-20,Delhi,Casual Shopper,345.52,1692.74,564.25
SS102606,Pooja Kapoor,T-Shirts,Oversized Graphic Tee,1,952.0,15.0,2025-10-20,Jaipur,Casual Shopper,231.7,809.2,142.8
SS102926,Ishaan Jain,Accessories,Backpack,4,324.63,15.0,2025-10-20,Jaipur,Working Professional,394.15,1103.74,194.78
SS100262,Isha Das,T-Shirts,Typography Tee,1,919.63,25.0,2025-10-21,Ahmedabad,Casual Shopper,244.76,689.72,229.91
SS100611,Diya Kumar,Accessories,Backpack,4,950.68,15.0,2025-10-22,Mumbai,Working Professional,1157.07,3232.31,570.41
SS100954,Aditya Mehta,Hoodies,Zip Hoodie,1,2118.12,15.0,2025-10-22,Pune,Working Professional,535.08,1800.4,317.72
SS102667,Isha Saxena,Shirts,Oversized Shirt,1,1376.48,15.0,2025-10-22,Chennai,Student,340.78,1170.01,206.47
SS100132,Diya Patel,T-Shirts,Classic Logo Tee,2,744.63,15.0,2025-10-23,Chandigarh,Casual Shopper,352.97,1265.87,223.39
SS100895,Simran Shah,T-Shirts,Anime Printed Tee,3,902.55,30.0,2025-10-23,Bengaluru,Young Professional,461.5,1895.35,812.3
SS100071,Priya Malhotra,T-Shirts,Marvel Graphic Tee,4,1136.05,35.0,2025-10-24,Delhi,Casual Shopper,715.05,2953.73,1590.47
SS100140,Pooja Mishra,Bottomwear,Track Pants,3,2468.6,15.0,2025-10-24,Delhi,Young Professional,1654.89,6294.93,1110.87
SS100467,Meera Reddy,Bottomwear,Relaxed Jeans,1,2183.8,40.0,2025-10-24,Mumbai,Young Professional,270.51,1310.28,873.52
SS100719,Ishaan Malhotra,Accessories,Backpack,1,460.1,5.0,2025-10-24,Gurugram,Casual Shopper,123.62,437.1,23.0
SS101566,Rohan Shah,Shirts,Oversized Shirt,2,1917.37,5.0,2025-10-24,Delhi,Student,1015.38,3643.0,191.74
SS101805,Aanya Bansal,Accessories,Backpack,3,471.61,30.0,2025-10-25,Jaipur,Working Professional,292.45,990.38,424.45
SS102451,Anika Verma,Bottomwear,Track Pants,1,2032.84,10.0,2025-10-25,Pune,Working Professional,551.58,1829.56,203.28
SS102583,Simran Saxena,Hoodies,Oversized Hoodie,2,1715.14,0.0,2025-10-25,Chennai,Young Professional,1060.17,3430.28,0.0
SS100264,Rohan Joshi,Bottomwear,Relaxed Jeans,1,1563.47,10.0,2025-10-26,Chandigarh,Premium Shopper,487.99,1407.12,156.35
SS100345,Riya Patel,Shirts,Denim Shirt,2,1635.35,25.0,2025-10-26,Mumbai,Premium Shopper,691.84,2453.02,817.68
SS100466,Tanya Shah,T-Shirts,Typography Tee,2,946.33,15.0,2025-10-26,Bengaluru,Working Professional,470.03,1608.76,283.9
SS100502,Simran Nair,T-Shirts,Marvel Graphic Tee,4,1082.33,30.0,2025-10-26,Kolkata,Casual Shopper,769.69,3030.52,1298.8
SS101099,Arjun Chopra,Hoodies,Graphic Pullover Hoodie,1,2883.31,10.0,2025-10-26,Mumbai,Premium Shopper,843.42,2594.98,288.33
SS102263,Nisha Gupta,Hoodies,Oversized Hoodie,2,1964.83,0.0,2025-10-26,Lucknow,Young Professional,1122.63,3929.66,0.0
SS102787,Aarav Patel,T-Shirts,Anime Printed Tee,1,570.21,40.0,2025-10-26,Surat,Premium Shopper,104.06,342.13,228.08
SS100991,Yash Kapoor,Shirts,Denim Shirt,2,1813.96,0.0,2025-10-27,Chandigarh,Casual Shopper,1132.97,3627.92,0.0
SS101125,Kritika Singh,Shirts,Oversized Shirt,1,1319.15,0.0,2025-10-27,Hyderabad,Student,382.19,1319.15,0.0
SS102425,Diya Verma,Bottomwear,Cargo Pants,1,1362.47,0.0,2025-10-27,Gurugram,Young Professional,389.74,1362.47,0.0
SS102447,Kritika Kumar,T-Shirts,Oversized Graphic Tee,1,1426.42,5.0,2025-10-27,Noida,Young Professional,407.93,1355.1,71.32
SS100184,Sneha Bansal,T-Shirts,Oversized Graphic Tee,1,1182.07,20.0,2025-10-28,Hyderabad,Young Professional,271.32,945.66,236.41
SS100372,Sakshi Saxena,T-Shirts,Anime Printed Tee,1,568.65,15.0,2025-10-28,Ahmedabad,Premium Shopper,155.82,483.35,85.3
SS100634,Aanya Gupta,T-Shirts,Marvel Graphic Tee,1,1040.34,10.0,2025-10-28,Lucknow,Student,218.39,936.31,104.03
SS100710,Anika Bansal,Accessories,Socks Pack,1,717.13,30.0,2025-10-28,Surat,Premium Shopper,111.3,501.99,215.14
SS100997,Karan Nair,T-Shirts,Anime Printed Tee,1,1077.59,30.0,2025-10-28,Chandigarh,Casual Shopper,199.48,754.31,323.28
SS101493,Nisha Malhotra,T-Shirts,Marvel Graphic Tee,2,1225.98,30.0,2025-10-28,Gurugram,Casual Shopper,440.5,1716.37,735.59
SS102387,Pooja Gupta,Shirts,Denim Shirt,1,1007.52,15.0,2025-10-28,Lucknow,Student,252.54,856.39,151.13
SS102649,Rohan Patel,Hoodies,Zip Hoodie,2,1569.78,5.0,2025-10-28,Pune,Working Professional,815.09,2982.58,156.98
SS100165,Ishaan Das,Accessories,Backpack,1,313.86,0.0,2025-10-29,Kolkata,Student,136.66,313.86,0.0
SS101000,Pooja Patel,T-Shirts,Marvel Graphic Tee,2,864.08,0.0,2025-10-29,Mumbai,Young Professional,602.73,1728.16,0.0
SS102253,Arjun Joshi,Accessories,Socks Pack,4,352.12,10.0,2025-10-29,Chandigarh,Working Professional,493.16,1267.63,140.85
SS102279,Rahul Reddy,T-Shirts,Marvel Graphic Tee,2,1226.59,15.0,2025-10-29,Mumbai,Young Professional,653.01,2085.2,367.98
SS101171,Sakshi Kapoor,Bottomwear,Relaxed Jeans,1,2126.52,15.0,2025-10-30,Chennai,Young Professional,445.97,1807.54,318.98
SS102854,Pooja Kumar,T-Shirts,Classic Logo Tee,1,653.08,5.0,2025-10-30,Ahmedabad,Premium Shopper,210.37,620.43,32.65
SS100447,Isha Gupta,Accessories,Sling Bag,1,331.83,5.0,2025-10-31,Noida,Student,136.94,315.24,16.59
SS100541,Riya Joshi,Shirts,Casual Printed Shirt,1,1126.52,15.0,2025-10-31,Ahmedabad,Casual Shopper,200.7,957.54,168.98
SS100735,Nisha Das,Bottomwear,Relaxed Jeans,1,2212.47,10.0,2025-10-31,Mumbai,Casual Shopper,515.35,1991.22,221.25
SS100773,Diya Mehta,Hoodies,Oversized Hoodie,1,1663.1,30.0,2025-10-31,Gurugram,Young Professional,364.81,1164.17,498.93
SS101550,Sneha Bansal,Bottomwear,Cargo Pants,3,1671.81,30.0,2025-10-31,Noida,Casual Shopper,843.27,3510.8,1504.63
SS101593,Manya Joshi,T-Shirts,Marvel Graphic Tee,1,678.18,5.0,2025-10-31,Lucknow,Working Professional,149.71,644.27,33.91
SS101833,Aanya Chopra,Accessories,Graphic Cap,1,1081.93,5.0,2025-10-31,Lucknow,Working Professional,311.58,1027.83,54.1
SS102348,Kabir Sharma,Shirts,Oversized Shirt,1,1981.58,15.0,2025-10-31,Noida,Student,484.3,1684.34,297.24
SS102671,Nisha Bansal,Hoodies,Zip Hoodie,2,2736.21,0.0,2025-10-31,Lucknow,Young Professional,1606.93,5472.42,0.0
SS101908,Nisha Shah,T-Shirts,Marvel Graphic Tee,1,1485.38,15.0,2025-11-01,Bengaluru,Working Professional,392.63,1262.57,222.81
SS102371,Arjun Kumar,Accessories,Graphic Cap,5,731.33,10.0,2025-11-01,Bengaluru,Premium Shopper,1152.16,3290.98,365.66
SS102672,Shreya Kapoor,Shirts,Casual Printed Shirt,1,1225.48,30.0,2025-11-01,Surat,Working Professional,205.26,857.84,367.64
SS100559,Kavya Sharma,Shirts,Casual Printed Shirt,4,1261.97,25.0,2025-11-02,Hyderabad,Young Professional,1018.77,3785.91,1261.97
SS100711,Sakshi Das,Shirts,Oversized Shirt,2,1901.12,10.0,2025-11-02,Kolkata,Casual Shopper,971.84,3422.02,380.22
SS100973,Ananya Mehta,T-Shirts,Classic Logo Tee,3,503.36,20.0,2025-11-02,Lucknow,Young Professional,325.08,1208.06,302.02
SS101897,Sneha Shah,T-Shirts,Marvel Graphic Tee,1,1144.35,15.0,2025-11-02,Bengaluru,Casual Shopper,240.61,972.7,171.65
SS100598,Manya Reddy,T-Shirts,Marvel Graphic Tee,2,669.14,10.0,2025-11-03,Ahmedabad,Premium Shopper,347.37,1204.45,133.83
SS101431,Kabir Patel,Hoodies,Oversized Hoodie,2,2600.83,40.0,2025-11-03,Jaipur,Working Professional,689.53,3121.0,2080.66
SS100343,Riya Sharma,Hoodies,Oversized Hoodie,4,1998.97,15.0,2025-11-04,Gurugram,Working Professional,1908.71,6796.5,1199.38
SS100545,Priya Sharma,Hoodies,Oversized Hoodie,1,2470.49,25.0,2025-11-04,Mumbai,Working Professional,500.6,1852.87,617.62
SS100878,Aditi Saxena,T-Shirts,Oversized Graphic Tee,3,1271.87,25.0,2025-11-04,Jaipur,Casual Shopper,732.68,2861.71,953.9
SS101919,Priya Bansal,Hoodies,Zip Hoodie,2,1899.11,15.0,2025-11-04,Surat,Casual Shopper,839.57,3228.49,569.73
SS101957,Ananya Bansal,Hoodies,Zip Hoodie,1,2251.92,20.0,2025-11-04,Pune,Young Professional,519.52,1801.54,450.38
SS102915,Aditi Verma,Shirts,Casual Printed Shirt,2,1534.08,10.0,2025-11-04,Noida,Student,813.0,2761.34,306.82
SS100492,Shreya Joshi,T-Shirts,Marvel Graphic Tee,3,1458.24,20.0,2025-11-05,Gurugram,Premium Shopper,1032.97,3499.78,874.94
SS101147,Simran Mehta,Shirts,Oversized Shirt,2,1527.45,40.0,2025-11-05,Noida,Working Professional,477.52,1832.94,1221.96
SS101255,Pooja Saxena,Hoodies,Oversized Hoodie,1,1513.43,10.0,2025-11-05,Kolkata,Young Professional,409.43,1362.09,151.34
SS101459,Meera Agarwal,Shirts,Oversized Shirt,2,1654.44,15.0,2025-11-05,Chennai,Student,792.17,2812.55,496.33
SS101687,Aanya Das,Hoodies,Oversized Hoodie,1,1990.17,25.0,2025-11-05,Jaipur,Casual Shopper,221.11,1492.63,497.54
SS101984,Aditya Verma,T-Shirts,Oversized Graphic Tee,4,553.9,5.0,2025-11-05,Noida,Casual Shopper,588.4,2104.82,110.78
SS102019,Ananya Chopra,Shirts,Oversized Shirt,1,1376.33,15.0,2025-11-05,Ahmedabad,Student,339.0,1169.88,206.45
SS101166,Kabir Nair,Accessories,Backpack,2,552.4,10.0,2025-11-06,Gurugram,Young Professional,353.36,994.32,110.48
SS102102,Shreya Das,T-Shirts,Anime Printed Tee,3,675.15,35.0,2025-11-06,Gurugram,Premium Shopper,347.23,1316.54,708.91
SS102322,Rohan Das,Shirts,Oversized Shirt,1,1960.53,25.0,2025-11-06,Gurugram,Young Professional,367.15,1470.4,490.13
SS102576,Kritika Nair,Bottomwear,Joggers,2,1440.97,0.0,2025-11-06,Hyderabad,Student,819.56,2881.94,0.0
SS101237,Priya Bansal,Hoodies,Oversized Hoodie,4,1847.93,20.0,2025-11-07,Lucknow,Casual Shopper,1489.75,5913.38,1478.34
SS101288,Pooja Joshi,T-Shirts,Oversized Graphic Tee,1,1452.92,15.0,2025-11-07,Hyderabad,Young Professional,375.2,1234.98,217.94
SS101417,Kritika Bansal,T-Shirts,Marvel Graphic Tee,2,868.89,5.0,2025-11-07,Ahmedabad,Young Professional,573.65,1650.89,86.89
SS102286,Ananya Mishra,Bottomwear,Relaxed Jeans,2,2272.7,10.0,2025-11-07,Noida,Casual Shopper,1039.21,4090.86,454.54
SS101138,Aditi Mehta,Hoodies,Oversized Hoodie,1,2549.72,15.0,2025-11-08,Chandigarh,Young Professional,620.41,2167.26,382.46
SS102658,Sakshi Joshi,T-Shirts,Marvel Graphic Tee,2,808.76,0.0,2025-11-08,Jaipur,Young Professional,481.76,1617.52,0.0
SS102763,Yash Singh,Hoodies,Zip Hoodie,2,2054.47,20.0,2025-11-08,Surat,Young Professional,831.82,3287.15,821.79
SS102963,Sakshi Reddy,Bottomwear,Track Pants,2,1758.75,30.0,2025-11-08,Chennai,Student,505.46,2462.25,1055.25
SS100324,Anika Gupta,Bottomwear,Relaxed Jeans,1,1523.84,15.0,2025-11-09,Noida,Working Professional,409.46,1295.26,228.58
SS100491,Diya Saxena,Shirts,Oversized Shirt,2,997.59,5.0,2025-11-10,Jaipur,Student,541.8,1895.42,99.76
SS100950,Neha Nair,Shirts,Oversized Shirt,1,1911.13,10.0,2025-11-10,Surat,Student,501.8,1720.02,191.11
SS102827,Meera Patel,T-Shirts,Marvel Graphic Tee,1,954.74,25.0,2025-11-10,Ahmedabad,Young Professional,194.72,716.06,238.68
SS100894,Riya Saxena,Shirts,Denim Shirt,2,1380.01,15.0,2025-11-11,Kolkata,Student,643.61,2346.02,414.0
SS101075,Rahul Nair,Hoodies,Zip Hoodie,4,2241.35,25.0,2025-11-11,Hyderabad,Casual Shopper,1743.17,6724.05,2241.35
SS101592,Isha Kapoor,T-Shirts,Typography Tee,1,847.48,10.0,2025-11-11,Kolkata,Premium Shopper,230.51,762.73,84.75
SS101695,Kritika Chopra,T-Shirts,Marvel Graphic Tee,1,874.5,0.0,2025-11-11,Ahmedabad,Working Professional,278.17,874.5,0.0
SS101960,Simran Kumar,T-Shirts,Marvel Graphic Tee,1,1348.03,10.0,2025-11-11,Delhi,Young Professional,400.18,1213.23,134.8
SS102219,Isha Sharma,T-Shirts,Oversized Graphic Tee,2,1253.28,5.0,2025-11-11,Pune,Young Professional,741.88,2381.23,125.33
SS102718,Manya Shah,Accessories,Socks Pack,5,433.53,0.0,2025-11-11,Surat,Young Professional,795.88,2167.65,0.0
SS101651,Yash Sharma,T-Shirts,Typography Tee,2,1445.26,5.0,2025-11-12,Chennai,Working Professional,904.3,2745.99,144.53
SS102155,Karan Reddy,T-Shirts,Anime Printed Tee,1,976.13,15.0,2025-11-12,Bengaluru,Student,265.15,829.71,146.42
SS102458,Riya Agarwal,Hoodies,Graphic Pullover Hoodie,1,1469.62,30.0,2025-11-12,Pune,Working Professional,276.96,1028.73,440.89
SS100549,Nisha Patel,Accessories,Sling Bag,1,1084.67,25.0,2025-11-13,Ahmedabad,Young Professional,249.7,813.5,271.17
SS100890,Riya Joshi,Accessories,Backpack,1,1194.81,25.0,2025-11-13,Chennai,Student,264.18,896.11,298.7
SS101259,Arjun Patel,Shirts,Oversized Shirt,3,1340.97,5.0,2025-11-13,Mumbai,Premium Shopper,1257.89,3821.76,201.15
SS101420,Meera Mishra,T-Shirts,Marvel Graphic Tee,2,708.66,15.0,2025-11-13,Hyderabad,Premium Shopper,409.17,1204.72,212.6
SS100743,Meera Mishra,Hoodies,Graphic Pullover Hoodie,1,1749.56,20.0,2025-11-14,Lucknow,Casual Shopper,383.1,1399.65,349.91
SS102767,Kritika Shah,T-Shirts,Oversized Graphic Tee,2,744.29,10.0,2025-11-14,Delhi,Student,426.31,1339.72,148.86
SS100312,Manya Mishra,T-Shirts,Anime Printed Tee,1,514.84,20.0,2025-11-15,Chennai,Young Professional,85.16,411.87,102.97
SS100931,Aanya Chopra,Accessories,Graphic Cap,1,709.7,25.0,2025-11-15,Chandigarh,Working Professional,243.18,532.28,177.42
SS101068,Yash Patel,Hoodies,Zip Hoodie,4,2270.28,10.0,2025-11-15,Delhi,Working Professional,2457.5,8173.01,908.11
SS101343,Priya Agarwal,Accessories,Backpack,2,1002.94,30.0,2025-11-15,Bengaluru,Student,430.29,1404.12,601.76
SS102491,Ishaan Shah,T-Shirts,Oversized Graphic Tee,1,1040.69,10.0,2025-11-15,Kolkata,Casual Shopper,284.55,936.62,104.07
SS102967,Aarav Verma,Shirts,Casual Printed Shirt,1,1727.85,10.0,2025-11-15,Chennai,Casual Shopper,446.17,1555.06,172.78
SS100235,Isha Joshi,Accessories,Graphic Cap,1,362.54,5.0,2025-11-16,Jaipur,Working Professional,112.99,344.41,18.13
SS100815,Aditya Nair,Hoodies,Zip Hoodie,1,2735.88,15.0,2025-11-16,Kolkata,Young Professional,593.83,2325.5,410.38
SS101257,Yash Singh,Hoodies,Graphic Pullover Hoodie,2,2327.42,0.0,2025-11-16,Surat,Student,1284.74,4654.84,0.0
SS101501,Sakshi Sharma,Hoodies,Zip Hoodie,3,1798.81,15.0,2025-11-16,Ahmedabad,Premium Shopper,1321.51,4586.97,809.46
SS100857,Rahul Mehta,Hoodies,Graphic Pullover Hoodie,1,1855.86,25.0,2025-11-17,Noida,Working Professional,297.65,1391.9,463.96
SS100935,Manya Shah,T-Shirts,Typography Tee,2,540.88,5.0,2025-11-17,Kolkata,Working Professional,275.97,1027.67,54.09
SS100040,Riya Joshi,T-Shirts,Marvel Graphic Tee,1,862.51,20.0,2025-11-18,Lucknow,Student,223.84,690.01,172.5
SS100321,Rahul Reddy,Shirts,Denim Shirt,1,1110.84,15.0,2025-11-18,Chandigarh,Casual Shopper,297.19,944.21,166.63
SS100437,Aditi Reddy,Accessories,Graphic Cap,2,785.37,5.0,2025-11-18,Gurugram,Working Professional,633.09,1492.2,78.54
SS100942,Aanya Agarwal,Shirts,Denim Shirt,1,1165.12,30.0,2025-11-18,Delhi,Young Professional,183.14,815.58,349.54
SS101278,Manya Gupta,T-Shirts,Oversized Graphic Tee,1,1062.13,15.0,2025-11-18,Jaipur,Student,204.09,902.81,159.32
SS100673,Riya Das,Hoodies,Zip Hoodie,2,1755.59,10.0,2025-11-19,Pune,Premium Shopper,909.18,3160.06,351.12
SS100755,Aanya Singh,Accessories,Socks Pack,1,747.91,20.0,2025-11-19,Kolkata,Student,196.99,598.33,149.58
SS101865,Aditi Sharma,Bottomwear,Track Pants,4,1320.83,15.0,2025-11-19,Delhi,Young Professional,1121.26,4490.82,792.5
SS102018,Simran Chopra,T-Shirts,Typography Tee,2,528.54,0.0,2025-11-19,Jaipur,Working Professional,267.14,1057.08,0.0
SS102628,Aanya Sharma,Hoodies,Oversized Hoodie,2,2815.59,15.0,2025-11-19,Delhi,Student,1165.66,4786.5,844.68
SS101130,Ishaan Joshi,Accessories,Sling Bag,2,647.23,15.0,2025-11-20,Kolkata,Premium Shopper,365.79,1100.29,194.17
SS101579,Aditi Agarwal,Shirts,Denim Shirt,1,1015.55,0.0,2025-11-20,Jaipur,Young Professional,283.7,1015.55,0.0
SS101587,Nisha Das,Hoodies,Zip Hoodie,1,1615.74,0.0,2025-11-20,Chennai,Working Professional,508.46,1615.74,0.0
SS100558,Simran Sharma,Accessories,Sling Bag,5,1255.81,30.0,2025-11-21,Jaipur,Casual Shopper,1391.57,4395.33,1883.72
SS101512,Shreya Bansal,Bottomwear,Track Pants,3,2129.91,5.0,2025-11-21,Noida,Student,1553.57,6070.24,319.49
SS101748,Sneha Singh,Accessories,Socks Pack,2,888.83,20.0,2025-11-21,Gurugram,Student,508.76,1422.13,355.53
SS101049,Yash Joshi,T-Shirts,Marvel Graphic Tee,3,1075.96,20.0,2025-11-22,Hyderabad,Student,707.25,2582.3,645.58
SS101811,Shreya Joshi,Accessories,Graphic Cap,1,1158.67,5.0,2025-11-22,Pune,Student,377.32,1100.74,57.93
SS101828,Meera Mishra,Accessories,Backpack,5,485.17,15.0,2025-11-22,Delhi,Working Professional,658.21,2061.97,363.88
SS102054,Vivaan Mishra,Accessories,Backpack,3,465.2,15.0,2025-11-22,Ahmedabad,Student,425.54,1186.26,209.34
SS102215,Nisha Bansal,T-Shirts,Anime Printed Tee,4,670.69,15.0,2025-11-22,Noida,Young Professional,623.74,2280.35,402.41
SS100427,Neha Agarwal,Bottomwear,Relaxed Jeans,1,2353.65,5.0,2025-11-23,Chandigarh,Student,548.64,2235.97,117.68
SS100601,Kabir Gupta,T-Shirts,Classic Logo Tee,1,808.32,30.0,2025-11-23,Kolkata,Student,114.67,565.82,242.5
SS100692,Karan Sharma,Hoodies,Zip Hoodie,1,1983.91,10.0,2025-11-23,Chandigarh,Working Professional,558.94,1785.52,198.39
SS100965,Simran Bansal,Hoodies,Oversized Hoodie,1,2480.89,5.0,2025-11-23,Delhi,Student,655.02,2356.85,124.04
SS101249,Kritika Mishra,Shirts,Denim Shirt,4,1497.6,10.0,2025-11-23,Pune,Working Professional,1590.91,5391.36,599.04
SS102358,Rahul Gupta,Hoodies,Fleece Hoodie,2,2783.75,0.0,2025-11-23,Noida,Working Professional,1686.77,5567.5,0.0
SS100282,Karan Malhotra,Hoodies,Fleece Hoodie,1,1416.28,25.0,2025-11-24,Noida,Working Professional,221.22,1062.21,354.07
SS100689,Tanya Chopra,T-Shirts,Marvel Graphic Tee,2,1169.75,20.0,2025-11-24,Surat,Premium Shopper,516.22,1871.6,467.9
SS100882,Sakshi Joshi,T-Shirts,Anime Printed Tee,2,807.86,20.0,2025-11-24,Hyderabad,Working Professional,380.28,1292.58,323.14
SS100976,Yash Sharma,Shirts,Denim Shirt,3,1003.37,25.0,2025-11-24,Lucknow,Working Professional,510.97,2257.58,752.53
SS101012,Kavya Kumar,Bottomwear,Relaxed Jeans,2,2307.69,5.0,2025-11-24,Pune,Casual Shopper,1135.97,4384.61,230.77
SS101623,Riya Agarwal,Bottomwear,Joggers,1,2006.62,15.0,2025-11-24,Gurugram,Working Professional,491.76,1705.63,300.99
SS102600,Sakshi Kapoor,Shirts,Denim Shirt,2,939.98,10.0,2025-11-24,Chandigarh,Young Professional,504.74,1691.96,188.0
SS102871,Kritika Chopra,Bottomwear,Joggers,2,2046.47,25.0,2025-11-24,Chandigarh,Premium Shopper,809.7,3069.7,1023.24
SS100421,Priya Mishra,Accessories,Graphic Cap,1,995.22,15.0,2025-11-25,Hyderabad,Young Professional,340.26,845.94,149.28
SS101347,Rahul Mishra,Hoodies,Fleece Hoodie,3,2064.45,5.0,2025-11-25,Gurugram,Casual Shopper,1643.18,5883.68,309.67
SS101870,Simran Nair,Accessories,Backpack,1,1065.03,20.0,2025-11-26,Mumbai,Working Professional,312.69,852.02,213.01
SS101928,Arjun Saxena,Shirts,Casual Printed Shirt,2,1747.25,10.0,2025-11-26,Pune,Casual Shopper,946.26,3145.05,349.45
SS102411,Aanya Nair,T-Shirts,Marvel Graphic Tee,2,780.26,15.0,2025-11-26,Hyderabad,Working Professional,350.81,1326.44,234.08
SS102476,Nisha Mehta,T-Shirts,Oversized Graphic Tee,2,677.4,30.0,2025-11-26,Surat,Student,272.68,948.36,406.44
SS100619,Isha Shah,Accessories,Socks Pack,2,1145.19,25.0,2025-11-27,Gurugram,Casual Shopper,612.48,1717.78,572.6
SS100777,Priya Malhotra,Accessories,Sling Bag,1,1008.93,20.0,2025-11-27,Chennai,Young Professional,257.17,807.14,201.79
SS102866,Aditi Malhotra,Hoodies,Zip Hoodie,1,2297.86,0.0,2025-11-27,Jaipur,Student,660.31,2297.86,0.0
SS102984,Manya Singh,Shirts,Denim Shirt,1,1464.02,10.0,2025-11-27,Bengaluru,Casual Shopper,339.06,1317.62,146.4
SS100900,Sneha Chopra,T-Shirts,Anime Printed Tee,1,1262.62,5.0,2025-11-28,Ahmedabad,Working Professional,457.38,1199.49,63.13
SS102093,Neha Agarwal,Hoodies,Fleece Hoodie,1,2690.85,5.0,2025-11-28,Mumbai,Working Professional,727.44,2556.31,134.54
SS100644,Rahul Shah,T-Shirts,Classic Logo Tee,2,897.05,15.0,2025-11-29,Pune,Student,486.18,1524.98,269.12
SS100888,Sneha Mehta,T-Shirts,Oversized Graphic Tee,5,586.77,15.0,2025-11-29,Mumbai,Student,627.18,2493.77,440.08
SS101054,Priya Jain,Bottomwear,Relaxed Jeans,1,1507.81,25.0,2025-11-29,Kolkata,Young Professional,217.15,1130.86,376.95
SS101091,Simran Malhotra,Shirts,Denim Shirt,2,1123.09,5.0,2025-11-29,Chennai,Premium Shopper,681.15,2133.87,112.31
SS101111,Meera Kapoor,T-Shirts,Marvel Graphic Tee,3,865.96,10.0,2025-11-29,Lucknow,Young Professional,741.89,2338.09,259.79
SS101517,Yash Shah,Bottomwear,Relaxed Jeans,4,1395.61,15.0,2025-11-29,Lucknow,Working Professional,1269.27,4745.07,837.37
SS101668,Ananya Patel,T-Shirts,Anime Printed Tee,1,995.18,15.0,2025-11-29,Noida,Young Professional,254.43,845.9,149.28
SS101911,Vivaan Mehta,Bottomwear,Relaxed Jeans,1,2241.41,15.0,2025-11-29,Noida,Student,479.11,1905.2,336.21
SS102101,Ishaan Kumar,Hoodies,Graphic Pullover Hoodie,1,1864.95,0.0,2025-11-29,Pune,Working Professional,541.14,1864.95,0.0
SS102560,Sakshi Gupta,Accessories,Socks Pack,1,804.06,35.0,2025-11-29,Kolkata,Young Professional,155.09,522.64,281.42
SS102570,Rohan Agarwal,Hoodies,Graphic Pullover Hoodie,3,2271.57,5.0,2025-11-29,Delhi,Student,1683.98,6473.97,340.74
SS100142,Priya Chopra,Hoodies,Graphic Pullover Hoodie,1,1368.66,30.0,2025-11-30,Pune,Student,186.9,958.06,410.6
SS100927,Riya Jain,Shirts,Casual Printed Shirt,1,1260.91,30.0,2025-11-30,Chennai,Casual Shopper,235.2,882.64,378.27
SS101220,Simran Nair,Bottomwear,Track Pants,1,2332.7,10.0,2025-11-30,Mumbai,Working Professional,580.61,2099.43,233.27
SS101769,Neha Kapoor,Hoodies,Fleece Hoodie,1,2629.51,5.0,2025-11-30,Delhi,Premium Shopper,740.58,2498.03,131.48
SS102096,Aanya Bansal,Shirts,Denim Shirt,2,1886.26,20.0,2025-11-30,Mumbai,Young Professional,930.61,3018.02,754.5
SS100477,Meera Shah,Shirts,Oversized Shirt,1,1148.52,15.0,2025-12-01,Mumbai,Premium Shopper,297.23,976.24,172.28
SS100550,Yash Reddy,Hoodies,Zip Hoodie,1,2443.98,5.0,2025-12-01,Delhi,Premium Shopper,826.1,2321.78,122.2
SS101247,Rohan Mehta,T-Shirts,Marvel Graphic Tee,2,906.16,0.0,2025-12-01,Ahmedabad,Working Professional,651.66,1812.32,0.0
SS101819,Sneha Gupta,Hoodies,Fleece Hoodie,1,2520.38,0.0,2025-12-01,Surat,Casual Shopper,699.71,2520.38,0.0
SS102356,Diya Sharma,Bottomwear,Cargo Pants,1,1880.83,0.0,2025-12-01,Chennai,Casual Shopper,513.9,1880.83,0.0
SS100284,Yash Sharma,Shirts,Casual Printed Shirt,2,1216.69,20.0,2025-12-02,Bengaluru,Young Professional,490.26,1946.7,486.68
SS100625,Shreya Malhotra,Hoodies,Zip Hoodie,1,1337.26,20.0,2025-12-02,Bengaluru,Premium Shopper,268.38,1069.81,267.45
SS101704,Sneha Shah,Hoodies,Zip Hoodie,2,2410.29,25.0,2025-12-02,Chennai,Premium Shopper,1074.49,3615.44,1205.14
SS102115,Meera Joshi,T-Shirts,Classic Logo Tee,3,513.08,20.0,2025-12-02,Gurugram,Premium Shopper,362.87,1231.39,307.85
SS102359,Riya Shah,T-Shirts,Classic Logo Tee,1,583.0,5.0,2025-12-02,Mumbai,Premium Shopper,253.22,553.85,29.15
SS101002,Ishaan Sharma,Bottomwear,Relaxed Jeans,1,2169.78,20.0,2025-12-03,Bengaluru,Student,445.69,1735.82,433.96
SS102647,Simran Agarwal,Hoodies,Oversized Hoodie,1,2770.23,15.0,2025-12-03,Hyderabad,Casual Shopper,620.18,2354.7,415.53
SS100257,Tanya Mehta,Shirts,Oversized Shirt,2,1322.45,5.0,2025-12-05,Surat,Working Professional,760.35,2512.65,132.25
SS100412,Aanya Patel,Bottomwear,Cargo Pants,4,1042.76,15.0,2025-12-05,Surat,Working Professional,915.93,3545.38,625.66
SS100554,Rahul Nair,Bottomwear,Joggers,2,2416.48,40.0,2025-12-05,Gurugram,Casual Shopper,564.42,2899.78,1933.18
SS101224,Aditya Reddy,Hoodies,Zip Hoodie,3,1967.02,10.0,2025-12-05,Kolkata,Student,1359.99,5310.95,590.11
SS101320,Kritika Singh,T-Shirts,Typography Tee,3,592.03,0.0,2025-12-05,Chennai,Student,407.94,1776.09,0.0
SS101885,Kritika Malhotra,Hoodies,Zip Hoodie,3,2605.28,25.0,2025-12-05,Lucknow,Student,1353.15,5861.88,1953.96
SS102741,Diya Verma,T-Shirts,Oversized Graphic Tee,1,1393.3,15.0,2025-12-05,Chennai,Young Professional,312.3,1184.3,209.0
SS100512,Kavya Saxena,Bottomwear,Track Pants,2,1524.41,0.0,2025-12-06,Ahmedabad,Premium Shopper,887.72,3048.82,0.0
SS101137,Aditi Mehta,Hoodies,Zip Hoodie,3,2737.4,25.0,2025-12-06,Delhi,Working Professional,1665.67,6159.15,2053.05
SS101246,Karan Patel,T-Shirts,Typography Tee,2,854.13,0.0,2025-12-06,Kolkata,Casual Shopper,642.67,1708.26,0.0
SS101652,Manya Kumar,T-Shirts,Marvel Graphic Tee,2,1232.36,10.0,2025-12-06,Bengaluru,Student,643.36,2218.25,246.47
SS102327,Pooja Kumar,T-Shirts,Marvel Graphic Tee,1,1289.41,20.0,2025-12-06,Noida,Student,311.2,1031.53,257.88
SS102455,Manya Shah,T-Shirts,Typography Tee,3,571.35,20.0,2025-12-06,Noida,Student,319.89,1371.24,342.81
SS102552,Neha Singh,Accessories,Backpack,1,1133.97,30.0,2025-12-06,Pune,Student,201.66,793.78,340.19
SS100772,Aarav Kumar,T-Shirts,Anime Printed Tee,2,996.65,10.0,2025-12-07,Ahmedabad,Working Professional,616.29,1793.97,199.33
SS102618,Sneha Malhotra,Accessories,Socks Pack,3,1038.8,10.0,2025-12-07,Ahmedabad,Working Professional,995.07,2804.76,311.64
SS100496,Meera Saxena,Shirts,Denim Shirt,1,1547.7,25.0,2025-12-08,Chennai,Student,280.11,1160.78,386.92
SS101491,Simran Joshi,Hoodies,Fleece Hoodie,1,2996.65,35.0,2025-12-08,Gurugram,Working Professional,434.16,1947.82,1048.83
SS102289,Rohan Jain,T-Shirts,Typography Tee,2,635.23,35.0,2025-12-08,Lucknow,Student,221.15,825.8,444.66
SS102897,Ishaan Joshi,T-Shirts,Classic Logo Tee,1,847.7,15.0,2025-12-08,Ahmedabad,Young Professional,147.04,720.54,127.15
SS100243,Neha Mishra,Hoodies,Zip Hoodie,3,1934.7,25.0,2025-12-09,Delhi,Working Professional,1107.08,4353.08,1451.02
SS100441,Kritika Nair,Bottomwear,Joggers,4,1830.73,5.0,2025-12-09,Lucknow,Premium Shopper,2083.27,6956.77,366.15
SS100449,Yash Agarwal,T-Shirts,Classic Logo Tee,2,1145.62,25.0,2025-12-09,Ahmedabad,Student,471.75,1718.43,572.81
SS100484,Arjun Bansal,Shirts,Denim Shirt,2,1182.73,10.0,2025-12-09,Hyderabad,Working Professional,640.19,2128.91,236.55
SS100649,Yash Malhotra,Hoodies,Oversized Hoodie,1,1461.67,35.0,2025-12-09,Pune,Young Professional,259.84,950.09,511.58
SS101786,Aarav Chopra,Shirts,Denim Shirt,1,1213.08,20.0,2025-12-09,Surat,Young Professional,241.49,970.46,242.62
SS102886,Priya Shah,Hoodies,Fleece Hoodie,1,1672.98,20.0,2025-12-09,Hyderabad,Casual Shopper,406.27,1338.38,334.6
SS100591,Ananya Verma,Shirts,Oversized Shirt,2,1047.54,10.0,2025-12-10,Delhi,Working Professional,593.96,1885.57,209.51
SS100957,Ishaan Sharma,T-Shirts,Oversized Graphic Tee,1,563.49,10.0,2025-12-10,Lucknow,Premium Shopper,151.23,507.14,56.35
SS102091,Isha Saxena,Bottomwear,Cargo Pants,1,1486.7,15.0,2025-12-10,Gurugram,Premium Shopper,421.13,1263.7,223.01
SS100123,Diya Verma,T-Shirts,Marvel Graphic Tee,2,909.5,15.0,2025-12-11,Chennai,Casual Shopper,438.25,1546.15,272.85
SS100191,Simran Patel,Bottomwear,Cargo Pants,1,1663.98,25.0,2025-12-11,Bengaluru,Student,314.4,1247.99,415.99
SS101938,Shreya Das,Hoodies,Fleece Hoodie,1,2539.49,5.0,2025-12-11,Chandigarh,Student,645.39,2412.52,126.97
SS100378,Vivaan Kumar,Accessories,Graphic Cap,4,697.09,25.0,2025-12-12,Kolkata,Student,617.25,2091.27,697.09
SS101140,Vivaan Kumar,Accessories,Backpack,2,444.29,20.0,2025-12-12,Delhi,Working Professional,323.03,710.86,177.72
SS101563,Arjun Shah,T-Shirts,Anime Printed Tee,1,986.02,25.0,2025-12-12,Ahmedabad,Student,146.2,739.52,246.5
SS102336,Aanya Saxena,Hoodies,Graphic Pullover Hoodie,2,2613.25,10.0,2025-12-12,Jaipur,Working Professional,1329.5,4703.85,522.65
SS102473,Nisha Kapoor,Accessories,Socks Pack,2,763.78,20.0,2025-12-12,Surat,Working Professional,368.81,1222.05,305.51
SS102822,Isha Reddy,Shirts,Oversized Shirt,1,1458.9,10.0,2025-12-12,Kolkata,Young Professional,445.24,1313.01,145.89
SS101485,Karan Reddy,Hoodies,Zip Hoodie,2,2789.22,5.0,2025-12-13,Bengaluru,Young Professional,1547.92,5299.52,278.92
SS102079,Rahul Nair,Accessories,Sling Bag,1,933.25,20.0,2025-12-13,Pune,Working Professional,283.23,746.6,186.65
SS102141,Anika Shah,Shirts,Oversized Shirt,1,1053.85,20.0,2025-12-13,Gurugram,Student,298.4,843.08,210.77
SS100907,Aarav Mishra,Hoodies,Oversized Hoodie,5,2604.36,0.0,2025-12-14,Delhi,Working Professional,4055.88,13021.8,0.0
SS101131,Riya Bansal,Hoodies,Zip Hoodie,1,2506.36,10.0,2025-12-14,Bengaluru,Premium Shopper,608.32,2255.72,250.64
SS101185,Manya Gupta,Bottomwear,Cargo Pants,1,1206.35,10.0,2025-12-14,Gurugram,Young Professional,268.66,1085.71,120.64
SS101958,Simran Agarwal,Shirts,Oversized Shirt,4,1264.28,15.0,2025-12-14,Ahmedabad,Casual Shopper,1286.17,4298.55,758.57
SS102152,Yash Gupta,Shirts,Denim Shirt,4,1893.14,40.0,2025-12-14,Chandigarh,Working Professional,1144.63,4543.54,3029.02
SS101792,Riya Saxena,Hoodies,Graphic Pullover Hoodie,2,1967.7,15.0,2025-12-15,Bengaluru,Student,883.49,3345.09,590.31
SS101926,Simran Jain,Shirts,Casual Printed Shirt,1,1422.27,25.0,2025-12-15,Bengaluru,Casual Shopper,227.6,1066.7,355.57
SS102679,Karan Nair,Hoodies,Graphic Pullover Hoodie,2,2699.33,20.0,2025-12-15,Mumbai,Student,1011.21,4318.93,1079.73
SS101153,Rohan Gupta,Shirts,Casual Printed Shirt,1,1245.51,20.0,2025-12-17,Chennai,Student,220.13,996.41,249.1
SS101982,Kabir Patel,Hoodies,Oversized Hoodie,1,1920.27,15.0,2025-12-17,Hyderabad,Student,400.98,1632.23,288.04
SS102292,Ishaan Verma,T-Shirts,Classic Logo Tee,2,517.57,0.0,2025-12-17,Mumbai,Young Professional,283.35,1035.14,0.0
SS102786,Karan Kumar,Bottomwear,Relaxed Jeans,2,1682.87,15.0,2025-12-17,Surat,Student,654.52,2860.88,504.86
SS101223,Anika Verma,Bottomwear,Cargo Pants,5,2341.6,35.0,2025-12-18,Noida,Casual Shopper,1721.79,7610.2,4097.8
SS101810,Tanya Agarwal,Shirts,Denim Shirt,1,1105.85,5.0,2025-12-18,Hyderabad,Working Professional,358.15,1050.56,55.29
SS102357,Riya Jain,T-Shirts,Classic Logo Tee,1,1000.4,10.0,2025-12-18,Surat,Casual Shopper,262.5,900.36,100.04
SS102644,Aanya Patel,T-Shirts,Classic Logo Tee,1,1404.37,5.0,2025-12-18,Bengaluru,Young Professional,398.66,1334.15,70.22
SS102798,Vivaan Gupta,Bottomwear,Cargo Pants,1,2090.1,10.0,2025-12-18,Noida,Student,424.4,1881.09,209.01
SS102924,Aanya Agarwal,Hoodies,Fleece Hoodie,1,2484.68,15.0,2025-12-19,Gurugram,Young Professional,588.86,2111.98,372.7
SS100310,Ananya Shah,Hoodies,Graphic Pullover Hoodie,4,1594.82,5.0,2025-12-20,Hyderabad,Young Professional,1726.94,6060.32,318.96
SS100728,Simran Shah,T-Shirts,Oversized Graphic Tee,2,782.46,10.0,2025-12-20,Noida,Working Professional,459.19,1408.43,156.49
SS101145,Isha Gupta,Bottomwear,Cargo Pants,2,1044.03,0.0,2025-12-20,Chandigarh,Student,593.54,2088.06,0.0
SS101334,Kritika Mishra,Bottomwear,Track Pants,1,2100.73,15.0,2025-12-20,Delhi,Working Professional,504.5,1785.62,315.11
SS101692,Rohan Kapoor,Hoodies,Graphic Pullover Hoodie,1,2555.29,10.0,2025-12-20,Kolkata,Student,605.85,2299.76,255.53
SS101693,Sneha Singh,T-Shirts,Typography Tee,3,895.89,15.0,2025-12-20,Hyderabad,Working Professional,656.91,2284.52,403.15
SS102105,Arjun Gupta,T-Shirts,Marvel Graphic Tee,1,1364.7,20.0,2025-12-20,Chennai,Student,337.35,1091.76,272.94
SS102710,Sakshi Verma,Accessories,Socks Pack,1,835.55,15.0,2025-12-20,Gurugram,Casual Shopper,332.05,710.22,125.33
SS100212,Diya Patel,Shirts,Casual Printed Shirt,2,1970.12,0.0,2025-12-21,Hyderabad,Working Professional,1249.05,3940.24,0.0
SS100366,Nisha Shah,Bottomwear,Relaxed Jeans,1,1984.68,20.0,2025-12-21,Noida,Working Professional,333.23,1587.74,396.94
SS101686,Aditya Das,Bottomwear,Joggers,1,1269.98,5.0,2025-12-21,Surat,Working Professional,362.32,1206.48,63.5
SS102791,Ishaan Kumar,Bottomwear,Cargo Pants,3,1101.52,0.0,2025-12-21,Bengaluru,Casual Shopper,1030.82,3304.56,0.0
SS100970,Arjun Mehta,Shirts,Casual Printed Shirt,1,1907.81,40.0,2025-12-22,Ahmedabad,Working Professional,297.08,1144.69,763.12
SS101282,Yash Kapoor,Shirts,Casual Printed Shirt,1,1024.34,15.0,2025-12-22,Gurugram,Student,217.35,870.69,153.65
SS101373,Vivaan Mehta,Hoodies,Zip Hoodie,2,1946.87,20.0,2025-12-22,Hyderabad,Student,704.99,3114.99,778.75
SS101374,Aditya Jain,T-Shirts,Typography Tee,2,1218.47,10.0,2025-12-22,Gurugram,Working Professional,692.43,2193.25,243.69
SS102309,Manya Malhotra,Hoodies,Graphic Pullover Hoodie,3,2368.9,25.0,2025-12-22,Gurugram,Working Professional,1407.32,5330.02,1776.68
SS102345,Priya Kapoor,Shirts,Denim Shirt,1,1962.68,20.0,2025-12-22,Surat,Working Professional,432.6,1570.14,392.54
SS102525,Pooja Malhotra,T-Shirts,Marvel Graphic Tee,1,1339.45,25.0,2025-12-22,Delhi,Working Professional,235.09,1004.59,334.86
SS102529,Meera Gupta,Bottomwear,Relaxed Jeans,2,2255.59,10.0,2025-12-22,Noida,Working Professional,1150.49,4060.06,451.12
SS102372,Rahul Agarwal,Shirts,Oversized Shirt,2,1976.19,5.0,2025-12-23,Pune,Working Professional,1189.38,3754.76,197.62
SS102532,Isha Patel,T-Shirts,Classic Logo Tee,1,1140.78,10.0,2025-12-23,Delhi,Young Professional,278.57,1026.7,114.08
SS102588,Shreya Reddy,T-Shirts,Marvel Graphic Tee,2,1126.62,10.0,2025-12-23,Bengaluru,Premium Shopper,632.87,2027.92,225.32
SS100162,Vivaan Chopra,Shirts,Casual Printed Shirt,2,1942.52,25.0,2025-12-24,Jaipur,Student,724.08,2913.78,971.26
SS100387,Meera Kapoor,T-Shirts,Oversized Graphic Tee,1,516.96,10.0,2025-12-24,Noida,Working Professional,134.23,465.26,51.7
SS101230,Isha Reddy,Bottomwear,Cargo Pants,1,1365.92,20.0,2025-12-24,Delhi,Working Professional,329.81,1092.74,273.18
SS101443,Nisha Singh,Hoodies,Fleece Hoodie,3,2593.96,20.0,2025-12-24,Ahmedabad,Casual Shopper,1596.05,6225.5,1556.38
SS101519,Nisha Joshi,Bottomwear,Track Pants,2,1775.19,10.0,2025-12-24,Pune,Student,806.02,3195.34,355.04
SS101711,Diya Singh,T-Shirts,Typography Tee,3,745.27,0.0,2025-12-24,Delhi,Premium Shopper,788.11,2235.81,0.0
SS102153,Aditi Verma,Accessories,Backpack,2,708.85,15.0,2025-12-24,Ahmedabad,Student,433.35,1205.04,212.65
SS102832,Arjun Kapoor,T-Shirts,Anime Printed Tee,1,1255.55,35.0,2025-12-24,Mumbai,Young Professional,132.91,816.11,439.44
SS100676,Ishaan Patel,T-Shirts,Classic Logo Tee,2,1176.61,20.0,2025-12-25,Chandigarh,Young Professional,578.38,1882.58,470.64
SS101463,Simran Joshi,Shirts,Oversized Shirt,1,1112.39,0.0,2025-12-25,Kolkata,Working Professional,366.79,1112.39,0.0
SS101626,Ananya Patel,T-Shirts,Classic Logo Tee,1,1389.82,0.0,2025-12-25,Kolkata,Student,333.62,1389.82,0.0
SS101355,Nisha Bansal,Bottomwear,Track Pants,2,1489.83,15.0,2025-12-26,Chandigarh,Casual Shopper,536.64,2532.71,446.95
SS101846,Manya Saxena,T-Shirts,Typography Tee,2,1291.46,0.0,2025-12-26,Chennai,Casual Shopper,776.1,2582.92,0.0
SS102692,Anika Kumar,T-Shirts,Oversized Graphic Tee,2,908.14,30.0,2025-12-26,Delhi,Premium Shopper,304.91,1271.4,544.88
SS102927,Ananya Mishra,Bottomwear,Relaxed Jeans,1,2386.12,0.0,2025-12-26,Noida,Working Professional,612.16,2386.12,0.0
SS100204,Meera Das,Shirts,Denim Shirt,1,1780.29,20.0,2025-12-27,Noida,Young Professional,382.26,1424.23,356.06
SS100300,Tanya Saxena,T-Shirts,Anime Printed Tee,1,690.29,10.0,2025-12-27,Bengaluru,Young Professional,220.39,621.26,69.03
SS100814,Meera Verma,Bottomwear,Joggers,2,2332.68,5.0,2025-12-27,Kolkata,Working Professional,1283.51,4432.09,233.27
SS101629,Pooja Chopra,Hoodies,Zip Hoodie,3,2912.42,5.0,2025-12-27,Bengaluru,Casual Shopper,2388.84,8300.4,436.86
SS100645,Shreya Joshi,Bottomwear,Joggers,1,1769.45,15.0,2025-12-28,Surat,Student,376.54,1504.03,265.42
SS102546,Aarav Shah,T-Shirts,Oversized Graphic Tee,2,893.26,10.0,2025-12-28,Lucknow,Casual Shopper,507.13,1607.87,178.65
SS102816,Sakshi Patel,Hoodies,Oversized Hoodie,1,1783.73,15.0,2025-12-28,Hyderabad,Young Professional,401.89,1516.17,267.56
SS100100,Pooja Reddy,T-Shirts,Marvel Graphic Tee,1,1219.27,15.0,2025-12-29,Jaipur,Working Professional,308.52,1036.38,182.89
SS101262,Isha Nair,T-Shirts,Anime Printed Tee,1,1268.17,15.0,2025-12-30,Pune,Working Professional,392.34,1077.94,190.23
SS101547,Meera Shah,Shirts,Denim Shirt,2,1686.67,40.0,2025-12-30,Noida,Young Professional,511.75,2024.0,1349.34
SS102452,Diya Reddy,Shirts,Denim Shirt,2,1016.57,25.0,2025-12-30,Jaipur,Young Professional,382.28,1524.86,508.29
SS100847,Diya Malhotra,Bottomwear,Track Pants,5,1154.76,0.0,2025-12-31,Gurugram,Young Professional,1627.4,5773.8,0.0
SS101570,Priya Nair,Shirts,Oversized Shirt,2,1410.54,20.0,2025-12-31,Chandigarh,Student,528.3,2256.86,564.22
SS102533,Aditya Joshi,T-Shirts,Marvel Graphic Tee,1,970.94,15.0,2025-12-31,Chennai,Premium Shopper,219.54,825.3,145.64
SS102742,Yash Mehta,T-Shirts,Oversized Graphic Tee,1,974.2,20.0,2025-12-31,Bengaluru,Student,205.4,779.36,194.84
SS102975,Simran Gupta,T-Shirts,Typography Tee,2,803.11,0.0,2025-12-31,Chandigarh,Young Professional,486.69,1606.22,0.0
SS100383,Aditya Joshi,Bottomwear,Relaxed Jeans,4,1493.07,0.0,2026-01-01,Chandigarh,Premium Shopper,1811.16,5972.28,0.0
SS100687,Isha Mishra,T-Shirts,Anime Printed Tee,1,1261.8,0.0,2026-01-01,Jaipur,Young Professional,421.84,1261.8,0.0
SS100905,Aarav Reddy,Bottomwear,Track Pants,1,2261.04,5.0,2026-01-01,Gurugram,Working Professional,667.29,2147.99,113.05
SS101245,Karan Sharma,Shirts,Casual Printed Shirt,1,1351.15,20.0,2026-01-01,Jaipur,Casual Shopper,219.02,1080.92,270.23
SS101918,Shreya Jain,Hoodies,Fleece Hoodie,3,1918.5,15.0,2026-01-01,Ahmedabad,Student,1245.89,4892.18,863.32
SS102754,Riya Sharma,Bottomwear,Track Pants,2,1572.55,15.0,2026-01-01,Chennai,Working Professional,694.08,2673.34,471.76
SS102785,Vivaan Singh,T-Shirts,Anime Printed Tee,3,796.85,5.0,2026-01-01,Jaipur,Working Professional,781.77,2271.02,119.53
SS100097,Riya Patel,Hoodies,Fleece Hoodie,1,2073.06,20.0,2026-01-02,Mumbai,Premium Shopper,483.89,1658.45,414.61
SS100434,Manya Bansal,T-Shirts,Oversized Graphic Tee,5,1284.81,5.0,2026-01-02,Kolkata,Casual Shopper,1839.59,6102.85,321.2
SS100748,Aditi Mehta,Bottomwear,Track Pants,2,2076.91,0.0,2026-01-02,Gurugram,Working Professional,1227.23,4153.82,0.0
SS101037,Ishaan Shah,Accessories,Backpack,1,1192.53,15.0,2026-01-02,Surat,Young Professional,438.04,1013.65,178.88
SS101477,Vivaan Saxena,Accessories,Backpack,3,708.45,20.0,2026-01-02,Kolkata,Student,460.87,1700.28,425.07
SS100230,Ishaan Bansal,Accessories,Graphic Cap,2,1077.37,25.0,2026-01-03,Lucknow,Casual Shopper,541.27,1616.05,538.68
SS100872,Aanya Bansal,Shirts,Oversized Shirt,1,1510.86,10.0,2026-01-03,Surat,Student,349.73,1359.77,151.09
SS101163,Aditya Patel,Accessories,Socks Pack,2,691.74,20.0,2026-01-03,Hyderabad,Student,354.62,1106.78,276.7
SS101525,Rohan Patel,T-Shirts,Classic Logo Tee,1,1276.19,25.0,2026-01-04,Chandigarh,Casual Shopper,208.12,957.14,319.05
SS101992,Tanya Bansal,Shirts,Oversized Shirt,4,1792.05,5.0,2026-01-04,Ahmedabad,Young Professional,2075.41,6809.79,358.41
SS101016,Manya Sharma,T-Shirts,Oversized Graphic Tee,5,1013.08,30.0,2026-01-05,Delhi,Working Professional,1026.35,3545.78,1519.62
SS102676,Aditi Singh,Hoodies,Fleece Hoodie,2,2959.02,10.0,2026-01-05,Mumbai,Working Professional,1576.94,5326.24,591.8
SS100095,Ishaan Jain,Hoodies,Oversized Hoodie,4,1763.37,10.0,2026-01-06,Kolkata,Working Professional,1828.75,6348.13,705.35
SS100659,Aanya Mishra,Shirts,Oversized Shirt,2,1810.03,25.0,2026-01-06,Pune,Premium Shopper,800.9,2715.04,905.01
SS101079,Diya Jain,Bottomwear,Cargo Pants,2,1498.23,10.0,2026-01-06,Jaipur,Young Professional,730.14,2696.81,299.65
SS101180,Aditi Verma,Bottomwear,Joggers,1,1505.95,15.0,2026-01-06,Hyderabad,Working Professional,359.45,1280.06,225.89
SS102248,Riya Kapoor,Shirts,Denim Shirt,1,1842.75,20.0,2026-01-06,Lucknow,Casual Shopper,366.24,1474.2,368.55
SS102267,Ananya Agarwal,Shirts,Oversized Shirt,1,1278.02,5.0,2026-01-06,Bengaluru,Casual Shopper,347.6,1214.12,63.9
SS102370,Ananya Singh,Shirts,Oversized Shirt,1,1321.61,5.0,2026-01-06,Jaipur,Young Professional,370.92,1255.53,66.08
SS102556,Tanya Sharma,Hoodies,Fleece Hoodie,2,1727.04,0.0,2026-01-06,Chandigarh,Student,981.24,3454.08,0.0
SS102712,Rahul Patel,Hoodies,Oversized Hoodie,4,1537.11,10.0,2026-01-06,Gurugram,Young Professional,1530.12,5533.6,614.84
SS102965,Tanya Kumar,Shirts,Oversized Shirt,5,1965.48,20.0,2026-01-06,Chandigarh,Premium Shopper,2317.82,7861.92,1965.48
SS100059,Rahul Verma,T-Shirts,Classic Logo Tee,2,537.59,25.0,2026-01-07,Ahmedabad,Casual Shopper,216.38,806.38,268.8
SS100316,Ananya Verma,Hoodies,Graphic Pullover Hoodie,1,2255.81,15.0,2026-01-07,Mumbai,Student,391.91,1917.44,338.37
SS101019,Simran Mishra,T-Shirts,Classic Logo Tee,2,1069.85,25.0,2026-01-08,Chandigarh,Young Professional,408.91,1604.78,534.92
SS101038,Priya Patel,T-Shirts,Classic Logo Tee,1,888.27,0.0,2026-01-08,Chennai,Student,338.13,888.27,0.0
SS102211,Anika Kapoor,Accessories,Graphic Cap,4,334.75,15.0,2026-01-08,Bengaluru,Working Professional,321.35,1138.15,200.85
SS100766,Aanya Patel,Accessories,Sling Bag,2,1006.03,15.0,2026-01-09,Delhi,Working Professional,554.25,1710.25,301.81
SS101028,Meera Joshi,T-Shirts,Classic Logo Tee,2,622.46,15.0,2026-01-09,Chennai,Casual Shopper,347.11,1058.18,186.74
SS101295,Sakshi Saxena,T-Shirts,Classic Logo Tee,1,592.29,15.0,2026-01-09,Surat,Casual Shopper,200.55,503.45,88.84
SS101925,Sakshi Gupta,T-Shirts,Classic Logo Tee,3,1290.64,5.0,2026-01-09,Lucknow,Working Professional,1177.5,3678.32,193.6
SS102660,Neha Kumar,Hoodies,Fleece Hoodie,2,1499.36,0.0,2026-01-09,Bengaluru,Working Professional,958.51,2998.72,0.0
SS100525,Sneha Bansal,Hoodies,Zip Hoodie,2,1824.76,10.0,2026-01-10,Chandigarh,Student,886.78,3284.57,364.95
SS100850,Ishaan Joshi,T-Shirts,Classic Logo Tee,1,1108.71,15.0,2026-01-10,Gurugram,Working Professional,226.75,942.4,166.31
SS101427,Karan Sharma,Bottomwear,Cargo Pants,1,1311.04,5.0,2026-01-10,Ahmedabad,Student,316.91,1245.49,65.55
SS101658,Nisha Malhotra,Hoodies,Oversized Hoodie,2,2484.05,30.0,2026-01-10,Gurugram,Student,684.28,3477.67,1490.43
SS101948,Neha Shah,T-Shirts,Typography Tee,2,1090.1,0.0,2026-01-10,Gurugram,Student,675.55,2180.2,0.0
SS102428,Ishaan Bansal,T-Shirts,Oversized Graphic Tee,1,990.35,10.0,2026-01-10,Jaipur,Student,303.31,891.32,99.03
SS102640,Nisha Kapoor,T-Shirts,Marvel Graphic Tee,1,603.55,15.0,2026-01-10,Hyderabad,Working Professional,110.23,513.02,90.53
SS100432,Manya Verma,Shirts,Oversized Shirt,1,1782.38,30.0,2026-01-11,Lucknow,Young Professional,311.08,1247.67,534.71
SS100438,Diya Saxena,Shirts,Casual Printed Shirt,4,1407.88,25.0,2026-01-11,Kolkata,Casual Shopper,1071.07,4223.64,1407.88
SS101139,Aditya Gupta,Shirts,Casual Printed Shirt,3,1131.89,5.0,2026-01-11,Delhi,Premium Shopper,1045.29,3225.89,169.78
SS102440,Sakshi Nair,Shirts,Casual Printed Shirt,4,1038.2,25.0,2026-01-11,Chandigarh,Working Professional,800.9,3114.6,1038.2
SS102523,Yash Mishra,Hoodies,Oversized Hoodie,1,1855.54,20.0,2026-01-11,Lucknow,Premium Shopper,478.91,1484.43,371.11
SS102719,Kabir Chopra,T-Shirts,Marvel Graphic Tee,1,671.79,0.0,2026-01-11,Hyderabad,Student,141.77,671.79,0.0
SS100348,Anika Mishra,Hoodies,Oversized Hoodie,1,2851.45,10.0,2026-01-12,Lucknow,Student,542.13,2566.3,285.14
SS101053,Riya Kapoor,Accessories,Socks Pack,2,863.82,20.0,2026-01-12,Mumbai,Student,408.51,1382.11,345.53
SS101890,Tanya Gupta,T-Shirts,Marvel Graphic Tee,3,751.85,10.0,2026-01-12,Kolkata,Young Professional,584.93,2030.0,225.56
SS102873,Ananya Joshi,Hoodies,Oversized Hoodie,1,1642.86,25.0,2026-01-12,Mumbai,Working Professional,266.14,1232.14,410.71
SS100195,Isha Das,Hoodies,Graphic Pullover Hoodie,1,2838.05,10.0,2026-01-13,Pune,Young Professional,780.7,2554.25,283.8
SS101951,Aanya Joshi,T-Shirts,Anime Printed Tee,4,1471.89,15.0,2026-01-13,Noida,Student,1385.41,5004.43,883.13
SS102151,Neha Reddy,T-Shirts,Marvel Graphic Tee,2,959.21,15.0,2026-01-13,Chennai,Working Professional,518.64,1630.66,287.76
SS102971,Aarav Kumar,T-Shirts,Anime Printed Tee,1,1121.17,10.0,2026-01-13,Ahmedabad,Premium Shopper,377.61,1009.05,112.12
SS100091,Rahul Shah,Shirts,Oversized Shirt,2,1150.27,20.0,2026-01-14,Hyderabad,Young Professional,538.32,1840.43,460.11
SS100172,Nisha Kapoor,Hoodies,Graphic Pullover Hoodie,2,2544.63,10.0,2026-01-14,Gurugram,Young Professional,1236.14,4580.33,508.93
SS101674,Priya Mishra,Accessories,Socks Pack,1,679.15,15.0,2026-01-14,Surat,Working Professional,261.24,577.28,101.87
SS101843,Diya Malhotra,Shirts,Denim Shirt,3,1651.43,5.0,2026-01-14,Pune,Young Professional,1434.06,4706.58,247.71
SS100004,Kritika Singh,T-Shirts,Marvel Graphic Tee,4,543.15,20.0,2026-01-15,Kolkata,Working Professional,430.99,1738.08,434.52
SS100248,Nisha Sharma,Bottomwear,Relaxed Jeans,2,1480.4,25.0,2026-01-15,Noida,Working Professional,532.36,2220.6,740.2
SS101318,Shreya Gupta,T-Shirts,Anime Printed Tee,1,1345.55,5.0,2026-01-15,Bengaluru,Premium Shopper,450.58,1278.27,67.28
SS101385,Pooja Saxena,T-Shirts,Classic Logo Tee,2,1231.3,25.0,2026-01-15,Lucknow,Premium Shopper,552.52,1846.95,615.65
SS102097,Neha Bansal,Shirts,Denim Shirt,4,1940.38,25.0,2026-01-15,Mumbai,Young Professional,1566.86,5821.14,1940.38
SS102591,Isha Kapoor,Accessories,Socks Pack,1,308.01,5.0,2026-01-15,Bengaluru,Working Professional,199.7,292.61,15.4
SS100112,Rohan Shah,Bottomwear,Track Pants,2,1954.04,35.0,2026-01-16,Mumbai,Casual Shopper,513.38,2540.25,1367.83
SS100460,Shreya Mehta,T-Shirts,Anime Printed Tee,2,1311.69,25.0,2026-01-16,Delhi,Student,579.2,1967.54,655.84
SS101617,Vivaan Das,Shirts,Denim Shirt,2,1691.36,40.0,2026-01-16,Delhi,Casual Shopper,381.11,2029.63,1353.09
SS101643,Priya Mehta,Shirts,Casual Printed Shirt,1,1414.97,5.0,2026-01-16,Pune,Working Professional,404.07,1344.22,70.75
SS101845,Rohan Singh,T-Shirts,Marvel Graphic Tee,5,1186.96,10.0,2026-01-16,Chandigarh,Young Professional,1606.04,5341.32,593.48
SS102419,Rohan Shah,Hoodies,Fleece Hoodie,4,1623.38,15.0,2026-01-16,Jaipur,Premium Shopper,1657.63,5519.49,974.03
SS102695,Simran Gupta,Hoodies,Graphic Pullover Hoodie,5,2489.32,15.0,2026-01-16,Delhi,Student,2671.19,10579.61,1866.99
SS100700,Riya Chopra,Hoodies,Oversized Hoodie,1,2010.22,10.0,2026-01-17,Bengaluru,Casual Shopper,501.98,1809.2,201.02
SS101301,Meera Kapoor,Bottomwear,Track Pants,1,1663.41,25.0,2026-01-17,Kolkata,Working Professional,362.72,1247.56,415.85
SS101515,Diya Mishra,T-Shirts,Marvel Graphic Tee,1,569.87,5.0,2026-01-17,Chandigarh,Student,171.18,541.38,28.49
SS101613,Aarav Reddy,T-Shirts,Classic Logo Tee,3,1197.22,15.0,2026-01-17,Hyderabad,Premium Shopper,959.25,3052.91,538.75
SS100119,Sakshi Das,Hoodies,Graphic Pullover Hoodie,3,2818.96,35.0,2026-01-18,Jaipur,Young Professional,1273.7,5496.97,2959.91
SS100528,Ananya Mishra,T-Shirts,Oversized Graphic Tee,2,807.63,0.0,2026-01-18,Gurugram,Student,520.34,1615.26,0.0
SS101611,Rahul Verma,Shirts,Denim Shirt,3,1484.54,40.0,2026-01-18,Kolkata,Student,523.23,2672.17,1781.45
SS102269,Vivaan Bansal,Hoodies,Zip Hoodie,1,2076.97,20.0,2026-01-18,Chennai,Working Professional,458.36,1661.58,415.39
SS102611,Manya Kapoor,T-Shirts,Marvel Graphic Tee,5,1055.06,35.0,2026-01-18,Mumbai,Working Professional,990.71,3428.94,1846.35
SS100670,Ishaan Bansal,T-Shirts,Anime Printed Tee,5,892.17,10.0,2026-01-19,Delhi,Young Professional,1165.69,4014.76,446.08
SS102828,Anika Reddy,Hoodies,Graphic Pullover Hoodie,4,1599.97,5.0,2026-01-19,Noida,Premium Shopper,1904.04,6079.89,319.99
SS100111,Vivaan Verma,T-Shirts,Marvel Graphic Tee,2,947.17,20.0,2026-01-20,Jaipur,Working Professional,419.06,1515.47,378.87
SS100953,Sneha Mehta,Bottomwear,Joggers,3,2033.73,20.0,2026-01-20,Noida,Young Professional,1197.97,4880.95,1220.24
SS101608,Priya Agarwal,T-Shirts,Anime Printed Tee,3,787.21,5.0,2026-01-20,Mumbai,Working Professional,813.48,2243.55,118.08
SS101822,Kavya Kapoor,Shirts,Oversized Shirt,3,1684.5,30.0,2026-01-20,Bengaluru,Casual Shopper,891.6,3537.45,1516.05
SS102048,Neha Patel,Shirts,Oversized Shirt,3,1461.58,30.0,2026-01-20,Chandigarh,Premium Shopper,804.34,3069.32,1315.42
SS102245,Aanya Sharma,Hoodies,Fleece Hoodie,2,2624.69,20.0,2026-01-20,Bengaluru,Working Professional,1120.97,4199.5,1049.88
SS101758,Yash Mehta,T-Shirts,Classic Logo Tee,1,1140.68,15.0,2026-01-21,Hyderabad,Young Professional,286.75,969.58,171.1
SS102110,Ananya Bansal,T-Shirts,Marvel Graphic Tee,1,1385.07,15.0,2026-01-21,Lucknow,Working Professional,363.35,1177.31,207.76
SS102436,Yash Malhotra,Hoodies,Graphic Pullover Hoodie,1,1724.1,25.0,2026-01-21,Bengaluru,Working Professional,287.23,1293.07,431.03
SS102582,Diya Patel,Hoodies,Graphic Pullover Hoodie,1,2607.13,20.0,2026-01-21,Surat,Working Professional,616.77,2085.7,521.43
SS100244,Manya Malhotra,T-Shirts,Anime Printed Tee,1,1449.94,0.0,2026-01-22,Kolkata,Working Professional,510.6,1449.94,0.0
SS101498,Kabir Bansal,Hoodies,Graphic Pullover Hoodie,1,2129.17,15.0,2026-01-22,Mumbai,Young Professional,471.38,1809.79,319.38
SS101610,Ishaan Patel,Bottomwear,Relaxed Jeans,1,1815.8,10.0,2026-01-22,Pune,Student,387.56,1634.22,181.58
SS100019,Kritika Mehta,T-Shirts,Oversized Graphic Tee,1,909.96,10.0,2026-01-23,Ahmedabad,Working Professional,307.87,818.96,91.0
SS101077,Aditya Chopra,Shirts,Casual Printed Shirt,1,1691.48,30.0,2026-01-23,Hyderabad,Working Professional,259.35,1184.04,507.44
SS100922,Aanya Saxena,Bottomwear,Track Pants,2,1189.77,15.0,2026-01-24,Bengaluru,Premium Shopper,557.26,2022.61,356.93
SS102036,Shreya Joshi,T-Shirts,Classic Logo Tee,1,971.79,15.0,2026-01-24,Delhi,Casual Shopper,310.36,826.02,145.77
SS102663,Neha Patel,Shirts,Oversized Shirt,2,1153.14,15.0,2026-01-24,Bengaluru,Student,564.48,1960.34,345.94
SS100242,Arjun Chopra,Bottomwear,Track Pants,2,1966.28,5.0,2026-01-25,Kolkata,Casual Shopper,979.01,3735.93,196.63
SS100291,Aarav Chopra,T-Shirts,Typography Tee,2,893.99,5.0,2026-01-25,Kolkata,Casual Shopper,573.16,1698.58,89.4
SS101311,Nisha Kapoor,Bottomwear,Relaxed Jeans,1,2411.99,15.0,2026-01-25,Lucknow,Young Professional,569.71,2050.19,361.8
SS102732,Kritika Malhotra,T-Shirts,Anime Printed Tee,1,718.88,5.0,2026-01-25,Hyderabad,Premium Shopper,207.48,682.94,35.94
SS100108,Vivaan Verma,T-Shirts,Oversized Graphic Tee,1,1192.51,20.0,2026-01-26,Kolkata,Working Professional,323.29,954.01,238.5
SS100200,Kavya Saxena,Shirts,Denim Shirt,1,1796.85,10.0,2026-01-26,Chandigarh,Young Professional,527.5,1617.16,179.68
SS100418,Aanya Shah,Shirts,Casual Printed Shirt,1,1842.54,10.0,2026-01-26,Chennai,Young Professional,545.83,1658.29,184.25
SS100593,Aanya Mishra,Hoodies,Zip Hoodie,1,2894.58,25.0,2026-01-26,Ahmedabad,Casual Shopper,582.21,2170.94,723.64
SS100744,Yash Sharma,T-Shirts,Classic Logo Tee,2,1035.19,10.0,2026-01-26,Jaipur,Student,434.57,1863.34,207.04
SS101266,Aditya Patel,Hoodies,Graphic Pullover Hoodie,1,2750.71,25.0,2026-01-26,Lucknow,Working Professional,659.7,2063.03,687.68
SS101780,Isha Verma,T-Shirts,Oversized Graphic Tee,2,1007.31,20.0,2026-01-26,Bengaluru,Young Professional,409.37,1611.7,402.92
SS102066,Diya Mehta,T-Shirts,Anime Printed Tee,3,1214.51,15.0,2026-01-26,Surat,Premium Shopper,947.3,3097.0,546.53
SS102869,Isha Shah,Hoodies,Graphic Pullover Hoodie,2,2314.49,5.0,2026-01-26,Lucknow,Casual Shopper,1237.45,4397.53,231.45
SS100110,Karan Kapoor,T-Shirts,Typography Tee,1,1338.41,15.0,2026-01-27,Chennai,Young Professional,303.5,1137.65,200.76
SS100830,Priya Mishra,T-Shirts,Anime Printed Tee,3,675.09,20.0,2026-01-27,Lucknow,Casual Shopper,534.89,1620.22,405.05
SS101534,Manya Saxena,Hoodies,Oversized Hoodie,3,1804.74,10.0,2026-01-27,Pune,Young Professional,1432.89,4872.8,541.42
SS101552,Aanya Joshi,Accessories,Graphic Cap,1,445.37,0.0,2026-01-27,Kolkata,Working Professional,150.16,445.37,0.0
SS102310,Isha Gupta,Hoodies,Fleece Hoodie,1,2958.17,20.0,2026-01-27,Jaipur,Premium Shopper,609.07,2366.54,591.63
SS102508,Aditya Malhotra,Accessories,Backpack,1,909.18,5.0,2026-01-27,Pune,Student,222.35,863.72,45.46
SS102758,Rohan Jain,Shirts,Oversized Shirt,1,1389.73,5.0,2026-01-27,Bengaluru,Student,451.89,1320.24,69.49
SS102797,Vivaan Reddy,Shirts,Oversized Shirt,2,1424.68,10.0,2026-01-27,Kolkata,Working Professional,836.21,2564.42,284.94
SS102884,Aanya Singh,T-Shirts,Marvel Graphic Tee,4,1221.43,10.0,2026-01-27,Hyderabad,Premium Shopper,1373.57,4397.15,488.57
SS100730,Nisha Shah,T-Shirts,Anime Printed Tee,2,1173.22,30.0,2026-01-28,Kolkata,Working Professional,372.42,1642.51,703.93
SS101212,Tanya Gupta,T-Shirts,Typography Tee,4,1039.03,10.0,2026-01-28,Bengaluru,Student,1116.1,3740.51,415.61
SS102202,Aditi Joshi,Hoodies,Oversized Hoodie,4,2967.41,5.0,2026-01-28,Jaipur,Casual Shopper,3123.8,11276.16,593.48
SS102205,Sakshi Jain,Bottomwear,Relaxed Jeans,1,1332.91,20.0,2026-01-28,Hyderabad,Casual Shopper,242.18,1066.33,266.58
SS102616,Manya Sharma,Hoodies,Graphic Pullover Hoodie,1,2353.47,15.0,2026-01-28,Pune,Young Professional,481.82,2000.45,353.02
SS100245,Yash Agarwal,Bottomwear,Track Pants,3,1032.3,20.0,2026-01-29,Chennai,Working Professional,668.82,2477.52,619.38
SS101703,Priya Nair,Hoodies,Fleece Hoodie,3,1373.64,10.0,2026-01-29,Bengaluru,Casual Shopper,1024.04,3708.83,412.09
SS102075,Diya Bansal,Bottomwear,Joggers,1,1278.37,20.0,2026-01-29,Noida,Premium Shopper,318.69,1022.7,255.67
SS102282,Ishaan Patel,Hoodies,Oversized Hoodie,3,1958.43,5.0,2026-01-29,Delhi,Student,1525.85,5581.53,293.76
SS102697,Diya Chopra,T-Shirts,Classic Logo Tee,1,1108.57,10.0,2026-01-29,Bengaluru,Young Professional,347.28,997.71,110.86
SS100052,Pooja Kumar,Bottomwear,Joggers,1,1903.52,10.0,2026-01-30,Jaipur,Student,487.0,1713.17,190.35
SS101121,Aarav Kumar,Bottomwear,Relaxed Jeans,3,2306.32,15.0,2026-01-30,Jaipur,Student,1399.86,5881.12,1037.84
SS101732,Pooja Saxena,Hoodies,Fleece Hoodie,2,1478.73,0.0,2026-01-30,Hyderabad,Casual Shopper,783.7,2957.46,0.0
SS100818,Riya Mehta,T-Shirts,Typography Tee,1,1382.35,10.0,2026-01-31,Lucknow,Working Professional,406.26,1244.12,138.23
SS101204,Ananya Bansal,Hoodies,Fleece Hoodie,1,1529.21,10.0,2026-01-31,Bengaluru,Working Professional,354.14,1376.29,152.92
SS101226,Simran Mehta,Hoodies,Zip Hoodie,2,2005.84,10.0,2026-01-31,Pune,Casual Shopper,960.07,3610.51,401.17
SS101231,Meera Singh,T-Shirts,Anime Printed Tee,2,1245.13,10.0,2026-01-31,Pune,Young Professional,701.95,2241.23,249.03
SS102571,Ishaan Malhotra,Bottomwear,Cargo Pants,1,2278.52,15.0,2026-01-31,Gurugram,Young Professional,523.52,1936.74,341.78
SS102699,Aditi Patel,Accessories,Sling Bag,1,772.92,30.0,2026-01-31,Mumbai,Casual Shopper,95.99,541.04,231.88
SS102722,Nisha Patel,Accessories,Socks Pack,1,913.77,25.0,2026-01-31,Delhi,Working Professional,219.53,685.33,228.44
SS100234,Rohan Sharma,T-Shirts,Anime Printed Tee,5,1180.46,15.0,2026-02-01,Ahmedabad,Young Professional,1528.64,5016.96,885.35
SS100385,Pooja Bansal,Accessories,Sling Bag,2,1146.3,5.0,2026-02-01,Noida,Young Professional,726.98,2177.97,114.63
SS100459,Riya Kumar,T-Shirts,Oversized Graphic Tee,2,657.54,15.0,2026-02-01,Mumbai,Working Professional,254.25,1117.82,197.26
SS100832,Vivaan Agarwal,T-Shirts,Marvel Graphic Tee,2,751.07,10.0,2026-02-01,Delhi,Working Professional,453.08,1351.93,150.21
SS102056,Yash Mehta,Hoodies,Fleece Hoodie,2,2560.07,35.0,2026-02-01,Kolkata,Student,762.86,3328.09,1792.05
SS100463,Arjun Kumar,Shirts,Oversized Shirt,2,1397.71,10.0,2026-02-02,Lucknow,Working Professional,815.8,2515.88,279.54
SS100774,Simran Reddy,Accessories,Socks Pack,4,359.07,0.0,2026-02-02,Mumbai,Working Professional,531.53,1436.28,0.0
SS101533,Karan Mishra,T-Shirts,Classic Logo Tee,2,789.64,15.0,2026-02-02,Mumbai,Working Professional,440.74,1342.39,236.89
SS102615,Anika Mehta,T-Shirts,Marvel Graphic Tee,3,993.13,15.0,2026-02-02,Mumbai,Working Professional,788.67,2532.48,446.91
SS100085,Kabir Das,T-Shirts,Classic Logo Tee,1,1281.0,5.0,2026-02-03,Chandigarh,Student,317.03,1216.95,64.05
SS100116,Shreya Singh,Accessories,Graphic Cap,1,772.21,20.0,2026-02-03,Gurugram,Premium Shopper,243.53,617.77,154.44
SS102025,Simran Bansal,T-Shirts,Oversized Graphic Tee,1,590.85,10.0,2026-02-03,Chennai,Young Professional,169.58,531.76,59.09
SS101225,Isha Malhotra,Shirts,Casual Printed Shirt,3,1956.94,30.0,2026-02-04,Chandigarh,Working Professional,1114.77,4109.57,1761.25
SS101285,Neha Patel,Hoodies,Fleece Hoodie,3,2524.52,20.0,2026-02-04,Surat,Young Professional,1647.73,6058.85,1514.71
SS101436,Rahul Verma,T-Shirts,Classic Logo Tee,1,1131.68,5.0,2026-02-04,Chennai,Working Professional,367.6,1075.1,56.58
SS101751,Aditya Patel,T-Shirts,Oversized Graphic Tee,3,660.9,5.0,2026-02-04,Chennai,Casual Shopper,519.65,1883.56,99.14
SS102382,Rahul Singh,Bottomwear,Joggers,1,2387.29,20.0,2026-02-04,Gurugram,Working Professional,436.08,1909.83,477.46
SS100020,Meera Malhotra,Shirts,Casual Printed Shirt,4,1611.62,20.0,2026-02-05,Chennai,Premium Shopper,1484.49,5157.18,1289.3
SS100223,Karan Joshi,Hoodies,Oversized Hoodie,2,2412.4,20.0,2026-02-05,Surat,Working Professional,939.9,3859.84,964.96
SS100865,Shreya Saxena,Shirts,Oversized Shirt,2,1783.52,20.0,2026-02-05,Chennai,Premium Shopper,843.89,2853.63,713.41
SS101256,Riya Saxena,T-Shirts,Classic Logo Tee,2,1431.65,0.0,2026-02-05,Mumbai,Young Professional,858.1,2863.3,0.0
SS101549,Karan Mehta,Shirts,Denim Shirt,2,1249.57,10.0,2026-02-05,Chennai,Casual Shopper,585.8,2249.23,249.91
SS102482,Isha Chopra,Bottomwear,Cargo Pants,5,1380.33,20.0,2026-02-05,Pune,Student,1407.42,5521.32,1380.33
SS102793,Isha Reddy,T-Shirts,Marvel Graphic Tee,2,692.01,5.0,2026-02-05,Surat,Student,359.83,1314.82,69.2
SS102898,Aditi Mehta,Hoodies,Fleece Hoodie,1,2597.2,30.0,2026-02-05,Kolkata,Working Professional,483.26,1818.04,779.16
SS102941,Aanya Patel,Shirts,Casual Printed Shirt,1,1417.5,15.0,2026-02-05,Delhi,Student,345.87,1204.88,212.62
SS100833,Kritika Gupta,T-Shirts,Typography Tee,2,953.17,15.0,2026-02-06,Jaipur,Young Professional,475.46,1620.39,285.95
SS101475,Tanya Sharma,Shirts,Oversized Shirt,1,1170.36,20.0,2026-02-06,Mumbai,Casual Shopper,167.98,936.29,234.07
SS101995,Nisha Das,Shirts,Casual Printed Shirt,4,1009.27,5.0,2026-02-06,Surat,Working Professional,1129.17,3835.23,201.85
SS100009,Pooja Kumar,Shirts,Casual Printed Shirt,2,1440.44,10.0,2026-02-07,Pune,Young Professional,758.54,2592.79,288.09
SS100733,Aditi Jain,Hoodies,Graphic Pullover Hoodie,1,1994.72,30.0,2026-02-07,Chennai,Casual Shopper,323.07,1396.3,598.42
SS101576,Diya Joshi,T-Shirts,Typography Tee,2,1477.86,5.0,2026-02-07,Kolkata,Young Professional,808.09,2807.93,147.79
SS101837,Meera Kumar,T-Shirts,Classic Logo Tee,1,517.36,15.0,2026-02-07,Chandigarh,Premium Shopper,177.98,439.76,77.6
SS101988,Nisha Mishra,Hoodies,Fleece Hoodie,1,1611.87,35.0,2026-02-07,Lucknow,Casual Shopper,248.4,1047.72,564.15
SS102058,Kavya Mehta,Shirts,Oversized Shirt,2,1632.6,10.0,2026-02-07,Gurugram,Student,785.57,2938.68,326.52
SS100390,Aditi Mishra,Bottomwear,Joggers,1,2453.16,15.0,2026-02-08,Jaipur,Casual Shopper,576.03,2085.19,367.97
SS100539,Vivaan Gupta,T-Shirts,Typography Tee,3,912.93,25.0,2026-02-08,Chandigarh,Casual Shopper,532.4,2054.09,684.7
SS101425,Priya Saxena,Bottomwear,Cargo Pants,1,2412.45,25.0,2026-02-08,Kolkata,Premium Shopper,470.16,1809.34,603.11
SS101754,Aarav Malhotra,Bottomwear,Track Pants,1,1778.17,10.0,2026-02-08,Gurugram,Student,364.68,1600.35,177.82
SS100739,Arjun Patel,Hoodies,Zip Hoodie,1,2326.24,15.0,2026-02-09,Bengaluru,Working Professional,511.72,1977.3,348.94
SS100916,Nisha Kumar,T-Shirts,Anime Printed Tee,1,1085.18,15.0,2026-02-09,Surat,Student,316.73,922.4,162.78
SS101849,Shreya Singh,Shirts,Casual Printed Shirt,1,1925.06,10.0,2026-02-09,Chandigarh,Working Professional,630.81,1732.55,192.51
SS102586,Tanya Nair,T-Shirts,Marvel Graphic Tee,1,508.96,15.0,2026-02-09,Noida,Young Professional,46.96,432.62,76.34
SS102794,Neha Shah,Hoodies,Graphic Pullover Hoodie,4,2799.66,20.0,2026-02-09,Bengaluru,Working Professional,2490.86,8958.91,2239.73
SS100278,Aditya Malhotra,Shirts,Casual Printed Shirt,2,943.36,20.0,2026-02-10,Kolkata,Student,357.0,1509.38,377.34
SS100961,Rohan Jain,Shirts,Denim Shirt,2,1797.81,0.0,2026-02-10,Kolkata,Young Professional,1059.8,3595.62,0.0
SS101862,Isha Verma,T-Shirts,Typography Tee,1,1469.85,15.0,2026-02-10,Kolkata,Casual Shopper,342.93,1249.37,220.48
SS102930,Shreya Sharma,Shirts,Oversized Shirt,1,1150.84,10.0,2026-02-10,Surat,Young Professional,241.91,1035.76,115.08
SS100131,Sneha Nair,T-Shirts,Oversized Graphic Tee,2,1141.21,0.0,2026-02-11,Bengaluru,Casual Shopper,740.13,2282.42,0.0
SS100607,Sneha Joshi,Hoodies,Zip Hoodie,1,2312.51,5.0,2026-02-12,Hyderabad,Student,608.73,2196.88,115.63
SS100859,Riya Agarwal,T-Shirts,Typography Tee,1,990.88,15.0,2026-02-12,Chennai,Young Professional,274.91,842.25,148.63
SS102426,Kavya Agarwal,T-Shirts,Classic Logo Tee,1,913.07,15.0,2026-02-12,Chandigarh,Student,262.84,776.11,136.96
SS102664,Manya Kapoor,Shirts,Denim Shirt,2,950.24,15.0,2026-02-12,Ahmedabad,Young Professional,437.13,1615.41,285.07
SS102783,Kabir Agarwal,Accessories,Socks Pack,2,1030.65,15.0,2026-02-12,Lucknow,Casual Shopper,585.01,1752.1,309.2
SS100439,Manya Gupta,T-Shirts,Classic Logo Tee,1,1284.07,15.0,2026-02-13,Lucknow,Working Professional,375.92,1091.46,192.61
SS102077,Arjun Malhotra,Hoodies,Oversized Hoodie,3,2710.3,0.0,2026-02-13,Chandigarh,Working Professional,2503.74,8130.9,0.0
SS102191,Simran Gupta,Bottomwear,Cargo Pants,4,1241.13,10.0,2026-02-13,Lucknow,Student,1082.91,4468.07,496.45
SS102268,Arjun Chopra,T-Shirts,Classic Logo Tee,1,997.15,15.0,2026-02-13,Ahmedabad,Working Professional,308.74,847.58,149.57
SS102535,Ananya Nair,Accessories,Backpack,4,662.19,35.0,2026-02-13,Mumbai,Premium Shopper,569.27,1721.69,927.07
SS102770,Simran Mehta,T-Shirts,Classic Logo Tee,3,1407.89,5.0,2026-02-13,Gurugram,Student,1176.7,4012.49,211.18
SS100485,Kavya Singh,Bottomwear,Joggers,2,1736.27,15.0,2026-02-14,Hyderabad,Working Professional,858.75,2951.66,520.88
SS100732,Sneha Kumar,Shirts,Denim Shirt,1,937.28,20.0,2026-02-14,Mumbai,Young Professional,209.04,749.82,187.46
SS100990,Aditi Reddy,Accessories,Graphic Cap,2,571.47,20.0,2026-02-14,Hyderabad,Young Professional,272.26,914.35,228.59
SS102575,Rahul Jain,Shirts,Casual Printed Shirt,2,1377.98,0.0,2026-02-14,Jaipur,Premium Shopper,868.74,2755.96,0.0
SS100880,Rohan Bansal,T-Shirts,Anime Printed Tee,2,642.08,10.0,2026-02-15,Jaipur,Premium Shopper,351.88,1155.74,128.42
SS100963,Ishaan Patel,Hoodies,Graphic Pullover Hoodie,1,2345.56,30.0,2026-02-15,Bengaluru,Young Professional,460.93,1641.89,703.67
SS102422,Vivaan Patel,Accessories,Sling Bag,2,1254.62,15.0,2026-02-15,Pune,Premium Shopper,683.77,2132.85,376.39
SS101771,Priya Agarwal,Accessories,Socks Pack,3,997.07,0.0,2026-02-16,Chandigarh,Premium Shopper,1194.08,2991.21,0.0
SS102022,Yash Patel,Bottomwear,Relaxed Jeans,1,1906.41,15.0,2026-02-16,Noida,Casual Shopper,404.72,1620.45,285.96
SS102937,Aanya Gupta,Shirts,Denim Shirt,2,1877.92,25.0,2026-02-16,Delhi,Student,616.48,2816.88,938.96
SS100003,Meera Kumar,Shirts,Denim Shirt,1,1782.45,20.0,2026-02-17,Delhi,Young Professional,430.19,1425.96,356.49
SS100825,Arjun Jain,Bottomwear,Relaxed Jeans,2,2085.63,15.0,2026-02-17,Mumbai,Working Professional,976.07,3545.57,625.69
SS101394,Tanya Saxena,T-Shirts,Classic Logo Tee,3,1447.7,10.0,2026-02-17,Bengaluru,Student,1082.35,3908.79,434.31
SS101151,Pooja Das,Accessories,Sling Bag,4,846.13,10.0,2026-02-18,Pune,Student,1032.94,3046.07,338.45
SS101572,Neha Jain,Accessories,Backpack,2,1183.0,10.0,2026-02-18,Bengaluru,Premium Shopper,863.83,2129.4,236.6
SS102266,Aarav Saxena,Shirts,Oversized Shirt,3,1359.29,10.0,2026-02-18,Chandigarh,Casual Shopper,973.87,3670.08,407.79
SS100265,Aarav Saxena,Accessories,Graphic Cap,5,662.19,15.0,2026-02-19,Gurugram,Premium Shopper,948.7,2814.31,496.64
SS101395,Diya Shah,Accessories,Sling Bag,3,1201.25,30.0,2026-02-19,Kolkata,Working Professional,794.0,2522.62,1081.12
SS102214,Sakshi Singh,Accessories,Socks Pack,2,393.24,15.0,2026-02-19,Kolkata,Casual Shopper,224.75,668.51,117.97
SS102417,Aanya Mishra,T-Shirts,Marvel Graphic Tee,2,722.49,15.0,2026-02-19,Hyderabad,Student,273.91,1228.23,216.75
SS102635,Aanya Nair,Shirts,Casual Printed Shirt,2,1369.62,10.0,2026-02-19,Pune,Casual Shopper,697.47,2465.32,273.92
SS100455,Sakshi Gupta,Hoodies,Oversized Hoodie,1,1838.33,5.0,2026-02-20,Pune,Working Professional,476.31,1746.41,91.92
SS100572,Yash Sharma,Hoodies,Zip Hoodie,1,2053.12,40.0,2026-02-20,Gurugram,Student,219.41,1231.87,821.25
SS100923,Manya Mehta,Accessories,Sling Bag,2,371.35,25.0,2026-02-20,Jaipur,Working Professional,258.59,557.03,185.67
SS101348,Yash Joshi,Bottomwear,Joggers,2,1298.07,5.0,2026-02-20,Lucknow,Young Professional,761.65,2466.33,129.81
SS101656,Rohan Joshi,Shirts,Oversized Shirt,1,1016.61,20.0,2026-02-20,Jaipur,Young Professional,271.32,813.29,203.32
SS102610,Neha Jain,Accessories,Backpack,3,420.59,15.0,2026-02-20,Chennai,Working Professional,324.88,1072.5,189.27
SS100067,Kritika Joshi,Accessories,Backpack,2,331.8,15.0,2026-02-21,Chennai,Young Professional,224.69,564.06,99.54
SS100891,Meera Verma,Accessories,Socks Pack,2,356.79,0.0,2026-02-21,Lucknow,Casual Shopper,275.48,713.58,0.0
SS101199,Ananya Malhotra,T-Shirts,Typography Tee,3,877.2,20.0,2026-02-21,Ahmedabad,Premium Shopper,699.75,2105.28,526.32
SS101242,Meera Kumar,Accessories,Backpack,1,1260.64,20.0,2026-02-21,Kolkata,Working Professional,298.39,1008.51,252.13
SS102060,Sakshi Chopra,T-Shirts,Typography Tee,2,1087.09,0.0,2026-02-21,Hyderabad,Student,599.11,2174.18,0.0
SS102391,Kritika Saxena,T-Shirts,Oversized Graphic Tee,1,506.22,5.0,2026-02-21,Delhi,Casual Shopper,172.99,480.91,25.31
SS100026,Neha Mishra,T-Shirts,Marvel Graphic Tee,1,1352.35,25.0,2026-02-22,Chandigarh,Student,303.92,1014.26,338.09
SS100780,Kavya Das,Shirts,Oversized Shirt,1,909.17,5.0,2026-02-22,Delhi,Working Professional,228.86,863.71,45.46
SS101251,Aanya Singh,Hoodies,Zip Hoodie,2,2144.16,15.0,2026-02-22,Delhi,Student,925.97,3645.07,643.25
SS101526,Manya Kumar,T-Shirts,Oversized Graphic Tee,4,784.41,15.0,2026-02-22,Kolkata,Student,678.82,2666.99,470.65
SS102237,Aditya Kapoor,T-Shirts,Classic Logo Tee,2,1148.09,0.0,2026-02-22,Noida,Premium Shopper,737.52,2296.18,0.0
SS102283,Yash Kapoor,T-Shirts,Typography Tee,3,874.96,5.0,2026-02-22,Gurugram,Casual Shopper,656.04,2493.64,131.24
SS102398,Anika Mehta,Shirts,Casual Printed Shirt,1,949.04,10.0,2026-02-22,Kolkata,Young Professional,291.0,854.14,94.9
SS100090,Shreya Joshi,T-Shirts,Oversized Graphic Tee,5,1153.78,20.0,2026-02-23,Noida,Young Professional,1270.39,4615.12,1153.78
SS100354,Rahul Das,T-Shirts,Anime Printed Tee,3,911.84,10.0,2026-02-23,Kolkata,Premium Shopper,784.32,2461.97,273.55
SS100557,Arjun Shah,T-Shirts,Typography Tee,1,880.98,10.0,2026-02-23,Gurugram,Student,242.29,792.88,88.1
SS100703,Neha Verma,T-Shirts,Marvel Graphic Tee,2,653.68,25.0,2026-02-23,Kolkata,Young Professional,211.92,980.52,326.84
SS101763,Kabir Gupta,Hoodies,Zip Hoodie,2,1365.73,20.0,2026-02-23,Gurugram,Premium Shopper,630.14,2185.17,546.29
SS102140,Nisha Singh,Accessories,Graphic Cap,3,1220.96,15.0,2026-02-23,Surat,Young Professional,1025.51,3113.45,549.43
SS100251,Sakshi Gupta,Hoodies,Fleece Hoodie,1,2699.46,20.0,2026-02-24,Jaipur,Young Professional,528.76,2159.57,539.89
SS100272,Vivaan Gupta,Bottomwear,Joggers,1,1728.59,35.0,2026-02-24,Delhi,Premium Shopper,187.57,1123.58,605.01
SS100330,Shreya Agarwal,Hoodies,Oversized Hoodie,2,1644.09,25.0,2026-02-24,Chennai,Student,501.68,2466.13,822.04
SS100356,Ananya Reddy,T-Shirts,Oversized Graphic Tee,1,750.81,0.0,2026-02-24,Chandigarh,Working Professional,250.23,750.81,0.0
SS100445,Tanya Shah,Bottomwear,Track Pants,2,2128.48,35.0,2026-02-24,Noida,Working Professional,612.62,2767.02,1489.94
SS101383,Rahul Malhotra,T-Shirts,Anime Printed Tee,2,587.13,15.0,2026-02-24,Kolkata,Student,382.76,998.12,176.14
SS101504,Sakshi Saxena,Hoodies,Oversized Hoodie,1,1583.13,40.0,2026-02-24,Bengaluru,Premium Shopper,286.86,949.88,633.25
SS102103,Aditya Bansal,Shirts,Casual Printed Shirt,3,1566.99,10.0,2026-02-24,Jaipur,Working Professional,1294.35,4230.87,470.1
SS102316,Kabir Chopra,T-Shirts,Anime Printed Tee,2,1121.52,10.0,2026-02-24,Jaipur,Working Professional,686.2,2018.74,224.3
SS102404,Diya Mehta,Shirts,Oversized Shirt,1,1183.44,20.0,2026-02-24,Gurugram,Student,247.38,946.75,236.69
SS102407,Kavya Joshi,T-Shirts,Anime Printed Tee,1,734.69,30.0,2026-02-24,Chennai,Casual Shopper,98.87,514.28,220.41
SS102721,Ishaan Reddy,Accessories,Graphic Cap,2,589.74,10.0,2026-02-24,Noida,Premium Shopper,494.2,1061.53,117.95
SS100180,Vivaan Gupta,Hoodies,Graphic Pullover Hoodie,1,1832.43,40.0,2026-02-25,Lucknow,Young Professional,275.08,1099.46,732.97
SS100714,Kavya Chopra,Hoodies,Oversized Hoodie,1,1695.19,0.0,2026-02-25,Surat,Young Professional,532.51,1695.19,0.0
SS100917,Aditi Bansal,Bottomwear,Track Pants,2,1534.86,10.0,2026-02-25,Surat,Premium Shopper,877.05,2762.75,306.97
SS101468,Arjun Mehta,Bottomwear,Joggers,2,2186.03,10.0,2026-02-25,Delhi,Young Professional,1015.9,3934.85,437.21
SS101506,Pooja Mishra,Shirts,Denim Shirt,1,1154.5,0.0,2026-02-26,Noida,Student,311.73,1154.5,0.0
SS100657,Ananya Agarwal,Hoodies,Graphic Pullover Hoodie,2,2308.3,25.0,2026-02-27,Jaipur,Student,742.9,3462.45,1154.15
SS100658,Ananya Nair,Shirts,Denim Shirt,1,1748.23,5.0,2026-02-27,Chennai,Premium Shopper,496.23,1660.82,87.41
SS101603,Nisha Mehta,Hoodies,Graphic Pullover Hoodie,1,2878.34,20.0,2026-02-27,Chennai,Student,670.84,2302.67,575.67
SS101936,Anika Kumar,T-Shirts,Oversized Graphic Tee,1,1389.02,30.0,2026-02-27,Ahmedabad,Young Professional,281.29,972.31,416.71
SS102131,Sneha Sharma,T-Shirts,Typography Tee,1,1483.87,10.0,2026-02-27,Surat,Casual Shopper,495.46,1335.48,148.39
SS100010,Ishaan Reddy,T-Shirts,Oversized Graphic Tee,3,1379.65,0.0,2026-02-28,Hyderabad,Working Professional,1360.4,4138.95,0.0
SS100273,Diya Joshi,Bottomwear,Joggers,1,1446.68,20.0,2026-02-28,Bengaluru,Casual Shopper,352.53,1157.34,289.34
SS101127,Shreya Patel,Hoodies,Zip Hoodie,1,1493.71,15.0,2026-02-28,Chennai,Student,325.2,1269.65,224.06
SS101321,Neha Malhotra,T-Shirts,Oversized Graphic Tee,2,1088.27,0.0,2026-02-28,Hyderabad,Working Professional,798.92,2176.54,0.0
SS102749,Pooja Gupta,Shirts,Casual Printed Shirt,2,1646.33,20.0,2026-02-28,Surat,Young Professional,751.5,2634.13,658.53
SS100293,Arjun Mehta,Hoodies,Zip Hoodie,4,1651.38,20.0,2026-03-01,Hyderabad,Young Professional,1354.88,5284.42,1321.1
SS100404,Priya Gupta,T-Shirts,Classic Logo Tee,1,539.33,0.0,2026-03-01,Ahmedabad,Casual Shopper,145.68,539.33,0.0
SS100783,Vivaan Reddy,Hoodies,Zip Hoodie,1,2329.57,10.0,2026-03-01,Kolkata,Premium Shopper,626.47,2096.61,232.96
SS101962,Diya Reddy,Accessories,Socks Pack,4,1232.28,15.0,2026-03-01,Pune,Student,1432.33,4189.75,739.37
SS102168,Aarav Shah,Shirts,Denim Shirt,1,1452.93,30.0,2026-03-01,Ahmedabad,Young Professional,331.81,1017.05,435.88
SS100141,Shreya Singh,T-Shirts,Marvel Graphic Tee,2,767.28,20.0,2026-03-02,Noida,Young Professional,419.69,1227.65,306.91
SS101712,Kabir Patel,Accessories,Backpack,1,1202.41,10.0,2026-03-02,Mumbai,Casual Shopper,435.33,1082.17,120.24
SS102622,Meera Singh,Hoodies,Oversized Hoodie,2,2784.05,5.0,2026-03-02,Delhi,Working Professional,1667.03,5289.7,278.41
SS102623,Ishaan Saxena,Bottomwear,Relaxed Jeans,2,1647.41,25.0,2026-03-02,Mumbai,Student,611.39,2471.12,823.7
SS100297,Neha Reddy,T-Shirts,Oversized Graphic Tee,1,788.58,10.0,2026-03-03,Delhi,Working Professional,274.8,709.72,78.86
SS101327,Priya Agarwal,Accessories,Backpack,5,1189.3,0.0,2026-03-03,Gurugram,Working Professional,2218.83,5946.5,0.0
SS101426,Pooja Joshi,T-Shirts,Marvel Graphic Tee,4,1254.07,25.0,2026-03-03,Ahmedabad,Student,874.18,3762.21,1254.07
SS101731,Anika Das,Shirts,Oversized Shirt,1,1663.89,0.0,2026-03-03,Mumbai,Working Professional,560.28,1663.89,0.0
SS100000,Aditi Mehta,Hoodies,Oversized Hoodie,1,2279.93,15.0,2026-03-04,Chennai,Young Professional,582.57,1937.94,341.99
SS100925,Kavya Reddy,T-Shirts,Classic Logo Tee,1,800.83,10.0,2026-03-04,Hyderabad,Student,298.41,720.75,80.08
SS101047,Kabir Gupta,T-Shirts,Typography Tee,1,1429.81,10.0,2026-03-04,Kolkata,Working Professional,378.58,1286.83,142.98
SS101809,Meera Joshi,T-Shirts,Classic Logo Tee,4,1053.91,10.0,2026-03-04,Lucknow,Student,1054.69,3794.08,421.56
SS101904,Kritika Verma,Accessories,Sling Bag,1,858.88,25.0,2026-03-04,Surat,Student,229.45,644.16,214.72
SS102139,Aanya Gupta,Accessories,Backpack,2,398.73,25.0,2026-03-04,Hyderabad,Casual Shopper,195.56,598.1,199.36
SS102162,Pooja Reddy,Hoodies,Fleece Hoodie,2,2290.43,5.0,2026-03-04,Lucknow,Working Professional,1267.56,4351.82,229.04
SS102589,Pooja Joshi,Shirts,Oversized Shirt,3,1253.03,15.0,2026-03-04,Chandigarh,Student,910.31,3195.23,563.86
SS102978,Yash Verma,Shirts,Denim Shirt,2,1009.26,20.0,2026-03-04,Jaipur,Student,442.03,1614.82,403.7
SS100784,Ananya Nair,T-Shirts,Typography Tee,1,835.92,35.0,2026-03-05,Delhi,Working Professional,98.51,543.35,292.57
SS101115,Sneha Joshi,Shirts,Oversized Shirt,2,980.67,20.0,2026-03-05,Pune,Premium Shopper,484.62,1569.07,392.27
SS101598,Anika Malhotra,T-Shirts,Classic Logo Tee,1,1455.02,25.0,2026-03-05,Kolkata,Working Professional,345.93,1091.26,363.76
SS100147,Isha Saxena,Hoodies,Fleece Hoodie,2,1352.0,10.0,2026-03-06,Surat,Casual Shopper,693.07,2433.6,270.4
SS100154,Rohan Joshi,Bottomwear,Joggers,1,2201.06,40.0,2026-03-06,Lucknow,Student,251.7,1320.64,880.42
SS101432,Sneha Das,Hoodies,Fleece Hoodie,2,2049.04,30.0,2026-03-06,Lucknow,Student,675.86,2868.66,1229.42
SS102497,Kabir Mehta,Bottomwear,Relaxed Jeans,4,1970.56,15.0,2026-03-06,Chandigarh,Premium Shopper,1881.53,6699.9,1182.34
SS100268,Kabir Saxena,Hoodies,Fleece Hoodie,1,2040.56,15.0,2026-03-07,Jaipur,Premium Shopper,466.06,1734.48,306.08
SS102012,Rohan Reddy,Bottomwear,Cargo Pants,1,1144.43,40.0,2026-03-07,Bengaluru,Working Professional,133.83,686.66,457.77
SS100489,Karan Sharma,Bottomwear,Relaxed Jeans,3,1134.29,15.0,2026-03-09,Lucknow,Premium Shopper,834.94,2892.44,510.43
SS100565,Kabir Kumar,Shirts,Casual Printed Shirt,2,1176.93,0.0,2026-03-09,Pune,Working Professional,795.51,2353.86,0.0
SS101380,Vivaan Kapoor,T-Shirts,Marvel Graphic Tee,3,916.97,15.0,2026-03-09,Gurugram,Working Professional,665.52,2338.27,412.64
SS101454,Ananya Agarwal,T-Shirts,Classic Logo Tee,4,577.24,15.0,2026-03-09,Jaipur,Student,519.65,1962.62,346.34
SS102307,Priya Shah,Shirts,Denim Shirt,1,1082.92,25.0,2026-03-09,Bengaluru,Student,235.45,812.19,270.73
SS102390,Sakshi Malhotra,Hoodies,Fleece Hoodie,2,2187.03,15.0,2026-03-09,Hyderabad,Working Professional,1052.12,3717.95,656.11
SS100546,Aditi Reddy,T-Shirts,Marvel Graphic Tee,1,1064.07,30.0,2026-03-10,Pune,Casual Shopper,156.17,744.85,319.22
SS100805,Arjun Jain,Accessories,Graphic Cap,1,803.42,20.0,2026-03-10,Lucknow,Casual Shopper,184.14,642.74,160.68
SS101317,Rahul Kapoor,Accessories,Backpack,1,1209.79,20.0,2026-03-10,Lucknow,Working Professional,304.71,967.83,241.96
SS101625,Sneha Nair,Shirts,Casual Printed Shirt,5,1405.75,15.0,2026-03-10,Delhi,Casual Shopper,1583.87,5974.44,1054.31
SS101696,Kavya Mishra,T-Shirts,Marvel Graphic Tee,1,996.76,20.0,2026-03-10,Noida,Casual Shopper,260.35,797.41,199.35
SS102127,Priya Saxena,T-Shirts,Marvel Graphic Tee,5,1391.8,5.0,2026-03-10,Ahmedabad,Young Professional,2102.4,6611.05,347.95
SS102705,Kabir Patel,Accessories,Graphic Cap,2,506.75,5.0,2026-03-10,Jaipur,Young Professional,350.51,962.82,50.68
SS100322,Kritika Jain,Shirts,Casual Printed Shirt,1,1006.38,25.0,2026-03-11,Jaipur,Young Professional,235.52,754.78,251.6
SS100667,Riya Joshi,T-Shirts,Oversized Graphic Tee,2,1398.91,15.0,2026-03-11,Delhi,Young Professional,705.8,2378.15,419.67
SS102759,Kritika Agarwal,T-Shirts,Anime Printed Tee,2,1063.82,0.0,2026-03-11,Surat,Premium Shopper,749.34,2127.64,0.0
SS102781,Tanya Shah,Accessories,Backpack,2,1253.35,25.0,2026-03-11,Kolkata,Casual Shopper,542.62,1880.02,626.67
SS101076,Nisha Saxena,Hoodies,Fleece Hoodie,1,1857.87,15.0,2026-03-12,Hyderabad,Young Professional,314.09,1579.19,278.68
SS101398,Manya Singh,Shirts,Casual Printed Shirt,2,1936.77,0.0,2026-03-12,Lucknow,Working Professional,1265.4,3873.54,0.0
SS102478,Simran Nair,T-Shirts,Classic Logo Tee,2,1313.02,20.0,2026-03-12,Lucknow,Casual Shopper,557.12,2100.83,525.21
SS102931,Simran Singh,Shirts,Casual Printed Shirt,1,1032.79,5.0,2026-03-12,Pune,Student,348.44,981.15,51.64
SS100031,Meera Reddy,T-Shirts,Marvel Graphic Tee,1,1268.25,10.0,2026-03-13,Chennai,Working Professional,407.66,1141.42,126.83
SS100065,Karan Jain,Shirts,Casual Printed Shirt,1,933.07,5.0,2026-03-13,Kolkata,Young Professional,265.4,886.42,46.65
SS102957,Kavya Chopra,Bottomwear,Relaxed Jeans,1,1200.65,30.0,2026-03-13,Lucknow,Student,196.33,840.46,360.2
SS100171,Simran Patel,T-Shirts,Oversized Graphic Tee,2,913.85,30.0,2026-03-14,Surat,Working Professional,282.24,1279.39,548.31
SS101742,Kabir Bansal,Accessories,Socks Pack,2,620.66,25.0,2026-03-14,Chandigarh,Young Professional,259.57,930.99,310.33
SS101955,Shreya Malhotra,Bottomwear,Relaxed Jeans,1,1721.07,5.0,2026-03-14,Ahmedabad,Student,325.75,1635.02,86.05
SS101040,Aditi Singh,Hoodies,Fleece Hoodie,1,2085.01,0.0,2026-03-15,Gurugram,Casual Shopper,540.76,2085.01,0.0
SS101462,Simran Sharma,T-Shirts,Oversized Graphic Tee,1,918.25,20.0,2026-03-15,Kolkata,Young Professional,132.67,734.6,183.65
SS102132,Pooja Reddy,Shirts,Denim Shirt,2,1864.62,15.0,2026-03-15,Hyderabad,Student,889.75,3169.85,559.39
SS100339,Isha Kumar,T-Shirts,Classic Logo Tee,1,651.66,10.0,2026-03-16,Jaipur,Casual Shopper,118.28,586.49,65.17
SS101222,Aditya Gupta,Hoodies,Fleece Hoodie,1,2416.66,15.0,2026-03-16,Noida,Young Professional,549.12,2054.16,362.5
SS101319,Meera Shah,T-Shirts,Anime Printed Tee,1,626.5,10.0,2026-03-16,Jaipur,Student,166.32,563.85,62.65
SS101739,Yash Verma,Hoodies,Fleece Hoodie,1,1335.77,20.0,2026-03-16,Ahmedabad,Working Professional,285.54,1068.62,267.15
SS100846,Kavya Das,T-Shirts,Typography Tee,2,648.55,0.0,2026-03-17,Kolkata,Casual Shopper,395.66,1297.1,0.0
SS100863,Yash Sharma,Hoodies,Zip Hoodie,1,2826.69,10.0,2026-03-17,Chennai,Premium Shopper,844.09,2544.02,282.67
SS101056,Yash Sharma,Accessories,Graphic Cap,1,943.91,20.0,2026-03-17,Gurugram,Young Professional,238.9,755.13,188.78
SS102071,Yash Saxena,Hoodies,Fleece Hoodie,2,2958.34,30.0,2026-03-17,Gurugram,Casual Shopper,926.14,4141.68,1775.0
SS102270,Meera Shah,T-Shirts,Oversized Graphic Tee,2,1017.89,15.0,2026-03-17,Bengaluru,Student,514.66,1730.41,305.37
SS102553,Aarav Patel,Bottomwear,Joggers,2,2353.35,5.0,2026-03-17,Chennai,Working Professional,1312.65,4471.36,235.34
SS102708,Aditi Reddy,T-Shirts,Anime Printed Tee,1,1247.32,10.0,2026-03-17,Gurugram,Student,258.39,1122.59,124.73
SS100911,Isha Bansal,T-Shirts,Marvel Graphic Tee,5,900.95,35.0,2026-03-18,Hyderabad,Student,719.6,2928.09,1576.66
SS101104,Meera Kumar,Bottomwear,Joggers,1,1944.05,15.0,2026-03-18,Gurugram,Casual Shopper,379.5,1652.44,291.61
SS101441,Riya Mehta,T-Shirts,Typography Tee,2,1040.51,10.0,2026-03-18,Delhi,Student,538.07,1872.92,208.1
SS102687,Sneha Gupta,Hoodies,Fleece Hoodie,2,2821.61,5.0,2026-03-18,Noida,Student,1476.71,5361.06,282.16
SS100585,Kritika Agarwal,T-Shirts,Oversized Graphic Tee,5,1264.76,15.0,2026-03-19,Jaipur,Young Professional,1641.4,5375.23,948.57
SS100794,Ananya Bansal,T-Shirts,Marvel Graphic Tee,2,1017.94,10.0,2026-03-19,Surat,Premium Shopper,596.35,1832.29,203.59
SS100856,Nisha Gupta,T-Shirts,Typography Tee,2,729.49,25.0,2026-03-19,Bengaluru,Casual Shopper,239.82,1094.24,364.74
SS101048,Yash Agarwal,Bottomwear,Relaxed Jeans,2,1367.63,15.0,2026-03-19,Jaipur,Working Professional,615.22,2324.97,410.29
SS101170,Yash Nair,Shirts,Oversized Shirt,4,1874.25,15.0,2026-03-19,Ahmedabad,Casual Shopper,1759.03,6372.45,1124.55
SS101627,Aanya Kapoor,Hoodies,Oversized Hoodie,3,1459.59,0.0,2026-03-19,Lucknow,Student,1201.45,4378.77,0.0
SS102236,Sakshi Malhotra,Bottomwear,Joggers,3,1177.84,30.0,2026-03-19,Delhi,Student,471.26,2473.46,1060.06
SS102368,Rahul Malhotra,Hoodies,Zip Hoodie,2,1826.25,35.0,2026-03-19,Pune,Premium Shopper,633.68,2374.12,1278.38
SS100164,Rahul Joshi,T-Shirts,Oversized Graphic Tee,2,1464.65,0.0,2026-03-20,Jaipur,Student,925.73,2929.3,0.0
SS102400,Kritika Nair,Hoodies,Graphic Pullover Hoodie,1,2848.1,15.0,2026-03-20,Ahmedabad,Young Professional,689.64,2420.88,427.22
SS101405,Kabir Nair,Hoodies,Zip Hoodie,1,1535.23,10.0,2026-03-21,Jaipur,Premium Shopper,391.01,1381.71,153.52
SS102043,Shreya Shah,T-Shirts,Marvel Graphic Tee,1,1160.34,20.0,2026-03-21,Hyderabad,Casual Shopper,231.8,928.27,232.07
SS102170,Simran Das,Shirts,Denim Shirt,1,1928.98,15.0,2026-03-21,Surat,Working Professional,470.4,1639.63,289.35
SS100181,Rohan Malhotra,T-Shirts,Typography Tee,1,640.84,10.0,2026-03-22,Lucknow,Casual Shopper,166.84,576.76,64.08
SS100511,Karan Kumar,Hoodies,Graphic Pullover Hoodie,1,2966.1,15.0,2026-03-22,Mumbai,Working Professional,632.13,2521.18,444.92
SS100752,Aditya Mehta,Shirts,Denim Shirt,1,1149.56,0.0,2026-03-22,Jaipur,Student,322.06,1149.56,0.0
SS101735,Anika Sharma,Bottomwear,Track Pants,1,1297.38,5.0,2026-03-22,Jaipur,Premium Shopper,326.45,1232.51,64.87
SS101858,Rahul Jain,Accessories,Graphic Cap,5,496.4,5.0,2026-03-22,Surat,Young Professional,812.38,2357.9,124.1
SS102204,Ananya Singh,Accessories,Sling Bag,1,1002.03,20.0,2026-03-22,Chandigarh,Working Professional,293.0,801.62,200.41
SS102324,Aditi Das,Accessories,Socks Pack,4,317.46,15.0,2026-03-22,Jaipur,Premium Shopper,374.94,1079.36,190.48
SS102738,Karan Verma,Bottomwear,Cargo Pants,1,2125.22,20.0,2026-03-22,Chennai,Premium Shopper,459.55,1700.18,425.04
SS100092,Anika Saxena,Accessories,Socks Pack,1,573.01,25.0,2026-03-23,Noida,Working Professional,89.91,429.76,143.25
SS100563,Nisha Joshi,T-Shirts,Oversized Graphic Tee,1,1302.54,10.0,2026-03-23,Pune,Young Professional,447.24,1172.29,130.25
SS100669,Rohan Mishra,T-Shirts,Marvel Graphic Tee,5,773.41,20.0,2026-03-23,Kolkata,Working Professional,885.97,3093.64,773.41
SS101609,Nisha Joshi,Shirts,Oversized Shirt,2,1075.34,25.0,2026-03-23,Pune,Working Professional,438.66,1613.01,537.67
SS102271,Simran Kumar,Hoodies,Graphic Pullover Hoodie,3,1536.86,15.0,2026-03-23,Pune,Young Professional,1043.24,3918.99,691.59
SS102393,Kabir Nair,T-Shirts,Classic Logo Tee,2,1176.19,0.0,2026-03-23,Delhi,Working Professional,848.37,2352.38,0.0
SS102424,Aarav Bansal,T-Shirts,Classic Logo Tee,1,698.73,20.0,2026-03-23,Hyderabad,Student,157.64,558.98,139.75
SS100775,Kritika Malhotra,T-Shirts,Typography Tee,1,824.5,5.0,2026-03-24,Kolkata,Young Professional,168.9,783.28,41.23
SS101736,Meera Bansal,Hoodies,Fleece Hoodie,4,2890.8,20.0,2026-03-24,Chennai,Working Professional,2598.65,9250.56,2312.64
SS102035,Sakshi Gupta,Hoodies,Zip Hoodie,1,1483.63,20.0,2026-03-24,Hyderabad,Premium Shopper,330.89,1186.9,296.73
SS102166,Aanya Joshi,Shirts,Denim Shirt,1,1648.33,20.0,2026-03-24,Ahmedabad,Working Professional,385.38,1318.66,329.67
SS100205,Isha Kapoor,T-Shirts,Marvel Graphic Tee,1,1103.38,5.0,2026-03-25,Hyderabad,Young Professional,337.37,1048.21,55.17
SS100237,Kritika Mishra,T-Shirts,Marvel Graphic Tee,1,1462.82,30.0,2026-03-25,Delhi,Young Professional,255.07,1023.97,438.85
SS100779,Anika Mishra,Shirts,Casual Printed Shirt,1,1057.22,5.0,2026-03-25,Bengaluru,Premium Shopper,335.05,1004.36,52.86
SS100946,Aditi Patel,T-Shirts,Marvel Graphic Tee,1,1432.11,30.0,2026-03-25,Noida,Student,223.73,1002.48,429.63
SS101291,Simran Saxena,T-Shirts,Classic Logo Tee,2,514.64,10.0,2026-03-25,Noida,Casual Shopper,270.1,926.35,102.93
SS101379,Shreya Nair,Shirts,Casual Printed Shirt,1,986.77,10.0,2026-03-25,Gurugram,Young Professional,264.79,888.09,98.68
SS101396,Kavya Verma,Hoodies,Fleece Hoodie,1,2787.72,15.0,2026-03-25,Mumbai,Student,555.52,2369.56,418.16
SS102092,Kabir Mishra,T-Shirts,Typography Tee,1,970.11,0.0,2026-03-25,Delhi,Student,273.21,970.11,0.0
SS102180,Meera Malhotra,T-Shirts,Oversized Graphic Tee,1,1087.43,10.0,2026-03-25,Kolkata,Young Professional,262.46,978.69,108.74
SS102483,Meera Singh,T-Shirts,Anime Printed Tee,2,1361.08,15.0,2026-03-25,Gurugram,Casual Shopper,672.21,2313.84,408.32
SS101022,Sneha Sharma,Bottomwear,Joggers,1,1921.82,0.0,2026-03-26,Bengaluru,Working Professional,565.47,1921.82,0.0
SS101157,Ananya Mishra,Bottomwear,Relaxed Jeans,2,1341.53,15.0,2026-03-26,Lucknow,Young Professional,586.24,2280.6,402.46
SS101500,Nisha Das,Hoodies,Fleece Hoodie,2,2466.78,20.0,2026-03-26,Lucknow,Premium Shopper,1132.01,3946.85,986.71
SS102051,Rohan Malhotra,Hoodies,Oversized Hoodie,1,2442.61,25.0,2026-03-26,Lucknow,Premium Shopper,447.09,1831.96,610.65
SS102970,Neha Nair,Hoodies,Oversized Hoodie,3,1410.93,25.0,2026-03-26,Kolkata,Working Professional,901.68,3174.59,1058.2
SS100531,Pooja Jain,Bottomwear,Relaxed Jeans,1,1880.55,20.0,2026-03-27,Ahmedabad,Student,367.26,1504.44,376.11
SS102315,Aanya Das,T-Shirts,Classic Logo Tee,2,1283.06,15.0,2026-03-27,Chandigarh,Working Professional,602.7,2181.2,384.92
SS100824,Isha Joshi,Hoodies,Fleece Hoodie,1,2770.74,15.0,2026-03-28,Mumbai,Working Professional,656.55,2355.13,415.61
SS101797,Aditya Malhotra,T-Shirts,Classic Logo Tee,1,1242.5,25.0,2026-03-28,Delhi,Premium Shopper,250.09,931.88,310.62
SS102681,Anika Chopra,Accessories,Sling Bag,1,1289.8,5.0,2026-03-28,Chennai,Casual Shopper,364.23,1225.31,64.49
SS100158,Priya Nair,T-Shirts,Oversized Graphic Tee,2,979.65,5.0,2026-03-29,Delhi,Young Professional,545.86,1861.33,97.97
SS101753,Kabir Das,T-Shirts,Typography Tee,1,723.89,15.0,2026-03-29,Lucknow,Casual Shopper,166.58,615.31,108.58
SS100707,Tanya Reddy,Accessories,Socks Pack,4,548.87,5.0,2026-03-30,Hyderabad,Young Professional,832.36,2085.71,109.77
SS100939,Aarav Gupta,Shirts,Casual Printed Shirt,2,953.07,5.0,2026-03-30,Bengaluru,Premium Shopper,642.6,1810.83,95.31
SS100993,Simran Nair,Shirts,Casual Printed Shirt,1,1442.23,15.0,2026-03-30,Kolkata,Premium Shopper,418.01,1225.9,216.33
SS102099,Tanya Joshi,Hoodies,Zip Hoodie,2,1668.14,0.0,2026-03-30,Lucknow,Student,901.49,3336.28,0.0
SS102566,Arjun Singh,T-Shirts,Marvel Graphic Tee,3,922.96,15.0,2026-03-30,Lucknow,Young Professional,619.46,2353.55,415.33
SS102987,Anika Gupta,Hoodies,Oversized Hoodie,1,1782.72,0.0,2026-03-30,Pune,Young Professional,565.14,1782.72,0.0
SS101456,Diya Verma,Shirts,Denim Shirt,2,1818.03,25.0,2026-03-31,Pune,Casual Shopper,688.36,2727.04,909.01
SS102143,Sakshi Sharma,T-Shirts,Marvel Graphic Tee,1,1057.13,25.0,2026-03-31,Chennai,Young Professional,247.64,792.85,264.28
SS102354,Rohan Joshi,Accessories,Graphic Cap,1,1234.22,5.0,2026-03-31,Bengaluru,Casual Shopper,442.36,1172.51,61.71
SS100501,Kavya Bansal,Hoodies,Fleece Hoodie,5,2882.61,15.0,2026-04-01,Ahmedabad,Working Professional,3468.75,12251.09,2161.96
SS100998,Diya Reddy,Bottomwear,Relaxed Jeans,4,1111.64,20.0,2026-04-01,Delhi,Working Professional,922.9,3557.25,889.31
SS101178,Aditi Verma,Accessories,Sling Bag,2,1021.61,0.0,2026-04-01,Noida,Working Professional,760.38,2043.22,0.0
SS101823,Priya Kapoor,Accessories,Sling Bag,1,1034.94,30.0,2026-04-01,Surat,Working Professional,281.49,724.46,310.48
SS102017,Kritika Kumar,Bottomwear,Relaxed Jeans,4,1317.04,20.0,2026-04-01,Pune,Premium Shopper,1137.11,4214.53,1053.63
SS102126,Riya Nair,Shirts,Casual Printed Shirt,1,1902.45,0.0,2026-04-01,Chandigarh,Working Professional,642.3,1902.45,0.0
SS102881,Aditi Jain,Accessories,Sling Bag,1,801.4,0.0,2026-04-01,Pune,Young Professional,334.59,801.4,0.0
SS100640,Riya Mehta,T-Shirts,Typography Tee,1,1084.85,25.0,2026-04-02,Ahmedabad,Casual Shopper,201.44,813.64,271.21
SS101724,Karan Sharma,Shirts,Casual Printed Shirt,3,1324.09,10.0,2026-04-02,Chennai,Working Professional,1055.85,3575.04,397.23
SS101937,Aditya Singh,Accessories,Backpack,2,543.95,15.0,2026-04-02,Bengaluru,Student,285.14,924.72,163.19
SS101975,Aditi Sharma,Bottomwear,Track Pants,1,1132.39,15.0,2026-04-02,Hyderabad,Working Professional,231.44,962.53,169.86
SS102185,Ishaan Mehta,Bottomwear,Track Pants,1,1917.47,0.0,2026-04-02,Jaipur,Working Professional,571.24,1917.47,0.0
SS102946,Simran Das,Hoodies,Oversized Hoodie,3,2297.61,20.0,2026-04-02,Noida,Casual Shopper,1358.78,5514.26,1378.57
SS100084,Pooja Patel,T-Shirts,Marvel Graphic Tee,2,937.67,10.0,2026-04-03,Gurugram,Premium Shopper,621.31,1687.81,187.53
SS100849,Neha Verma,Shirts,Denim Shirt,2,1010.13,5.0,2026-04-03,Lucknow,Student,497.6,1919.25,101.01
SS101364,Kavya Bansal,Accessories,Sling Bag,3,1109.72,25.0,2026-04-03,Pune,Working Professional,764.99,2496.87,832.29
SS101452,Aditya Nair,Bottomwear,Relaxed Jeans,1,2313.63,10.0,2026-04-03,Pune,Working Professional,644.04,2082.27,231.36
SS101513,Priya Bansal,T-Shirts,Anime Printed Tee,1,609.39,35.0,2026-04-03,Mumbai,Young Professional,110.75,396.1,213.29
SS102450,Meera Agarwal,T-Shirts,Oversized Graphic Tee,1,1077.33,30.0,2026-04-03,Bengaluru,Student,193.03,754.13,323.2
SS100077,Rohan Mehta,T-Shirts,Anime Printed Tee,1,1256.47,20.0,2026-04-04,Ahmedabad,Working Professional,403.18,1005.18,251.29
SS100802,Yash Mishra,Shirts,Denim Shirt,2,1254.28,5.0,2026-04-05,Jaipur,Working Professional,731.99,2383.13,125.43
SS101315,Karan Das,Shirts,Oversized Shirt,3,1261.36,15.0,2026-04-05,Hyderabad,Young Professional,858.04,3216.47,567.61
SS101565,Aditi Bansal,Hoodies,Fleece Hoodie,1,2921.88,10.0,2026-04-05,Lucknow,Student,675.42,2629.69,292.19
SS101086,Shreya Kumar,Shirts,Denim Shirt,2,1312.65,10.0,2026-04-06,Ahmedabad,Working Professional,695.42,2362.77,262.53
SS101279,Neha Jain,Hoodies,Fleece Hoodie,1,1308.81,5.0,2026-04-06,Bengaluru,Casual Shopper,372.15,1243.37,65.44
SS101899,Yash Agarwal,Accessories,Socks Pack,2,1229.35,15.0,2026-04-06,Hyderabad,Young Professional,781.54,2089.9,368.8
SS102421,Anika Sharma,T-Shirts,Anime Printed Tee,2,752.25,10.0,2026-04-06,Hyderabad,Casual Shopper,401.69,1354.05,150.45
SS102446,Manya Mishra,T-Shirts,Classic Logo Tee,1,987.09,15.0,2026-04-06,Surat,Student,171.09,839.03,148.06
SS100134,Nisha Verma,Bottomwear,Cargo Pants,1,2190.58,25.0,2026-04-07,Gurugram,Young Professional,445.43,1642.94,547.64
SS100369,Pooja Kapoor,T-Shirts,Typography Tee,1,1195.03,10.0,2026-04-07,Lucknow,Young Professional,362.22,1075.53,119.5
SS101921,Kabir Sharma,T-Shirts,Marvel Graphic Tee,2,1250.27,15.0,2026-04-07,Hyderabad,Working Professional,597.85,2125.46,375.08
SS102080,Nisha Chopra,T-Shirts,Classic Logo Tee,1,852.91,5.0,2026-04-07,Kolkata,Student,255.83,810.26,42.65
SS102899,Kavya Agarwal,T-Shirts,Marvel Graphic Tee,1,595.95,25.0,2026-04-07,Pune,Student,96.79,446.96,148.99
SS102974,Priya Bansal,Hoodies,Oversized Hoodie,2,2846.38,15.0,2026-04-07,Gurugram,Young Professional,1319.07,4838.85,853.91
SS100530,Aanya Mehta,Accessories,Graphic Cap,2,498.08,5.0,2026-04-08,Ahmedabad,Working Professional,303.67,946.35,49.81
SS101675,Kabir Agarwal,T-Shirts,Oversized Graphic Tee,2,836.24,10.0,2026-04-08,Mumbai,Student,404.42,1505.23,167.25
SS102059,Neha Verma,Shirts,Casual Printed Shirt,4,1156.43,40.0,2026-04-08,Gurugram,Student,551.61,2775.43,1850.29
SS100822,Aarav Kumar,T-Shirts,Classic Logo Tee,3,719.07,15.0,2026-04-09,Jaipur,Student,475.67,1833.63,323.58
SS100883,Kavya Das,T-Shirts,Classic Logo Tee,1,1157.86,20.0,2026-04-09,Kolkata,Young Professional,268.87,926.29,231.57
SS100949,Aanya Gupta,Shirts,Casual Printed Shirt,2,948.37,35.0,2026-04-09,Delhi,Premium Shopper,387.08,1232.88,663.86
SS101191,Kavya Gupta,Shirts,Casual Printed Shirt,3,977.13,10.0,2026-04-09,Surat,Student,709.72,2638.25,293.14
SS102123,Ishaan Verma,Hoodies,Graphic Pullover Hoodie,3,1312.98,20.0,2026-04-09,Jaipur,Working Professional,943.33,3151.15,787.79
SS102351,Priya Verma,Bottomwear,Joggers,4,1378.37,15.0,2026-04-09,Hyderabad,Young Professional,1132.74,4686.46,827.02
SS100227,Rohan Jain,Hoodies,Graphic Pullover Hoodie,1,2886.15,10.0,2026-04-10,Delhi,Working Professional,728.46,2597.54,288.61
SS100393,Vivaan Jain,Accessories,Sling Bag,1,488.36,20.0,2026-04-10,Bengaluru,Student,124.55,390.69,97.67
SS100478,Manya Mishra,Bottomwear,Joggers,3,1862.25,10.0,2026-04-10,Noida,Young Professional,1358.18,5028.08,558.68
SS100616,Meera Singh,T-Shirts,Marvel Graphic Tee,3,1454.92,10.0,2026-04-10,Lucknow,Working Professional,1191.16,3928.28,436.48
SS101682,Riya Shah,Shirts,Casual Printed Shirt,2,1057.97,20.0,2026-04-10,Ahmedabad,Casual Shopper,452.88,1692.75,423.19
SS101765,Aarav Mishra,T-Shirts,Marvel Graphic Tee,2,1243.6,10.0,2026-04-10,Bengaluru,Casual Shopper,605.56,2238.48,248.72
SS101825,Kavya Agarwal,Hoodies,Zip Hoodie,1,2941.5,30.0,2026-04-10,Hyderabad,Student,467.95,2059.05,882.45
SS101851,Kabir Singh,Accessories,Graphic Cap,2,405.48,5.0,2026-04-10,Hyderabad,Premium Shopper,361.53,770.41,40.55
SS101947,Simran Chopra,T-Shirts,Anime Printed Tee,1,866.66,30.0,2026-04-10,Mumbai,Working Professional,131.35,606.66,260.0
SS102768,Priya Mehta,Hoodies,Graphic Pullover Hoodie,3,2496.8,30.0,2026-04-10,Delhi,Young Professional,1318.49,5243.28,2247.12
SS100088,Riya Sharma,Bottomwear,Track Pants,2,2187.28,30.0,2026-04-11,Chennai,Young Professional,759.63,3062.19,1312.37
SS101832,Isha Nair,Shirts,Casual Printed Shirt,4,1415.62,20.0,2026-04-11,Pune,Young Professional,1200.25,4529.98,1132.5
SS102513,Priya Reddy,Hoodies,Oversized Hoodie,3,1789.73,5.0,2026-04-11,Ahmedabad,Student,1436.5,5100.73,268.46
SS100198,Meera Das,Bottomwear,Joggers,1,1660.13,20.0,2026-04-12,Noida,Young Professional,313.72,1328.1,332.03
SS100307,Kavya Mishra,T-Shirts,Classic Logo Tee,1,557.54,10.0,2026-04-12,Mumbai,Premium Shopper,158.34,501.79,55.75
SS100542,Simran Joshi,T-Shirts,Anime Printed Tee,1,1153.02,10.0,2026-04-12,Bengaluru,Casual Shopper,349.11,1037.72,115.3
SS101657,Priya Mehta,T-Shirts,Marvel Graphic Tee,1,1003.75,20.0,2026-04-12,Jaipur,Premium Shopper,298.8,803.0,200.75
SS100855,Rohan Saxena,T-Shirts,Oversized Graphic Tee,1,1353.62,15.0,2026-04-13,Kolkata,Young Professional,359.61,1150.58,203.04
SS100930,Diya Bansal,T-Shirts,Marvel Graphic Tee,5,842.04,15.0,2026-04-13,Ahmedabad,Working Professional,1072.4,3578.67,631.53
SS101252,Aditi Mishra,T-Shirts,Typography Tee,1,633.79,5.0,2026-04-13,Bengaluru,Young Professional,207.08,602.1,31.69
SS101473,Aditi Verma,Hoodies,Graphic Pullover Hoodie,4,2784.18,10.0,2026-04-13,Hyderabad,Student,2556.39,10023.05,1113.67
SS102509,Sakshi Saxena,Bottomwear,Cargo Pants,2,1229.96,25.0,2026-04-13,Surat,Casual Shopper,396.55,1844.94,614.98
SS102912,Pooja Malhotra,Accessories,Graphic Cap,1,416.98,10.0,2026-04-13,Gurugram,Working Professional,59.35,375.28,41.7
SS100070,Kritika Reddy,Accessories,Backpack,1,1281.65,10.0,2026-04-14,Lucknow,Working Professional,456.93,1153.49,128.16
SS100630,Aarav Shah,Shirts,Oversized Shirt,2,1899.51,35.0,2026-04-14,Noida,Working Professional,604.81,2469.36,1329.66
SS101176,Arjun Bansal,Accessories,Backpack,1,1083.19,5.0,2026-04-14,Lucknow,Young Professional,373.44,1029.03,54.16
SS101423,Sakshi Sharma,T-Shirts,Typography Tee,1,927.73,15.0,2026-04-14,Ahmedabad,Casual Shopper,199.54,788.57,139.16
SS102412,Sakshi Kapoor,Hoodies,Graphic Pullover Hoodie,1,2919.84,5.0,2026-04-14,Noida,Premium Shopper,928.17,2773.85,145.99
SS102979,Manya Bansal,Bottomwear,Cargo Pants,1,2397.24,35.0,2026-04-14,Mumbai,Young Professional,390.34,1558.21,839.03
SS100762,Shreya Das,T-Shirts,Anime Printed Tee,3,534.61,20.0,2026-04-15,Delhi,Premium Shopper,441.32,1283.06,320.77
SS101503,Rahul Kapoor,Hoodies,Zip Hoodie,3,1810.56,10.0,2026-04-16,Surat,Student,1307.36,4888.51,543.17
SS101796,Ishaan Malhotra,Shirts,Denim Shirt,2,1153.04,5.0,2026-04-16,Mumbai,Student,568.4,2190.78,115.3
SS102078,Aditya Joshi,Bottomwear,Cargo Pants,3,2424.92,5.0,2026-04-16,Jaipur,Working Professional,2019.52,6911.02,363.74
SS102341,Isha Mishra,T-Shirts,Anime Printed Tee,4,713.01,5.0,2026-04-16,Noida,Casual Shopper,825.35,2709.44,142.6
SS100209,Meera Chopra,T-Shirts,Marvel Graphic Tee,5,1269.41,20.0,2026-04-17,Pune,Student,1353.99,5077.64,1269.41
SS100355,Nisha Kumar,Shirts,Oversized Shirt,2,1844.84,35.0,2026-04-17,Hyderabad,Working Professional,661.16,2398.29,1291.39
SS100704,Ishaan Malhotra,T-Shirts,Classic Logo Tee,1,950.55,10.0,2026-04-17,Gurugram,Premium Shopper,288.51,855.5,95.05
SS101472,Aditya Bansal,Bottomwear,Cargo Pants,4,1074.1,10.0,2026-04-17,Bengaluru,Young Professional,1032.78,3866.76,429.64
SS101884,Aditya Shah,T-Shirts,Oversized Graphic Tee,2,1041.36,15.0,2026-04-17,Hyderabad,Young Professional,539.99,1770.31,312.41
SS102226,Isha Das,T-Shirts,Typography Tee,1,992.04,5.0,2026-04-17,Noida,Student,266.36,942.44,49.6
SS101354,Sneha Agarwal,Hoodies,Zip Hoodie,1,2609.38,25.0,2026-04-18,Noida,Student,521.96,1957.04,652.34
SS101790,Ishaan Bansal,T-Shirts,Marvel Graphic Tee,3,1466.21,15.0,2026-04-18,Chandigarh,Premium Shopper,1110.76,3738.84,659.79
SS102130,Kritika Gupta,T-Shirts,Typography Tee,2,504.34,10.0,2026-04-18,Ahmedabad,Premium Shopper,304.82,907.81,100.87
SS102581,Simran Mehta,Bottomwear,Joggers,1,2041.01,0.0,2026-04-18,Mumbai,Young Professional,588.63,2041.01,0.0
SS100298,Nisha Gupta,Shirts,Casual Printed Shirt,1,1533.92,15.0,2026-04-19,Chennai,Working Professional,322.98,1303.83,230.09
SS100335,Arjun Joshi,T-Shirts,Oversized Graphic Tee,1,1047.02,15.0,2026-04-19,Gurugram,Working Professional,230.06,889.97,157.05
SS100674,Yash Verma,Hoodies,Graphic Pullover Hoodie,2,2762.81,25.0,2026-04-19,Pune,Student,1049.22,4144.22,1381.4
SS101052,Pooja Joshi,Bottomwear,Cargo Pants,3,1006.99,0.0,2026-04-19,Lucknow,Working Professional,895.74,3020.97,0.0
SS101335,Meera Bansal,Shirts,Denim Shirt,3,1302.89,35.0,2026-04-19,Gurugram,Working Professional,656.63,2540.64,1368.03
SS101497,Aditi Shah,Hoodies,Oversized Hoodie,1,2081.96,5.0,2026-04-19,Chandigarh,Working Professional,549.03,1977.86,104.1
SS102960,Ananya Kumar,T-Shirts,Typography Tee,1,1448.54,10.0,2026-04-19,Hyderabad,Young Professional,395.01,1303.69,144.85
SS101750,Rohan Das,Hoodies,Zip Hoodie,1,1787.46,10.0,2026-04-20,Bengaluru,Student,451.69,1608.71,178.75
SS102756,Rahul Sharma,Hoodies,Fleece Hoodie,2,2033.6,10.0,2026-04-20,Jaipur,Working Professional,1069.49,3660.48,406.72
SS100238,Rahul Das,Shirts,Denim Shirt,2,1491.88,20.0,2026-04-21,Chandigarh,Working Professional,638.26,2387.01,596.75
SS100826,Kritika Singh,Hoodies,Fleece Hoodie,1,1985.48,5.0,2026-04-21,Kolkata,Student,556.2,1886.21,99.27
SS101959,Sneha Singh,Accessories,Sling Bag,2,453.94,5.0,2026-04-21,Bengaluru,Young Professional,212.03,862.49,45.39
SS102670,Rohan Gupta,Shirts,Oversized Shirt,1,1592.01,5.0,2026-04-21,Chandigarh,Working Professional,538.42,1512.41,79.6
SS100431,Sakshi Mehta,Accessories,Socks Pack,1,918.45,5.0,2026-04-22,Noida,Student,265.49,872.53,45.92
SS101233,Aditya Kumar,T-Shirts,Classic Logo Tee,1,767.56,5.0,2026-04-22,Bengaluru,Premium Shopper,247.67,729.18,38.38
SS101729,Sneha Bansal,Shirts,Casual Printed Shirt,2,1323.02,20.0,2026-04-22,Chandigarh,Casual Shopper,486.29,2116.83,529.21
SS102548,Ishaan Gupta,Hoodies,Oversized Hoodie,2,2108.17,25.0,2026-04-22,Lucknow,Premium Shopper,825.75,3162.26,1054.08
SS100338,Vivaan Das,Hoodies,Graphic Pullover Hoodie,1,2368.5,15.0,2026-04-23,Mumbai,Young Professional,553.45,2013.22,355.28
SS100351,Kritika Nair,Accessories,Graphic Cap,5,1277.51,20.0,2026-04-23,Noida,Student,1576.99,5110.04,1277.51
SS100509,Aanya Nair,Accessories,Socks Pack,2,678.96,10.0,2026-04-23,Chennai,Student,370.37,1222.13,135.79
SS101150,Rahul Patel,Shirts,Oversized Shirt,2,1800.02,10.0,2026-04-23,Pune,Premium Shopper,905.68,3240.04,360.0
SS101273,Kabir Verma,T-Shirts,Oversized Graphic Tee,3,575.1,40.0,2026-04-23,Ahmedabad,Student,194.35,1035.18,690.12
SS101709,Kabir Malhotra,Shirts,Casual Printed Shirt,1,1709.95,30.0,2026-04-23,Chennai,Student,367.42,1196.96,512.99
SS102448,Nisha Mehta,T-Shirts,Anime Printed Tee,2,1019.99,15.0,2026-04-23,Noida,Student,454.71,1733.98,306.0
SS102621,Yash Malhotra,Bottomwear,Cargo Pants,2,2017.35,10.0,2026-04-23,Hyderabad,Student,887.86,3631.23,403.47
SS102890,Yash Agarwal,T-Shirts,Classic Logo Tee,2,1285.65,10.0,2026-04-23,Pune,Casual Shopper,629.39,2314.17,257.13
SS100682,Rohan Das,T-Shirts,Classic Logo Tee,3,1384.02,30.0,2026-04-24,Kolkata,Premium Shopper,854.64,2906.44,1245.62
SS100741,Rohan Jain,T-Shirts,Anime Printed Tee,3,924.0,25.0,2026-04-24,Chennai,Working Professional,593.85,2079.0,693.0
SS101186,Riya Saxena,Shirts,Casual Printed Shirt,2,1337.94,20.0,2026-04-24,Lucknow,Working Professional,642.65,2140.7,535.18
SS101585,Nisha Jain,T-Shirts,Oversized Graphic Tee,2,1122.75,5.0,2026-04-24,Chandigarh,Working Professional,664.98,2133.22,112.28
SS101722,Aditya Malhotra,T-Shirts,Classic Logo Tee,2,888.66,35.0,2026-04-24,Surat,Casual Shopper,241.36,1155.26,622.06
SS101976,Arjun Saxena,T-Shirts,Typography Tee,1,557.17,20.0,2026-04-24,Lucknow,Student,222.8,445.74,111.43
SS100831,Aditya Verma,Hoodies,Fleece Hoodie,1,2562.67,5.0,2026-04-25,Bengaluru,Student,650.03,2434.54,128.13
SS101841,Aanya Das,Hoodies,Oversized Hoodie,1,1355.06,15.0,2026-04-25,Noida,Young Professional,314.32,1151.8,203.26
SS102860,Isha Joshi,Bottomwear,Relaxed Jeans,2,1070.8,0.0,2026-04-25,Chennai,Working Professional,712.7,2141.6,0.0
SS100098,Arjun Das,T-Shirts,Classic Logo Tee,3,1407.44,10.0,2026-04-26,Gurugram,Student,1151.08,3800.09,422.23
SS101112,Kavya Saxena,T-Shirts,Typography Tee,5,582.9,30.0,2026-04-26,Mumbai,Student,557.0,2040.15,874.35
SS101345,Simran Saxena,Hoodies,Zip Hoodie,2,2854.31,5.0,2026-04-26,Chennai,Casual Shopper,1481.34,5423.19,285.43
SS101455,Shreya Reddy,Bottomwear,Relaxed Jeans,5,2181.18,5.0,2026-04-26,Jaipur,Young Professional,2888.82,10360.6,545.3
SS101836,Isha Verma,T-Shirts,Typography Tee,4,1185.37,10.0,2026-04-26,Kolkata,Premium Shopper,1376.71,4267.33,474.15
SS102057,Pooja Bansal,Hoodies,Oversized Hoodie,2,2585.4,30.0,2026-04-26,Mumbai,Working Professional,986.85,3619.56,1551.24
SS102435,Tanya Chopra,Hoodies,Fleece Hoodie,1,2635.82,20.0,2026-04-26,Jaipur,Premium Shopper,551.12,2108.66,527.16
SS102864,Karan Singh,Hoodies,Graphic Pullover Hoodie,2,2650.99,25.0,2026-04-26,Delhi,Casual Shopper,987.52,3976.48,1325.5
SS100473,Neha Singh,Bottomwear,Track Pants,3,2114.32,15.0,2026-04-27,Pune,Casual Shopper,1301.08,5391.52,951.44
SS101368,Shreya Agarwal,T-Shirts,Marvel Graphic Tee,1,645.02,20.0,2026-04-27,Noida,Working Professional,132.39,516.02,129.0
SS101545,Pooja Das,Hoodies,Oversized Hoodie,2,1374.77,0.0,2026-04-27,Lucknow,Young Professional,827.36,2749.54,0.0
SS102068,Ananya Mishra,T-Shirts,Oversized Graphic Tee,2,1248.63,20.0,2026-04-27,Gurugram,Young Professional,520.62,1997.81,499.45
SS102353,Yash Kumar,Bottomwear,Cargo Pants,4,1603.33,10.0,2026-04-27,Jaipur,Casual Shopper,1460.99,5771.99,641.33
SS102442,Kritika Chopra,Accessories,Backpack,2,441.06,10.0,2026-04-27,Chennai,Working Professional,225.84,793.91,88.21
SS102489,Sakshi Agarwal,Hoodies,Fleece Hoodie,1,2817.5,5.0,2026-04-27,Lucknow,Young Professional,836.08,2676.62,140.88
SS102852,Aditi Sharma,T-Shirts,Oversized Graphic Tee,1,1056.76,10.0,2026-04-27,Kolkata,Student,247.3,951.08,105.68
SS102983,Kavya Bansal,Accessories,Socks Pack,3,899.2,5.0,2026-04-27,Pune,Working Professional,957.73,2562.72,134.88
SS100137,Sneha Sharma,Shirts,Denim Shirt,5,1839.62,10.0,2026-04-28,Jaipur,Casual Shopper,2337.56,8278.29,919.81
SS100289,Isha Kumar,Shirts,Casual Printed Shirt,1,1300.3,20.0,2026-04-28,Lucknow,Young Professional,269.89,1040.24,260.06
SS101666,Yash Agarwal,T-Shirts,Anime Printed Tee,2,1119.83,20.0,2026-04-28,Jaipur,Casual Shopper,496.38,1791.73,447.93
SS101714,Simran Verma,T-Shirts,Anime Printed Tee,1,1481.69,30.0,2026-04-28,Delhi,Student,268.61,1037.18,444.51
SS102088,Karan Joshi,Accessories,Sling Bag,1,332.42,15.0,2026-04-28,Hyderabad,Casual Shopper,72.6,282.56,49.86
SS102561,Yash Nair,Shirts,Denim Shirt,1,1476.78,5.0,2026-04-28,Noida,Working Professional,336.83,1402.94,73.84
SS100668,Tanya Malhotra,T-Shirts,Typography Tee,3,947.16,5.0,2026-04-29,Delhi,Casual Shopper,903.12,2699.41,142.07
SS100734,Anika Verma,Hoodies,Zip Hoodie,1,1790.63,10.0,2026-04-29,Lucknow,Working Professional,493.96,1611.57,179.06
SS100792,Riya Shah,Hoodies,Zip Hoodie,2,1747.47,25.0,2026-04-29,Hyderabad,Premium Shopper,825.75,2621.2,873.74
SS100840,Isha Nair,T-Shirts,Typography Tee,4,1098.36,10.0,2026-04-29,Hyderabad,Working Professional,1184.52,3954.1,439.34
SS100505,Aditi Singh,T-Shirts,Oversized Graphic Tee,4,708.29,15.0,2026-04-30,Ahmedabad,Premium Shopper,777.63,2408.19,424.97
SS100785,Shreya Shah,Bottomwear,Track Pants,2,1877.23,15.0,2026-04-30,Mumbai,Casual Shopper,735.91,3191.29,563.17
SS101011,Kritika Patel,Bottomwear,Track Pants,4,2164.42,20.0,2026-04-30,Jaipur,Working Professional,1771.52,6926.14,1731.54
SS101060,Ishaan Joshi,Bottomwear,Cargo Pants,1,1395.9,35.0,2026-04-30,Bengaluru,Working Professional,246.35,907.34,488.57
SS101336,Isha Joshi,T-Shirts,Anime Printed Tee,2,517.88,25.0,2026-04-30,Noida,Student,153.92,776.82,258.94
SS101848,Neha Chopra,Bottomwear,Track Pants,5,1053.06,5.0,2026-04-30,Jaipur,Working Professional,1478.53,5002.03,263.27
SS102730,Kritika Saxena,Accessories,Socks Pack,2,854.08,5.0,2026-04-30,Mumbai,Premium Shopper,709.3,1622.75,85.41
SS100030,Yash Jain,Shirts,Casual Printed Shirt,1,1802.98,25.0,2026-05-01,Ahmedabad,Student,329.31,1352.24,450.74
SS102399,Aditi Singh,Shirts,Casual Printed Shirt,2,1829.19,0.0,2026-05-01,Jaipur,Casual Shopper,1038.98,3658.38,0.0
SS100274,Simran Das,Hoodies,Graphic Pullover Hoodie,1,2383.76,35.0,2026-05-02,Surat,Student,325.81,1549.44,834.32
SS101878,Tanya Reddy,T-Shirts,Marvel Graphic Tee,5,898.11,25.0,2026-05-02,Pune,Working Professional,946.81,3367.91,1122.64
SS102413,Riya Gupta,T-Shirts,Marvel Graphic Tee,1,552.54,20.0,2026-05-02,Pune,Casual Shopper,89.56,442.03,110.51
SS102789,Aarav Singh,Bottomwear,Track Pants,3,1363.95,25.0,2026-05-02,Kolkata,Casual Shopper,689.39,3068.89,1022.96
SS102999,Manya Kapoor,Bottomwear,Cargo Pants,3,1467.61,5.0,2026-05-02,Gurugram,Casual Shopper,1138.82,4182.69,220.14
SS100440,Neha Singh,T-Shirts,Oversized Graphic Tee,3,1320.58,10.0,2026-05-03,Chandigarh,Working Professional,1122.79,3565.57,396.17
SS100510,Kritika Chopra,Shirts,Oversized Shirt,2,1392.33,5.0,2026-05-03,Gurugram,Working Professional,786.73,2645.43,139.23
SS100727,Tanya Gupta,Accessories,Backpack,1,1161.33,15.0,2026-05-03,Kolkata,Casual Shopper,232.43,987.13,174.2
SS101478,Sneha Mishra,Accessories,Backpack,5,1175.31,15.0,2026-05-03,Lucknow,Young Professional,1722.63,4995.07,881.48
SS102085,Rahul Jain,Hoodies,Oversized Hoodie,1,2247.99,30.0,2026-05-03,Jaipur,Casual Shopper,452.61,1573.59,674.4
SS100749,Kritika Saxena,Shirts,Oversized Shirt,2,1134.11,25.0,2026-05-04,Kolkata,Student,461.75,1701.16,567.05
SS100763,Neha Verma,Accessories,Sling Bag,2,796.98,25.0,2026-05-04,Chennai,Student,350.83,1195.47,398.49
SS100820,Rahul Chopra,Accessories,Graphic Cap,1,612.25,5.0,2026-05-04,Surat,Student,187.86,581.64,30.61
SS100893,Diya Jain,Hoodies,Graphic Pullover Hoodie,4,2517.27,5.0,2026-05-04,Bengaluru,Working Professional,2841.94,9565.63,503.45
SS102481,Kabir Mishra,Bottomwear,Cargo Pants,1,2061.04,5.0,2026-05-04,Bengaluru,Student,570.38,1957.99,103.05
SS102891,Shreya Mehta,Shirts,Oversized Shirt,1,1271.83,10.0,2026-05-04,Surat,Premium Shopper,327.03,1144.65,127.18
SS100948,Sneha Das,Bottomwear,Relaxed Jeans,1,1657.54,10.0,2026-05-05,Mumbai,Casual Shopper,402.88,1491.79,165.75
SS101798,Karan Kapoor,T-Shirts,Marvel Graphic Tee,3,1030.99,30.0,2026-05-05,Chennai,Young Professional,586.09,2165.08,927.89
SS100564,Priya Sharma,Hoodies,Zip Hoodie,1,2991.53,20.0,2026-05-06,Ahmedabad,Young Professional,637.89,2393.22,598.31
SS100665,Ananya Sharma,T-Shirts,Marvel Graphic Tee,1,1041.03,10.0,2026-05-06,Surat,Working Professional,324.75,936.93,104.1
SS101416,Kritika Verma,T-Shirts,Marvel Graphic Tee,2,1304.02,15.0,2026-05-06,Surat,Young Professional,626.37,2216.83,391.21
SS102377,Priya Sharma,Accessories,Graphic Cap,1,1129.18,20.0,2026-05-06,Delhi,Premium Shopper,336.63,903.34,225.84
SS100231,Shreya Kapoor,Hoodies,Fleece Hoodie,2,2333.57,10.0,2026-05-07,Hyderabad,Working Professional,1268.92,4200.43,466.71
SS100932,Diya Joshi,Bottomwear,Cargo Pants,3,2079.62,25.0,2026-05-07,Kolkata,Casual Shopper,1071.95,4679.14,1559.72
SS101303,Kabir Reddy,Shirts,Oversized Shirt,2,1422.97,25.0,2026-05-07,Jaipur,Working Professional,579.85,2134.46,711.49
SS102587,Kabir Saxena,Shirts,Oversized Shirt,5,1929.82,20.0,2026-05-07,Jaipur,Casual Shopper,2096.03,7719.28,1929.82
SS102885,Aanya Gupta,Bottomwear,Joggers,2,1126.57,10.0,2026-05-07,Chennai,Casual Shopper,551.13,2027.83,225.31
SS100417,Aanya Das,T-Shirts,Classic Logo Tee,4,1245.74,15.0,2026-05-08,Bengaluru,Young Professional,1162.88,4235.52,747.44
SS100582,Aditi Verma,Hoodies,Fleece Hoodie,1,2876.25,15.0,2026-05-08,Chandigarh,Casual Shopper,628.36,2444.81,431.44
SS100879,Aditi Gupta,T-Shirts,Oversized Graphic Tee,1,837.97,20.0,2026-05-08,Pune,Casual Shopper,162.11,670.38,167.59
SS101923,Kritika Mehta,Hoodies,Graphic Pullover Hoodie,5,1636.3,20.0,2026-05-08,Surat,Casual Shopper,1695.21,6545.2,1636.3
SS102112,Shreya Jain,T-Shirts,Typography Tee,1,1426.81,20.0,2026-05-08,Surat,Premium Shopper,348.94,1141.45,285.36
SS100642,Kritika Shah,T-Shirts,Classic Logo Tee,3,1303.26,25.0,2026-05-09,Gurugram,Young Professional,802.13,2932.34,977.44
SS101461,Diya Mishra,Shirts,Denim Shirt,1,1812.28,10.0,2026-05-09,Kolkata,Casual Shopper,395.55,1631.05,181.23
SS101522,Nisha Chopra,Hoodies,Oversized Hoodie,1,2290.1,5.0,2026-05-09,Surat,Working Professional,657.67,2175.59,114.51
SS102313,Kabir Mehta,Shirts,Denim Shirt,2,1526.43,30.0,2026-05-09,Chennai,Young Professional,591.5,2137.0,915.86
SS102877,Kritika Saxena,T-Shirts,Typography Tee,3,1247.92,15.0,2026-05-09,Delhi,Student,884.03,3182.2,561.56
SS100269,Kabir Malhotra,T-Shirts,Anime Printed Tee,3,693.79,0.0,2026-05-10,Pune,Young Professional,692.12,2081.37,0.0
SS100498,Shreya Singh,Bottomwear,Relaxed Jeans,1,2286.56,10.0,2026-05-10,Pune,Student,486.04,2057.9,228.66
SS101827,Aditya Joshi,Bottomwear,Cargo Pants,1,1305.73,25.0,2026-05-10,Pune,Premium Shopper,327.3,979.3,326.43
SS101986,Vivaan Jain,Accessories,Graphic Cap,1,1190.28,10.0,2026-05-10,Ahmedabad,Student,338.52,1071.25,119.03
SS102111,Aanya Mehta,T-Shirts,Anime Printed Tee,3,1228.03,20.0,2026-05-10,Surat,Premium Shopper,934.73,2947.27,736.82
SS102810,Aanya Kumar,T-Shirts,Oversized Graphic Tee,1,1054.02,15.0,2026-05-10,Chennai,Working Professional,281.5,895.92,158.1
SS101109,Sakshi Reddy,T-Shirts,Anime Printed Tee,1,1078.54,35.0,2026-05-11,Surat,Working Professional,248.06,701.05,377.49
SS101158,Diya Verma,Bottomwear,Relaxed Jeans,3,1329.16,5.0,2026-05-11,Kolkata,Student,1055.15,3788.11,199.37
SS102167,Simran Saxena,T-Shirts,Anime Printed Tee,2,1251.15,15.0,2026-05-11,Chandigarh,Student,592.96,2126.96,375.35
SS100397,Tanya Joshi,Hoodies,Zip Hoodie,2,2394.52,5.0,2026-05-12,Ahmedabad,Working Professional,1449.27,4549.59,239.45
SS101896,Pooja Joshi,Shirts,Oversized Shirt,5,1917.33,25.0,2026-05-12,Bengaluru,Casual Shopper,1847.81,7189.99,2396.66
SS102910,Diya Kapoor,T-Shirts,Oversized Graphic Tee,1,1143.37,25.0,2026-05-12,Gurugram,Student,259.21,857.53,285.84
SS100202,Diya Joshi,T-Shirts,Anime Printed Tee,2,887.85,25.0,2026-05-13,Noida,Working Professional,312.13,1331.78,443.92
SS100526,Aditya Singh,Hoodies,Fleece Hoodie,5,1497.69,5.0,2026-05-13,Chandigarh,Working Professional,2148.14,7114.03,374.42
SS100666,Manya Nair,T-Shirts,Anime Printed Tee,2,1418.04,0.0,2026-05-13,Gurugram,Working Professional,911.86,2836.08,0.0
SS101782,Aarav Singh,Hoodies,Oversized Hoodie,3,1831.14,10.0,2026-05-13,Noida,Working Professional,1504.58,4944.08,549.34
SS101906,Anika Kumar,Bottomwear,Cargo Pants,2,2107.21,10.0,2026-05-13,Gurugram,Working Professional,1120.55,3792.98,421.44
SS102134,Ananya Malhotra,Shirts,Casual Printed Shirt,1,1624.17,0.0,2026-05-13,Surat,Casual Shopper,378.39,1624.17,0.0
SS102619,Neha Chopra,T-Shirts,Typography Tee,1,1204.94,10.0,2026-05-13,Noida,Premium Shopper,372.02,1084.45,120.49
SS102714,Kavya Singh,T-Shirts,Oversized Graphic Tee,1,888.55,15.0,2026-05-13,Gurugram,Student,185.1,755.27,133.28
SS100309,Anika Malhotra,T-Shirts,Anime Printed Tee,1,656.66,10.0,2026-05-14,Gurugram,Working Professional,135.52,590.99,65.67
SS100790,Neha Singh,T-Shirts,Marvel Graphic Tee,1,927.02,10.0,2026-05-14,Delhi,Student,305.2,834.32,92.7
SS101174,Manya Kumar,Shirts,Denim Shirt,1,1306.0,15.0,2026-05-14,Bengaluru,Young Professional,302.83,1110.1,195.9
SS101287,Priya Reddy,Hoodies,Graphic Pullover Hoodie,1,1299.09,20.0,2026-05-14,Surat,Working Professional,170.19,1039.27,259.82
SS101384,Diya Das,Shirts,Oversized Shirt,1,1829.95,10.0,2026-05-14,Bengaluru,Working Professional,451.69,1646.96,182.99
SS101564,Sneha Saxena,Accessories,Graphic Cap,3,1112.18,10.0,2026-05-14,Mumbai,Casual Shopper,1137.55,3002.89,333.65
SS101578,Pooja Mishra,Shirts,Casual Printed Shirt,2,1206.93,10.0,2026-05-14,Bengaluru,Working Professional,613.89,2172.47,241.39
SS102842,Kavya Sharma,Bottomwear,Relaxed Jeans,2,1342.48,20.0,2026-05-14,Kolkata,Working Professional,528.73,2147.97,536.99
SS100211,Tanya Patel,Shirts,Oversized Shirt,3,1234.74,5.0,2026-05-15,Jaipur,Young Professional,1044.52,3519.01,185.21
SS100435,Nisha Malhotra,Shirts,Oversized Shirt,4,1407.7,15.0,2026-05-15,Lucknow,Premium Shopper,1454.06,4786.18,844.62
SS100468,Arjun Chopra,T-Shirts,Oversized Graphic Tee,3,1117.35,10.0,2026-05-15,Hyderabad,Casual Shopper,873.11,3016.84,335.2
SS100628,Rohan Jain,T-Shirts,Classic Logo Tee,1,1179.05,15.0,2026-05-15,Ahmedabad,Student,363.75,1002.19,176.86
SS100877,Aanya Reddy,Shirts,Denim Shirt,1,1152.7,15.0,2026-05-15,Gurugram,Young Professional,293.03,979.8,172.91
SS101244,Anika Saxena,Accessories,Sling Bag,3,1032.92,15.0,2026-05-15,Ahmedabad,Working Professional,970.29,2633.95,464.81
SS101679,Aarav Malhotra,Shirts,Oversized Shirt,2,1142.24,5.0,2026-05-15,Chandigarh,Casual Shopper,584.68,2170.26,114.22
SS102519,Karan Sharma,Accessories,Sling Bag,2,858.3,20.0,2026-05-15,Jaipur,Student,410.54,1373.28,343.32
SS102636,Pooja Saxena,Bottomwear,Track Pants,3,1494.95,10.0,2026-05-15,Mumbai,Casual Shopper,1082.54,4036.36,448.49
SS100118,Karan Jain,Bottomwear,Joggers,2,1683.49,10.0,2026-05-16,Delhi,Casual Shopper,643.86,3030.28,336.7
SS100620,Aditya Jain,T-Shirts,Anime Printed Tee,3,951.32,20.0,2026-05-16,Pune,Working Professional,669.38,2283.17,570.79
SS100896,Kabir Jain,T-Shirts,Classic Logo Tee,1,635.97,10.0,2026-05-16,Pune,Student,223.06,572.37,63.6
SS102148,Priya Kapoor,Hoodies,Oversized Hoodie,1,2586.16,40.0,2026-05-16,Ahmedabad,Student,361.84,1551.7,1034.46
SS102386,Ananya Mishra,Hoodies,Graphic Pullover Hoodie,2,2026.38,30.0,2026-05-16,Hyderabad,Casual Shopper,740.11,2836.93,1215.83
SS100259,Manya Joshi,T-Shirts,Classic Logo Tee,1,1282.29,20.0,2026-05-17,Ahmedabad,Working Professional,342.21,1025.83,256.46
SS101807,Pooja Chopra,T-Shirts,Anime Printed Tee,2,949.9,25.0,2026-05-17,Mumbai,Young Professional,368.73,1424.85,474.95
SS102844,Tanya Mehta,Shirts,Denim Shirt,1,1395.7,0.0,2026-05-17,Chennai,Student,409.21,1395.7,0.0
SS100504,Yash Singh,Shirts,Oversized Shirt,1,1398.93,25.0,2026-05-18,Chandigarh,Premium Shopper,324.89,1049.2,349.73
SS100575,Meera Das,Bottomwear,Track Pants,1,2056.37,5.0,2026-05-18,Gurugram,Working Professional,613.94,1953.55,102.82
SS100697,Yash Nair,Shirts,Denim Shirt,2,1281.55,5.0,2026-05-18,Mumbai,Working Professional,768.63,2434.94,128.16
SS101097,Rohan Shah,T-Shirts,Typography Tee,3,1476.71,10.0,2026-05-18,Delhi,Working Professional,1180.84,3987.12,443.01
SS102165,Ananya Saxena,Bottomwear,Relaxed Jeans,2,1979.74,20.0,2026-05-18,Bengaluru,Casual Shopper,765.8,3167.58,791.9
SS101214,Vivaan Reddy,Shirts,Oversized Shirt,1,1257.48,40.0,2026-05-19,Chandigarh,Working Professional,168.25,754.49,502.99
SS102988,Manya Verma,Shirts,Oversized Shirt,1,1800.15,5.0,2026-05-19,Gurugram,Premium Shopper,587.9,1710.14,90.01
SS100183,Shreya Patel,Bottomwear,Track Pants,1,1157.27,20.0,2026-05-20,Chennai,Young Professional,199.51,925.82,231.45
SS100570,Aarav Singh,Hoodies,Zip Hoodie,2,1673.22,0.0,2026-05-20,Ahmedabad,Working Professional,1055.19,3346.44,0.0
SS101071,Rahul Shah,T-Shirts,Marvel Graphic Tee,1,1095.47,10.0,2026-05-20,Hyderabad,Young Professional,327.09,985.92,109.55
SS102224,Shreya Shah,T-Shirts,Typography Tee,1,571.97,5.0,2026-05-20,Noida,Young Professional,126.71,543.37,28.6
SS100170,Kavya Singh,Shirts,Denim Shirt,2,1378.15,10.0,2026-05-21,Gurugram,Young Professional,748.23,2480.67,275.63
SS101154,Vivaan Gupta,Shirts,Oversized Shirt,3,1532.1,20.0,2026-05-21,Lucknow,Young Professional,1025.39,3677.04,919.26
SS101543,Neha Gupta,T-Shirts,Classic Logo Tee,1,878.9,10.0,2026-05-21,Bengaluru,Young Professional,257.93,791.01,87.89
SS100382,Manya Nair,Shirts,Casual Printed Shirt,1,1859.91,35.0,2026-05-22,Chennai,Student,288.22,1208.94,650.97
SS102572,Yash Agarwal,T-Shirts,Marvel Graphic Tee,3,1304.93,10.0,2026-05-22,Kolkata,Working Professional,1069.18,3523.31,391.48
SS100395,Ishaan Saxena,Bottomwear,Joggers,1,2261.16,0.0,2026-05-23,Noida,Working Professional,723.92,2261.16,0.0
SS101274,Riya Shah,Hoodies,Oversized Hoodie,2,1764.66,20.0,2026-05-23,Pune,Working Professional,759.56,2823.46,705.86
SS102160,Manya Saxena,Shirts,Oversized Shirt,4,1182.97,25.0,2026-05-23,Kolkata,Student,797.25,3548.91,1182.97
SS100029,Arjun Jain,T-Shirts,Anime Printed Tee,4,667.83,30.0,2026-05-24,Chandigarh,Premium Shopper,552.13,1869.92,801.4
SS100392,Meera Saxena,Hoodies,Graphic Pullover Hoodie,1,1419.56,15.0,2026-05-24,Hyderabad,Casual Shopper,479.47,1206.63,212.93
SS101636,Tanya Das,Hoodies,Oversized Hoodie,2,2377.21,20.0,2026-05-24,Noida,Working Professional,1140.75,3803.54,950.88
SS102923,Karan Saxena,T-Shirts,Classic Logo Tee,2,627.58,10.0,2026-05-24,Kolkata,Premium Shopper,386.42,1129.64,125.52
SS100295,Arjun Joshi,Hoodies,Zip Hoodie,3,1837.36,10.0,2026-05-25,Jaipur,Student,1279.5,4960.87,551.21
SS100476,Aarav Reddy,T-Shirts,Classic Logo Tee,2,669.76,20.0,2026-05-25,Chennai,Working Professional,331.24,1071.62,267.9
SS100671,Diya Saxena,Bottomwear,Relaxed Jeans,1,1580.65,15.0,2026-05-25,Pune,Casual Shopper,288.88,1343.55,237.1
SS100807,Ananya Saxena,Bottomwear,Cargo Pants,1,1753.83,40.0,2026-05-25,Kolkata,Premium Shopper,257.0,1052.3,701.53
SS101474,Sneha Joshi,T-Shirts,Marvel Graphic Tee,1,574.55,30.0,2026-05-25,Surat,Premium Shopper,155.15,402.18,172.36
SS101523,Pooja Mehta,T-Shirts,Oversized Graphic Tee,1,900.65,15.0,2026-05-25,Lucknow,Young Professional,244.51,765.55,135.1
SS100102,Simran Sharma,T-Shirts,Marvel Graphic Tee,3,594.75,15.0,2026-05-26,Chennai,Young Professional,440.28,1516.61,267.64
SS100377,Nisha Sharma,T-Shirts,Marvel Graphic Tee,1,921.45,20.0,2026-05-26,Mumbai,Young Professional,216.42,737.16,184.29
SS100979,Aanya Reddy,Shirts,Casual Printed Shirt,2,1134.73,25.0,2026-05-26,Surat,Student,442.08,1702.1,567.36
SS101203,Aditya Malhotra,T-Shirts,Oversized Graphic Tee,4,1215.16,25.0,2026-05-26,Delhi,Student,992.4,3645.48,1215.16
SS101369,Neha Joshi,T-Shirts,Oversized Graphic Tee,2,788.18,5.0,2026-05-26,Noida,Working Professional,432.42,1497.54,78.82
SS101783,Ananya Bansal,Shirts,Oversized Shirt,1,1800.85,5.0,2026-05-26,Chandigarh,Premium Shopper,549.18,1710.81,90.04
SS102651,Sneha Jain,Hoodies,Oversized Hoodie,1,1982.23,15.0,2026-05-26,Noida,Student,377.63,1684.9,297.33
SS102752,Neha Reddy,T-Shirts,Oversized Graphic Tee,1,1343.43,0.0,2026-05-26,Kolkata,Premium Shopper,365.74,1343.43,0.0
SS100225,Aditya Chopra,T-Shirts,Typography Tee,2,499.24,20.0,2026-05-27,Bengaluru,Working Professional,259.85,798.78,199.7
SS100413,Kabir Das,Shirts,Denim Shirt,5,1564.61,35.0,2026-05-27,Chandigarh,Premium Shopper,1305.52,5084.98,2738.07
SS100756,Sakshi Mishra,Shirts,Oversized Shirt,2,1489.89,35.0,2026-05-27,Noida,Working Professional,534.06,1936.86,1042.92
SS101309,Ishaan Kapoor,Accessories,Sling Bag,1,882.02,10.0,2026-05-27,Hyderabad,Young Professional,262.94,793.82,88.2
SS100053,Isha Patel,Bottomwear,Joggers,2,1084.7,0.0,2026-05-28,Noida,Premium Shopper,606.19,2169.4,0.0
SS102116,Anika Chopra,Hoodies,Zip Hoodie,1,1310.83,25.0,2026-05-28,Jaipur,Student,234.94,983.12,327.71
SS102691,Rohan Bansal,Shirts,Oversized Shirt,3,1587.43,15.0,2026-05-28,Mumbai,Student,1047.31,4047.95,714.34
SS101073,Sneha Jain,T-Shirts,Oversized Graphic Tee,3,578.65,20.0,2026-05-29,Chandigarh,Working Professional,312.93,1388.76,347.19
SS101085,Sneha Joshi,Hoodies,Zip Hoodie,1,2483.06,15.0,2026-05-29,Noida,Casual Shopper,607.3,2110.6,372.46
SS101146,Riya Kumar,Accessories,Backpack,1,696.23,10.0,2026-05-29,Noida,Student,203.29,626.61,69.62
SS101440,Aditi Shah,Bottomwear,Cargo Pants,1,2010.0,20.0,2026-05-29,Chandigarh,Young Professional,387.21,1608.0,402.0
SS102119,Ishaan Das,Bottomwear,Track Pants,2,1389.32,35.0,2026-05-29,Bengaluru,Premium Shopper,444.75,1806.12,972.52
SS102369,Aditi Reddy,Accessories,Graphic Cap,1,750.34,25.0,2026-05-29,Ahmedabad,Premium Shopper,159.86,562.76,187.59
SS101159,Tanya Shah,T-Shirts,Classic Logo Tee,3,700.17,15.0,2026-05-30,Chennai,Young Professional,490.66,1785.43,315.08
SS102189,Aditya Mehta,Shirts,Oversized Shirt,1,1148.7,15.0,2026-05-30,Kolkata,Working Professional,303.4,976.4,172.31
SS102367,Aditi Joshi,Shirts,Casual Printed Shirt,1,1336.75,20.0,2026-05-30,Lucknow,Premium Shopper,287.34,1069.4,267.35
SS102624,Riya Gupta,Hoodies,Fleece Hoodie,1,2000.7,15.0,2026-05-30,Delhi,Young Professional,315.96,1700.6,300.1
SS100175,Aditya Verma,T-Shirts,Typography Tee,2,748.96,15.0,2026-05-31,Gurugram,Student,303.01,1273.23,224.69
SS100344,Manya Saxena,Hoodies,Zip Hoodie,2,1865.02,5.0,2026-05-31,Chennai,Working Professional,1055.37,3543.54,186.5
SS101211,Anika Kapoor,Hoodies,Oversized Hoodie,1,2196.21,20.0,2026-05-31,Jaipur,Young Professional,477.85,1756.97,439.24
SS101286,Manya Bansal,T-Shirts,Anime Printed Tee,3,1227.47,20.0,2026-05-31,Pune,Working Professional,830.82,2945.93,736.48
SS101743,Arjun Saxena,T-Shirts,Typography Tee,4,631.16,40.0,2026-05-31,Chennai,Student,334.73,1514.78,1009.86
SS101940,Meera Kapoor,T-Shirts,Marvel Graphic Tee,4,1357.99,25.0,2026-05-31,Surat,Working Professional,1202.56,4073.97,1357.99
SS102186,Diya Shah,Bottomwear,Cargo Pants,2,2073.26,10.0,2026-05-31,Surat,Student,957.93,3731.87,414.65
SS102456,Aditi Jain,Hoodies,Graphic Pullover Hoodie,5,2635.51,0.0,2026-05-31,Noida,Student,3639.9,13177.55,0.0
SS102545,Priya Reddy,Hoodies,Oversized Hoodie,2,2516.36,30.0,2026-05-31,Gurugram,Premium Shopper,926.9,3522.9,1509.82
SS101182,Priya Agarwal,Shirts,Denim Shirt,1,1262.87,0.0,2026-06-01,Delhi,Casual Shopper,363.13,1262.87,0.0
SS102142,Rahul Agarwal,Shirts,Casual Printed Shirt,2,1146.39,35.0,2026-06-01,Mumbai,Premium Shopper,466.17,1490.31,802.47
SS100532,Karan Kapoor,Bottomwear,Track Pants,2,1095.07,35.0,2026-06-02,Chennai,Working Professional,256.98,1423.59,766.55
SS102604,Aanya Das,T-Shirts,Oversized Graphic Tee,2,1295.3,5.0,2026-06-02,Mumbai,Student,679.42,2461.07,129.53
SS100745,Neha Patel,Bottomwear,Joggers,1,1672.72,5.0,2026-06-03,Chandigarh,Working Professional,411.12,1589.08,83.64
SS100870,Diya Agarwal,Hoodies,Zip Hoodie,2,1732.02,0.0,2026-06-03,Delhi,Young Professional,1016.37,3464.04,0.0
SS101149,Anika Bansal,Bottomwear,Joggers,4,1774.1,5.0,2026-06-03,Lucknow,Young Professional,1876.8,6741.58,354.82
SS101772,Ishaan Singh,Bottomwear,Track Pants,1,1580.93,15.0,2026-06-03,Pune,Premium Shopper,390.85,1343.79,237.14
SS102328,Anika Kapoor,Shirts,Denim Shirt,4,1112.11,5.0,2026-06-03,Hyderabad,Premium Shopper,1318.0,4226.02,222.42
SS100236,Priya Mehta,T-Shirts,Anime Printed Tee,2,895.25,10.0,2026-06-04,Noida,Working Professional,551.61,1611.45,179.05
SS100854,Diya Agarwal,T-Shirts,Typography Tee,4,1456.84,10.0,2026-06-04,Bengaluru,Casual Shopper,1587.5,5244.62,582.74
SS101267,Anika Singh,Hoodies,Zip Hoodie,5,1591.73,20.0,2026-06-04,Jaipur,Premium Shopper,1807.31,6366.92,1591.73
SS101021,Isha Gupta,T-Shirts,Classic Logo Tee,5,537.2,10.0,2026-06-05,Kolkata,Student,707.18,2417.4,268.6
SS101646,Aanya Bansal,T-Shirts,Anime Printed Tee,2,644.63,20.0,2026-06-05,Mumbai,Young Professional,287.16,1031.41,257.85
SS101725,Arjun Verma,T-Shirts,Typography Tee,1,829.29,10.0,2026-06-06,Hyderabad,Premium Shopper,230.53,746.36,82.93
SS102197,Priya Mehta,Bottomwear,Joggers,1,2080.22,0.0,2026-06-06,Gurugram,Student,661.09,2080.22,0.0
SS102264,Aditya Nair,Shirts,Casual Printed Shirt,2,1906.02,10.0,2026-06-06,Jaipur,Student,925.25,3430.84,381.2
SS102723,Sakshi Agarwal,Hoodies,Graphic Pullover Hoodie,2,2833.72,20.0,2026-06-06,Bengaluru,Premium Shopper,1307.2,4533.95,1133.49
SS100143,Kavya Joshi,T-Shirts,Anime Printed Tee,2,1204.06,20.0,2026-06-07,Ahmedabad,Working Professional,603.03,1926.5,481.62
SS102228,Aditi Nair,T-Shirts,Oversized Graphic Tee,1,1099.74,20.0,2026-06-07,Mumbai,Working Professional,258.6,879.79,219.95
SS102686,Aditi Shah,T-Shirts,Marvel Graphic Tee,1,574.02,35.0,2026-06-07,Surat,Premium Shopper,97.17,373.11,200.91
SS102739,Karan Kapoor,T-Shirts,Anime Printed Tee,1,764.54,20.0,2026-06-07,Lucknow,Student,183.46,611.63,152.91
SS102802,Rohan Reddy,Bottomwear,Joggers,2,1247.62,20.0,2026-06-07,Delhi,Working Professional,465.4,1996.19,499.05
SS100082,Ananya Nair,T-Shirts,Anime Printed Tee,2,1187.29,30.0,2026-06-08,Mumbai,Working Professional,468.23,1662.21,712.37
SS100652,Aanya Nair,Shirts,Casual Printed Shirt,4,1612.03,25.0,2026-06-08,Pune,Working Professional,1351.89,4836.09,1612.03
SS101963,Kritika Bansal,Hoodies,Graphic Pullover Hoodie,1,2669.23,15.0,2026-06-08,Mumbai,Premium Shopper,686.73,2268.85,400.38
SS102330,Ananya Bansal,T-Shirts,Marvel Graphic Tee,1,1011.59,0.0,2026-06-08,Noida,Premium Shopper,402.88,1011.59,0.0
SS102474,Sakshi Jain,Hoodies,Oversized Hoodie,1,2994.77,15.0,2026-06-08,Noida,Young Professional,673.98,2545.55,449.22
SS102808,Ananya Mishra,Hoodies,Zip Hoodie,2,2424.72,35.0,2026-06-08,Hyderabad,Premium Shopper,751.2,3152.14,1697.3
SS100769,Karan Malhotra,Accessories,Sling Bag,2,1109.73,0.0,2026-06-09,Gurugram,Casual Shopper,800.19,2219.46,0.0
SS100919,Rohan Shah,T-Shirts,Typography Tee,2,841.27,10.0,2026-06-09,Noida,Young Professional,468.01,1514.29,168.25
SS101221,Vivaan Mehta,T-Shirts,Anime Printed Tee,1,966.85,15.0,2026-06-09,Hyderabad,Working Professional,275.98,821.82,145.03
SS101372,Meera Nair,Accessories,Sling Bag,1,962.7,30.0,2026-06-09,Kolkata,Casual Shopper,260.91,673.89,288.81
SS101944,Kavya Reddy,Accessories,Backpack,4,414.4,15.0,2026-06-09,Kolkata,Young Professional,561.3,1408.96,248.64
SS101961,Ananya Joshi,Hoodies,Fleece Hoodie,4,2185.72,35.0,2026-06-09,Noida,Young Professional,1258.25,5682.87,3060.01
SS102218,Isha Mishra,Bottomwear,Relaxed Jeans,2,1140.32,35.0,2026-06-09,Mumbai,Young Professional,336.55,1482.42,798.22
SS102423,Aanya Malhotra,Hoodies,Graphic Pullover Hoodie,2,1347.67,15.0,2026-06-09,Hyderabad,Casual Shopper,659.7,2291.04,404.3
SS102833,Aditi Malhotra,T-Shirts,Anime Printed Tee,3,1109.51,25.0,2026-06-09,Bengaluru,Working Professional,834.9,2496.4,832.13
SS102966,Aanya Mishra,Accessories,Backpack,1,337.68,25.0,2026-06-09,Bengaluru,Student,111.35,253.26,84.42
SS102347,Karan Gupta,Hoodies,Oversized Hoodie,3,2637.45,5.0,2026-06-10,Surat,Working Professional,2290.53,7516.73,395.62
SS102466,Meera Chopra,Hoodies,Zip Hoodie,2,2690.52,5.0,2026-06-10,Kolkata,Working Professional,1527.42,5111.99,269.05
SS102648,Isha Mishra,Hoodies,Graphic Pullover Hoodie,3,1803.05,25.0,2026-06-10,Delhi,Working Professional,1159.92,4056.86,1352.29
SS102790,Karan Mishra,Shirts,Oversized Shirt,1,1696.95,15.0,2026-06-10,Gurugram,Student,365.99,1442.41,254.54
SS100189,Diya Sharma,T-Shirts,Anime Printed Tee,1,1383.25,20.0,2026-06-11,Delhi,Young Professional,304.0,1106.6,276.65
SS100336,Rahul Das,Accessories,Graphic Cap,2,1001.74,15.0,2026-06-11,Ahmedabad,Casual Shopper,600.56,1702.96,300.52
SS100643,Ananya Reddy,T-Shirts,Marvel Graphic Tee,3,1158.16,15.0,2026-06-11,Surat,Working Professional,820.29,2953.31,521.17
SS100933,Isha Sharma,Hoodies,Zip Hoodie,1,2168.61,30.0,2026-06-11,Chandigarh,Casual Shopper,406.01,1518.03,650.58
SS101676,Manya Reddy,T-Shirts,Classic Logo Tee,4,1216.94,0.0,2026-06-11,Lucknow,Working Professional,1652.14,4867.76,0.0
SS102297,Diya Sharma,T-Shirts,Marvel Graphic Tee,3,1261.65,15.0,2026-06-11,Gurugram,Student,950.28,3217.21,567.74
SS101133,Tanya Shah,T-Shirts,Typography Tee,1,1332.27,15.0,2026-06-12,Delhi,Student,349.41,1132.43,199.84
SS101654,Ananya Joshi,T-Shirts,Marvel Graphic Tee,3,1144.28,20.0,2026-06-12,Chennai,Premium Shopper,811.52,2746.27,686.57
SS102594,Aditi Malhotra,T-Shirts,Classic Logo Tee,3,1111.17,20.0,2026-06-12,Pune,Young Professional,729.72,2666.81,666.7
SS102595,Kavya Shah,Accessories,Sling Bag,1,465.55,10.0,2026-06-12,Chennai,Working Professional,144.07,419.0,46.56
SS100374,Riya Agarwal,T-Shirts,Marvel Graphic Tee,1,1019.66,5.0,2026-06-13,Delhi,Working Professional,367.27,968.68,50.98
SS100841,Arjun Singh,Shirts,Denim Shirt,2,1359.63,15.0,2026-06-13,Surat,Premium Shopper,706.28,2311.37,407.89
SS102259,Aditya Singh,Hoodies,Oversized Hoodie,2,2716.66,5.0,2026-06-13,Ahmedabad,Premium Shopper,1560.51,5161.65,271.67
SS100497,Ishaan Agarwal,T-Shirts,Anime Printed Tee,1,948.91,20.0,2026-06-14,Bengaluru,Student,142.01,759.13,189.78
SS101228,Sneha Shah,Bottomwear,Cargo Pants,1,2063.71,20.0,2026-06-14,Chandigarh,Premium Shopper,433.82,1650.97,412.74
SS101777,Pooja Chopra,Hoodies,Fleece Hoodie,1,1415.88,25.0,2026-06-14,Lucknow,Young Professional,269.1,1061.91,353.97
SS102507,Priya Joshi,Hoodies,Oversized Hoodie,5,2303.0,30.0,2026-06-14,Surat,Young Professional,1989.34,8060.5,3454.5
SS100425,Kabir Singh,Shirts,Casual Printed Shirt,2,1806.84,10.0,2026-06-15,Bengaluru,Casual Shopper,912.44,3252.31,361.37
SS100513,Rahul Gupta,Bottomwear,Relaxed Jeans,1,1677.27,0.0,2026-06-15,Bengaluru,Young Professional,525.74,1677.27,0.0
SS100747,Aditi Malhotra,Shirts,Oversized Shirt,2,999.25,15.0,2026-06-15,Ahmedabad,Premium Shopper,477.99,1698.72,299.78
SS102114,Anika Gupta,Shirts,Oversized Shirt,2,1452.53,35.0,2026-06-15,Mumbai,Premium Shopper,514.87,1888.29,1016.77
SS102247,Kavya Mehta,Accessories,Sling Bag,1,818.28,20.0,2026-06-15,Mumbai,Young Professional,219.95,654.62,163.66
SS100937,Karan Gupta,Bottomwear,Relaxed Jeans,1,1875.34,25.0,2026-06-16,Kolkata,Young Professional,344.06,1406.5,468.84
SS100988,Karan Bansal,T-Shirts,Typography Tee,3,809.97,15.0,2026-06-16,Chennai,Casual Shopper,617.41,2065.42,364.49
SS101201,Ishaan Bansal,T-Shirts,Oversized Graphic Tee,2,1291.0,10.0,2026-06-16,Noida,Young Professional,708.17,2323.8,258.2
SS101202,Yash Reddy,T-Shirts,Classic Logo Tee,1,823.31,35.0,2026-06-16,Hyderabad,Premium Shopper,133.81,535.15,288.16
SS101713,Aarav Kapoor,Hoodies,Zip Hoodie,1,1476.43,10.0,2026-06-16,Bengaluru,Casual Shopper,353.41,1328.79,147.64
SS102261,Sakshi Verma,Shirts,Denim Shirt,1,1576.72,15.0,2026-06-16,Delhi,Working Professional,442.2,1340.21,236.51
SS101098,Karan Patel,Accessories,Backpack,2,406.92,30.0,2026-06-17,Bengaluru,Student,159.57,569.69,244.15
SS101430,Sneha Mishra,Hoodies,Fleece Hoodie,1,2481.65,20.0,2026-06-17,Hyderabad,Working Professional,517.72,1985.32,496.33
SS102720,Rahul Kapoor,Bottomwear,Cargo Pants,3,1535.46,15.0,2026-06-17,Noida,Student,883.42,3915.42,690.96
SS101179,Pooja Singh,Shirts,Casual Printed Shirt,1,1123.95,25.0,2026-06-18,Gurugram,Student,210.02,842.96,280.99
SS100179,Manya Patel,T-Shirts,Oversized Graphic Tee,1,985.06,25.0,2026-06-19,Noida,Working Professional,152.06,738.8,246.26
SS100716,Aditya Kapoor,Accessories,Backpack,3,1257.33,10.0,2026-06-19,Pune,Young Professional,1215.24,3394.79,377.2
SS100904,Pooja Singh,Hoodies,Graphic Pullover Hoodie,1,2466.31,40.0,2026-06-19,Ahmedabad,Student,266.31,1479.79,986.52
SS101103,Anika Bansal,Bottomwear,Track Pants,2,1653.07,25.0,2026-06-19,Chandigarh,Casual Shopper,536.38,2479.6,826.53
SS101391,Ishaan Reddy,T-Shirts,Marvel Graphic Tee,1,1047.84,15.0,2026-06-19,Ahmedabad,Young Professional,320.61,890.66,157.18
SS101496,Anika Joshi,Shirts,Oversized Shirt,2,909.18,20.0,2026-06-19,Chennai,Young Professional,439.22,1454.69,363.67
SS102522,Kritika Shah,T-Shirts,Anime Printed Tee,1,1100.03,25.0,2026-06-19,Kolkata,Young Professional,199.22,825.02,275.01
SS102597,Karan Chopra,Hoodies,Fleece Hoodie,3,2302.2,0.0,2026-06-19,Hyderabad,Working Professional,2124.08,6906.6,0.0
SS102947,Tanya Reddy,Hoodies,Fleece Hoodie,2,2810.46,15.0,2026-06-19,Chennai,Student,1153.66,4777.78,843.14
SS101312,Manya Patel,Shirts,Casual Printed Shirt,1,969.75,40.0,2026-06-20,Chandigarh,Casual Shopper,130.31,581.85,387.9
SS101649,Sneha Kapoor,Shirts,Oversized Shirt,1,1948.89,25.0,2026-06-20,Kolkata,Young Professional,444.18,1461.67,487.22
SS102230,Sakshi Malhotra,Accessories,Socks Pack,1,1292.5,20.0,2026-06-20,Pune,Student,369.92,1034.0,258.5
SS102445,Simran Bansal,T-Shirts,Oversized Graphic Tee,1,933.61,15.0,2026-06-20,Surat,Premium Shopper,231.36,793.57,140.04
SS102896,Karan Mishra,Hoodies,Fleece Hoodie,4,1993.43,35.0,2026-06-20,Kolkata,Student,1134.37,5182.92,2790.8
SS101208,Yash Kumar,T-Shirts,Marvel Graphic Tee,1,721.65,15.0,2026-06-21,Chennai,Student,152.64,613.4,108.25
SS101597,Kritika Saxena,T-Shirts,Typography Tee,1,926.69,15.0,2026-06-21,Mumbai,Premium Shopper,232.61,787.69,139.0
SS101784,Anika Nair,Shirts,Casual Printed Shirt,2,1508.34,15.0,2026-06-21,Hyderabad,Casual Shopper,702.75,2564.18,452.5
SS102383,Ananya Agarwal,Hoodies,Fleece Hoodie,2,2708.18,10.0,2026-06-21,Chandigarh,Student,1288.54,4874.72,541.64
SS102696,Kritika Reddy,Shirts,Casual Printed Shirt,1,1501.51,15.0,2026-06-21,Hyderabad,Student,262.72,1276.28,225.23
SS100145,Kavya Singh,T-Shirts,Oversized Graphic Tee,2,599.75,20.0,2026-06-22,Surat,Premium Shopper,246.6,959.6,239.9
SS101389,Ishaan Nair,Hoodies,Zip Hoodie,1,1675.55,0.0,2026-06-23,Delhi,Casual Shopper,447.2,1675.55,0.0
SS102118,Aditya Jain,T-Shirts,Anime Printed Tee,1,599.81,15.0,2026-06-23,Chandigarh,Casual Shopper,140.51,509.84,89.97
SS102232,Vivaan Jain,Bottomwear,Joggers,2,1934.92,20.0,2026-06-23,Ahmedabad,Working Professional,809.49,3095.87,773.97
SS102299,Diya Mehta,T-Shirts,Marvel Graphic Tee,4,733.19,5.0,2026-06-23,Lucknow,Young Professional,872.65,2786.12,146.64
SS100944,Arjun Das,T-Shirts,Typography Tee,3,518.04,40.0,2026-06-24,Gurugram,Working Professional,254.6,932.47,621.65
SS101072,Riya Saxena,T-Shirts,Marvel Graphic Tee,3,773.98,10.0,2026-06-24,Noida,Student,597.08,2089.75,232.19
SS101198,Rahul Jain,Accessories,Sling Bag,1,1235.57,20.0,2026-06-24,Gurugram,Working Professional,206.59,988.46,247.11
SS101356,Neha Patel,Bottomwear,Relaxed Jeans,2,1362.29,10.0,2026-06-24,Jaipur,Student,562.18,2452.12,272.46
SS102046,Arjun Agarwal,T-Shirts,Typography Tee,1,829.89,15.0,2026-06-24,Surat,Casual Shopper,244.94,705.41,124.48
SS100629,Pooja Bansal,T-Shirts,Classic Logo Tee,1,1134.16,20.0,2026-06-25,Gurugram,Casual Shopper,233.88,907.33,226.83
SS101006,Pooja Singh,Shirts,Casual Printed Shirt,1,1600.8,25.0,2026-06-25,Chandigarh,Student,218.16,1200.6,400.2
SS101655,Isha Gupta,Bottomwear,Track Pants,2,2239.09,15.0,2026-06-25,Ahmedabad,Casual Shopper,995.98,3806.45,671.73
SS101831,Neha Kapoor,Shirts,Denim Shirt,1,1721.98,10.0,2026-06-25,Ahmedabad,Young Professional,443.88,1549.78,172.2
SS102349,Riya Gupta,T-Shirts,Typography Tee,3,518.9,15.0,2026-06-25,Noida,Working Professional,395.18,1323.19,233.51
SS100156,Sneha Malhotra,Shirts,Denim Shirt,1,1268.94,15.0,2026-06-26,Gurugram,Working Professional,348.77,1078.6,190.34
SS100693,Diya Gupta,T-Shirts,Marvel Graphic Tee,5,1406.24,10.0,2026-06-26,Noida,Student,1777.19,6328.08,703.12
SS101095,Aanya Nair,T-Shirts,Anime Printed Tee,2,1013.93,0.0,2026-06-26,Chennai,Premium Shopper,650.34,2027.86,0.0
SS101898,Meera Sharma,Hoodies,Oversized Hoodie,1,2004.05,20.0,2026-06-26,Pune,Working Professional,390.18,1603.24,400.81
SS102339,Priya Chopra,Hoodies,Graphic Pullover Hoodie,1,1765.77,35.0,2026-06-26,Bengaluru,Casual Shopper,209.36,1147.75,618.02
SS100032,Rahul Patel,T-Shirts,Classic Logo Tee,5,1095.72,5.0,2026-06-27,Lucknow,Casual Shopper,1598.06,5204.67,273.93
SS100105,Aditi Verma,T-Shirts,Oversized Graphic Tee,1,862.73,35.0,2026-06-27,Kolkata,Premium Shopper,49.46,560.77,301.96
SS100663,Diya Gupta,T-Shirts,Typography Tee,1,1380.85,15.0,2026-06-27,Hyderabad,Working Professional,385.18,1173.72,207.13
SS100941,Tanya Verma,Shirts,Oversized Shirt,1,1837.99,15.0,2026-06-27,Noida,Working Professional,499.19,1562.29,275.7
SS102629,Isha Patel,Hoodies,Zip Hoodie,1,1351.33,0.0,2026-06-27,Hyderabad,Working Professional,376.2,1351.33,0.0
SS100599,Tanya Singh,T-Shirts,Typography Tee,2,815.1,40.0,2026-06-28,Chennai,Premium Shopper,311.83,978.12,652.08
SS102991,Priya Chopra,Accessories,Socks Pack,2,390.9,25.0,2026-06-28,Noida,Premium Shopper,116.85,586.35,195.45
SS100064,Kritika Chopra,T-Shirts,Anime Printed Tee,2,1097.31,30.0,2026-06-29,Delhi,Student,408.07,1536.23,658.39
SS101381,Isha Verma,Hoodies,Fleece Hoodie,2,2901.95,40.0,2026-06-29,Pune,Casual Shopper,675.66,3482.34,2321.56
SS101451,Yash Saxena,Shirts,Oversized Shirt,2,1281.51,25.0,2026-06-29,Lucknow,Young Professional,584.21,1922.26,640.76
SS101785,Yash Kumar,Bottomwear,Cargo Pants,1,1674.87,30.0,2026-06-29,Jaipur,Working Professional,253.87,1172.41,502.46
SS102493,Anika Agarwal,Hoodies,Oversized Hoodie,2,2226.12,30.0,2026-06-29,Kolkata,Premium Shopper,719.94,3116.57,1335.67
SS102701,Nisha Saxena,Bottomwear,Cargo Pants,1,1311.58,5.0,2026-06-29,Lucknow,Student,336.54,1246.0,65.58
SS100402,Ishaan Bansal,Hoodies,Zip Hoodie,3,2503.75,15.0,2026-06-30,Delhi,Student,1629.63,6384.56,1126.69
SS102989,Manya Das,Bottomwear,Cargo Pants,1,1118.84,20.0,2026-06-30,Ahmedabad,Casual Shopper,157.1,895.07,223.77
SS101494,Ishaan Kapoor,Shirts,Casual Printed Shirt,5,1314.83,25.0,2026-07-01,Chandigarh,Premium Shopper,1352.22,4930.61,1643.54
SS101527,Aanya Gupta,T-Shirts,Typography Tee,3,1343.21,15.0,2026-07-01,Bengaluru,Student,905.66,3425.19,604.44
SS102954,Sakshi Bansal,Bottomwear,Cargo Pants,2,1419.89,10.0,2026-07-01,Hyderabad,Student,584.03,2555.8,283.98
SS100363,Ananya Agarwal,Shirts,Oversized Shirt,1,923.19,15.0,2026-07-02,Delhi,Working Professional,312.65,784.71,138.48
SS100568,Riya Patel,Bottomwear,Joggers,3,1441.4,5.0,2026-07-02,Gurugram,Student,1019.78,4107.99,216.21
SS101620,Sneha Das,Hoodies,Fleece Hoodie,1,1846.98,0.0,2026-07-02,Bengaluru,Student,540.22,1846.98,0.0
SS101888,Rahul Joshi,Accessories,Socks Pack,3,801.13,15.0,2026-07-02,Kolkata,Student,701.85,2042.88,360.51
SS102764,Ananya Jain,T-Shirts,Anime Printed Tee,1,1087.94,15.0,2026-07-02,Gurugram,Student,245.94,924.75,163.19
SS100267,Sakshi Malhotra,Shirts,Denim Shirt,1,1653.09,5.0,2026-07-03,Mumbai,Working Professional,501.16,1570.44,82.65
SS100586,Aanya Shah,T-Shirts,Oversized Graphic Tee,1,590.48,10.0,2026-07-03,Chandigarh,Premium Shopper,123.09,531.43,59.05
SS100723,Aarav Bansal,Accessories,Graphic Cap,3,1147.42,0.0,2026-07-03,Hyderabad,Student,1158.86,3442.26,0.0
SS100782,Isha Malhotra,T-Shirts,Oversized Graphic Tee,4,675.19,15.0,2026-07-03,Hyderabad,Student,685.59,2295.65,405.11
SS101559,Kritika Kapoor,Bottomwear,Track Pants,1,1511.57,10.0,2026-07-03,Kolkata,Working Professional,401.47,1360.41,151.16
SS102033,Tanya Chopra,Bottomwear,Relaxed Jeans,1,1003.68,10.0,2026-07-03,Chennai,Young Professional,221.87,903.31,100.37
SS102086,Manya Verma,T-Shirts,Classic Logo Tee,1,823.8,35.0,2026-07-03,Pune,Working Professional,169.36,535.47,288.33
SS102414,Sakshi Singh,Hoodies,Graphic Pullover Hoodie,1,2504.76,15.0,2026-07-03,Delhi,Student,549.92,2129.05,375.71
SS102599,Ananya Singh,T-Shirts,Marvel Graphic Tee,2,534.06,20.0,2026-07-03,Jaipur,Working Professional,251.48,854.5,213.62
SS102806,Kavya Sharma,Accessories,Sling Bag,2,925.46,15.0,2026-07-03,Surat,Young Professional,583.2,1573.28,277.64
SS102849,Sakshi Agarwal,Hoodies,Oversized Hoodie,2,1325.12,5.0,2026-07-03,Pune,Premium Shopper,797.51,2517.73,132.51
SS100176,Karan Bansal,Shirts,Casual Printed Shirt,2,1569.48,15.0,2026-07-04,Chandigarh,Student,675.88,2668.12,470.84
SS100332,Nisha Patel,T-Shirts,Typography Tee,2,1295.95,5.0,2026-07-04,Chennai,Working Professional,818.91,2462.3,129.6
SS100533,Isha Saxena,Shirts,Casual Printed Shirt,1,1847.68,15.0,2026-07-04,Delhi,Casual Shopper,388.36,1570.53,277.15
SS101952,Vivaan Chopra,Shirts,Casual Printed Shirt,4,960.31,30.0,2026-07-04,Gurugram,Working Professional,706.93,2688.87,1152.37
SS102889,Rahul Mehta,Accessories,Graphic Cap,2,643.44,20.0,2026-07-04,Delhi,Working Professional,344.76,1029.5,257.38
SS102911,Simran Bansal,T-Shirts,Typography Tee,1,1256.51,0.0,2026-07-04,Surat,Casual Shopper,361.88,1256.51,0.0
SS100903,Nisha Saxena,Shirts,Oversized Shirt,3,1990.22,40.0,2026-07-05,Delhi,Young Professional,928.06,3582.4,2388.26
SS101589,Simran Jain,Shirts,Oversized Shirt,2,1298.66,25.0,2026-07-05,Mumbai,Casual Shopper,502.58,1947.99,649.33
SS102216,Tanya Patel,Accessories,Backpack,3,401.53,10.0,2026-07-05,Jaipur,Casual Shopper,362.43,1084.13,120.46
SS102408,Ishaan Chopra,Bottomwear,Cargo Pants,3,2361.39,30.0,2026-07-05,Gurugram,Premium Shopper,1184.21,4958.92,2125.25
SS100346,Simran Kumar,Shirts,Casual Printed Shirt,3,1136.75,15.0,2026-07-06,Ahmedabad,Premium Shopper,890.68,2898.71,511.54
SS100608,Meera Mehta,Hoodies,Graphic Pullover Hoodie,1,2856.1,10.0,2026-07-06,Mumbai,Premium Shopper,818.35,2570.49,285.61
SS100724,Shreya Reddy,Shirts,Casual Printed Shirt,1,921.44,5.0,2026-07-06,Gurugram,Casual Shopper,203.65,875.37,46.07
SS101399,Yash Patel,Shirts,Oversized Shirt,1,1007.34,10.0,2026-07-06,Jaipur,Premium Shopper,304.92,906.61,100.73
SS102943,Sakshi Chopra,Shirts,Oversized Shirt,1,1219.73,5.0,2026-07-06,Mumbai,Working Professional,364.58,1158.74,60.99
SS100471,Rahul Verma,Bottomwear,Relaxed Jeans,1,1654.55,10.0,2026-07-07,Kolkata,Premium Shopper,477.93,1489.1,165.45
SS100627,Priya Chopra,Accessories,Backpack,1,1080.36,25.0,2026-07-07,Noida,Young Professional,220.45,810.27,270.09
SS100751,Isha Joshi,Bottomwear,Relaxed Jeans,2,1618.14,15.0,2026-07-07,Delhi,Student,655.27,2750.84,485.44
SS101469,Meera Bansal,Accessories,Sling Bag,3,880.37,25.0,2026-07-07,Pune,Casual Shopper,594.07,1980.83,660.28
SS102221,Aarav Patel,Shirts,Denim Shirt,1,1173.31,0.0,2026-07-07,Jaipur,Young Professional,308.09,1173.31,0.0
SS102707,Pooja Gupta,T-Shirts,Oversized Graphic Tee,2,1370.19,20.0,2026-07-07,Delhi,Working Professional,679.95,2192.3,548.08
SS102878,Rohan Patel,Shirts,Casual Printed Shirt,4,1772.58,25.0,2026-07-07,Jaipur,Casual Shopper,1331.43,5317.74,1772.58
SS101891,Anika Kumar,Hoodies,Fleece Hoodie,1,2178.58,5.0,2026-07-08,Gurugram,Working Professional,610.37,2069.65,108.93
SS101939,Kritika Das,T-Shirts,Anime Printed Tee,5,1310.02,10.0,2026-07-08,Ahmedabad,Young Professional,1742.01,5895.09,655.01
SS102598,Neha Nair,T-Shirts,Classic Logo Tee,1,797.04,10.0,2026-07-08,Chennai,Student,140.78,717.34,79.7
SS102704,Diya Sharma,Accessories,Socks Pack,1,702.76,0.0,2026-07-08,Kolkata,Casual Shopper,332.2,702.76,0.0
SS102735,Kritika Gupta,Accessories,Sling Bag,1,1258.44,25.0,2026-07-08,Mumbai,Young Professional,286.09,943.83,314.61
SS102823,Meera Sharma,T-Shirts,Marvel Graphic Tee,2,1386.82,5.0,2026-07-08,Delhi,Premium Shopper,880.85,2634.96,138.68
SS102856,Arjun Mishra,T-Shirts,Classic Logo Tee,1,681.65,10.0,2026-07-08,Mumbai,Young Professional,180.15,613.48,68.16
SS101236,Ananya Chopra,Bottomwear,Track Pants,1,1990.46,25.0,2026-07-09,Delhi,Student,214.83,1492.84,497.62
SS102063,Anika Chopra,Hoodies,Fleece Hoodie,2,2233.96,5.0,2026-07-09,Gurugram,Student,1132.98,4244.52,223.4
SS102183,Isha Kapoor,T-Shirts,Oversized Graphic Tee,2,996.02,20.0,2026-07-09,Gurugram,Casual Shopper,421.77,1593.63,398.41
SS102811,Yash Bansal,Shirts,Oversized Shirt,1,1214.93,5.0,2026-07-09,Pune,Young Professional,326.18,1154.18,60.75
SS102857,Meera Agarwal,T-Shirts,Oversized Graphic Tee,3,1249.52,25.0,2026-07-09,Surat,Student,720.13,2811.42,937.14
SS102995,Shreya Mehta,Bottomwear,Cargo Pants,3,1228.33,20.0,2026-07-09,Delhi,Student,623.42,2947.99,737.0
SS101460,Aanya Jain,Hoodies,Graphic Pullover Hoodie,1,2183.14,25.0,2026-07-10,Chennai,Working Professional,458.13,1637.36,545.78
SS101644,Aarav Reddy,T-Shirts,Typography Tee,2,833.14,10.0,2026-07-10,Kolkata,Young Professional,504.92,1499.65,166.63
SS101953,Rohan Gupta,Accessories,Sling Bag,3,872.96,15.0,2026-07-10,Lucknow,Working Professional,810.04,2226.05,392.83
SS102820,Diya Patel,Bottomwear,Joggers,2,2017.16,15.0,2026-07-10,Mumbai,Student,812.74,3429.17,605.15
SS101574,Tanya Patel,T-Shirts,Classic Logo Tee,2,1417.19,20.0,2026-07-11,Gurugram,Casual Shopper,620.06,2267.5,566.88
SS102528,Kritika Saxena,T-Shirts,Anime Printed Tee,2,602.58,10.0,2026-07-11,Bengaluru,Premium Shopper,295.24,1084.64,120.52
SS100232,Aanya Singh,Shirts,Denim Shirt,1,1967.0,10.0,2026-07-12,Lucknow,Young Professional,545.83,1770.3,196.7
SS100974,Sneha Saxena,T-Shirts,Anime Printed Tee,1,1423.65,25.0,2026-07-12,Hyderabad,Young Professional,257.31,1067.74,355.91
SS101734,Aditi Patel,T-Shirts,Anime Printed Tee,2,785.18,20.0,2026-07-12,Kolkata,Casual Shopper,356.87,1256.29,314.07
SS102074,Sneha Das,Bottomwear,Joggers,2,1663.88,40.0,2026-07-12,Ahmedabad,Student,317.77,1996.66,1331.1
SS102642,Sakshi Agarwal,Accessories,Sling Bag,2,1036.95,0.0,2026-07-12,Ahmedabad,Young Professional,714.88,2073.9,0.0
SS100699,Pooja Kumar,Hoodies,Graphic Pullover Hoodie,2,2413.15,20.0,2026-07-13,Ahmedabad,Student,857.06,3861.04,965.26
SS101699,Tanya Patel,Shirts,Oversized Shirt,2,1337.35,15.0,2026-07-13,Lucknow,Casual Shopper,551.55,2273.5,401.2
SS102172,Kabir Reddy,T-Shirts,Marvel Graphic Tee,2,1134.59,5.0,2026-07-13,Lucknow,Young Professional,721.57,2155.72,113.46
SS100507,Rahul Bansal,Accessories,Socks Pack,1,540.51,15.0,2026-07-14,Pune,Premium Shopper,150.37,459.43,81.08
SS100600,Tanya Joshi,T-Shirts,Anime Printed Tee,2,923.49,10.0,2026-07-14,Mumbai,Young Professional,527.23,1662.28,184.7
SS100788,Yash Joshi,Hoodies,Fleece Hoodie,1,1678.02,10.0,2026-07-14,Jaipur,Working Professional,477.88,1510.22,167.8
SS100868,Pooja Malhotra,Bottomwear,Track Pants,1,1596.84,0.0,2026-07-14,Delhi,Casual Shopper,470.08,1596.84,0.0
SS101924,Rohan Shah,Accessories,Sling Bag,1,792.99,30.0,2026-07-14,Jaipur,Student,163.58,555.09,237.9
SS100016,Yash Kumar,T-Shirts,Marvel Graphic Tee,1,1179.58,5.0,2026-07-15,Chandigarh,Young Professional,384.39,1120.6,58.98
SS100358,Kavya Sharma,Bottomwear,Cargo Pants,1,1919.56,30.0,2026-07-15,Lucknow,Student,230.91,1343.69,575.87
SS100446,Rohan Sharma,Bottomwear,Relaxed Jeans,1,2215.74,35.0,2026-07-15,Hyderabad,Casual Shopper,246.59,1440.23,775.51
SS101134,Nisha Das,Shirts,Oversized Shirt,2,1398.7,30.0,2026-07-15,Jaipur,Student,497.96,1958.18,839.22
SS101996,Diya Joshi,Bottomwear,Cargo Pants,3,2075.64,15.0,2026-07-15,Surat,Student,1297.64,5292.88,934.04
SS102138,Kavya Kapoor,T-Shirts,Classic Logo Tee,2,1061.71,20.0,2026-07-15,Mumbai,Working Professional,461.15,1698.74,424.68
SS102171,Simran Bansal,T-Shirts,Classic Logo Tee,1,1306.37,25.0,2026-07-15,Delhi,Casual Shopper,254.86,979.78,326.59
SS102511,Anika Joshi,Bottomwear,Track Pants,1,2176.8,5.0,2026-07-15,Pune,Premium Shopper,558.86,2067.96,108.84
SS102981,Pooja Sharma,T-Shirts,Typography Tee,1,579.78,15.0,2026-07-15,Delhi,Premium Shopper,191.01,492.81,86.97
SS100001,Nisha Malhotra,Bottomwear,Cargo Pants,2,1330.72,15.0,2026-07-16,Surat,Working Professional,554.04,2262.22,399.22
SS100058,Tanya Chopra,T-Shirts,Anime Printed Tee,1,649.31,15.0,2026-07-16,Jaipur,Young Professional,207.69,551.91,97.4
SS100130,Ishaan Shah,Hoodies,Fleece Hoodie,1,1899.91,10.0,2026-07-16,Delhi,Young Professional,538.87,1709.92,189.99
SS100193,Vivaan Das,Shirts,Denim Shirt,1,1972.69,10.0,2026-07-16,Lucknow,Young Professional,446.94,1775.42,197.27
SS101128,Kavya Saxena,Hoodies,Graphic Pullover Hoodie,2,2993.88,15.0,2026-07-16,Gurugram,Premium Shopper,1453.7,5089.6,898.16
SS101175,Riya Saxena,Hoodies,Zip Hoodie,1,2558.33,30.0,2026-07-16,Hyderabad,Student,426.23,1790.83,767.5
SS101581,Manya Shah,Hoodies,Oversized Hoodie,2,1794.08,25.0,2026-07-16,Bengaluru,Casual Shopper,678.44,2691.12,897.04
SS101964,Nisha Patel,Shirts,Denim Shirt,2,1661.27,15.0,2026-07-16,Gurugram,Working Professional,784.64,2824.16,498.38
SS102290,Karan Gupta,Shirts,Denim Shirt,2,1592.44,25.0,2026-07-16,Surat,Student,523.29,2388.66,796.22
SS102318,Karan Jain,Hoodies,Graphic Pullover Hoodie,4,2220.2,25.0,2026-07-17,Mumbai,Young Professional,1758.54,6660.6,2220.2
SS102757,Vivaan Saxena,Bottomwear,Joggers,2,1807.23,10.0,2026-07-17,Ahmedabad,Student,788.28,3253.01,361.45
SS102934,Arjun Reddy,Shirts,Denim Shirt,1,1456.36,10.0,2026-07-17,Surat,Casual Shopper,394.61,1310.72,145.64
SS101637,Sneha Mishra,T-Shirts,Anime Printed Tee,3,1273.48,20.0,2026-07-19,Hyderabad,Working Professional,902.93,3056.35,764.09
SS101853,Kritika Nair,Accessories,Socks Pack,1,1067.47,0.0,2026-07-19,Kolkata,Student,369.14,1067.47,0.0
SS102177,Ananya Sharma,Shirts,Oversized Shirt,2,1385.37,20.0,2026-07-19,Mumbai,Young Professional,599.58,2216.59,554.15
SS102500,Arjun Kumar,Accessories,Backpack,1,470.79,40.0,2026-07-19,Hyderabad,Working Professional,87.63,282.47,188.32
SS102733,Sakshi Kapoor,Bottomwear,Relaxed Jeans,5,1551.47,20.0,2026-07-19,Chennai,Young Professional,1562.89,6205.88,1551.47
SS101367,Anika Verma,Bottomwear,Track Pants,1,1419.2,10.0,2026-07-20,Surat,Working Professional,348.4,1277.28,141.92
SS102072,Sneha Jain,T-Shirts,Classic Logo Tee,1,1455.99,25.0,2026-07-20,Mumbai,Working Professional,348.02,1091.99,364.0
SS102203,Manya Kumar,T-Shirts,Marvel Graphic Tee,2,836.76,25.0,2026-07-20,Noida,Young Professional,353.92,1255.14,418.38
SS102243,Manya Singh,Bottomwear,Joggers,1,1595.39,0.0,2026-07-20,Kolkata,Working Professional,460.26,1595.39,0.0
SS102334,Neha Saxena,T-Shirts,Oversized Graphic Tee,1,1298.58,20.0,2026-07-20,Noida,Young Professional,321.23,1038.86,259.72
SS102401,Karan Jain,T-Shirts,Typography Tee,1,1319.63,5.0,2026-07-20,Mumbai,Casual Shopper,348.18,1253.65,65.98
SS102405,Sakshi Das,Shirts,Casual Printed Shirt,4,1695.63,20.0,2026-07-20,Lucknow,Young Professional,1432.75,5426.02,1356.5
SS102562,Tanya Joshi,T-Shirts,Marvel Graphic Tee,4,1473.03,10.0,2026-07-20,Lucknow,Student,1463.3,5302.91,589.21
SS100331,Arjun Joshi,Accessories,Graphic Cap,1,750.87,20.0,2026-07-21,Hyderabad,Working Professional,127.84,600.7,150.17
SS100540,Ishaan Jain,Bottomwear,Joggers,1,1404.09,10.0,2026-07-21,Bengaluru,Premium Shopper,351.69,1263.68,140.41
SS101428,Ishaan Shah,Shirts,Oversized Shirt,1,1270.48,30.0,2026-07-21,Chandigarh,Working Professional,316.84,889.34,381.14
SS102538,Pooja Saxena,Accessories,Sling Bag,1,754.95,25.0,2026-07-21,Delhi,Premium Shopper,172.3,566.21,188.74
SS100299,Sakshi Mehta,T-Shirts,Classic Logo Tee,1,564.89,35.0,2026-07-22,Noida,Casual Shopper,111.68,367.18,197.71
SS101393,Tanya Shah,Hoodies,Oversized Hoodie,1,2259.63,15.0,2026-07-22,Pune,Young Professional,486.47,1920.69,338.94
SS101588,Vivaan Bansal,Hoodies,Zip Hoodie,1,1468.53,10.0,2026-07-22,Hyderabad,Casual Shopper,333.9,1321.68,146.85
SS102190,Manya Gupta,T-Shirts,Oversized Graphic Tee,1,720.28,5.0,2026-07-22,Surat,Premium Shopper,287.22,684.27,36.01
SS102817,Simran Agarwal,T-Shirts,Oversized Graphic Tee,4,694.42,25.0,2026-07-22,Kolkata,Student,499.73,2083.26,694.42
SS100495,Tanya Shah,Hoodies,Zip Hoodie,1,2495.98,10.0,2026-07-23,Ahmedabad,Student,629.11,2246.38,249.6
SS101967,Simran Mishra,Hoodies,Graphic Pullover Hoodie,1,1634.73,5.0,2026-07-23,Chennai,Working Professional,480.97,1552.99,81.74
SS102308,Ananya Joshi,T-Shirts,Typography Tee,1,527.46,5.0,2026-07-23,Chandigarh,Premium Shopper,178.34,501.09,26.37
SS100562,Shreya Bansal,T-Shirts,Marvel Graphic Tee,1,769.38,20.0,2026-07-24,Ahmedabad,Young Professional,224.92,615.5,153.88
SS100708,Aditi Nair,T-Shirts,Oversized Graphic Tee,1,1139.25,0.0,2026-07-24,Mumbai,Premium Shopper,416.65,1139.25,0.0
SS102240,Aanya Patel,Accessories,Graphic Cap,4,330.86,35.0,2026-07-24,Chennai,Casual Shopper,329.03,860.24,463.2
SS102796,Rohan Kapoor,T-Shirts,Anime Printed Tee,1,1466.86,35.0,2026-07-24,Chennai,Working Professional,184.15,953.46,513.4
SS100049,Aanya Mishra,T-Shirts,Oversized Graphic Tee,3,777.87,40.0,2026-07-25,Noida,Student,284.63,1400.17,933.44
SS100128,Kritika Joshi,T-Shirts,Typography Tee,2,1023.44,25.0,2026-07-25,Chandigarh,Young Professional,454.52,1535.16,511.72
SS100360,Vivaan Gupta,Hoodies,Oversized Hoodie,1,1444.52,10.0,2026-07-25,Pune,Casual Shopper,380.6,1300.07,144.45
SS100866,Simran Sharma,T-Shirts,Anime Printed Tee,1,1290.96,10.0,2026-07-25,Gurugram,Working Professional,294.6,1161.86,129.1
SS101089,Pooja Kapoor,T-Shirts,Marvel Graphic Tee,3,1086.69,35.0,2026-07-25,Hyderabad,Young Professional,534.22,2119.05,1141.02
SS102199,Nisha Saxena,Hoodies,Graphic Pullover Hoodie,3,1584.84,15.0,2026-07-25,Noida,Student,1054.27,4041.34,713.18
SS100063,Meera Kumar,Hoodies,Fleece Hoodie,2,2095.38,10.0,2026-07-26,Kolkata,Young Professional,1050.71,3771.68,419.08
SS100706,Sneha Mehta,T-Shirts,Anime Printed Tee,3,1186.46,10.0,2026-07-26,Chennai,Young Professional,961.19,3203.44,355.94
SS101509,Manya Jain,Accessories,Socks Pack,4,807.41,35.0,2026-07-26,Gurugram,Young Professional,627.5,2099.27,1130.37
SS100099,Vivaan Verma,T-Shirts,Anime Printed Tee,2,603.48,15.0,2026-07-27,Surat,Premium Shopper,309.99,1025.92,181.04
SS100152,Karan Bansal,T-Shirts,Marvel Graphic Tee,1,1459.27,20.0,2026-07-27,Pune,Student,293.85,1167.42,291.85
SS101167,Diya Saxena,Hoodies,Zip Hoodie,1,2157.55,35.0,2026-07-27,Mumbai,Student,287.42,1402.41,755.14
SS101483,Ananya Singh,T-Shirts,Classic Logo Tee,1,874.94,15.0,2026-07-27,Jaipur,Student,216.02,743.7,131.24
SS102258,Sakshi Joshi,T-Shirts,Oversized Graphic Tee,1,1400.4,30.0,2026-07-27,Surat,Working Professional,298.74,980.28,420.12
SS102645,Priya Kumar,Hoodies,Graphic Pullover Hoodie,1,1995.1,20.0,2026-07-27,Lucknow,Premium Shopper,483.63,1596.08,399.02
SS100615,Kavya Kumar,Bottomwear,Track Pants,3,1377.3,20.0,2026-07-28,Bengaluru,Working Professional,920.6,3305.52,826.38
SS100994,Nisha Das,Hoodies,Zip Hoodie,1,1315.49,10.0,2026-07-28,Noida,Working Professional,437.45,1183.94,131.55
SS101088,Nisha Mehta,Bottomwear,Cargo Pants,2,2225.98,25.0,2026-07-28,Hyderabad,Casual Shopper,745.57,3338.97,1112.99
SS101701,Aditya Singh,Hoodies,Fleece Hoodie,2,2612.25,15.0,2026-07-28,Chennai,Young Professional,1271.41,4440.82,783.68
SS101978,Aanya Mishra,Bottomwear,Joggers,3,2080.0,15.0,2026-07-28,Gurugram,Student,1333.86,5304.0,936.0
SS101998,Manya Bansal,T-Shirts,Classic Logo Tee,1,1329.92,30.0,2026-07-28,Chandigarh,Student,224.55,930.94,398.98
SS102376,Priya Kumar,T-Shirts,Oversized Graphic Tee,1,1122.74,15.0,2026-07-28,Jaipur,Premium Shopper,351.82,954.33,168.41
SS102743,Ishaan Gupta,T-Shirts,Oversized Graphic Tee,1,1444.12,15.0,2026-07-28,Noida,Working Professional,299.38,1227.5,216.62
SS100315,Rohan Chopra,Shirts,Casual Printed Shirt,2,1456.2,10.0,2026-07-29,Ahmedabad,Young Professional,692.57,2621.16,291.24
SS100801,Arjun Saxena,T-Shirts,Oversized Graphic Tee,1,1327.38,15.0,2026-07-29,Chennai,Casual Shopper,287.13,1128.27,199.11
SS101746,Aditi Patel,T-Shirts,Classic Logo Tee,4,1281.4,5.0,2026-07-29,Hyderabad,Casual Shopper,1417.07,4869.32,256.28
SS102024,Rohan Jain,Hoodies,Zip Hoodie,2,2203.25,15.0,2026-07-29,Chennai,Young Professional,1100.13,3745.52,660.97
SS102530,Meera Saxena,Shirts,Oversized Shirt,1,1067.03,5.0,2026-07-29,Jaipur,Premium Shopper,277.98,1013.68,53.35
SS100465,Simran Verma,Hoodies,Zip Hoodie,5,2597.14,20.0,2026-07-30,Jaipur,Student,2511.78,10388.56,2597.14
SS101041,Sneha Bansal,Accessories,Graphic Cap,1,689.07,5.0,2026-07-30,Bengaluru,Working Professional,189.28,654.62,34.45
SS101290,Kavya Patel,Hoodies,Zip Hoodie,2,2835.77,15.0,2026-07-30,Delhi,Young Professional,1267.07,4820.81,850.73
SS101297,Yash Das,T-Shirts,Marvel Graphic Tee,3,1458.92,5.0,2026-07-30,Mumbai,Student,1170.4,4157.92,218.84
SS101488,Arjun Jain,Hoodies,Zip Hoodie,1,2084.64,35.0,2026-07-30,Surat,Young Professional,299.88,1355.02,729.62
SS102037,Shreya Singh,T-Shirts,Oversized Graphic Tee,3,1176.13,0.0,2026-07-30,Pune,Student,1051.71,3528.39,0.0
SS102799,Pooja Jain,T-Shirts,Marvel Graphic Tee,1,869.71,5.0,2026-07-30,Gurugram,Working Professional,375.55,826.22,43.49
SS102855,Kabir Kumar,Hoodies,Graphic Pullover Hoodie,2,2398.11,15.0,2026-07-30,Mumbai,Young Professional,1168.3,4076.79,719.43
SS100216,Aarav Chopra,T-Shirts,Anime Printed Tee,1,1230.1,30.0,2026-07-31,Gurugram,Working Professional,179.86,861.07,369.03
SS101744,Kabir Sharma,Hoodies,Graphic Pullover Hoodie,1,1938.86,10.0,2026-07-31,Surat,Casual Shopper,501.53,1744.97,193.89
SS102514,Simran Mehta,Shirts,Casual Printed Shirt,2,1930.79,30.0,2026-07-31,Ahmedabad,Working Professional,696.77,2703.11,1158.47
SS102549,Kavya Sharma,T-Shirts,Marvel Graphic Tee,1,1492.77,5.0,2026-07-31,Ahmedabad,Working Professional,418.85,1418.13,74.64
SS102693,Sakshi Gupta,Hoodies,Zip Hoodie,4,1730.84,30.0,2026-07-31,Hyderabad,Working Professional,1257.4,4846.35,2077.01
SS102867,Sneha Mehta,Accessories,Sling Bag,1,652.55,15.0,2026-07-31,Hyderabad,Young Professional,210.05,554.67,97.88
SS100656,Ishaan Malhotra,T-Shirts,Marvel Graphic Tee,1,566.09,25.0,2026-08-01,Ahmedabad,Student,104.48,424.57,141.52
SS101424,Kavya Patel,Bottomwear,Cargo Pants,1,1272.5,5.0,2026-08-01,Bengaluru,Casual Shopper,308.01,1208.88,63.62
SS102195,Riya Agarwal,Hoodies,Zip Hoodie,2,1949.8,40.0,2026-08-01,Bengaluru,Premium Shopper,625.8,2339.76,1559.84
SS102634,Arjun Gupta,Shirts,Denim Shirt,3,1555.54,15.0,2026-08-01,Ahmedabad,Student,1057.78,3966.63,699.99
SS102653,Kavya Shah,T-Shirts,Anime Printed Tee,1,1082.39,5.0,2026-08-01,Hyderabad,Working Professional,297.7,1028.27,54.12
SS100796,Kavya Mishra,Bottomwear,Track Pants,1,2443.31,15.0,2026-08-02,Surat,Casual Shopper,522.94,2076.81,366.5
SS101324,Rohan Kapoor,Bottomwear,Relaxed Jeans,1,2348.18,25.0,2026-08-02,Bengaluru,Working Professional,447.81,1761.13,587.05
SS101437,Kabir Bansal,Shirts,Denim Shirt,1,1972.62,15.0,2026-08-02,Hyderabad,Working Professional,555.8,1676.73,295.89
SS102311,Meera Malhotra,Bottomwear,Track Pants,1,1495.82,5.0,2026-08-02,Noida,Student,438.3,1421.03,74.79
SS102415,Yash Mishra,Bottomwear,Cargo Pants,5,1797.17,5.0,2026-08-02,Mumbai,Casual Shopper,2276.27,8536.56,449.29
SS102547,Arjun Reddy,Hoodies,Zip Hoodie,1,2450.04,15.0,2026-08-02,Hyderabad,Working Professional,610.81,2082.53,367.51
SS100121,Ananya Kapoor,Bottomwear,Cargo Pants,1,2261.71,0.0,2026-08-03,Noida,Young Professional,673.91,2261.71,0.0
SS100222,Isha Nair,T-Shirts,Oversized Graphic Tee,1,616.94,10.0,2026-08-03,Hyderabad,Casual Shopper,111.04,555.25,61.69
SS100381,Aarav Patel,Shirts,Oversized Shirt,2,1972.62,10.0,2026-08-03,Hyderabad,Working Professional,1062.73,3550.72,394.52
SS100612,Shreya Bansal,Shirts,Oversized Shirt,3,1682.86,25.0,2026-08-03,Delhi,Premium Shopper,1023.57,3786.44,1262.14
SS100018,Ishaan Joshi,Hoodies,Graphic Pullover Hoodie,2,1492.4,20.0,2026-08-04,Surat,Young Professional,632.75,2387.84,596.96
SS100087,Kritika Gupta,Shirts,Oversized Shirt,2,1397.59,0.0,2026-08-04,Lucknow,Working Professional,883.82,2795.18,0.0
SS100487,Diya Kapoor,T-Shirts,Marvel Graphic Tee,5,832.24,25.0,2026-08-04,Chandigarh,Working Professional,878.68,3120.9,1040.3
SS100984,Anika Patel,Accessories,Socks Pack,2,1109.43,20.0,2026-08-04,Lucknow,Young Professional,617.9,1775.09,443.77
SS101024,Sakshi Agarwal,Bottomwear,Joggers,1,1235.25,10.0,2026-08-04,Surat,Working Professional,374.07,1111.73,123.52
SS101143,Meera Kumar,Shirts,Denim Shirt,1,1181.51,15.0,2026-08-04,Noida,Student,246.13,1004.28,177.23
SS101302,Manya Mishra,T-Shirts,Marvel Graphic Tee,4,1098.29,5.0,2026-08-04,Jaipur,Student,1277.03,4173.5,219.66
SS101404,Kabir Singh,Shirts,Oversized Shirt,1,1721.84,30.0,2026-08-04,Surat,Young Professional,315.76,1205.29,516.55
SS102980,Rohan Patel,Hoodies,Oversized Hoodie,1,1935.71,15.0,2026-08-04,Surat,Young Professional,439.7,1645.35,290.36
SS100795,Aarav Sharma,Bottomwear,Relaxed Jeans,1,1907.64,10.0,2026-08-05,Bengaluru,Premium Shopper,427.18,1716.88,190.76
SS101560,Meera Gupta,Hoodies,Graphic Pullover Hoodie,1,2461.29,5.0,2026-08-05,Chandigarh,Premium Shopper,737.22,2338.23,123.06
SS102029,Nisha Joshi,Shirts,Casual Printed Shirt,2,1881.8,25.0,2026-08-05,Chennai,Working Professional,711.14,2822.7,940.9
SS102137,Kritika Patel,Accessories,Graphic Cap,1,590.52,15.0,2026-08-05,Chennai,Working Professional,159.96,501.94,88.58
SS102227,Rohan Gupta,Shirts,Oversized Shirt,1,1830.46,15.0,2026-08-05,Bengaluru,Student,393.34,1555.89,274.57
SS102675,Kavya Chopra,T-Shirts,Anime Printed Tee,1,1399.96,25.0,2026-08-05,Pune,Premium Shopper,301.65,1049.97,349.99
SS100057,Arjun Nair,T-Shirts,Anime Printed Tee,2,1330.57,20.0,2026-08-06,Jaipur,Working Professional,602.5,2128.91,532.23
SS100144,Kritika Gupta,T-Shirts,Typography Tee,2,949.99,10.0,2026-08-06,Pune,Student,473.28,1709.98,190.0
SS100480,Aditya Nair,Shirts,Casual Printed Shirt,1,1465.42,15.0,2026-08-06,Delhi,Young Professional,443.03,1245.61,219.81
SS100521,Rohan Joshi,Hoodies,Zip Hoodie,1,1730.19,10.0,2026-08-06,Surat,Working Professional,426.86,1557.17,173.02
SS100819,Riya Verma,T-Shirts,Oversized Graphic Tee,1,994.72,10.0,2026-08-06,Kolkata,Young Professional,278.48,895.25,99.47
SS101192,Rahul Kumar,Hoodies,Zip Hoodie,1,2128.39,5.0,2026-08-06,Hyderabad,Premium Shopper,596.06,2021.97,106.42
SS101248,Kavya Kapoor,Bottomwear,Joggers,2,1612.79,5.0,2026-08-06,Chandigarh,Casual Shopper,830.49,3064.3,161.28
SS101536,Arjun Singh,T-Shirts,Classic Logo Tee,2,1224.57,15.0,2026-08-06,Chennai,Student,605.81,2081.77,367.37
SS102908,Manya Agarwal,T-Shirts,Marvel Graphic Tee,1,1275.39,10.0,2026-08-06,Surat,Young Professional,338.21,1147.85,127.54
SS100967,Priya Sharma,T-Shirts,Classic Logo Tee,1,1064.56,0.0,2026-08-07,Chandigarh,Working Professional,294.81,1064.56,0.0
SS101913,Riya Kapoor,Hoodies,Zip Hoodie,3,2620.41,0.0,2026-08-07,Lucknow,Working Professional,2464.4,7861.23,0.0
SS100506,Arjun Shah,Bottomwear,Cargo Pants,5,1004.58,5.0,2026-08-08,Hyderabad,Young Professional,1266.92,4771.76,251.15
SS100691,Simran Kapoor,Hoodies,Zip Hoodie,2,1315.22,30.0,2026-08-08,Gurugram,Working Professional,576.62,1841.31,789.13
SS100864,Aarav Jain,Hoodies,Oversized Hoodie,3,1578.47,15.0,2026-08-08,Surat,Premium Shopper,1169.16,4025.1,710.31
SS100981,Pooja Kapoor,Accessories,Sling Bag,2,741.91,5.0,2026-08-08,Chennai,Young Professional,537.63,1409.63,74.19
SS101142,Aanya Mehta,Shirts,Denim Shirt,1,1972.68,25.0,2026-08-08,Jaipur,Premium Shopper,410.1,1479.51,493.17
SS101453,Isha Gupta,Shirts,Casual Printed Shirt,2,1120.82,10.0,2026-08-08,Delhi,Young Professional,654.02,2017.48,224.16
SS101630,Neha Nair,Accessories,Graphic Cap,2,377.27,5.0,2026-08-08,Lucknow,Casual Shopper,247.07,716.81,37.73
SS102250,Nisha Mehta,T-Shirts,Anime Printed Tee,3,1387.69,10.0,2026-08-08,Chennai,Premium Shopper,1291.8,3746.76,416.31
SS102506,Neha Nair,Accessories,Graphic Cap,2,568.27,20.0,2026-08-08,Mumbai,Premium Shopper,293.0,909.23,227.31
SS102824,Karan Joshi,T-Shirts,Typography Tee,4,1192.76,35.0,2026-08-08,Hyderabad,Casual Shopper,789.76,3101.18,1669.86
SS102839,Rohan Kumar,Hoodies,Fleece Hoodie,1,1630.8,30.0,2026-08-08,Gurugram,Premium Shopper,316.56,1141.56,489.24
SS102921,Aditi Singh,Shirts,Denim Shirt,1,959.74,10.0,2026-08-09,Jaipur,Premium Shopper,226.8,863.77,95.97
SS100294,Aarav Joshi,T-Shirts,Marvel Graphic Tee,1,876.8,5.0,2026-08-10,Lucknow,Working Professional,263.65,832.96,43.84
SS101152,Neha Kumar,Shirts,Oversized Shirt,2,943.86,20.0,2026-08-10,Hyderabad,Working Professional,436.4,1510.18,377.54
SS101838,Simran Sharma,Bottomwear,Track Pants,1,1466.67,30.0,2026-08-10,Hyderabad,Student,165.02,1026.67,440.0
SS101868,Rohan Kumar,T-Shirts,Classic Logo Tee,3,1485.03,10.0,2026-08-10,Chennai,Student,1122.97,4009.58,445.51
SS102985,Nisha Agarwal,Bottomwear,Joggers,3,2040.81,30.0,2026-08-10,Delhi,Casual Shopper,988.42,4285.7,1836.73
SS100977,Diya Mehta,T-Shirts,Typography Tee,2,832.01,15.0,2026-08-11,Gurugram,Casual Shopper,373.67,1414.42,249.6
SS101634,Karan Jain,Bottomwear,Track Pants,1,1626.58,5.0,2026-08-11,Pune,Casual Shopper,455.24,1545.25,81.33
SS100048,Riya Malhotra,Shirts,Oversized Shirt,3,1924.1,10.0,2026-08-12,Delhi,Working Professional,1575.69,5195.07,577.23
SS100221,Yash Kapoor,Shirts,Denim Shirt,4,1590.8,5.0,2026-08-12,Chennai,Casual Shopper,1715.84,6045.04,318.16
SS100424,Isha Joshi,T-Shirts,Marvel Graphic Tee,1,564.0,35.0,2026-08-12,Surat,Casual Shopper,81.84,366.6,197.4
SS100452,Rohan Das,Hoodies,Fleece Hoodie,1,2748.15,10.0,2026-08-12,Gurugram,Student,680.12,2473.34,274.82
SS100654,Shreya Joshi,Hoodies,Zip Hoodie,3,1988.55,20.0,2026-08-12,Pune,Premium Shopper,1379.99,4772.52,1193.13
SS101537,Ananya Nair,Shirts,Oversized Shirt,1,1151.81,10.0,2026-08-12,Kolkata,Young Professional,287.49,1036.63,115.18
SS101688,Priya Chopra,Shirts,Casual Printed Shirt,1,1290.18,35.0,2026-08-12,Bengaluru,Casual Shopper,234.53,838.62,451.56
SS102609,Kavya Verma,T-Shirts,Typography Tee,4,772.5,15.0,2026-08-12,Chandigarh,Young Professional,763.11,2626.5,463.5
SS100056,Aditya Verma,T-Shirts,Oversized Graphic Tee,1,1168.35,15.0,2026-08-13,Ahmedabad,Student,311.32,993.1,175.25
SS100101,Pooja Joshi,Shirts,Oversized Shirt,1,1655.01,5.0,2026-08-13,Gurugram,Casual Shopper,511.99,1572.26,82.75
SS100239,Rohan Chopra,T-Shirts,Typography Tee,4,786.88,40.0,2026-08-13,Gurugram,Casual Shopper,404.21,1888.51,1259.01
SS100281,Sakshi Bansal,T-Shirts,Classic Logo Tee,3,651.94,30.0,2026-08-13,Chennai,Working Professional,374.65,1369.07,586.75
SS100538,Vivaan Mehta,Hoodies,Oversized Hoodie,1,2388.21,30.0,2026-08-13,Hyderabad,Student,414.95,1671.75,716.46
SS100968,Aanya Gupta,Shirts,Oversized Shirt,3,1612.99,20.0,2026-08-13,Chennai,Young Professional,982.6,3871.18,967.79
SS101183,Kavya Kumar,Bottomwear,Joggers,1,2131.41,5.0,2026-08-13,Lucknow,Student,481.0,2024.84,106.57
SS101268,Diya Kapoor,Shirts,Casual Printed Shirt,1,1197.06,15.0,2026-08-13,Chandigarh,Casual Shopper,263.71,1017.5,179.56
SS101277,Aditi Joshi,Bottomwear,Cargo Pants,1,2195.91,20.0,2026-08-13,Jaipur,Student,403.31,1756.73,439.18
SS101653,Manya Jain,Hoodies,Fleece Hoodie,1,2382.75,20.0,2026-08-13,Pune,Young Professional,565.53,1906.2,476.55
SS101881,Karan Mehta,Bottomwear,Relaxed Jeans,2,1588.18,30.0,2026-08-14,Gurugram,Student,448.65,2223.45,952.91
SS102305,Anika Sharma,Hoodies,Fleece Hoodie,1,1647.81,30.0,2026-08-14,Hyderabad,Working Professional,273.13,1153.47,494.34
SS100286,Shreya Sharma,Hoodies,Oversized Hoodie,2,1708.69,0.0,2026-08-15,Lucknow,Student,1056.46,3417.38,0.0
SS100631,Sneha Agarwal,Bottomwear,Joggers,1,1026.05,0.0,2026-08-15,Surat,Young Professional,290.42,1026.05,0.0
SS100920,Vivaan Mishra,Bottomwear,Relaxed Jeans,3,1124.81,30.0,2026-08-15,Kolkata,Student,513.89,2362.1,1012.33
SS101602,Shreya Patel,T-Shirts,Anime Printed Tee,1,1055.84,5.0,2026-08-15,Chandigarh,Premium Shopper,322.91,1003.05,52.79
SS102320,Karan Das,Bottomwear,Cargo Pants,4,2017.42,15.0,2026-08-15,Noida,Working Professional,1904.25,6859.23,1210.45
SS102727,Ishaan Nair,T-Shirts,Anime Printed Tee,1,1024.2,0.0,2026-08-15,Delhi,Working Professional,308.63,1024.2,0.0
SS101046,Diya Nair,T-Shirts,Oversized Graphic Tee,1,1280.52,10.0,2026-08-16,Mumbai,Young Professional,392.26,1152.47,128.05
SS101299,Arjun Singh,Shirts,Casual Printed Shirt,1,1526.62,20.0,2026-08-16,Pune,Casual Shopper,265.53,1221.3,305.32
SS101907,Shreya Patel,Hoodies,Oversized Hoodie,1,2361.86,10.0,2026-08-16,Hyderabad,Casual Shopper,511.12,2125.67,236.19
SS102940,Diya Sharma,T-Shirts,Oversized Graphic Tee,2,1353.61,5.0,2026-08-17,Mumbai,Working Professional,797.82,2571.86,135.36
SS100296,Karan Bansal,Accessories,Sling Bag,2,976.3,25.0,2026-08-18,Delhi,Student,427.75,1464.45,488.15
SS100702,Arjun Jain,T-Shirts,Classic Logo Tee,1,1360.23,35.0,2026-08-18,Lucknow,Premium Shopper,219.21,884.15,476.08
SS101061,Rohan Mishra,Bottomwear,Track Pants,4,1778.25,25.0,2026-08-18,Ahmedabad,Student,1165.76,5334.75,1778.25
SS101284,Kritika Joshi,T-Shirts,Oversized Graphic Tee,1,1201.1,0.0,2026-08-18,Bengaluru,Young Professional,459.58,1201.1,0.0
SS101314,Meera Bansal,Hoodies,Zip Hoodie,3,1338.88,20.0,2026-08-18,Delhi,Casual Shopper,766.22,3213.31,803.33
SS101580,Shreya Jain,T-Shirts,Marvel Graphic Tee,2,611.24,25.0,2026-08-18,Delhi,Young Professional,342.41,916.86,305.62
SS102213,Priya Gupta,Bottomwear,Joggers,1,1737.17,15.0,2026-08-18,Noida,Premium Shopper,416.72,1476.59,260.58
SS102637,Ananya Patel,Accessories,Socks Pack,1,389.32,25.0,2026-08-18,Chennai,Premium Shopper,97.75,291.99,97.33
SS100214,Shreya Chopra,Shirts,Oversized Shirt,1,1348.06,15.0,2026-08-19,Delhi,Premium Shopper,368.12,1145.85,202.21
SS101702,Ananya Bansal,T-Shirts,Oversized Graphic Tee,1,669.94,15.0,2026-08-19,Chandigarh,Working Professional,151.94,569.45,100.49
SS101922,Ishaan Sharma,Shirts,Casual Printed Shirt,5,1645.37,5.0,2026-08-19,Noida,Casual Shopper,2259.98,7815.51,411.34
SS100072,Kavya Das,T-Shirts,Marvel Graphic Tee,2,660.64,10.0,2026-08-20,Delhi,Young Professional,371.83,1189.15,132.13
SS100684,Simran Bansal,Bottomwear,Relaxed Jeans,1,1694.32,20.0,2026-08-20,Delhi,Young Professional,277.3,1355.46,338.86
SS100725,Aditya Agarwal,Accessories,Backpack,3,903.49,0.0,2026-08-20,Noida,Young Professional,963.87,2710.47,0.0
SS100899,Kritika Kapoor,T-Shirts,Typography Tee,1,975.62,10.0,2026-08-20,Pune,Casual Shopper,283.85,878.06,97.56
SS101310,Aditya Reddy,T-Shirts,Anime Printed Tee,2,1407.92,20.0,2026-08-20,Gurugram,Student,542.06,2252.67,563.17
SS102251,Pooja Das,Bottomwear,Relaxed Jeans,1,1359.34,0.0,2026-08-20,Noida,Casual Shopper,433.11,1359.34,0.0
SS102300,Aditya Mishra,Accessories,Socks Pack,1,820.27,0.0,2026-08-20,Lucknow,Young Professional,369.84,820.27,0.0
SS101507,Ananya Shah,Hoodies,Zip Hoodie,1,2208.16,5.0,2026-08-21,Delhi,Casual Shopper,558.75,2097.75,110.41
SS102612,Aditya Saxena,T-Shirts,Marvel Graphic Tee,1,825.98,20.0,2026-08-21,Kolkata,Premium Shopper,220.48,660.78,165.2
SS102841,Aditya Mehta,Accessories,Sling Bag,1,1076.16,0.0,2026-08-21,Bengaluru,Casual Shopper,476.97,1076.16,0.0
SS102928,Diya Singh,Accessories,Backpack,2,1150.84,0.0,2026-08-21,Surat,Student,843.51,2301.68,0.0
SS102953,Aanya Agarwal,Hoodies,Zip Hoodie,1,2648.11,0.0,2026-08-21,Chennai,Working Professional,798.38,2648.11,0.0
SS101375,Sneha Bansal,Bottomwear,Relaxed Jeans,2,1503.25,10.0,2026-08-22,Lucknow,Working Professional,786.5,2705.85,300.65
SS101458,Sneha Kumar,T-Shirts,Oversized Graphic Tee,4,1353.35,5.0,2026-08-22,Hyderabad,Student,1560.93,5142.73,270.67
SS101621,Sneha Saxena,T-Shirts,Marvel Graphic Tee,1,1109.39,25.0,2026-08-22,Jaipur,Premium Shopper,271.96,832.04,277.35
SS102402,Arjun Mishra,Hoodies,Fleece Hoodie,1,1516.51,15.0,2026-08-22,Jaipur,Young Professional,373.35,1289.03,227.48
SS102815,Yash Agarwal,Accessories,Backpack,4,336.56,5.0,2026-08-22,Noida,Working Professional,492.26,1278.93,67.31
SS100203,Manya Bansal,Bottomwear,Joggers,1,1070.12,10.0,2026-08-23,Chandigarh,Young Professional,367.27,963.11,107.01
SS100373,Kabir Das,Shirts,Denim Shirt,3,1546.83,5.0,2026-08-23,Pune,Casual Shopper,1306.0,4408.47,232.02
SS100472,Sneha Sharma,T-Shirts,Typography Tee,1,895.89,25.0,2026-08-23,Lucknow,Working Professional,193.62,671.92,223.97
SS100475,Yash Nair,Bottomwear,Cargo Pants,3,1581.2,15.0,2026-08-23,Noida,Young Professional,991.61,4032.06,711.54
SS101445,Rohan Agarwal,T-Shirts,Anime Printed Tee,1,1497.42,25.0,2026-08-23,Jaipur,Student,265.86,1123.06,374.36
SS101484,Sakshi Joshi,T-Shirts,Oversized Graphic Tee,1,1033.87,15.0,2026-08-23,Ahmedabad,Young Professional,213.52,878.79,155.08
SS102001,Tanya Shah,T-Shirts,Typography Tee,1,872.01,10.0,2026-08-23,Ahmedabad,Student,175.17,784.81,87.2
SS102385,Simran Gupta,Shirts,Denim Shirt,2,1017.94,35.0,2026-08-23,Delhi,Student,258.39,1323.32,712.56
SS102501,Aarav Nair,Accessories,Graphic Cap,2,577.71,20.0,2026-08-23,Pune,Casual Shopper,274.36,924.34,231.08
SS100073,Manya Agarwal,Accessories,Sling Bag,2,1204.85,20.0,2026-08-24,Surat,Young Professional,602.64,1927.76,481.94
SS100603,Priya Das,T-Shirts,Typography Tee,2,1471.23,10.0,2026-08-24,Bengaluru,Young Professional,862.95,2648.21,294.25
SS100641,Ananya Shah,T-Shirts,Marvel Graphic Tee,2,1173.19,5.0,2026-08-24,Delhi,Student,651.63,2229.06,117.32
SS100821,Kabir Joshi,T-Shirts,Anime Printed Tee,1,1252.67,25.0,2026-08-24,Noida,Working Professional,265.19,939.5,313.17
SS101618,Yash Reddy,Shirts,Casual Printed Shirt,5,1481.38,15.0,2026-08-24,Pune,Young Professional,1762.53,6295.87,1111.03
SS101633,Rohan Gupta,Accessories,Graphic Cap,1,1143.71,10.0,2026-08-24,Hyderabad,Student,329.59,1029.34,114.37
SS101768,Manya Kapoor,Hoodies,Oversized Hoodie,1,2499.6,10.0,2026-08-24,Pune,Working Professional,669.93,2249.64,249.96
SS102002,Arjun Kumar,Bottomwear,Cargo Pants,1,1222.18,0.0,2026-08-24,Mumbai,Student,412.51,1222.18,0.0
SS100005,Rohan Malhotra,T-Shirts,Anime Printed Tee,1,1491.09,15.0,2026-08-25,Mumbai,Working Professional,373.94,1267.43,223.66
SS100122,Aanya Gupta,T-Shirts,Marvel Graphic Tee,4,1300.35,30.0,2026-08-25,Surat,Young Professional,955.5,3640.98,1560.42
SS100219,Yash Gupta,Accessories,Graphic Cap,1,828.83,15.0,2026-08-25,Chennai,Student,201.41,704.51,124.32
SS100647,Ishaan Gupta,Shirts,Casual Printed Shirt,1,1310.02,35.0,2026-08-25,Mumbai,Premium Shopper,134.32,851.51,458.51
SS101648,Arjun Gupta,Accessories,Sling Bag,1,769.25,20.0,2026-08-25,Noida,Young Professional,295.8,615.4,153.85
SS100013,Aarav Saxena,T-Shirts,Classic Logo Tee,1,548.3,30.0,2026-08-26,Hyderabad,Young Professional,143.44,383.81,164.49
SS100051,Priya Nair,Accessories,Socks Pack,1,362.26,25.0,2026-08-26,Chennai,Casual Shopper,187.21,271.7,90.56
SS100493,Meera Reddy,T-Shirts,Typography Tee,2,1214.66,20.0,2026-08-26,Lucknow,Casual Shopper,518.73,1943.46,485.86
SS101844,Manya Gupta,Bottomwear,Cargo Pants,1,1397.05,30.0,2026-08-26,Ahmedabad,Student,208.77,977.94,419.12
SS100115,Vivaan Kapoor,Bottomwear,Track Pants,1,2157.36,30.0,2026-08-27,Ahmedabad,Young Professional,354.75,1510.15,647.21
SS100224,Kavya Singh,T-Shirts,Oversized Graphic Tee,4,782.3,0.0,2026-08-27,Lucknow,Working Professional,1111.26,3129.2,0.0
SS100851,Manya Shah,Accessories,Sling Bag,3,495.48,25.0,2026-08-27,Jaipur,Working Professional,434.93,1114.83,371.61
SS101447,Neha Singh,Accessories,Backpack,5,1162.9,25.0,2026-08-27,Bengaluru,Young Professional,1431.9,4360.88,1453.62
SS102147,Aanya Kumar,Hoodies,Fleece Hoodie,1,1300.6,15.0,2026-08-27,Gurugram,Young Professional,375.57,1105.51,195.09
SS102905,Simran Malhotra,T-Shirts,Anime Printed Tee,1,587.57,5.0,2026-08-27,Hyderabad,Casual Shopper,227.58,558.19,29.38
SS101511,Rahul Agarwal,Shirts,Casual Printed Shirt,1,1637.07,30.0,2026-08-28,Mumbai,Student,250.27,1145.95,491.12
SS101689,Tanya Joshi,Accessories,Sling Bag,3,1090.0,20.0,2026-08-28,Lucknow,Student,871.74,2616.0,654.0
SS101993,Shreya Kumar,T-Shirts,Marvel Graphic Tee,1,1217.91,35.0,2026-08-28,Delhi,Working Professional,245.34,791.64,426.27
SS102366,Meera Gupta,T-Shirts,Typography Tee,1,970.08,0.0,2026-08-28,Gurugram,Working Professional,280.92,970.08,0.0
SS100285,Anika Jain,T-Shirts,Typography Tee,4,648.27,40.0,2026-08-29,Kolkata,Casual Shopper,452.24,1555.85,1037.23
SS100983,Rohan Verma,T-Shirts,Typography Tee,5,818.65,0.0,2026-08-29,Bengaluru,Casual Shopper,1231.15,4093.25,0.0
SS101015,Aarav Gupta,Bottomwear,Joggers,1,1723.34,40.0,2026-08-29,Surat,Casual Shopper,263.5,1034.0,689.34
SS101272,Pooja Reddy,Accessories,Graphic Cap,1,330.88,0.0,2026-08-29,Pune,Working Professional,168.51,330.88,0.0
SS101305,Kavya Das,Bottomwear,Joggers,4,1113.13,0.0,2026-08-29,Hyderabad,Young Professional,1295.01,4452.52,0.0
SS101991,Neha Chopra,T-Shirts,Classic Logo Tee,4,583.27,15.0,2026-08-29,Hyderabad,Working Professional,551.44,1983.12,349.96
SS102584,Vivaan Saxena,Shirts,Casual Printed Shirt,1,953.39,25.0,2026-08-29,Jaipur,Casual Shopper,184.65,715.04,238.35
SS102620,Sakshi Chopra,Accessories,Backpack,1,833.19,15.0,2026-08-29,Delhi,Working Professional,216.69,708.21,124.98
SS101063,Aditya Jain,Hoodies,Oversized Hoodie,3,1318.8,5.0,2026-08-30,Noida,Student,1039.61,3758.58,197.82
SS101985,Aarav Saxena,T-Shirts,Anime Printed Tee,4,1172.39,0.0,2026-08-30,Bengaluru,Working Professional,1579.41,4689.56,0.0
SS102128,Sakshi Mehta,Bottomwear,Track Pants,1,1979.85,5.0,2026-08-30,Kolkata,Young Professional,465.36,1880.86,98.99
SS102503,Karan Agarwal,Bottomwear,Cargo Pants,1,1292.5,15.0,2026-08-30,Gurugram,Young Professional,222.02,1098.62,193.88
SS102948,Kabir Chopra,Hoodies,Fleece Hoodie,1,2893.31,15.0,2026-08-30,Kolkata,Premium Shopper,693.86,2459.31,434.0
SS100359,Arjun Joshi,Shirts,Oversized Shirt,3,1771.89,10.0,2026-08-31,Gurugram,Student,1340.23,4784.1,531.57
SS102534,Kabir Mishra,Accessories,Sling Bag,1,1206.89,10.0,2026-08-31,Ahmedabad,Working Professional,298.6,1086.2,120.69
SS102542,Neha Kapoor,Accessories,Socks Pack,1,1151.98,30.0,2026-08-31,Jaipur,Premium Shopper,238.2,806.39,345.59
SS102655,Nisha Nair,Hoodies,Fleece Hoodie,1,2165.81,10.0,2026-08-31,Mumbai,Premium Shopper,562.04,1949.23,216.58
SS102883,Aditi Reddy,T-Shirts,Typography Tee,1,1205.77,10.0,2026-08-31,Kolkata,Premium Shopper,301.51,1085.19,120.58
SS100185,Arjun Chopra,Shirts,Casual Printed Shirt,2,1625.8,10.0,2026-09-01,Delhi,Working Professional,807.36,2926.44,325.16
SS100370,Priya Patel,T-Shirts,Anime Printed Tee,1,841.48,5.0,2026-09-01,Jaipur,Working Professional,232.03,799.41,42.07
SS101081,Neha Reddy,T-Shirts,Anime Printed Tee,1,1147.7,0.0,2026-09-01,Chandigarh,Casual Shopper,360.53,1147.7,0.0
SS101254,Simran Malhotra,Shirts,Casual Printed Shirt,1,1085.01,15.0,2026-09-01,Noida,Premium Shopper,258.02,922.26,162.75
SS101357,Kritika Verma,Hoodies,Zip Hoodie,2,1586.4,15.0,2026-09-01,Pune,Premium Shopper,757.54,2696.88,475.92
SS102104,Kabir Patel,Accessories,Socks Pack,1,775.62,0.0,2026-09-01,Surat,Student,302.16,775.62,0.0
SS102337,Ananya Agarwal,Hoodies,Oversized Hoodie,3,1864.54,20.0,2026-09-01,Ahmedabad,Working Professional,1201.09,4474.9,1118.72
SS102396,Aditya Saxena,T-Shirts,Marvel Graphic Tee,1,1373.1,35.0,2026-09-01,Lucknow,Premium Shopper,275.77,892.52,480.58
SS100283,Kavya Kapoor,T-Shirts,Marvel Graphic Tee,4,1494.8,15.0,2026-09-02,Gurugram,Casual Shopper,1370.04,5082.32,896.88
SS100474,Anika Patel,Hoodies,Graphic Pullover Hoodie,2,2286.25,30.0,2026-09-02,Ahmedabad,Working Professional,725.81,3200.75,1371.75
SS101397,Nisha Nair,T-Shirts,Anime Printed Tee,1,1300.42,15.0,2026-09-02,Hyderabad,Casual Shopper,308.22,1105.36,195.06
SS102502,Riya Joshi,Shirts,Denim Shirt,2,1073.74,10.0,2026-09-02,Jaipur,Young Professional,568.87,1932.73,214.75
SS100482,Meera Jain,Hoodies,Oversized Hoodie,1,2425.94,20.0,2026-09-03,Hyderabad,Student,515.3,1940.75,485.19
SS100852,Simran Agarwal,T-Shirts,Typography Tee,1,750.43,20.0,2026-09-03,Pune,Premium Shopper,88.37,600.34,150.09
SS101218,Aditya Gupta,Shirts,Oversized Shirt,1,1930.54,25.0,2026-09-03,Hyderabad,Premium Shopper,378.78,1447.9,482.64
SS100514,Aanya Kumar,T-Shirts,Oversized Graphic Tee,1,632.52,15.0,2026-09-04,Surat,Working Professional,156.47,537.64,94.88
SS101234,Neha Malhotra,Shirts,Denim Shirt,1,1753.27,5.0,2026-09-04,Ahmedabad,Premium Shopper,575.06,1665.61,87.66
SS100292,Kabir Reddy,Accessories,Socks Pack,3,634.01,5.0,2026-09-05,Kolkata,Working Professional,754.68,1806.93,95.1
SS100579,Sneha Kumar,T-Shirts,Anime Printed Tee,1,1455.22,25.0,2026-09-05,Kolkata,Young Professional,294.92,1091.42,363.81
SS100791,Sneha Agarwal,Shirts,Denim Shirt,1,1623.11,15.0,2026-09-05,Gurugram,Working Professional,344.06,1379.64,243.47
SS101067,Neha Singh,T-Shirts,Marvel Graphic Tee,1,1235.28,5.0,2026-09-05,Bengaluru,Premium Shopper,376.04,1173.52,61.76
SS102207,Sakshi Kapoor,Accessories,Backpack,1,810.9,30.0,2026-09-05,Delhi,Working Professional,240.47,567.63,243.27
SS102717,Diya Kumar,Bottomwear,Cargo Pants,2,2310.44,15.0,2026-09-05,Mumbai,Young Professional,1097.44,3927.75,693.13
SS100148,Rahul Agarwal,T-Shirts,Anime Printed Tee,1,1369.2,15.0,2026-09-06,Hyderabad,Premium Shopper,425.19,1163.82,205.38
SS100535,Kritika Mehta,Bottomwear,Relaxed Jeans,2,1369.12,15.0,2026-09-06,Chandigarh,Student,554.06,2327.5,410.74
SS101362,Simran Gupta,Shirts,Oversized Shirt,1,1655.13,25.0,2026-09-06,Kolkata,Premium Shopper,325.08,1241.35,413.78
SS102135,Aarav Shah,Bottomwear,Cargo Pants,3,1516.18,20.0,2026-09-06,Noida,Student,855.16,3638.83,909.71
SS100352,Aanya Bansal,Shirts,Oversized Shirt,2,910.74,30.0,2026-09-07,Surat,Young Professional,278.41,1275.04,546.44
SS100580,Shreya Verma,Hoodies,Zip Hoodie,3,1304.14,20.0,2026-09-07,Bengaluru,Working Professional,884.35,3129.94,782.48
SS101066,Kritika Chopra,T-Shirts,Oversized Graphic Tee,4,1090.91,30.0,2026-09-07,Chandigarh,Casual Shopper,725.4,3054.55,1309.09
SS101409,Arjun Saxena,Bottomwear,Track Pants,3,1526.03,20.0,2026-09-07,Mumbai,Student,867.27,3662.47,915.62
SS101607,Aditya Patel,Accessories,Backpack,4,908.0,35.0,2026-09-07,Bengaluru,Young Professional,786.18,2360.8,1271.2
SS102952,Nisha Joshi,Shirts,Oversized Shirt,3,1587.44,40.0,2026-09-07,Chandigarh,Young Professional,711.33,2857.39,1904.93
SS100081,Ishaan Saxena,Shirts,Oversized Shirt,1,1131.11,15.0,2026-09-08,Ahmedabad,Working Professional,322.42,961.44,169.67
SS101830,Riya Shah,Bottomwear,Cargo Pants,1,1206.57,5.0,2026-09-08,Noida,Working Professional,380.1,1146.24,60.33
SS102296,Tanya Reddy,T-Shirts,Anime Printed Tee,1,1216.43,40.0,2026-09-08,Jaipur,Student,88.7,729.86,486.57
SS102959,Aanya Kumar,Accessories,Backpack,1,905.11,15.0,2026-09-08,Ahmedabad,Student,269.05,769.34,135.77
SS101082,Sneha Singh,Hoodies,Fleece Hoodie,5,2382.66,15.0,2026-09-09,Kolkata,Student,2624.59,10126.3,1787.0
SS102273,Nisha Jain,Shirts,Denim Shirt,2,1165.66,25.0,2026-09-09,Surat,Casual Shopper,484.06,1748.49,582.83
SS102314,Anika Agarwal,Bottomwear,Relaxed Jeans,1,2358.53,0.0,2026-09-09,Bengaluru,Casual Shopper,668.3,2358.53,0.0
SS102439,Sneha Chopra,T-Shirts,Typography Tee,2,1357.81,10.0,2026-09-09,Delhi,Young Professional,737.82,2444.06,271.56
SS102551,Kabir Patel,T-Shirts,Oversized Graphic Tee,1,1451.49,15.0,2026-09-09,Mumbai,Student,363.78,1233.77,217.72
SS102554,Meera Mehta,T-Shirts,Typography Tee,3,1313.42,15.0,2026-09-09,Ahmedabad,Young Professional,993.22,3349.22,591.04
SS102804,Isha Joshi,Hoodies,Zip Hoodie,1,1462.62,15.0,2026-09-09,Delhi,Working Professional,374.32,1243.23,219.39
SS100220,Nisha Kapoor,Shirts,Oversized Shirt,1,1217.99,20.0,2026-09-10,Gurugram,Student,248.96,974.39,243.6
SS100873,Ananya Saxena,Hoodies,Fleece Hoodie,2,1998.4,10.0,2026-09-10,Jaipur,Student,929.91,3597.12,399.68
SS101808,Riya Das,T-Shirts,Classic Logo Tee,2,851.43,15.0,2026-09-10,Ahmedabad,Young Professional,377.71,1447.43,255.43
SS102462,Ananya Singh,Shirts,Denim Shirt,2,1952.43,10.0,2026-09-10,Noida,Young Professional,1089.94,3514.37,390.49
SS102993,Neha Joshi,Hoodies,Graphic Pullover Hoodie,1,1912.34,30.0,2026-09-10,Gurugram,Casual Shopper,306.36,1338.64,573.7
SS100906,Aditi Jain,Accessories,Graphic Cap,1,713.85,20.0,2026-09-11,Jaipur,Working Professional,127.9,571.08,142.77
SS100995,Priya Chopra,T-Shirts,Anime Printed Tee,1,639.04,10.0,2026-09-11,Jaipur,Working Professional,236.45,575.14,63.9
SS102272,Sneha Gupta,Hoodies,Oversized Hoodie,1,2171.34,10.0,2026-09-11,Pune,Student,475.56,1954.21,217.13
SS100034,Nisha Mishra,Bottomwear,Joggers,2,1392.76,15.0,2026-09-12,Gurugram,Working Professional,689.52,2367.69,417.83
SS102596,Shreya Gupta,T-Shirts,Marvel Graphic Tee,1,1027.63,30.0,2026-09-12,Kolkata,Working Professional,159.22,719.34,308.29
SS102792,Diya Patel,Shirts,Oversized Shirt,1,1949.61,25.0,2026-09-13,Chandigarh,Student,379.59,1462.21,487.4
SS101023,Nisha Sharma,Bottomwear,Joggers,2,2241.06,35.0,2026-09-14,Noida,Student,597.98,2913.38,1568.74
SS102020,Ishaan Gupta,Bottomwear,Track Pants,4,1415.75,30.0,2026-09-14,Mumbai,Young Professional,1009.93,3964.1,1698.9
SS102044,Rohan Reddy,Bottomwear,Joggers,2,1433.03,10.0,2026-09-14,Mumbai,Working Professional,733.2,2579.45,286.61
SS102331,Kabir Kumar,T-Shirts,Anime Printed Tee,1,829.6,15.0,2026-09-14,Chandigarh,Young Professional,252.22,705.16,124.44
SS100210,Meera Reddy,Shirts,Oversized Shirt,5,1448.58,20.0,2026-09-15,Chennai,Premium Shopper,1781.87,5794.32,1448.58
SS100813,Pooja Shah,Bottomwear,Joggers,4,1638.89,15.0,2026-09-15,Mumbai,Premium Shopper,1579.57,5572.23,983.33
SS101749,Rohan Reddy,T-Shirts,Oversized Graphic Tee,3,699.62,30.0,2026-09-15,Surat,Premium Shopper,441.06,1469.2,629.66
SS102416,Tanya Verma,Hoodies,Fleece Hoodie,1,2111.39,5.0,2026-09-15,Hyderabad,Working Professional,512.93,2005.82,105.57
SS100024,Kabir Jain,Hoodies,Graphic Pullover Hoodie,1,2897.67,20.0,2026-09-16,Chandigarh,Premium Shopper,716.5,2318.14,579.53
SS100266,Pooja Singh,Shirts,Denim Shirt,1,956.5,0.0,2026-09-16,Chandigarh,Working Professional,321.75,956.5,0.0
SS100566,Sakshi Singh,Hoodies,Oversized Hoodie,3,2041.52,5.0,2026-09-16,Chandigarh,Casual Shopper,1650.4,5818.33,306.23
SS100655,Arjun Kumar,T-Shirts,Marvel Graphic Tee,2,1178.55,15.0,2026-09-16,Pune,Working Professional,611.36,2003.54,353.57
SS100736,Manya Das,Hoodies,Zip Hoodie,2,2659.62,20.0,2026-09-16,Chennai,Student,1095.23,4255.39,1063.85
SS100823,Ishaan Joshi,Hoodies,Oversized Hoodie,1,1959.5,15.0,2026-09-16,Ahmedabad,Casual Shopper,452.14,1665.58,293.92
SS101001,Neha Joshi,Shirts,Oversized Shirt,2,1902.84,35.0,2026-09-16,Hyderabad,Working Professional,627.24,2473.69,1331.99
SS102836,Riya Singh,Bottomwear,Joggers,4,2163.23,30.0,2026-09-16,Pune,Young Professional,1492.68,6057.04,2595.88
SS100027,Rahul Reddy,Hoodies,Graphic Pullover Hoodie,1,2766.94,15.0,2026-09-17,Surat,Student,631.88,2351.9,415.04
SS100155,Aditi Mishra,T-Shirts,Marvel Graphic Tee,2,896.63,10.0,2026-09-17,Chennai,Premium Shopper,504.31,1613.93,179.33
SS100178,Manya Chopra,Bottomwear,Relaxed Jeans,2,1553.61,5.0,2026-09-17,Kolkata,Young Professional,891.45,2951.86,155.36
SS100314,Rohan Sharma,Accessories,Socks Pack,1,678.46,25.0,2026-09-17,Jaipur,Working Professional,207.25,508.84,169.62
SS101767,Aanya Das,Hoodies,Oversized Hoodie,2,1671.8,20.0,2026-09-17,Pune,Working Professional,781.02,2674.88,668.72
SS101773,Aarav Patel,Bottomwear,Cargo Pants,1,1238.87,0.0,2026-09-17,Kolkata,Premium Shopper,411.1,1238.87,0.0
SS101775,Kavya Kapoor,T-Shirts,Classic Logo Tee,3,1078.97,20.0,2026-09-17,Hyderabad,Casual Shopper,680.35,2589.53,647.38
SS102454,Priya Mehta,Shirts,Casual Printed Shirt,1,1378.06,0.0,2026-09-17,Surat,Casual Shopper,458.02,1378.06,0.0
SS102782,Aanya Malhotra,Bottomwear,Relaxed Jeans,2,1370.03,25.0,2026-09-17,Jaipur,Student,478.52,2055.04,685.01
SS102287,Rohan Agarwal,T-Shirts,Oversized Graphic Tee,1,1373.7,30.0,2026-09-18,Hyderabad,Working Professional,310.24,961.59,412.11
SS102173,Diya Joshi,Accessories,Graphic Cap,1,602.72,15.0,2026-09-19,Kolkata,Young Professional,236.21,512.31,90.41
SS100015,Aanya Mehta,T-Shirts,Classic Logo Tee,4,743.8,0.0,2026-09-20,Noida,Working Professional,1003.32,2975.2,0.0
SS100199,Kritika Reddy,Accessories,Sling Bag,1,883.76,40.0,2026-09-20,Surat,Premium Shopper,194.34,530.26,353.5
SS100757,Rohan Reddy,Hoodies,Zip Hoodie,3,1645.01,40.0,2026-09-20,Bengaluru,Premium Shopper,770.26,2961.02,1974.01
SS100767,Vivaan Sharma,Bottomwear,Cargo Pants,3,1265.22,25.0,2026-09-20,Noida,Premium Shopper,787.03,2846.74,948.92
SS101118,Sneha Bansal,T-Shirts,Typography Tee,2,537.87,5.0,2026-09-20,Gurugram,Working Professional,362.75,1021.95,53.79
SS101900,Kavya Singh,Shirts,Oversized Shirt,1,1762.37,15.0,2026-09-20,Ahmedabad,Premium Shopper,469.96,1498.01,264.36
SS102192,Rahul Chopra,Shirts,Oversized Shirt,2,1308.19,5.0,2026-09-20,Hyderabad,Working Professional,793.26,2485.56,130.82
SS102257,Aditya Shah,Hoodies,Oversized Hoodie,1,1693.04,5.0,2026-09-20,Hyderabad,Working Professional,501.78,1608.39,84.65
SS102485,Aditi Das,Bottomwear,Track Pants,1,1290.23,10.0,2026-09-20,Pune,Working Professional,286.07,1161.21,129.02
SS102872,Rahul Jain,Bottomwear,Track Pants,1,1649.55,25.0,2026-09-20,Ahmedabad,Young Professional,319.22,1237.16,412.39
SS101949,Ananya Sharma,Hoodies,Oversized Hoodie,1,2155.41,15.0,2026-09-21,Surat,Student,404.13,1832.1,323.31
SS102850,Aarav Joshi,Shirts,Oversized Shirt,1,1368.09,0.0,2026-09-21,Bengaluru,Working Professional,419.81,1368.09,0.0
SS100127,Ishaan Chopra,Bottomwear,Joggers,1,1340.45,15.0,2026-09-22,Gurugram,Working Professional,374.48,1139.38,201.07
SS100194,Meera Kumar,T-Shirts,Anime Printed Tee,1,1031.3,15.0,2026-09-22,Mumbai,Student,262.24,876.6,154.7
SS100758,Kavya Reddy,Bottomwear,Joggers,5,1232.63,10.0,2026-09-22,Chennai,Casual Shopper,1349.68,5546.84,616.31
SS101482,Sneha Kumar,Shirts,Oversized Shirt,1,1534.88,15.0,2026-09-22,Noida,Young Professional,434.09,1304.65,230.23
SS100328,Shreya Kumar,Hoodies,Graphic Pullover Hoodie,1,2300.86,10.0,2026-09-23,Bengaluru,Working Professional,571.03,2070.77,230.09
SS100938,Kabir Gupta,T-Shirts,Oversized Graphic Tee,2,1419.2,0.0,2026-09-23,Bengaluru,Casual Shopper,855.67,2838.4,0.0
SS101815,Neha Nair,Bottomwear,Relaxed Jeans,1,1747.28,5.0,2026-09-23,Kolkata,Student,360.84,1659.92,87.36
SS101966,Neha Kumar,T-Shirts,Typography Tee,1,926.82,10.0,2026-09-23,Chennai,Working Professional,235.36,834.14,92.68
SS102518,Shreya Kapoor,Shirts,Casual Printed Shirt,1,1359.09,30.0,2026-09-23,Kolkata,Student,134.43,951.36,407.73
SS100075,Vivaan Jain,Accessories,Graphic Cap,1,452.75,15.0,2026-09-24,Noida,Student,137.38,384.84,67.91
SS100578,Nisha Sharma,Hoodies,Fleece Hoodie,3,2410.22,10.0,2026-09-24,Jaipur,Student,1712.01,6507.59,723.07
SS101387,Simran Kumar,T-Shirts,Classic Logo Tee,1,1319.29,10.0,2026-09-24,Bengaluru,Casual Shopper,289.58,1187.36,131.93
SS102039,Meera Nair,T-Shirts,Oversized Graphic Tee,1,1248.22,10.0,2026-09-24,Delhi,Working Professional,351.64,1123.4,124.82
SS102238,Nisha Sharma,T-Shirts,Classic Logo Tee,2,1066.16,30.0,2026-09-24,Delhi,Young Professional,435.74,1492.62,639.7
SS102893,Riya Agarwal,Shirts,Casual Printed Shirt,2,1042.77,25.0,2026-09-24,Surat,Young Professional,372.68,1564.16,521.38
SS100529,Arjun Malhotra,Bottomwear,Relaxed Jeans,2,1194.49,15.0,2026-09-25,Noida,Working Professional,451.15,2030.63,358.35
SS100809,Aditya Reddy,T-Shirts,Oversized Graphic Tee,4,1222.58,15.0,2026-09-25,Kolkata,Casual Shopper,1195.68,4156.77,733.55
SS102800,Sakshi Nair,Accessories,Backpack,5,483.37,35.0,2026-09-25,Lucknow,Premium Shopper,491.68,1570.95,845.9
SS100037,Arjun Mehta,T-Shirts,Oversized Graphic Tee,2,1084.26,5.0,2026-09-26,Lucknow,Young Professional,614.55,2060.09,108.43
SS100618,Rahul Reddy,Accessories,Socks Pack,1,756.32,20.0,2026-09-26,Noida,Premium Shopper,227.86,605.06,151.26
SS101590,Ananya Saxena,Shirts,Oversized Shirt,2,1450.49,25.0,2026-09-26,Kolkata,Young Professional,544.78,2175.74,725.24
SS101665,Karan Agarwal,Accessories,Graphic Cap,1,639.27,25.0,2026-09-26,Ahmedabad,Casual Shopper,178.82,479.45,159.82
SS102344,Ananya Das,Bottomwear,Track Pants,1,1399.06,20.0,2026-09-26,Bengaluru,Casual Shopper,346.55,1119.25,279.81
SS102843,Rahul Bansal,Bottomwear,Track Pants,1,1788.96,20.0,2026-09-26,Kolkata,Working Professional,366.4,1431.17,357.79
SS102936,Sakshi Bansal,Accessories,Sling Bag,2,873.95,35.0,2026-09-26,Chennai,Working Professional,358.45,1136.14,611.77
SS102961,Pooja Patel,Hoodies,Zip Hoodie,1,1876.2,10.0,2026-09-26,Hyderabad,Premium Shopper,617.57,1688.58,187.62
SS101411,Shreya Agarwal,T-Shirts,Oversized Graphic Tee,2,848.86,20.0,2026-09-27,Chandigarh,Casual Shopper,329.38,1358.18,339.54
SS102484,Ananya Das,Hoodies,Graphic Pullover Hoodie,2,2817.85,15.0,2026-09-27,Pune,Premium Shopper,1401.28,4790.34,845.36
SS102543,Kavya Malhotra,Shirts,Casual Printed Shirt,2,1969.14,20.0,2026-09-27,Pune,Working Professional,950.7,3150.62,787.66
SS100574,Sneha Sharma,Bottomwear,Relaxed Jeans,1,2308.88,20.0,2026-09-28,Chennai,Working Professional,465.21,1847.1,461.78
SS100197,Pooja Shah,Bottomwear,Track Pants,1,1285.58,25.0,2026-09-29,Noida,Student,180.79,964.18,321.4
SS100384,Pooja Singh,Accessories,Backpack,1,886.8,30.0,2026-09-29,Delhi,Young Professional,218.06,620.76,266.04
SS100518,Nisha Bansal,Bottomwear,Joggers,2,2140.06,20.0,2026-09-29,Jaipur,Working Professional,904.15,3424.1,856.02
SS100884,Manya Malhotra,Accessories,Socks Pack,1,865.44,20.0,2026-09-29,Chennai,Student,122.88,692.35,173.09
SS100996,Yash Sharma,Bottomwear,Track Pants,4,1482.12,0.0,2026-09-29,Pune,Premium Shopper,1802.03,5928.48,0.0
SS102427,Neha Sharma,Bottomwear,Joggers,2,1348.1,10.0,2026-09-29,Gurugram,Student,667.64,2426.58,269.62
SS102868,Neha Mishra,T-Shirts,Typography Tee,1,981.45,20.0,2026-09-29,Gurugram,Student,119.04,785.16,196.29
SS100021,Kritika Verma,T-Shirts,Oversized Graphic Tee,2,1211.07,15.0,2026-09-30,Surat,Premium Shopper,617.34,2058.82,363.32
SS100068,Arjun Singh,T-Shirts,Oversized Graphic Tee,4,919.34,20.0,2026-09-30,Delhi,Young Professional,863.79,2941.89,735.47
SS100365,Karan Agarwal,Hoodies,Fleece Hoodie,2,1322.71,30.0,2026-09-30,Surat,Student,450.44,1851.79,793.63
SS101050,Kavya Shah,Bottomwear,Joggers,1,1410.82,40.0,2026-09-30,Kolkata,Casual Shopper,218.16,846.49,564.33
SS101333,Karan Chopra,Bottomwear,Relaxed Jeans,1,1680.14,5.0,2026-09-30,Chennai,Working Professional,446.52,1596.13,84.01
SS102319,Sneha Saxena,Hoodies,Graphic Pullover Hoodie,4,1454.12,10.0,2026-09-30,Chandigarh,Student,1363.32,5234.83,581.65
SS102430,Tanya Malhotra,Shirts,Denim Shirt,1,1682.27,5.0,2026-09-30,Hyderabad,Casual Shopper,419.91,1598.16,84.11
