Order_ID,Customer_Name,Product_Category,Product_Name,Units_Sold,Unit_Price,Discount_%,Order_Date,City,Segment,Profit,sales_amount.1,discount_c
UT100130,Rahul Kumar,T-Shirts,Premium Cotton Tee,1,1578.14,15.0,2025-01-01,Ahmedabad,Working Professional,376.06,1341.42,236.72
UT100378,Meera Kapoor,Accessories,Canvas Tote,1,1614.89,35.0,2025-01-01,Kolkata,Casual Shopper,311.08,1049.68,565.21
UT100555,Meera Jain,Shirts,Oxford Shirt,1,2255.35,15.0,2025-01-01,Lucknow,Young Professional,628.84,1917.05,338.3
UT100695,Rohan Sharma,T-Shirts,Relaxed Fit Tee,1,1004.43,25.0,2025-01-01,Chandigarh,Young Professional,205.42,753.32,251.11
UT102743,Aanya Malhotra,Denim,Denim Skirt,4,2223.87,25.0,2025-01-01,Chandigarh,Casual Shopper,1582.65,6671.61,2223.87
UT100040,Diya Mehta,Shirts,Oxford Shirt,2,2461.86,0.0,2025-01-02,Bengaluru,Working Professional,1654.03,4923.72,0.0
UT100203,Sakshi Patel,T-Shirts,Relaxed Fit Tee,2,1012.04,0.0,2025-01-02,Chennai,Working Professional,737.79,2024.08,0.0
UT101627,Simran Malhotra,T-Shirts,Minimal Logo Tee,1,966.69,15.0,2025-01-02,Noida,Working Professional,187.93,821.69,145.0
UT102104,Nisha Bansal,Dresses,Oversized Shirt Dress,2,2888.85,15.0,2025-01-02,Hyderabad,Young Professional,1428.33,4911.04,866.65
UT100727,Simran Chopra,Dresses,Floral Midi Dress,1,2525.11,25.0,2025-01-03,Kolkata,Casual Shopper,553.61,1893.83,631.28
UT101482,Aarav Kumar,T-Shirts,Premium Cotton Tee,1,1219.19,40.0,2025-01-03,Chandigarh,Casual Shopper,260.61,731.51,487.68
UT102530,Yash Sharma,T-Shirts,Relaxed Fit Tee,2,1416.41,15.0,2025-01-03,Jaipur,Young Professional,758.18,2407.9,424.92
UT102535,Vivaan Nair,Dresses,Floral Midi Dress,2,2603.12,20.0,2025-01-03,Kolkata,Casual Shopper,1163.49,4164.99,1041.25
UT100267,Aanya Agarwal,T-Shirts,Premium Cotton Tee,2,1149.06,30.0,2025-01-04,Bengaluru,Student,398.5,1608.68,689.44
UT100706,Anika Das,Accessories,Minimal Sling Bag,1,1512.38,10.0,2025-01-04,Lucknow,Casual Shopper,466.84,1361.14,151.24
UT101055,Priya Mishra,Accessories,Canvas Tote,4,1142.23,10.0,2025-01-04,Chandigarh,Student,1379.39,4112.03,456.89
UT102139,Nisha Jain,Accessories,Canvas Tote,2,1147.58,20.0,2025-01-04,Chennai,Casual Shopper,571.3,1836.13,459.03
UT102593,Nisha Agarwal,Dresses,Oversized Shirt Dress,1,2486.1,0.0,2025-01-04,Jaipur,Young Professional,835.43,2486.1,0.0
UT102876,Kavya Kumar,Accessories,Cap,3,1033.54,20.0,2025-01-04,Kolkata,Young Professional,868.96,2480.5,620.12
UT102516,Kabir Bansal,Dresses,Oversized Shirt Dress,5,1997.25,0.0,2025-01-05,Lucknow,Casual Shopper,3213.55,9986.25,0.0
UT100905,Sakshi Gupta,T-Shirts,Relaxed Fit Tee,2,648.48,20.0,2025-01-06,Delhi,Working Professional,371.99,1037.57,259.39
UT101058,Karan Saxena,Denim,Straight Fit Jeans,2,2512.65,15.0,2025-01-06,Mumbai,Working Professional,1101.71,4271.5,753.8
UT102401,Riya Singh,Dresses,Oversized Shirt Dress,1,2749.78,25.0,2025-01-06,Gurugram,Young Professional,604.42,2062.34,687.45
UT100124,Aarav Das,Shirts,Oxford Shirt,4,2307.44,5.0,2025-01-07,Chennai,Student,2510.57,8768.27,461.49
UT100256,Arjun Verma,T-Shirts,Essential Tee,1,988.96,15.0,2025-01-07,Surat,Casual Shopper,235.15,840.62,148.34
UT100871,Aarav Joshi,T-Shirts,Minimal Logo Tee,3,1400.68,20.0,2025-01-07,Ahmedabad,Working Professional,1017.83,3361.63,840.41
UT101118,Sakshi Sharma,Dresses,Ribbed Dress,2,1838.5,15.0,2025-01-07,Bengaluru,Young Professional,953.22,3125.45,551.55
UT101606,Rahul Saxena,Accessories,Cap,5,897.14,10.0,2025-01-07,Hyderabad,Premium Shopper,1517.18,4037.13,448.57
UT101905,Rahul Malhotra,T-Shirts,Relaxed Fit Tee,1,1395.65,15.0,2025-01-07,Bengaluru,Young Professional,366.29,1186.3,209.35
UT102150,Rohan Verma,Denim,Wide Leg Denim,3,2177.52,0.0,2025-01-07,Ahmedabad,Casual Shopper,1772.1,6532.56,0.0
UT100296,Manya Das,Shirts,Linen Shirt,3,1136.53,10.0,2025-01-08,Ahmedabad,Student,830.91,3068.63,340.96
UT102090,Aditya Das,T-Shirts,Minimal Logo Tee,1,627.24,0.0,2025-01-08,Hyderabad,Premium Shopper,224.64,627.24,0.0
UT102831,Aarav Shah,T-Shirts,Premium Cotton Tee,2,1179.2,10.0,2025-01-08,Jaipur,Young Professional,632.47,2122.56,235.84
UT100078,Aarav Das,Shirts,Textured Shirt,1,2320.53,10.0,2025-01-09,Chennai,Working Professional,598.26,2088.48,232.05
UT100106,Kritika Jain,Dresses,Oversized Shirt Dress,1,2626.11,30.0,2025-01-09,Lucknow,Working Professional,486.17,1838.28,787.83
UT100349,Manya Jain,T-Shirts,Relaxed Fit Tee,3,854.53,25.0,2025-01-09,Hyderabad,Young Professional,473.37,1922.69,640.9
UT100379,Aditi Joshi,Accessories,Leather Wallet,1,658.62,15.0,2025-01-09,Delhi,Premium Shopper,227.56,559.83,98.79
UT100982,Simran Mehta,Shirts,Textured Shirt,1,1587.6,20.0,2025-01-09,Ahmedabad,Casual Shopper,260.64,1270.08,317.52
UT102060,Tanya Patel,T-Shirts,Minimal Logo Tee,5,1013.43,20.0,2025-01-09,Jaipur,Working Professional,1163.99,4053.72,1013.43
UT102565,Neha Kumar,Denim,Wide Leg Denim,1,2688.26,5.0,2025-01-09,Ahmedabad,Young Professional,716.98,2553.85,134.41
UT102974,Arjun Patel,Shirts,Oxford Shirt,1,1244.39,20.0,2025-01-09,Gurugram,Casual Shopper,308.7,995.51,248.88
UT100084,Priya Malhotra,Denim,Denim Skirt,1,2960.25,20.0,2025-01-10,Pune,Student,453.85,2368.2,592.05
UT101588,Arjun Bansal,T-Shirts,Relaxed Fit Tee,1,1176.64,20.0,2025-01-10,Chennai,Young Professional,289.54,941.31,235.33
UT101598,Ananya Singh,Dresses,Floral Midi Dress,3,1458.26,20.0,2025-01-10,Lucknow,Casual Shopper,937.99,3499.82,874.96
UT101813,Priya Jain,T-Shirts,Essential Tee,3,1310.01,20.0,2025-01-10,Lucknow,Young Professional,840.3,3144.02,786.01
UT102132,Riya Malhotra,T-Shirts,Essential Tee,3,1290.89,20.0,2025-01-10,Hyderabad,Young Professional,847.17,3098.14,774.53
UT100697,Aditya Malhotra,Denim,Mom Fit Jeans,3,2567.6,30.0,2025-01-11,Ahmedabad,Working Professional,1300.27,5391.96,2310.84
UT101507,Yash Agarwal,T-Shirts,Relaxed Fit Tee,1,975.65,25.0,2025-01-11,Delhi,Student,113.72,731.74,243.91
UT102163,Yash Malhotra,Accessories,Canvas Tote,2,1647.69,20.0,2025-01-12,Delhi,Student,854.7,2636.3,659.08
UT102536,Diya Verma,T-Shirts,Essential Tee,2,1169.72,15.0,2025-01-12,Kolkata,Casual Shopper,504.11,1988.52,350.92
UT102660,Meera Kumar,T-Shirts,Minimal Logo Tee,1,859.44,15.0,2025-01-12,Lucknow,Casual Shopper,255.68,730.52,128.92
UT100605,Kritika Das,T-Shirts,Essential Tee,1,1027.09,25.0,2025-01-13,Chandigarh,Student,241.96,770.32,256.77
UT100757,Riya Singh,Denim,Straight Fit Jeans,3,1711.32,0.0,2025-01-13,Chandigarh,Working Professional,1443.79,5133.96,0.0
UT101064,Sneha Verma,Shirts,Relaxed Casual Shirt,1,1149.45,25.0,2025-01-13,Mumbai,Casual Shopper,278.37,862.09,287.36
UT101594,Simran Agarwal,T-Shirts,Relaxed Fit Tee,5,1498.06,15.0,2025-01-13,Pune,Young Professional,1935.34,6366.75,1123.54
UT101658,Ananya Mehta,T-Shirts,Premium Cotton Tee,2,1030.28,0.0,2025-01-13,Jaipur,Premium Shopper,830.54,2060.56,0.0
UT100280,Rohan Kapoor,T-Shirts,Relaxed Fit Tee,1,1294.91,0.0,2025-01-14,Pune,Young Professional,420.88,1294.91,0.0
UT101427,Kabir Bansal,Denim,Straight Fit Jeans,2,1654.85,10.0,2025-01-14,Jaipur,Young Professional,721.58,2978.73,330.97
UT101476,Nisha Mishra,Accessories,Canvas Tote,1,1593.18,10.0,2025-01-14,Noida,Young Professional,409.93,1433.86,159.32
UT102337,Yash Joshi,T-Shirts,Premium Cotton Tee,5,1032.06,15.0,2025-01-14,Mumbai,Student,1152.81,4386.25,774.04
UT102370,Sakshi Chopra,Dresses,Oversized Shirt Dress,3,2667.37,30.0,2025-01-14,Kolkata,Young Professional,1548.99,5601.48,2400.63
UT102541,Arjun Malhotra,Shirts,Textured Shirt,2,1146.11,35.0,2025-01-14,Bengaluru,Working Professional,342.19,1489.94,802.28
UT100805,Aditya Jain,T-Shirts,Relaxed Fit Tee,5,1181.43,25.0,2025-01-15,Delhi,Working Professional,1320.14,4430.36,1476.79
UT100849,Manya Sharma,T-Shirts,Minimal Logo Tee,5,1573.96,25.0,2025-01-15,Bengaluru,Young Professional,1664.54,5902.35,1967.45
UT101434,Rahul Gupta,Shirts,Textured Shirt,1,2419.85,20.0,2025-01-15,Ahmedabad,Student,511.62,1935.88,483.97
UT101547,Tanya Bansal,T-Shirts,Minimal Logo Tee,1,1441.65,10.0,2025-01-15,Pune,Casual Shopper,351.43,1297.49,144.16
UT102072,Meera Verma,T-Shirts,Minimal Logo Tee,1,1562.75,15.0,2025-01-15,Surat,Casual Shopper,333.93,1328.34,234.41
UT102333,Pooja Bansal,T-Shirts,Minimal Logo Tee,2,1078.7,15.0,2025-01-15,Jaipur,Casual Shopper,493.78,1833.79,323.61
UT102988,Riya Jain,T-Shirts,Minimal Logo Tee,1,921.57,10.0,2025-01-15,Jaipur,Student,207.05,829.41,92.16
UT100208,Vivaan Malhotra,T-Shirts,Minimal Logo Tee,1,1197.64,30.0,2025-01-16,Mumbai,Premium Shopper,269.89,838.35,359.29
UT101251,Aanya Mishra,T-Shirts,Relaxed Fit Tee,1,1129.78,15.0,2025-01-17,Mumbai,Casual Shopper,316.58,960.31,169.47
UT101716,Arjun Reddy,Dresses,Casual Mini Dress,1,2803.32,5.0,2025-01-17,Chennai,Student,769.66,2663.15,140.17
UT101361,Simran Gupta,Denim,Mom Fit Jeans,1,3171.01,20.0,2025-01-18,Lucknow,Working Professional,679.05,2536.81,634.2
UT102323,Aditya Patel,Shirts,Textured Shirt,1,1820.04,40.0,2025-01-18,Mumbai,Casual Shopper,271.29,1092.02,728.02
UT100619,Aditya Kapoor,Dresses,Floral Midi Dress,2,1779.45,20.0,2025-01-19,Surat,Premium Shopper,844.76,2847.12,711.78
UT102145,Kavya Bansal,Accessories,Leather Wallet,1,1585.08,20.0,2025-01-19,Mumbai,Student,441.07,1268.06,317.02
UT102162,Yash Singh,T-Shirts,Premium Cotton Tee,3,1423.87,25.0,2025-01-19,Kolkata,Casual Shopper,896.72,3203.71,1067.9
UT102256,Aanya Kapoor,Shirts,Linen Shirt,1,1393.44,10.0,2025-01-19,Kolkata,Working Professional,399.72,1254.1,139.34
UT102372,Kavya Joshi,Shirts,Textured Shirt,1,1933.44,0.0,2025-01-19,Gurugram,Student,535.8,1933.44,0.0
UT100274,Kavya Joshi,Accessories,Minimal Sling Bag,2,945.93,20.0,2025-01-20,Mumbai,Student,484.94,1513.49,378.37
UT100606,Ishaan Reddy,T-Shirts,Premium Cotton Tee,1,1517.32,30.0,2025-01-20,Chennai,Student,214.77,1062.12,455.2
UT100675,Aditya Saxena,Dresses,Casual Mini Dress,1,1422.78,25.0,2025-01-20,Delhi,Premium Shopper,307.68,1067.08,355.69
UT100771,Nisha Joshi,Accessories,Cap,2,1411.33,15.0,2025-01-20,Pune,Student,649.79,2399.26,423.4
UT101853,Pooja Gupta,T-Shirts,Essential Tee,1,797.59,35.0,2025-01-20,Mumbai,Working Professional,124.02,518.43,279.16
UT102128,Tanya Joshi,T-Shirts,Relaxed Fit Tee,1,684.45,15.0,2025-01-20,Jaipur,Young Professional,245.61,581.78,102.67
UT102679,Rohan Patel,Shirts,Oxford Shirt,2,2065.31,5.0,2025-01-20,Delhi,Student,1136.56,3924.09,206.53
UT102694,Shreya Kumar,Shirts,Linen Shirt,4,2364.7,0.0,2025-01-20,Bengaluru,Young Professional,2978.06,9458.8,0.0
UT102869,Pooja Mehta,Accessories,Canvas Tote,1,701.18,15.0,2025-01-20,Noida,Premium Shopper,248.72,596.0,105.18
UT101471,Aditya Saxena,Dresses,Ribbed Dress,1,2316.83,10.0,2025-01-21,Bengaluru,Working Professional,711.97,2085.15,231.68
UT100042,Neha Kumar,T-Shirts,Minimal Logo Tee,3,870.96,25.0,2025-01-22,Surat,Working Professional,596.66,1959.66,653.22
UT100108,Nisha Kumar,Shirts,Linen Shirt,3,1251.17,0.0,2025-01-22,Kolkata,Student,1185.07,3753.51,0.0
UT100655,Meera Mehta,Denim,Denim Skirt,2,1684.55,15.0,2025-01-22,Mumbai,Premium Shopper,812.33,2863.73,505.37
UT100986,Vivaan Bansal,Dresses,Oversized Shirt Dress,4,1686.03,10.0,2025-01-22,Gurugram,Working Professional,1870.61,6069.71,674.41
UT102253,Diya Das,T-Shirts,Premium Cotton Tee,1,808.27,10.0,2025-01-22,Surat,Casual Shopper,211.09,727.44,80.83
UT100223,Rohan Das,Shirts,Oxford Shirt,1,1012.93,20.0,2025-01-23,Surat,Student,192.01,810.34,202.59
UT100957,Aanya Sharma,Denim,Denim Skirt,1,2930.64,25.0,2025-01-23,Bengaluru,Student,440.45,2197.98,732.66
UT101117,Rahul Saxena,Accessories,Cap,5,807.95,30.0,2025-01-23,Hyderabad,Student,793.43,2827.82,1211.93
UT101236,Arjun Mehta,Dresses,Ribbed Dress,2,1427.58,0.0,2025-01-23,Ahmedabad,Young Professional,945.61,2855.16,0.0
UT101372,Karan Kumar,T-Shirts,Essential Tee,1,1432.35,25.0,2025-01-23,Delhi,Student,274.92,1074.26,358.09
UT101778,Arjun Mishra,T-Shirts,Premium Cotton Tee,1,1236.79,20.0,2025-01-23,Chennai,Young Professional,233.78,989.43,247.36
UT102887,Yash Singh,Shirts,Relaxed Casual Shirt,1,1997.11,30.0,2025-01-23,Chandigarh,Young Professional,325.01,1397.98,599.13
UT102990,Rohan Saxena,T-Shirts,Essential Tee,1,692.82,30.0,2025-01-23,Kolkata,Student,213.36,484.97,207.85
UT100292,Aditya Sharma,Accessories,Canvas Tote,1,1756.48,20.0,2025-01-24,Jaipur,Young Professional,453.53,1405.18,351.3
UT100459,Aarav Mishra,Shirts,Oxford Shirt,5,2133.21,20.0,2025-01-24,Kolkata,Working Professional,2418.07,8532.84,2133.21
UT100588,Ishaan Malhotra,Dresses,Casual Mini Dress,1,2618.3,0.0,2025-01-24,Lucknow,Casual Shopper,838.6,2618.3,0.0
UT100684,Ishaan Gupta,T-Shirts,Relaxed Fit Tee,2,1443.64,25.0,2025-01-24,Bengaluru,Casual Shopper,602.01,2165.46,721.82
UT100942,Vivaan Malhotra,Denim,Mom Fit Jeans,3,2515.91,10.0,2025-01-24,Surat,Young Professional,1805.18,6792.96,754.77
UT101503,Kabir Reddy,Dresses,Casual Mini Dress,1,2997.64,35.0,2025-01-24,Ahmedabad,Student,420.79,1948.47,1049.17
UT101896,Pooja Sharma,Accessories,Leather Wallet,4,1544.89,10.0,2025-01-25,Mumbai,Casual Shopper,1884.24,5561.6,617.96
UT102959,Isha Singh,Accessories,Canvas Tote,1,492.94,20.0,2025-01-25,Surat,Working Professional,121.23,394.35,98.59
UT102283,Nisha Jain,Dresses,Oversized Shirt Dress,1,2392.66,5.0,2025-01-26,Hyderabad,Student,691.16,2273.03,119.63
UT102600,Aditi Gupta,Denim,Wide Leg Denim,2,2262.53,20.0,2025-01-26,Kolkata,Casual Shopper,941.75,3620.05,905.01
UT101086,Manya Chopra,Accessories,Leather Wallet,1,1007.28,25.0,2025-01-27,Hyderabad,Student,198.23,755.46,251.82
UT101490,Diya Agarwal,Dresses,Casual Mini Dress,1,1555.44,15.0,2025-01-27,Surat,Working Professional,452.2,1322.12,233.32
UT100092,Meera Chopra,Accessories,Minimal Sling Bag,1,1678.61,0.0,2025-01-28,Chandigarh,Student,597.96,1678.61,0.0
UT100169,Kavya Bansal,T-Shirts,Minimal Logo Tee,1,1296.11,5.0,2025-01-28,Lucknow,Premium Shopper,455.36,1231.3,64.81
UT100227,Kavya Singh,Dresses,Ribbed Dress,2,2217.32,20.0,2025-01-28,Chandigarh,Working Professional,1063.15,3547.71,886.93
UT100607,Meera Singh,T-Shirts,Premium Cotton Tee,4,1038.31,40.0,2025-01-28,Pune,Young Professional,716.73,2491.94,1661.3
UT100762,Simran Bansal,Dresses,Oversized Shirt Dress,2,1756.59,10.0,2025-01-28,Delhi,Young Professional,1008.65,3161.86,351.32
UT102254,Ishaan Malhotra,T-Shirts,Minimal Logo Tee,4,1425.08,25.0,2025-01-28,Chandigarh,Student,1071.27,4275.24,1425.08
UT102772,Simran Agarwal,Denim,Straight Fit Jeans,2,2311.64,30.0,2025-01-28,Chandigarh,Premium Shopper,863.93,3236.3,1386.98
UT100005,Sneha Reddy,Shirts,Linen Shirt,1,1363.24,25.0,2025-01-29,Chennai,Working Professional,304.6,1022.43,340.81
UT101148,Sneha Malhotra,Accessories,Cap,1,1576.54,20.0,2025-01-29,Lucknow,Student,400.82,1261.23,315.31
UT102203,Rahul Saxena,T-Shirts,Minimal Logo Tee,2,1533.59,15.0,2025-01-29,Mumbai,Student,721.2,2607.1,460.08
UT100740,Shreya Mishra,T-Shirts,Minimal Logo Tee,3,1081.85,0.0,2025-01-30,Hyderabad,Young Professional,930.17,3245.55,0.0
UT102154,Ishaan Nair,Accessories,Leather Wallet,1,853.65,15.0,2025-01-30,Pune,Premium Shopper,198.88,725.6,128.05
UT102294,Sakshi Jain,Shirts,Linen Shirt,2,1085.46,10.0,2025-01-30,Pune,Casual Shopper,617.18,1953.83,217.09
UT102412,Shreya Nair,Accessories,Minimal Sling Bag,1,496.52,30.0,2025-01-30,Chennai,Casual Shopper,92.68,347.56,148.96
UT100966,Arjun Chopra,Dresses,Casual Mini Dress,3,2070.38,25.0,2025-01-31,Surat,Young Professional,1410.33,4658.36,1552.78
UT101075,Pooja Shah,Denim,Straight Fit Jeans,1,1669.41,15.0,2025-01-31,Gurugram,Student,352.31,1419.0,250.41
UT101331,Ananya Saxena,T-Shirts,Essential Tee,1,1346.4,25.0,2025-01-31,Delhi,Student,221.09,1009.8,336.6
UT101734,Vivaan Kumar,T-Shirts,Relaxed Fit Tee,1,1303.0,15.0,2025-01-31,Noida,Student,315.62,1107.55,195.45
UT101804,Meera Verma,T-Shirts,Relaxed Fit Tee,1,1132.39,10.0,2025-01-31,Surat,Working Professional,205.24,1019.15,113.24
UT101898,Simran Mishra,Dresses,Ribbed Dress,2,1398.66,40.0,2025-01-31,Surat,Casual Shopper,422.71,1678.39,1118.93
UT102219,Sakshi Verma,T-Shirts,Relaxed Fit Tee,2,1580.36,10.0,2025-01-31,Gurugram,Casual Shopper,804.86,2844.65,316.07
UT102995,Nisha Das,Denim,Straight Fit Jeans,3,3057.94,5.0,2025-01-31,Delhi,Student,2253.26,8715.13,458.69
UT100620,Rahul Verma,Accessories,Cap,1,1046.82,5.0,2025-02-01,Bengaluru,Premium Shopper,503.29,994.48,52.34
UT100921,Ananya Mehta,T-Shirts,Essential Tee,5,1503.35,5.0,2025-02-01,Surat,Young Professional,2175.47,7140.91,375.84
UT101650,Aarav Singh,T-Shirts,Essential Tee,1,1131.4,15.0,2025-02-01,Jaipur,Young Professional,333.37,961.69,169.71
UT102609,Karan Nair,T-Shirts,Minimal Logo Tee,1,1044.37,15.0,2025-02-01,Bengaluru,Student,259.27,887.71,156.66
UT102873,Kritika Joshi,Denim,Straight Fit Jeans,3,3252.47,0.0,2025-02-01,Lucknow,Young Professional,2822.56,9757.41,0.0
UT100144,Riya Kumar,Accessories,Minimal Sling Bag,2,1779.51,10.0,2025-02-02,Chennai,Working Professional,1192.0,3203.12,355.9
UT100434,Tanya Shah,Shirts,Oxford Shirt,3,1058.27,15.0,2025-02-02,Bengaluru,Working Professional,821.37,2698.59,476.22
UT101195,Aarav Verma,Dresses,Floral Midi Dress,1,2417.39,10.0,2025-02-02,Gurugram,Working Professional,710.87,2175.65,241.74
UT102027,Pooja Das,Denim,Denim Skirt,3,1711.3,25.0,2025-02-02,Bengaluru,Young Professional,898.21,3850.42,1283.47
UT102798,Kavya Verma,Denim,Straight Fit Jeans,2,2107.61,15.0,2025-02-02,Delhi,Casual Shopper,961.77,3582.94,632.28
UT100901,Vivaan Mishra,T-Shirts,Essential Tee,2,1506.98,30.0,2025-02-03,Lucknow,Working Professional,521.42,2109.77,904.19
UT100222,Isha Das,Denim,Mom Fit Jeans,1,2024.85,5.0,2025-02-04,Kolkata,Working Professional,516.69,1923.61,101.24
UT100376,Tanya Bansal,Denim,Wide Leg Denim,5,2690.58,20.0,2025-02-04,Pune,Working Professional,2841.04,10762.32,2690.58
UT102892,Isha Patel,Denim,Wide Leg Denim,1,2124.8,5.0,2025-02-04,Pune,Premium Shopper,622.43,2018.56,106.24
UT102992,Nisha Kumar,T-Shirts,Minimal Logo Tee,1,838.8,10.0,2025-02-04,Bengaluru,Student,245.18,754.92,83.88
UT100400,Priya Patel,T-Shirts,Premium Cotton Tee,1,698.31,10.0,2025-02-05,Mumbai,Working Professional,177.27,628.48,69.83
UT100546,Shreya Joshi,Shirts,Relaxed Casual Shirt,2,2229.34,10.0,2025-02-05,Delhi,Premium Shopper,1302.79,4012.81,445.87
UT100663,Kabir Patel,Shirts,Linen Shirt,4,2493.31,10.0,2025-02-05,Mumbai,Premium Shopper,2731.91,8975.92,997.32
UT100775,Ananya Verma,Denim,Straight Fit Jeans,1,2367.62,35.0,2025-02-05,Chennai,Working Professional,414.2,1538.95,828.67
UT101309,Yash Malhotra,Denim,Straight Fit Jeans,4,2030.84,20.0,2025-02-05,Pune,Student,1559.55,6498.69,1624.67
UT101664,Simran Jain,T-Shirts,Minimal Logo Tee,1,650.49,25.0,2025-02-05,Gurugram,Working Professional,127.68,487.87,162.62
UT102331,Diya Verma,Dresses,Oversized Shirt Dress,1,2364.18,0.0,2025-02-05,Mumbai,Young Professional,748.95,2364.18,0.0
UT102918,Yash Das,Denim,Mom Fit Jeans,2,2922.66,10.0,2025-02-05,Chandigarh,Student,1367.13,5260.79,584.53
UT100257,Karan Patel,T-Shirts,Premium Cotton Tee,2,1434.39,5.0,2025-02-06,Chennai,Casual Shopper,794.92,2725.34,143.44
UT100572,Aarav Agarwal,Dresses,Floral Midi Dress,2,2472.29,5.0,2025-02-06,Noida,Casual Shopper,1466.3,4697.35,247.23
UT101255,Pooja Chopra,Accessories,Canvas Tote,1,1735.51,10.0,2025-02-06,Lucknow,Premium Shopper,650.23,1561.96,173.55
UT101453,Aarav Patel,Denim,Straight Fit Jeans,5,2727.62,15.0,2025-02-06,Ahmedabad,Student,2901.29,11592.38,2045.72
UT101683,Sakshi Singh,T-Shirts,Relaxed Fit Tee,1,656.35,20.0,2025-02-06,Jaipur,Young Professional,240.46,525.08,131.27
UT102069,Anika Bansal,T-Shirts,Premium Cotton Tee,1,1064.34,5.0,2025-02-06,Delhi,Young Professional,304.46,1011.12,53.22
UT102934,Kavya Chopra,T-Shirts,Premium Cotton Tee,4,1047.78,30.0,2025-02-06,Jaipur,Working Professional,810.64,2933.78,1257.34
UT101197,Vivaan Mishra,Denim,Wide Leg Denim,1,3266.42,20.0,2025-02-07,Bengaluru,Working Professional,739.82,2613.14,653.28
UT102084,Aanya Jain,Shirts,Textured Shirt,4,1275.87,5.0,2025-02-07,Ahmedabad,Student,1397.91,4848.31,255.17
UT102130,Rahul Das,Accessories,Leather Wallet,1,931.14,25.0,2025-02-07,Mumbai,Student,209.46,698.36,232.78
UT102605,Tanya Verma,Shirts,Oxford Shirt,2,1401.73,30.0,2025-02-07,Lucknow,Student,471.64,1962.42,841.04
UT100500,Aditi Kumar,Accessories,Canvas Tote,2,687.98,30.0,2025-02-08,Gurugram,Young Professional,350.88,963.17,412.79
UT101704,Tanya Mishra,Dresses,Floral Midi Dress,4,2753.86,30.0,2025-02-08,Chennai,Young Professional,2207.45,7710.81,3304.63
UT100204,Shreya Malhotra,Accessories,Canvas Tote,2,1224.95,5.0,2025-02-09,Delhi,Working Professional,881.6,2327.41,122.49
UT102462,Ishaan Mehta,T-Shirts,Essential Tee,4,823.26,10.0,2025-02-09,Chennai,Premium Shopper,1042.08,2963.74,329.3
UT100672,Ananya Bansal,Dresses,Floral Midi Dress,3,1371.67,10.0,2025-02-10,Noida,Student,1073.28,3703.51,411.5
UT101318,Rohan Joshi,T-Shirts,Essential Tee,4,825.48,20.0,2025-02-10,Kolkata,Premium Shopper,829.99,2641.54,660.38
UT101832,Nisha Reddy,Shirts,Linen Shirt,2,1199.27,25.0,2025-02-10,Jaipur,Student,423.51,1798.9,599.64
UT102581,Shreya Jain,Accessories,Cap,1,919.06,15.0,2025-02-10,Lucknow,Working Professional,266.08,781.2,137.86
UT100237,Sakshi Kapoor,Dresses,Oversized Shirt Dress,2,2365.23,25.0,2025-02-11,Noida,Student,1006.8,3547.84,1182.61
UT100841,Rohan Bansal,Shirts,Relaxed Casual Shirt,4,1022.11,20.0,2025-02-11,Hyderabad,Student,865.34,3270.75,817.69
UT101129,Ishaan Shah,Denim,Straight Fit Jeans,3,1664.7,5.0,2025-02-11,Delhi,Student,1213.9,4744.4,249.7
UT101278,Karan Malhotra,Accessories,Leather Wallet,2,821.97,10.0,2025-02-11,Bengaluru,Young Professional,528.76,1479.55,164.39
UT101776,Ananya Saxena,Shirts,Relaxed Casual Shirt,1,1441.02,0.0,2025-02-11,Chennai,Premium Shopper,536.72,1441.02,0.0
UT101870,Karan Reddy,T-Shirts,Premium Cotton Tee,3,1566.04,15.0,2025-02-11,Jaipur,Premium Shopper,1263.19,3993.4,704.72
UT102142,Nisha Saxena,Accessories,Cap,1,1529.96,5.0,2025-02-11,Chandigarh,Student,489.24,1453.46,76.5
UT102603,Aditi Malhotra,Denim,Wide Leg Denim,1,2177.77,15.0,2025-02-11,Surat,Casual Shopper,505.48,1851.1,326.67
UT100150,Diya Singh,Dresses,Ribbed Dress,3,2948.58,10.0,2025-02-12,Lucknow,Casual Shopper,2370.51,7961.17,884.57
UT100328,Neha Joshi,Shirts,Textured Shirt,4,1810.59,25.0,2025-02-12,Noida,Working Professional,1460.31,5431.77,1810.59
UT101456,Rahul Reddy,T-Shirts,Premium Cotton Tee,1,791.1,25.0,2025-02-12,Gurugram,Premium Shopper,222.76,593.33,197.77
UT101653,Shreya Joshi,T-Shirts,Premium Cotton Tee,1,1458.5,15.0,2025-02-12,Bengaluru,Young Professional,306.75,1239.72,218.78
UT102101,Meera Nair,Denim,Denim Skirt,1,1837.94,25.0,2025-02-12,Delhi,Student,315.45,1378.46,459.49
UT102369,Nisha Patel,Shirts,Relaxed Casual Shirt,2,1517.45,15.0,2025-02-12,Kolkata,Young Professional,646.19,2579.66,455.24
UT100526,Isha Agarwal,Accessories,Canvas Tote,1,1023.53,10.0,2025-02-13,Noida,Working Professional,245.66,921.18,102.35
UT102267,Pooja Malhotra,Denim,Wide Leg Denim,3,2222.59,5.0,2025-02-13,Noida,Premium Shopper,1889.78,6334.38,333.39
UT102915,Diya Malhotra,T-Shirts,Essential Tee,2,633.47,25.0,2025-02-13,Delhi,Casual Shopper,282.89,950.2,316.74
UT100079,Isha Gupta,Shirts,Relaxed Casual Shirt,4,1855.61,35.0,2025-02-14,Chennai,Young Professional,1218.44,4824.59,2597.85
UT100469,Riya Reddy,Dresses,Oversized Shirt Dress,1,2148.19,25.0,2025-02-14,Gurugram,Student,497.02,1611.14,537.05
UT100715,Pooja Bansal,Dresses,Oversized Shirt Dress,1,2779.71,30.0,2025-02-14,Kolkata,Young Professional,537.21,1945.8,833.91
UT101857,Aditi Agarwal,Shirts,Relaxed Casual Shirt,1,1894.72,35.0,2025-02-14,Hyderabad,Working Professional,398.65,1231.57,663.15
UT102051,Rohan Mehta,Dresses,Casual Mini Dress,1,2964.18,25.0,2025-02-14,Bengaluru,Student,565.68,2223.13,741.04
UT102899,Simran Bansal,Shirts,Textured Shirt,1,2391.35,35.0,2025-02-14,Chennai,Young Professional,388.01,1554.38,836.97
UT100386,Aditya Chopra,Shirts,Oxford Shirt,1,1201.19,10.0,2025-02-15,Kolkata,Working Professional,387.94,1081.07,120.12
UT100657,Sakshi Malhotra,T-Shirts,Premium Cotton Tee,1,977.26,5.0,2025-02-15,Gurugram,Working Professional,345.58,928.4,48.86
UT101356,Aditi Shah,Accessories,Leather Wallet,1,928.18,10.0,2025-02-15,Bengaluru,Student,316.65,835.36,92.82
UT101580,Anika Mishra,Denim,Mom Fit Jeans,1,2774.83,25.0,2025-02-15,Chennai,Casual Shopper,530.39,2081.12,693.71
UT102655,Kritika Joshi,T-Shirts,Relaxed Fit Tee,2,1151.22,10.0,2025-02-15,Jaipur,Casual Shopper,650.35,2072.2,230.24
UT102949,Kabir Gupta,Dresses,Ribbed Dress,1,2804.95,0.0,2025-02-15,Kolkata,Young Professional,962.98,2804.95,0.0
UT102977,Rahul Shah,Dresses,Ribbed Dress,1,1357.15,30.0,2025-02-15,Kolkata,Casual Shopper,217.47,950.0,407.15
UT100017,Diya Patel,Denim,Straight Fit Jeans,1,1686.8,5.0,2025-02-16,Delhi,Premium Shopper,484.24,1602.46,84.34
UT100210,Manya Kapoor,Denim,Denim Skirt,1,2875.67,20.0,2025-02-16,Kolkata,Student,478.53,2300.54,575.13
UT100403,Tanya Singh,T-Shirts,Relaxed Fit Tee,2,989.37,10.0,2025-02-16,Jaipur,Working Professional,575.16,1780.87,197.87
UT100910,Sakshi Saxena,Denim,Straight Fit Jeans,2,1806.92,30.0,2025-02-16,Chennai,Working Professional,630.96,2529.69,1084.15
UT101135,Pooja Joshi,T-Shirts,Minimal Logo Tee,2,704.49,35.0,2025-02-16,Jaipur,Premium Shopper,313.09,915.84,493.14
UT102080,Diya Kapoor,T-Shirts,Essential Tee,2,715.36,35.0,2025-02-16,Lucknow,Young Professional,210.04,929.97,500.75
UT102576,Aditi Joshi,T-Shirts,Essential Tee,2,1026.78,5.0,2025-02-16,Kolkata,Premium Shopper,732.82,1950.88,102.68
UT101971,Meera Gupta,Accessories,Minimal Sling Bag,1,1208.72,30.0,2025-02-17,Kolkata,Student,228.03,846.1,362.62
UT101395,Simran Das,Dresses,Casual Mini Dress,5,1749.04,5.0,2025-02-18,Mumbai,Casual Shopper,2543.69,8307.94,437.26
UT101432,Ishaan Nair,T-Shirts,Minimal Logo Tee,1,1245.12,10.0,2025-02-18,Delhi,Casual Shopper,365.86,1120.61,124.51
UT102546,Anika Mehta,T-Shirts,Premium Cotton Tee,3,1483.19,5.0,2025-02-18,Lucknow,Young Professional,1302.9,4227.09,222.48
UT102903,Kabir Malhotra,Dresses,Ribbed Dress,5,2577.54,35.0,2025-02-18,Lucknow,Student,2081.01,8377.01,4510.7
UT100243,Simran Kumar,Shirts,Textured Shirt,5,1396.32,35.0,2025-02-19,Noida,Working Professional,1131.6,4538.04,2443.56
UT100250,Vivaan Das,Shirts,Oxford Shirt,3,1988.28,25.0,2025-02-19,Noida,Premium Shopper,1248.88,4473.63,1491.21
UT100919,Aarav Mehta,Accessories,Canvas Tote,2,1081.06,25.0,2025-02-19,Hyderabad,Working Professional,572.95,1621.59,540.53
UT101159,Rohan Mishra,Denim,Straight Fit Jeans,1,2768.22,15.0,2025-02-19,Mumbai,Student,588.04,2352.99,415.23
UT101183,Rohan Kumar,Denim,Straight Fit Jeans,2,2030.75,25.0,2025-02-19,Hyderabad,Working Professional,772.57,3046.12,1015.38
UT102310,Aarav Verma,T-Shirts,Premium Cotton Tee,3,1089.02,5.0,2025-02-19,Delhi,Young Professional,989.2,3103.71,163.35
UT100281,Yash Mehta,Denim,Mom Fit Jeans,1,1922.16,0.0,2025-02-20,Gurugram,Premium Shopper,588.55,1922.16,0.0
UT101834,Tanya Joshi,Denim,Straight Fit Jeans,3,3188.09,15.0,2025-02-20,Lucknow,Young Professional,2196.97,8129.63,1434.64
UT101839,Sakshi Agarwal,Shirts,Oxford Shirt,1,1221.31,10.0,2025-02-20,Jaipur,Working Professional,353.0,1099.18,122.13
UT102373,Diya Malhotra,Shirts,Relaxed Casual Shirt,4,2260.74,10.0,2025-02-20,Lucknow,Student,2211.52,8138.66,904.3
UT102444,Ishaan Mehta,T-Shirts,Essential Tee,4,991.13,10.0,2025-02-20,Lucknow,Young Professional,1117.64,3568.07,396.45
UT102724,Manya Shah,Shirts,Linen Shirt,2,2344.28,30.0,2025-02-20,Chandigarh,Student,802.84,3281.99,1406.57
UT100174,Shreya Jain,Denim,Wide Leg Denim,1,2728.96,35.0,2025-02-21,Chandigarh,Casual Shopper,262.4,1773.82,955.14
UT100659,Rohan Jain,Shirts,Relaxed Casual Shirt,2,1334.9,0.0,2025-02-21,Chennai,Working Professional,849.29,2669.8,0.0
UT101084,Aarav Verma,Shirts,Textured Shirt,2,1314.46,0.0,2025-02-21,Surat,Student,714.14,2628.92,0.0
UT101306,Tanya Mishra,T-Shirts,Minimal Logo Tee,3,1441.86,15.0,2025-02-21,Delhi,Student,906.58,3676.74,648.84
UT102062,Anika Nair,Shirts,Relaxed Casual Shirt,2,1283.14,15.0,2025-02-21,Chennai,Working Professional,653.63,2181.34,384.94
UT100111,Simran Patel,Shirts,Relaxed Casual Shirt,4,1583.0,0.0,2025-02-22,Pune,Casual Shopper,1833.57,6332.0,0.0
UT102403,Aditi Shah,Dresses,Floral Midi Dress,1,2307.73,30.0,2025-02-22,Gurugram,Student,374.91,1615.41,692.32
UT100038,Aanya Jain,Accessories,Leather Wallet,1,1119.18,0.0,2025-02-23,Chennai,Working Professional,442.99,1119.18,0.0
UT100277,Aditi Bansal,Accessories,Cap,5,1730.03,0.0,2025-02-24,Mumbai,Casual Shopper,3141.56,8650.15,0.0
UT100433,Meera Kumar,Shirts,Linen Shirt,1,1502.9,10.0,2025-02-24,Surat,Premium Shopper,450.42,1352.61,150.29
UT100542,Kabir Singh,Denim,Mom Fit Jeans,4,1502.13,10.0,2025-02-24,Delhi,Premium Shopper,1556.04,5407.67,600.85
UT101343,Pooja Reddy,Shirts,Oxford Shirt,1,1441.14,25.0,2025-02-24,Noida,Working Professional,320.29,1080.86,360.29
UT101963,Karan Reddy,Shirts,Textured Shirt,4,1431.75,10.0,2025-02-24,Ahmedabad,Young Professional,1470.83,5154.3,572.7
UT102348,Anika Shah,T-Shirts,Essential Tee,2,879.17,5.0,2025-02-24,Jaipur,Casual Shopper,488.58,1670.42,87.92
UT102681,Meera Das,T-Shirts,Premium Cotton Tee,3,669.43,30.0,2025-02-24,Chennai,Casual Shopper,324.15,1405.8,602.49
UT102685,Tanya Bansal,Accessories,Minimal Sling Bag,3,1383.84,20.0,2025-02-24,Gurugram,Working Professional,1101.39,3321.22,830.3
UT101205,Ananya Bansal,T-Shirts,Essential Tee,1,1112.8,10.0,2025-02-25,Surat,Student,317.94,1001.52,111.28
UT101249,Meera Joshi,Dresses,Casual Mini Dress,1,1606.87,10.0,2025-02-25,Pune,Student,499.49,1446.18,160.69
UT101819,Ishaan Joshi,T-Shirts,Premium Cotton Tee,1,1305.37,25.0,2025-02-25,Jaipur,Working Professional,299.73,979.03,326.34
UT102484,Aditi Shah,T-Shirts,Premium Cotton Tee,1,1189.22,25.0,2025-02-25,Gurugram,Young Professional,232.28,891.92,297.31
UT102906,Riya Gupta,Shirts,Relaxed Casual Shirt,2,2405.57,20.0,2025-02-25,Jaipur,Young Professional,1038.1,3848.91,962.23
UT102121,Isha Reddy,Denim,Straight Fit Jeans,1,1604.49,0.0,2025-02-26,Jaipur,Student,392.8,1604.49,0.0
UT102968,Shreya Das,T-Shirts,Premium Cotton Tee,3,1212.71,15.0,2025-02-26,Jaipur,Casual Shopper,874.54,3092.41,545.72
UT100035,Pooja Joshi,Denim,Wide Leg Denim,4,2483.82,10.0,2025-02-27,Mumbai,Working Professional,2451.29,8941.75,993.53
UT100119,Anika Jain,Denim,Denim Skirt,1,1509.6,35.0,2025-02-27,Delhi,Premium Shopper,249.82,981.24,528.36
UT100283,Simran Singh,Accessories,Canvas Tote,1,1161.55,30.0,2025-02-27,Pune,Working Professional,261.34,813.08,348.46
UT100350,Isha Malhotra,Dresses,Casual Mini Dress,2,1741.1,20.0,2025-02-27,Lucknow,Working Professional,897.98,2785.76,696.44
UT100790,Riya Malhotra,T-Shirts,Essential Tee,2,1361.13,10.0,2025-02-27,Ahmedabad,Working Professional,720.68,2450.03,272.23
UT100816,Kabir Kapoor,Shirts,Oxford Shirt,2,1458.8,15.0,2025-02-27,Delhi,Casual Shopper,736.46,2479.96,437.64
UT101241,Rahul Patel,Denim,Mom Fit Jeans,5,3109.61,25.0,2025-02-27,Chennai,Working Professional,2985.9,11661.04,3887.01
UT101969,Simran Mehta,Shirts,Oxford Shirt,1,1240.52,25.0,2025-02-27,Chandigarh,Working Professional,319.98,930.39,310.13
UT102339,Shreya Reddy,T-Shirts,Relaxed Fit Tee,2,1116.82,35.0,2025-02-27,Chandigarh,Casual Shopper,330.76,1451.87,781.77
UT100747,Kavya Mehta,Accessories,Canvas Tote,3,1463.69,10.0,2025-02-28,Kolkata,Young Professional,1397.33,3951.96,439.11
UT100857,Karan Sharma,Shirts,Oxford Shirt,1,2221.54,5.0,2025-02-28,Hyderabad,Working Professional,596.09,2110.46,111.08
UT101283,Arjun Mishra,T-Shirts,Minimal Logo Tee,2,1153.38,5.0,2025-02-28,Kolkata,Student,654.64,2191.42,115.34
UT101224,Ananya Saxena,T-Shirts,Premium Cotton Tee,1,955.53,25.0,2025-03-01,Bengaluru,Working Professional,229.25,716.65,238.88
UT100113,Kritika Nair,T-Shirts,Relaxed Fit Tee,2,846.91,5.0,2025-03-02,Surat,Young Professional,484.05,1609.13,84.69
UT102295,Anika Mishra,Shirts,Textured Shirt,2,2255.69,30.0,2025-03-02,Chandigarh,Student,709.94,3157.97,1353.41
UT102556,Ishaan Patel,Shirts,Textured Shirt,1,1274.62,0.0,2025-03-02,Ahmedabad,Premium Shopper,402.32,1274.62,0.0
UT100681,Aarav Mehta,T-Shirts,Premium Cotton Tee,3,1535.37,25.0,2025-03-03,Chandigarh,Premium Shopper,1102.68,3454.58,1151.53
UT101234,Manya Saxena,Shirts,Textured Shirt,5,2429.29,25.0,2025-03-03,Ahmedabad,Student,2178.45,9109.84,3036.61
UT102086,Anika Sharma,Denim,Wide Leg Denim,1,1928.04,15.0,2025-03-03,Chandigarh,Working Professional,366.24,1638.83,289.21
UT102120,Sakshi Mehta,Accessories,Leather Wallet,2,1508.03,30.0,2025-03-03,Kolkata,Working Professional,766.26,2111.24,904.82
UT102346,Yash Mishra,Accessories,Canvas Tote,1,1095.04,20.0,2025-03-03,Ahmedabad,Student,220.1,876.03,219.01
UT102769,Karan Patel,T-Shirts,Relaxed Fit Tee,2,662.31,30.0,2025-03-03,Chennai,Working Professional,226.4,927.23,397.39
UT102838,Rahul Kumar,Accessories,Cap,1,1754.73,20.0,2025-03-03,Hyderabad,Student,475.57,1403.78,350.95
UT102900,Sakshi Kapoor,T-Shirts,Premium Cotton Tee,1,1592.35,10.0,2025-03-03,Pune,Student,358.53,1433.12,159.23
UT100892,Kritika Patel,Shirts,Textured Shirt,1,1300.93,20.0,2025-03-04,Chennai,Young Professional,326.25,1040.74,260.19
UT101991,Aarav Gupta,Denim,Straight Fit Jeans,1,1701.14,15.0,2025-03-04,Hyderabad,Student,310.02,1445.97,255.17
UT100426,Rohan Joshi,Denim,Wide Leg Denim,1,2968.86,10.0,2025-03-05,Chennai,Student,563.35,2671.97,296.89
UT100530,Rohan Chopra,Accessories,Leather Wallet,1,955.97,15.0,2025-03-05,Hyderabad,Working Professional,297.08,812.57,143.4
UT100682,Kavya Mehta,Accessories,Minimal Sling Bag,3,665.36,30.0,2025-03-05,Bengaluru,Student,428.12,1397.26,598.82
UT101823,Isha Reddy,Accessories,Leather Wallet,2,1173.83,5.0,2025-03-05,Lucknow,Working Professional,837.43,2230.28,117.38
UT101872,Riya Agarwal,T-Shirts,Essential Tee,2,1511.07,25.0,2025-03-05,Noida,Young Professional,570.56,2266.6,755.53
UT100080,Simran Verma,T-Shirts,Minimal Logo Tee,1,1146.3,15.0,2025-03-06,Jaipur,Working Professional,286.11,974.35,171.95
UT101366,Rahul Kapoor,Denim,Straight Fit Jeans,1,2535.64,20.0,2025-03-06,Noida,Casual Shopper,399.96,2028.51,507.13
UT101509,Tanya Malhotra,Denim,Denim Skirt,1,2179.6,25.0,2025-03-06,Chennai,Student,423.06,1634.7,544.9
UT101721,Priya Chopra,Shirts,Linen Shirt,2,1381.14,10.0,2025-03-06,Ahmedabad,Casual Shopper,707.45,2486.05,276.23
UT101761,Priya Das,T-Shirts,Premium Cotton Tee,2,758.73,20.0,2025-03-06,Surat,Premium Shopper,412.32,1213.97,303.49
UT102406,Isha Agarwal,T-Shirts,Essential Tee,1,1530.33,5.0,2025-03-06,Noida,Casual Shopper,592.68,1453.81,76.52
UT102587,Manya Agarwal,Denim,Mom Fit Jeans,2,1779.77,15.0,2025-03-06,Lucknow,Working Professional,792.15,3025.61,533.93
UT102938,Karan Agarwal,Shirts,Textured Shirt,1,1504.54,20.0,2025-03-06,Lucknow,Young Professional,266.16,1203.63,300.91
UT100865,Kavya Sharma,T-Shirts,Essential Tee,1,1055.05,10.0,2025-03-07,Hyderabad,Premium Shopper,262.54,949.54,105.5
UT100902,Neha Sharma,T-Shirts,Essential Tee,3,1107.0,5.0,2025-03-07,Hyderabad,Working Professional,989.15,3154.95,166.05
UT101513,Neha Joshi,Shirts,Textured Shirt,2,1929.67,10.0,2025-03-07,Gurugram,Premium Shopper,1132.99,3473.41,385.93
UT101631,Diya Joshi,Denim,Straight Fit Jeans,3,2822.41,10.0,2025-03-07,Delhi,Student,1938.58,7620.51,846.72
UT102490,Nisha Kumar,Dresses,Casual Mini Dress,2,1685.63,20.0,2025-03-07,Chandigarh,Premium Shopper,847.49,2697.01,674.25
UT102722,Aditya Agarwal,Denim,Mom Fit Jeans,1,2981.23,20.0,2025-03-07,Mumbai,Young Professional,666.08,2384.98,596.25
UT100298,Aarav Patel,T-Shirts,Minimal Logo Tee,4,1294.82,5.0,2025-03-08,Gurugram,Casual Shopper,1525.58,4920.32,258.96
UT102224,Tanya Mehta,Dresses,Floral Midi Dress,1,1309.99,10.0,2025-03-08,Gurugram,Student,355.22,1178.99,131.0
UT102928,Tanya Saxena,T-Shirts,Relaxed Fit Tee,3,1224.09,15.0,2025-03-08,Jaipur,Young Professional,888.61,3121.43,550.84
UT101621,Isha Joshi,T-Shirts,Essential Tee,1,624.32,10.0,2025-03-09,Kolkata,Young Professional,131.57,561.89,62.43
UT102222,Sneha Singh,T-Shirts,Minimal Logo Tee,1,1241.27,15.0,2025-03-09,Lucknow,Working Professional,261.35,1055.08,186.19
UT102525,Aanya Shah,T-Shirts,Relaxed Fit Tee,1,852.08,10.0,2025-03-09,Kolkata,Young Professional,231.18,766.87,85.21
UT100314,Simran Sharma,Denim,Denim Skirt,1,2459.16,20.0,2025-03-10,Surat,Working Professional,549.32,1967.33,491.83
UT100826,Pooja Joshi,T-Shirts,Relaxed Fit Tee,1,639.7,0.0,2025-03-10,Surat,Young Professional,262.15,639.7,0.0
UT101615,Karan Nair,T-Shirts,Relaxed Fit Tee,1,1356.03,10.0,2025-03-10,Chennai,Working Professional,389.9,1220.43,135.6
UT101750,Priya Mehta,T-Shirts,Premium Cotton Tee,1,1494.13,15.0,2025-03-10,Noida,Young Professional,265.64,1270.01,224.12
UT102351,Riya Jain,Accessories,Leather Wallet,1,759.03,10.0,2025-03-10,Kolkata,Student,238.34,683.13,75.9
UT102307,Aditya Malhotra,T-Shirts,Minimal Logo Tee,1,1058.88,10.0,2025-03-11,Gurugram,Casual Shopper,236.95,952.99,105.89
UT100013,Pooja Mishra,Denim,Denim Skirt,2,1875.12,0.0,2025-03-12,Lucknow,Premium Shopper,1182.03,3750.24,0.0
UT101937,Vivaan Verma,Shirts,Textured Shirt,3,1144.64,20.0,2025-03-12,Hyderabad,Student,691.64,2747.14,686.78
UT102184,Neha Singh,T-Shirts,Essential Tee,2,836.75,10.0,2025-03-12,Jaipur,Young Professional,493.19,1506.15,167.35
UT102492,Manya Saxena,Denim,Denim Skirt,2,1672.02,10.0,2025-03-12,Chandigarh,Young Professional,787.82,3009.64,334.4
UT100218,Diya Mishra,Denim,Straight Fit Jeans,1,2785.44,15.0,2025-03-13,Chandigarh,Casual Shopper,561.81,2367.62,417.82
UT100876,Vivaan Kapoor,T-Shirts,Relaxed Fit Tee,1,733.15,5.0,2025-03-13,Chennai,Working Professional,209.09,696.49,36.66
UT101523,Aditya Mehta,Dresses,Floral Midi Dress,1,1326.35,10.0,2025-03-13,Delhi,Young Professional,397.17,1193.71,132.64
UT101539,Tanya Kapoor,Denim,Denim Skirt,2,2039.89,5.0,2025-03-13,Chennai,Young Professional,1036.78,3875.79,203.99
UT102271,Manya Bansal,Shirts,Textured Shirt,2,1833.63,15.0,2025-03-13,Surat,Working Professional,977.57,3117.17,550.09
UT102280,Tanya Sharma,T-Shirts,Relaxed Fit Tee,2,846.69,20.0,2025-03-13,Lucknow,Working Professional,323.45,1354.7,338.68
UT102312,Pooja Das,Dresses,Ribbed Dress,1,1390.57,10.0,2025-03-13,Surat,Casual Shopper,403.35,1251.51,139.06
UT102695,Rohan Shah,T-Shirts,Minimal Logo Tee,1,1209.4,25.0,2025-03-13,Ahmedabad,Casual Shopper,292.12,907.05,302.35
UT102766,Manya Mishra,Shirts,Linen Shirt,2,2111.94,10.0,2025-03-13,Hyderabad,Young Professional,1126.03,3801.49,422.39
UT100492,Meera Jain,T-Shirts,Relaxed Fit Tee,1,653.16,15.0,2025-03-14,Gurugram,Premium Shopper,160.85,555.19,97.97
UT100599,Arjun Singh,T-Shirts,Premium Cotton Tee,4,1089.52,5.0,2025-03-14,Mumbai,Student,1179.87,4140.18,217.9
UT101620,Tanya Patel,Shirts,Oxford Shirt,1,1363.76,40.0,2025-03-14,Mumbai,Student,137.33,818.26,545.5
UT102324,Isha Shah,T-Shirts,Essential Tee,4,998.28,10.0,2025-03-14,Hyderabad,Premium Shopper,1151.54,3593.81,399.31
UT100293,Sneha Chopra,Dresses,Floral Midi Dress,2,2706.33,20.0,2025-03-15,Pune,Student,1164.86,4330.13,1082.53
UT100617,Tanya Sharma,Dresses,Casual Mini Dress,1,1833.41,5.0,2025-03-15,Hyderabad,Working Professional,577.4,1741.74,91.67
UT100690,Ananya Malhotra,Shirts,Textured Shirt,2,1828.91,10.0,2025-03-15,Noida,Casual Shopper,985.44,3292.04,365.78
UT100824,Isha Mishra,T-Shirts,Premium Cotton Tee,1,1495.95,15.0,2025-03-15,Ahmedabad,Working Professional,376.8,1271.56,224.39
UT101021,Pooja Joshi,Denim,Straight Fit Jeans,3,2324.71,20.0,2025-03-15,Pune,Casual Shopper,1443.68,5579.3,1394.83
UT101679,Meera Bansal,Shirts,Oxford Shirt,2,1048.13,25.0,2025-03-15,Gurugram,Young Professional,436.51,1572.2,524.07
UT102248,Aarav Mishra,Denim,Denim Skirt,1,1606.46,25.0,2025-03-15,Delhi,Student,265.35,1204.84,401.62
UT102371,Meera Malhotra,Denim,Mom Fit Jeans,3,2113.49,5.0,2025-03-15,Chennai,Young Professional,1625.6,6023.45,317.02
UT102966,Simran Verma,Accessories,Cap,2,1739.1,30.0,2025-03-15,Hyderabad,Premium Shopper,780.6,2434.74,1043.46
UT100861,Manya Verma,T-Shirts,Minimal Logo Tee,3,1285.23,15.0,2025-03-16,Mumbai,Student,941.75,3277.34,578.35
UT101595,Manya Agarwal,Dresses,Ribbed Dress,2,1516.28,25.0,2025-03-16,Surat,Working Professional,698.3,2274.42,758.14
UT101996,Aanya Bansal,Denim,Straight Fit Jeans,1,1716.84,20.0,2025-03-16,Noida,Premium Shopper,379.15,1373.47,343.37
UT102517,Aanya Agarwal,Shirts,Textured Shirt,2,1141.53,0.0,2025-03-16,Bengaluru,Working Professional,781.51,2283.06,0.0
UT100476,Isha Kapoor,Dresses,Floral Midi Dress,1,2743.67,15.0,2025-03-17,Ahmedabad,Premium Shopper,808.28,2332.12,411.55
UT101381,Kritika Mishra,Accessories,Leather Wallet,1,1159.74,20.0,2025-03-17,Surat,Student,302.63,927.79,231.95
UT101657,Sakshi Kumar,Accessories,Minimal Sling Bag,1,1663.21,15.0,2025-03-17,Mumbai,Student,497.23,1413.73,249.48
UT102336,Neha Reddy,T-Shirts,Premium Cotton Tee,4,1353.72,0.0,2025-03-17,Mumbai,Working Professional,1759.09,5414.88,0.0
UT102421,Yash Malhotra,T-Shirts,Essential Tee,3,1382.31,0.0,2025-03-17,Delhi,Working Professional,1353.8,4146.93,0.0
UT102697,Yash Mehta,Accessories,Leather Wallet,2,1728.46,0.0,2025-03-17,Ahmedabad,Young Professional,1310.8,3456.92,0.0
UT102904,Aarav Kapoor,T-Shirts,Minimal Logo Tee,2,672.29,15.0,2025-03-17,Surat,Working Professional,330.63,1142.89,201.69
UT101001,Rahul Jain,Denim,Straight Fit Jeans,4,2487.15,10.0,2025-03-18,Bengaluru,Student,2226.01,8953.74,994.86
UT101618,Kabir Chopra,Shirts,Textured Shirt,1,2397.21,30.0,2025-03-18,Mumbai,Premium Shopper,509.13,1678.05,719.16
UT102155,Meera Singh,T-Shirts,Minimal Logo Tee,2,977.88,25.0,2025-03-18,Noida,Student,307.63,1466.82,488.94
UT102227,Simran Verma,Accessories,Leather Wallet,1,767.42,15.0,2025-03-18,Surat,Casual Shopper,279.64,652.31,115.11
UT102755,Kavya Shah,Denim,Straight Fit Jeans,1,2847.36,15.0,2025-03-18,Mumbai,Young Professional,608.17,2420.26,427.1
UT100138,Kabir Mishra,Shirts,Linen Shirt,1,1128.41,30.0,2025-03-19,Surat,Student,155.96,789.89,338.52
UT100271,Ananya Joshi,Shirts,Oxford Shirt,1,2232.73,15.0,2025-03-19,Ahmedabad,Casual Shopper,424.91,1897.82,334.91
UT100316,Aditya Malhotra,Dresses,Ribbed Dress,1,2081.87,20.0,2025-03-19,Chennai,Young Professional,468.94,1665.5,416.37
UT100521,Simran Sharma,Accessories,Cap,2,843.42,15.0,2025-03-19,Hyderabad,Young Professional,453.3,1433.81,253.03
UT101384,Kritika Nair,Shirts,Textured Shirt,4,2455.42,10.0,2025-03-19,Hyderabad,Casual Shopper,2530.77,8839.51,982.17
UT101498,Priya Mehta,Shirts,Linen Shirt,2,1752.75,10.0,2025-03-19,Noida,Working Professional,885.52,3154.95,350.55
UT102123,Nisha Mishra,T-Shirts,Essential Tee,2,743.87,30.0,2025-03-19,Hyderabad,Working Professional,429.91,1041.42,446.32
UT102213,Manya Agarwal,Accessories,Cap,3,1578.52,20.0,2025-03-19,Noida,Young Professional,1288.52,3788.45,947.11
UT102824,Kavya Singh,Dresses,Oversized Shirt Dress,1,1876.93,10.0,2025-03-19,Bengaluru,Young Professional,495.47,1689.24,187.69
UT100579,Sakshi Shah,T-Shirts,Minimal Logo Tee,1,1288.28,10.0,2025-03-20,Pune,Student,341.2,1159.45,128.83
UT101369,Aditi Mehta,Shirts,Oxford Shirt,4,2431.86,5.0,2025-03-20,Lucknow,Young Professional,2887.69,9241.07,486.37
UT101413,Rohan Mishra,Shirts,Textured Shirt,2,1935.52,0.0,2025-03-20,Delhi,Premium Shopper,1274.19,3871.04,0.0
UT101515,Sneha Verma,Denim,Straight Fit Jeans,3,2251.33,5.0,2025-03-20,Chennai,Casual Shopper,1740.77,6416.29,337.7
UT101038,Rahul Jain,Shirts,Oxford Shirt,2,1111.98,40.0,2025-03-21,Surat,Young Professional,300.93,1334.38,889.58
UT101795,Ananya Mehta,Dresses,Oversized Shirt Dress,1,2237.57,15.0,2025-03-21,Lucknow,Casual Shopper,520.95,1901.93,335.64
UT101836,Riya Bansal,Dresses,Oversized Shirt Dress,1,1430.09,15.0,2025-03-21,Jaipur,Working Professional,415.18,1215.58,214.51
UT102437,Meera Sharma,Denim,Denim Skirt,1,2172.49,15.0,2025-03-21,Lucknow,Student,401.89,1846.62,325.87
UT100030,Ishaan Agarwal,Accessories,Leather Wallet,1,1095.69,10.0,2025-03-22,Surat,Student,360.11,986.12,109.57
UT101289,Aanya Mehta,Dresses,Casual Mini Dress,2,1501.9,5.0,2025-03-22,Noida,Working Professional,924.22,2853.61,150.19
UT101934,Simran Reddy,Accessories,Leather Wallet,1,1211.01,15.0,2025-03-22,Gurugram,Student,316.46,1029.36,181.65
UT102868,Ananya Nair,T-Shirts,Premium Cotton Tee,2,944.15,15.0,2025-03-22,Bengaluru,Working Professional,494.98,1605.05,283.25
UT100115,Shreya Joshi,Denim,Denim Skirt,1,2340.97,25.0,2025-03-23,Noida,Young Professional,531.31,1755.73,585.24
UT100710,Simran Sharma,Accessories,Leather Wallet,3,1742.64,5.0,2025-03-23,Bengaluru,Casual Shopper,1671.38,4966.52,261.4
UT102053,Diya Sharma,Shirts,Linen Shirt,1,2017.46,25.0,2025-03-23,Mumbai,Premium Shopper,360.64,1513.1,504.36
UT102286,Priya Joshi,T-Shirts,Relaxed Fit Tee,1,1445.5,35.0,2025-03-23,Noida,Young Professional,201.31,939.58,505.92
UT100363,Sneha Singh,Accessories,Cap,1,1569.53,30.0,2025-03-24,Delhi,Student,272.76,1098.67,470.86
UT100845,Rohan Malhotra,T-Shirts,Essential Tee,1,702.18,25.0,2025-03-24,Pune,Working Professional,114.86,526.64,175.54
UT100852,Arjun Patel,Dresses,Floral Midi Dress,3,2498.22,0.0,2025-03-24,Kolkata,Student,2294.05,7494.66,0.0
UT101417,Aditya Sharma,Denim,Mom Fit Jeans,2,2914.33,35.0,2025-03-24,Chennai,Working Professional,893.74,3788.63,2040.03
UT101535,Riya Nair,Denim,Denim Skirt,4,1737.52,5.0,2025-03-24,Mumbai,Working Professional,1855.61,6602.58,347.5
UT102190,Neha Kapoor,Dresses,Ribbed Dress,3,2860.13,30.0,2025-03-24,Lucknow,Casual Shopper,1544.85,6006.27,2574.12
UT102386,Meera Chopra,Denim,Straight Fit Jeans,2,2706.61,15.0,2025-03-24,Kolkata,Working Professional,1231.7,4601.24,811.98
UT101265,Sakshi Joshi,T-Shirts,Essential Tee,3,1362.91,30.0,2025-03-25,Kolkata,Young Professional,797.79,2862.11,1226.62
UT101569,Ananya Patel,Shirts,Relaxed Casual Shirt,3,1215.94,10.0,2025-03-25,Kolkata,Premium Shopper,965.45,3283.04,364.78
UT101796,Sakshi Agarwal,Denim,Straight Fit Jeans,1,3234.97,30.0,2025-03-25,Mumbai,Young Professional,540.44,2264.48,970.49
UT102726,Riya Saxena,T-Shirts,Essential Tee,1,1125.13,15.0,2025-03-25,Pune,Casual Shopper,256.27,956.36,168.77
UT102782,Aditi Bansal,Shirts,Relaxed Casual Shirt,1,2050.91,20.0,2025-03-25,Jaipur,Premium Shopper,492.96,1640.73,410.18
UT100110,Sakshi Mishra,T-Shirts,Premium Cotton Tee,1,1388.51,25.0,2025-03-26,Noida,Young Professional,287.55,1041.38,347.13
UT100304,Diya Singh,T-Shirts,Relaxed Fit Tee,1,1464.41,10.0,2025-03-26,Surat,Student,395.28,1317.97,146.44
UT100632,Karan Patel,Denim,Straight Fit Jeans,1,2452.1,0.0,2025-03-27,Chandigarh,Student,681.47,2452.1,0.0
UT101636,Sneha Sharma,Dresses,Oversized Shirt Dress,1,1539.01,15.0,2025-03-27,Hyderabad,Young Professional,394.19,1308.16,230.85
UT102281,Kavya Gupta,Shirts,Textured Shirt,1,1064.74,5.0,2025-03-27,Gurugram,Working Professional,246.88,1011.5,53.24
UT102839,Vivaan Nair,Shirts,Linen Shirt,2,2166.24,20.0,2025-03-27,Gurugram,Premium Shopper,1060.49,3465.98,866.5
UT100189,Meera Mehta,Shirts,Oxford Shirt,2,1383.83,0.0,2025-03-28,Pune,Working Professional,933.91,2767.66,0.0
UT100924,Neha Kapoor,T-Shirts,Relaxed Fit Tee,2,1050.22,5.0,2025-03-28,Hyderabad,Young Professional,623.43,1995.42,105.02
UT101010,Anika Chopra,Dresses,Oversized Shirt Dress,1,1510.56,30.0,2025-03-28,Delhi,Young Professional,273.21,1057.39,453.17
UT101222,Aarav Bansal,T-Shirts,Relaxed Fit Tee,1,1402.97,10.0,2025-03-28,Kolkata,Casual Shopper,333.21,1262.67,140.3
UT101442,Manya Singh,Shirts,Relaxed Casual Shirt,5,1284.58,15.0,2025-03-28,Hyderabad,Premium Shopper,1610.36,5459.46,963.44
UT101557,Aanya Singh,Dresses,Casual Mini Dress,1,2881.6,25.0,2025-03-28,Ahmedabad,Casual Shopper,629.85,2161.2,720.4
UT101617,Aarav Mehta,Shirts,Linen Shirt,2,2431.73,15.0,2025-03-28,Chennai,Casual Shopper,1100.29,4133.94,729.52
UT101785,Aanya Malhotra,Denim,Wide Leg Denim,3,2513.25,30.0,2025-03-28,Lucknow,Casual Shopper,1256.96,5277.82,2261.93
UT101940,Vivaan Kumar,Shirts,Relaxed Casual Shirt,1,2347.38,15.0,2025-03-28,Chennai,Premium Shopper,562.44,1995.27,352.11
UT102249,Ananya Nair,Dresses,Casual Mini Dress,1,1856.31,30.0,2025-03-28,Surat,Premium Shopper,439.4,1299.42,556.89
UT102658,Vivaan Chopra,Dresses,Ribbed Dress,1,2834.67,15.0,2025-03-28,Ahmedabad,Young Professional,711.64,2409.47,425.2
UT100549,Ishaan Bansal,Shirts,Relaxed Casual Shirt,1,1290.37,20.0,2025-03-29,Lucknow,Casual Shopper,216.56,1032.3,258.07
UT100914,Sneha Patel,T-Shirts,Minimal Logo Tee,1,1568.33,15.0,2025-03-29,Hyderabad,Working Professional,388.07,1333.08,235.25
UT101253,Rohan Kumar,T-Shirts,Minimal Logo Tee,1,1072.38,35.0,2025-03-29,Jaipur,Premium Shopper,201.22,697.05,375.33
UT101423,Tanya Bansal,Dresses,Ribbed Dress,3,2376.92,15.0,2025-03-29,Surat,Young Professional,1795.62,6061.15,1069.61
UT102860,Rahul Kumar,Accessories,Canvas Tote,2,1408.69,5.0,2025-03-29,Chennai,Premium Shopper,1005.33,2676.51,140.87
UT102885,Ishaan Singh,Accessories,Canvas Tote,1,478.0,15.0,2025-03-29,Chandigarh,Young Professional,104.18,406.3,71.7
UT100449,Simran Sharma,T-Shirts,Minimal Logo Tee,1,661.54,10.0,2025-03-30,Lucknow,Student,177.52,595.39,66.15
UT100874,Aditi Mishra,T-Shirts,Premium Cotton Tee,5,1556.01,5.0,2025-03-30,Jaipur,Student,2193.84,7391.05,389.0
UT101879,Rahul Gupta,Denim,Denim Skirt,4,2538.49,10.0,2025-03-30,Mumbai,Casual Shopper,2374.49,9138.56,1015.4
UT102385,Pooja Shah,Denim,Mom Fit Jeans,1,2838.0,5.0,2025-03-30,Noida,Young Professional,693.36,2696.1,141.9
UT102641,Anika Jain,Dresses,Oversized Shirt Dress,1,2430.13,15.0,2025-03-30,Jaipur,Student,570.52,2065.61,364.52
UT102858,Riya Patel,Dresses,Oversized Shirt Dress,3,1556.15,20.0,2025-03-30,Pune,Student,1026.12,3734.76,933.69
UT101846,Sakshi Singh,T-Shirts,Essential Tee,4,1331.56,40.0,2025-03-31,Kolkata,Working Professional,782.36,3195.74,2130.5
UT101185,Kabir Reddy,Shirts,Relaxed Casual Shirt,1,1177.7,10.0,2025-04-01,Gurugram,Young Professional,297.89,1059.93,117.77
UT101593,Karan Chopra,Dresses,Floral Midi Dress,4,1538.21,5.0,2025-04-01,Delhi,Working Professional,1934.27,5845.2,307.64
UT102215,Pooja Malhotra,Denim,Denim Skirt,4,2458.7,15.0,2025-04-01,Ahmedabad,Student,2085.89,8359.58,1475.22
UT102969,Kabir Patel,T-Shirts,Premium Cotton Tee,3,1497.08,0.0,2025-04-01,Jaipur,Student,1335.66,4491.24,0.0
UT100811,Manya Saxena,Dresses,Floral Midi Dress,1,2872.99,20.0,2025-04-02,Mumbai,Young Professional,628.73,2298.39,574.6
UT100813,Sneha Kumar,Shirts,Linen Shirt,2,1680.57,5.0,2025-04-02,Hyderabad,Casual Shopper,872.51,3193.08,168.06
UT101313,Karan Singh,T-Shirts,Premium Cotton Tee,4,1503.38,5.0,2025-04-02,Noida,Student,1708.18,5712.84,300.68
UT101632,Kabir Saxena,Denim,Denim Skirt,1,2578.71,20.0,2025-04-02,Bengaluru,Casual Shopper,470.52,2062.97,515.74
UT101941,Aditi Patel,Dresses,Oversized Shirt Dress,1,2194.78,20.0,2025-04-02,Delhi,Casual Shopper,452.0,1755.82,438.96
UT102665,Nisha Singh,Accessories,Minimal Sling Bag,5,1223.0,15.0,2025-04-02,Bengaluru,Working Professional,1816.73,5197.75,917.25
UT100199,Manya Chopra,Dresses,Casual Mini Dress,1,2304.59,20.0,2025-04-03,Mumbai,Working Professional,599.08,1843.67,460.92
UT100626,Vivaan Bansal,Accessories,Leather Wallet,1,758.76,25.0,2025-04-03,Delhi,Casual Shopper,208.04,569.07,189.69
UT102107,Isha Mishra,Shirts,Linen Shirt,2,1909.58,0.0,2025-04-03,Ahmedabad,Student,1086.46,3819.16,0.0
UT102180,Nisha Patel,Shirts,Oxford Shirt,5,1400.42,10.0,2025-04-03,Chennai,Working Professional,1858.13,6301.89,700.21
UT100984,Aditya Gupta,Shirts,Relaxed Casual Shirt,1,2187.35,40.0,2025-04-04,Chennai,Working Professional,362.08,1312.41,874.94
UT101073,Riya Agarwal,Shirts,Relaxed Casual Shirt,1,1145.82,40.0,2025-04-04,Surat,Casual Shopper,202.78,687.49,458.33
UT101100,Priya Chopra,Shirts,Relaxed Casual Shirt,2,1643.91,10.0,2025-04-04,Gurugram,Young Professional,831.26,2959.04,328.78
UT101329,Karan Sharma,T-Shirts,Essential Tee,1,932.21,10.0,2025-04-04,Chennai,Premium Shopper,263.03,838.99,93.22
UT102857,Pooja Nair,Dresses,Ribbed Dress,1,2957.62,5.0,2025-04-04,Delhi,Casual Shopper,920.49,2809.74,147.88
UT100129,Aditya Shah,Shirts,Oxford Shirt,1,2382.85,20.0,2025-04-05,Hyderabad,Casual Shopper,595.21,1906.28,476.57
UT100242,Aditya Chopra,Shirts,Relaxed Casual Shirt,1,2224.1,15.0,2025-04-05,Surat,Student,476.96,1890.48,333.62
UT100416,Nisha Patel,T-Shirts,Minimal Logo Tee,1,1002.61,0.0,2025-04-05,Lucknow,Young Professional,370.71,1002.61,0.0
UT101625,Kabir Shah,Shirts,Relaxed Casual Shirt,2,1889.07,20.0,2025-04-05,Jaipur,Student,786.32,3022.51,755.63
UT102182,Diya Patel,Shirts,Linen Shirt,3,1253.33,0.0,2025-04-05,Noida,Student,1027.87,3759.99,0.0
UT102527,Kavya Agarwal,T-Shirts,Minimal Logo Tee,3,1349.73,30.0,2025-04-05,Hyderabad,Casual Shopper,690.77,2834.43,1214.76
UT102845,Ishaan Patel,Shirts,Linen Shirt,2,1582.82,5.0,2025-04-05,Bengaluru,Young Professional,910.48,3007.36,158.28
UT100418,Yash Malhotra,Shirts,Oxford Shirt,1,2384.18,30.0,2025-04-06,Pune,Student,431.3,1668.93,715.25
UT101894,Simran Jain,Shirts,Linen Shirt,3,1457.73,15.0,2025-04-06,Mumbai,Working Professional,1082.91,3717.21,655.98
UT102300,Yash Nair,Denim,Denim Skirt,1,2339.52,10.0,2025-04-06,Jaipur,Premium Shopper,578.95,2105.57,233.95
UT102474,Anika Kapoor,Dresses,Ribbed Dress,2,2200.8,25.0,2025-04-06,Gurugram,Premium Shopper,1033.99,3301.2,1100.4
UT100474,Tanya Joshi,Shirts,Linen Shirt,1,1984.68,5.0,2025-04-07,Gurugram,Young Professional,514.37,1885.45,99.23
UT101573,Anika Bansal,Dresses,Oversized Shirt Dress,1,1796.8,25.0,2025-04-07,Delhi,Premium Shopper,415.09,1347.6,449.2
UT101726,Aanya Nair,T-Shirts,Essential Tee,3,1010.07,5.0,2025-04-07,Surat,Student,821.11,2878.7,151.51
UT101753,Ishaan Verma,Accessories,Canvas Tote,1,1192.85,5.0,2025-04-07,Pune,Student,326.25,1133.21,59.64
UT102353,Arjun Bansal,T-Shirts,Essential Tee,1,1593.88,15.0,2025-04-07,Surat,Working Professional,448.68,1354.8,239.08
UT102449,Arjun Mehta,Accessories,Leather Wallet,1,1465.06,10.0,2025-04-07,Noida,Premium Shopper,507.37,1318.55,146.51
UT100732,Manya Kapoor,T-Shirts,Minimal Logo Tee,1,964.51,10.0,2025-04-08,Lucknow,Student,239.03,868.06,96.45
UT101081,Anika Mehta,T-Shirts,Relaxed Fit Tee,4,745.24,25.0,2025-04-08,Mumbai,Working Professional,637.21,2235.72,745.24
UT101567,Riya Jain,Denim,Straight Fit Jeans,1,2027.65,10.0,2025-04-08,Ahmedabad,Student,455.56,1824.89,202.76
UT102189,Rahul Patel,Denim,Mom Fit Jeans,4,1528.3,10.0,2025-04-08,Hyderabad,Student,1333.37,5501.88,611.32
UT102778,Anika Patel,Accessories,Leather Wallet,1,1281.3,15.0,2025-04-08,Noida,Casual Shopper,402.77,1089.1,192.19
UT100164,Riya Shah,Shirts,Textured Shirt,5,2261.65,15.0,2025-04-09,Delhi,Casual Shopper,2628.3,9612.01,1696.24
UT100661,Kritika Mishra,Denim,Mom Fit Jeans,2,3002.17,15.0,2025-04-09,Gurugram,Working Professional,1405.9,5103.69,900.65
UT100858,Isha Kumar,Accessories,Cap,2,1713.96,0.0,2025-04-09,Lucknow,Working Professional,1325.4,3427.92,0.0
UT101211,Aanya Saxena,Dresses,Ribbed Dress,2,2615.38,10.0,2025-04-09,Kolkata,Student,1329.21,4707.68,523.08
UT101643,Priya Joshi,T-Shirts,Minimal Logo Tee,2,1587.56,20.0,2025-04-09,Pune,Casual Shopper,652.33,2540.1,635.02
UT101826,Priya Joshi,Denim,Denim Skirt,2,1586.22,30.0,2025-04-09,Lucknow,Student,463.39,2220.71,951.73
UT100708,Nisha Reddy,Dresses,Oversized Shirt Dress,1,1666.18,0.0,2025-04-10,Gurugram,Student,459.08,1666.18,0.0
UT100741,Karan Das,Dresses,Oversized Shirt Dress,3,1852.85,25.0,2025-04-10,Delhi,Young Professional,1199.94,4168.91,1389.64
UT100815,Neha Das,Accessories,Leather Wallet,1,1284.05,25.0,2025-04-10,Noida,Young Professional,237.58,963.04,321.01
UT102133,Aditya Singh,Shirts,Linen Shirt,2,1744.7,35.0,2025-04-10,Pune,Working Professional,585.61,2268.11,1221.29
UT102961,Shreya Jain,Shirts,Linen Shirt,1,2186.91,20.0,2025-04-10,Kolkata,Working Professional,501.15,1749.53,437.38
UT100758,Diya Mehta,T-Shirts,Minimal Logo Tee,2,1498.71,15.0,2025-04-11,Chandigarh,Young Professional,640.8,2547.81,449.61
UT101052,Aanya Mehta,Shirts,Linen Shirt,2,1673.23,0.0,2025-04-11,Gurugram,Premium Shopper,1132.36,3346.46,0.0
UT101355,Arjun Mishra,Denim,Mom Fit Jeans,1,2430.71,40.0,2025-04-11,Kolkata,Working Professional,355.49,1458.43,972.28
UT101608,Vivaan Shah,Denim,Wide Leg Denim,1,2668.15,0.0,2025-04-11,Ahmedabad,Casual Shopper,705.7,2668.15,0.0
UT102064,Simran Patel,Accessories,Canvas Tote,1,1302.6,10.0,2025-04-11,Gurugram,Young Professional,326.84,1172.34,130.26
UT102136,Aditi Reddy,T-Shirts,Relaxed Fit Tee,1,1105.86,5.0,2025-04-11,Delhi,Student,295.3,1050.57,55.29
UT102794,Meera Das,Shirts,Textured Shirt,4,2167.04,10.0,2025-04-11,Gurugram,Young Professional,2231.15,7801.34,866.82
UT100205,Kritika Jain,Denim,Mom Fit Jeans,3,2259.05,5.0,2025-04-12,Chandigarh,Young Professional,1766.6,6438.29,338.86
UT101154,Aanya Reddy,Shirts,Oxford Shirt,1,1578.07,20.0,2025-04-12,Kolkata,Casual Shopper,370.41,1262.46,315.61
UT100533,Rahul Gupta,T-Shirts,Relaxed Fit Tee,2,1480.52,5.0,2025-04-13,Mumbai,Young Professional,835.33,2812.99,148.05
UT101180,Vivaan Kumar,Dresses,Ribbed Dress,1,2844.31,15.0,2025-04-13,Surat,Working Professional,723.62,2417.66,426.65
UT102329,Ananya Kapoor,Dresses,Floral Midi Dress,2,2638.34,20.0,2025-04-13,Mumbai,Young Professional,1353.76,4221.34,1055.34
UT102542,Vivaan Joshi,T-Shirts,Essential Tee,5,1555.18,20.0,2025-04-13,Kolkata,Premium Shopper,1915.34,6220.72,1555.18
UT101078,Anika Saxena,T-Shirts,Minimal Logo Tee,2,1078.93,20.0,2025-04-14,Lucknow,Working Professional,487.54,1726.29,431.57
UT101158,Aditya Saxena,T-Shirts,Minimal Logo Tee,1,622.04,15.0,2025-04-14,Surat,Young Professional,188.62,528.73,93.31
UT101484,Yash Mishra,T-Shirts,Minimal Logo Tee,5,604.96,20.0,2025-04-14,Mumbai,Young Professional,689.33,2419.84,604.96
UT102070,Aarav Jain,Shirts,Relaxed Casual Shirt,1,1920.05,0.0,2025-04-14,Lucknow,Young Professional,589.57,1920.05,0.0
UT100238,Aditya Verma,T-Shirts,Minimal Logo Tee,1,624.8,5.0,2025-04-15,Kolkata,Working Professional,253.12,593.56,31.24
UT100593,Sneha Joshi,Accessories,Leather Wallet,1,1535.72,20.0,2025-04-15,Delhi,Working Professional,363.58,1228.58,307.14
UT100718,Isha Singh,T-Shirts,Relaxed Fit Tee,3,1500.25,15.0,2025-04-15,Noida,Young Professional,1098.91,3825.64,675.11
UT100983,Rahul Das,Dresses,Oversized Shirt Dress,1,1334.61,10.0,2025-04-15,Gurugram,Young Professional,433.06,1201.15,133.46
UT101004,Aanya Patel,Dresses,Floral Midi Dress,1,1317.65,10.0,2025-04-15,Hyderabad,Young Professional,383.82,1185.89,131.76
UT101238,Yash Malhotra,T-Shirts,Essential Tee,1,837.81,0.0,2025-04-15,Ahmedabad,Casual Shopper,258.29,837.81,0.0
UT100397,Sakshi Joshi,T-Shirts,Minimal Logo Tee,1,1519.85,5.0,2025-04-16,Mumbai,Student,431.93,1443.86,75.99
UT102091,Anika Reddy,Dresses,Oversized Shirt Dress,1,1684.61,15.0,2025-04-16,Hyderabad,Working Professional,485.98,1431.92,252.69
UT102209,Pooja Saxena,Shirts,Linen Shirt,2,2061.56,25.0,2025-04-16,Delhi,Working Professional,765.48,3092.34,1030.78
UT102475,Kavya Saxena,Dresses,Oversized Shirt Dress,1,1537.3,5.0,2025-04-16,Delhi,Young Professional,468.77,1460.44,76.87
UT102624,Aarav Shah,Dresses,Floral Midi Dress,1,1514.54,15.0,2025-04-16,Gurugram,Student,332.66,1287.36,227.18
UT100653,Yash Jain,Shirts,Relaxed Casual Shirt,2,1977.95,10.0,2025-04-17,Jaipur,Student,987.72,3560.31,395.59
UT100839,Sneha Malhotra,Dresses,Floral Midi Dress,2,1519.3,10.0,2025-04-17,Gurugram,Casual Shopper,811.79,2734.74,303.86
UT101310,Rohan Patel,T-Shirts,Minimal Logo Tee,2,1149.24,10.0,2025-04-17,Surat,Student,527.44,2068.63,229.85
UT100848,Riya Joshi,Denim,Denim Skirt,2,1615.53,5.0,2025-04-18,Hyderabad,Working Professional,931.34,3069.51,161.55
UT101709,Tanya Joshi,Shirts,Textured Shirt,3,1401.33,15.0,2025-04-18,Jaipur,Premium Shopper,1127.63,3573.39,630.6
UT102119,Aarav Reddy,Denim,Wide Leg Denim,4,2184.23,35.0,2025-04-18,Surat,Young Professional,1304.17,5679.0,3057.92
UT102317,Rahul Joshi,T-Shirts,Essential Tee,3,1310.3,5.0,2025-04-18,Pune,Young Professional,1162.24,3734.35,196.55
UT102783,Tanya Kapoor,T-Shirts,Minimal Logo Tee,2,636.82,15.0,2025-04-18,Delhi,Casual Shopper,326.11,1082.59,191.05
UT101377,Nisha Reddy,Accessories,Canvas Tote,1,1417.0,15.0,2025-04-19,Chennai,Student,406.52,1204.45,212.55
UT101387,Rahul Reddy,Shirts,Textured Shirt,2,2019.72,10.0,2025-04-19,Lucknow,Casual Shopper,1001.58,3635.5,403.94
UT101830,Anika Joshi,T-Shirts,Essential Tee,1,1241.21,15.0,2025-04-19,Kolkata,Casual Shopper,274.77,1055.03,186.18
UT101843,Sakshi Joshi,T-Shirts,Relaxed Fit Tee,1,1121.47,25.0,2025-04-19,Surat,Casual Shopper,281.16,841.1,280.37
UT102408,Tanya Mehta,Shirts,Oxford Shirt,1,1059.63,30.0,2025-04-19,Chandigarh,Student,218.43,741.74,317.89
UT100582,Simran Agarwal,Shirts,Linen Shirt,2,1631.57,5.0,2025-04-20,Pune,Young Professional,876.89,3099.98,163.16
UT100725,Yash Malhotra,T-Shirts,Relaxed Fit Tee,1,1025.05,20.0,2025-04-20,Surat,Young Professional,203.57,820.04,205.01
UT100882,Kritika Das,T-Shirts,Relaxed Fit Tee,2,1145.3,20.0,2025-04-20,Jaipur,Working Professional,569.77,1832.48,458.12
UT102411,Kavya Saxena,T-Shirts,Essential Tee,1,1524.56,25.0,2025-04-20,Chandigarh,Young Professional,254.62,1143.42,381.14
UT100010,Priya Agarwal,Denim,Mom Fit Jeans,2,2826.62,5.0,2025-04-21,Delhi,Premium Shopper,1631.11,5370.58,282.66
UT100073,Simran Agarwal,T-Shirts,Essential Tee,4,1045.99,0.0,2025-04-21,Ahmedabad,Working Professional,1289.13,4183.96,0.0
UT100392,Diya Gupta,Dresses,Floral Midi Dress,1,2199.8,15.0,2025-04-21,Bengaluru,Student,459.52,1869.83,329.97
UT100497,Ishaan Patel,T-Shirts,Premium Cotton Tee,3,961.15,5.0,2025-04-21,Ahmedabad,Working Professional,841.5,2739.28,144.17
UT101015,Ishaan Saxena,Denim,Mom Fit Jeans,3,2784.15,30.0,2025-04-21,Chandigarh,Young Professional,1411.93,5846.72,2505.74
UT101711,Aditya Patel,Accessories,Minimal Sling Bag,1,1354.95,15.0,2025-04-21,Lucknow,Premium Shopper,453.25,1151.71,203.24
UT100739,Nisha Patel,Denim,Straight Fit Jeans,3,3116.32,10.0,2025-04-22,Chennai,Student,2138.6,8414.06,934.9
UT100746,Kritika Chopra,Shirts,Relaxed Casual Shirt,1,1332.38,0.0,2025-04-22,Surat,Young Professional,401.92,1332.38,0.0
UT100776,Kavya Sharma,Shirts,Relaxed Casual Shirt,5,1539.35,25.0,2025-04-22,Hyderabad,Student,1422.41,5772.56,1924.19
UT101662,Yash Verma,T-Shirts,Premium Cotton Tee,5,999.0,0.0,2025-04-22,Chennai,Young Professional,1558.79,4995.0,0.0
UT102161,Aanya Kapoor,Denim,Mom Fit Jeans,2,3036.96,20.0,2025-04-22,Surat,Casual Shopper,1170.89,4859.14,1214.78
UT100014,Rahul Kumar,Dresses,Ribbed Dress,4,2156.55,25.0,2025-04-23,Kolkata,Young Professional,1838.97,6469.65,2156.55
UT100193,Aditi Gupta,T-Shirts,Premium Cotton Tee,2,1339.21,20.0,2025-04-23,Hyderabad,Young Professional,659.25,2142.74,535.68
UT100383,Sakshi Mishra,Dresses,Ribbed Dress,5,2717.47,15.0,2025-04-23,Chandigarh,Casual Shopper,3395.3,11549.25,2038.1
UT101164,Ananya Saxena,T-Shirts,Essential Tee,1,1049.58,5.0,2025-04-23,Kolkata,Young Professional,374.39,997.1,52.48
UT101256,Karan Kapoor,Accessories,Canvas Tote,2,1409.08,10.0,2025-04-23,Noida,Casual Shopper,877.17,2536.34,281.82
UT101399,Ishaan Shah,Accessories,Canvas Tote,1,950.78,25.0,2025-04-23,Ahmedabad,Student,221.57,713.08,237.69
UT101467,Aditya Shah,T-Shirts,Essential Tee,4,677.44,5.0,2025-04-23,Chennai,Young Professional,826.21,2574.27,135.49
UT101869,Meera Mishra,Dresses,Casual Mini Dress,1,1733.28,20.0,2025-04-23,Delhi,Young Professional,450.52,1386.62,346.66
UT102257,Meera Patel,Shirts,Relaxed Casual Shirt,1,1448.63,20.0,2025-04-23,Surat,Casual Shopper,293.1,1158.9,289.73
UT102273,Ananya Sharma,Accessories,Minimal Sling Bag,1,736.65,15.0,2025-04-23,Delhi,Casual Shopper,274.84,626.15,110.5
UT102850,Arjun Gupta,T-Shirts,Relaxed Fit Tee,2,844.79,30.0,2025-04-23,Delhi,Student,330.51,1182.71,506.87
UT100457,Yash Agarwal,T-Shirts,Premium Cotton Tee,2,1433.21,20.0,2025-04-24,Delhi,Working Professional,735.42,2293.14,573.28
UT101143,Aanya Saxena,T-Shirts,Minimal Logo Tee,1,1581.49,0.0,2025-04-24,Chandigarh,Working Professional,509.95,1581.49,0.0
UT101261,Rohan Mehta,Accessories,Minimal Sling Bag,1,1534.02,30.0,2025-04-24,Bengaluru,Working Professional,288.8,1073.81,460.21
UT100338,Arjun Shah,Denim,Denim Skirt,4,2267.41,15.0,2025-04-25,Chennai,Student,1822.43,7709.19,1360.45
UT100491,Neha Chopra,Accessories,Canvas Tote,2,1503.24,15.0,2025-04-25,Kolkata,Young Professional,852.58,2555.51,450.97
UT100499,Simran Mishra,Dresses,Casual Mini Dress,1,2185.04,15.0,2025-04-25,Delhi,Student,520.8,1857.28,327.76
UT100855,Aditi Jain,T-Shirts,Relaxed Fit Tee,1,1086.96,15.0,2025-04-25,Surat,Young Professional,199.56,923.92,163.04
UT101508,Priya Kapoor,Denim,Mom Fit Jeans,1,3184.3,15.0,2025-04-25,Bengaluru,Working Professional,783.16,2706.66,477.64
UT102427,Diya Agarwal,Dresses,Casual Mini Dress,4,2010.48,15.0,2025-04-25,Chennai,Young Professional,2019.74,6835.63,1206.29
UT102792,Pooja Verma,Dresses,Oversized Shirt Dress,4,2939.5,20.0,2025-04-25,Jaipur,Working Professional,2845.28,9406.4,2351.6
UT100837,Ishaan Shah,Denim,Straight Fit Jeans,1,2862.28,25.0,2025-04-26,Kolkata,Casual Shopper,460.34,2146.71,715.57
UT100918,Rahul Saxena,T-Shirts,Essential Tee,1,1426.1,15.0,2025-04-26,Noida,Working Professional,363.55,1212.18,213.91
UT101087,Ishaan Shah,Accessories,Leather Wallet,1,615.33,0.0,2025-04-26,Ahmedabad,Student,205.66,615.33,0.0
UT101918,Arjun Gupta,Shirts,Relaxed Casual Shirt,1,1726.78,25.0,2025-04-26,Noida,Premium Shopper,428.02,1295.08,431.69
UT101979,Riya Kumar,T-Shirts,Minimal Logo Tee,2,1289.13,5.0,2025-04-26,Chandigarh,Young Professional,725.3,2449.35,128.91
UT102404,Sneha Patel,T-Shirts,Essential Tee,4,1195.3,10.0,2025-04-26,Pune,Premium Shopper,1354.84,4303.08,478.12
UT100045,Diya Chopra,Dresses,Casual Mini Dress,1,2877.28,15.0,2025-04-27,Kolkata,Student,742.3,2445.69,431.59
UT100225,Kavya Malhotra,Accessories,Cap,2,1061.42,20.0,2025-04-27,Chennai,Casual Shopper,555.87,1698.27,424.57
UT100489,Ishaan Mehta,Shirts,Textured Shirt,3,1177.26,5.0,2025-04-27,Noida,Casual Shopper,1054.76,3355.19,176.59
UT100735,Yash Patel,T-Shirts,Minimal Logo Tee,1,623.59,10.0,2025-04-27,Mumbai,Working Professional,191.18,561.23,62.36
UT102468,Rahul Shah,Accessories,Minimal Sling Bag,3,1687.51,0.0,2025-04-27,Mumbai,Working Professional,1970.93,5062.53,0.0
UT101538,Yash Saxena,Shirts,Relaxed Casual Shirt,1,2057.54,25.0,2025-04-28,Chandigarh,Casual Shopper,469.27,1543.16,514.38
UT102063,Rohan Verma,Dresses,Ribbed Dress,1,1697.47,15.0,2025-04-28,Bengaluru,Casual Shopper,439.51,1442.85,254.62
UT102088,Pooja Mishra,Accessories,Cap,1,853.07,25.0,2025-04-28,Surat,Premium Shopper,249.41,639.8,213.27
UT102733,Arjun Agarwal,T-Shirts,Minimal Logo Tee,2,1102.35,35.0,2025-04-28,Hyderabad,Working Professional,308.86,1433.05,771.64
UT100285,Rohan Das,Accessories,Canvas Tote,2,1564.06,5.0,2025-04-29,Delhi,Premium Shopper,1206.73,2971.71,156.41
UT101155,Rahul Sharma,T-Shirts,Essential Tee,1,660.2,25.0,2025-04-29,Delhi,Student,139.2,495.15,165.05
UT101171,Kabir Das,Denim,Mom Fit Jeans,4,1647.29,5.0,2025-04-29,Noida,Premium Shopper,1883.2,6259.7,329.46
UT101483,Sneha Malhotra,Dresses,Casual Mini Dress,1,1742.99,10.0,2025-04-29,Mumbai,Student,461.69,1568.69,174.3
UT101703,Rohan Das,Dresses,Casual Mini Dress,2,1615.95,30.0,2025-04-30,Chandigarh,Working Professional,625.77,2262.33,969.57
UT102005,Priya Verma,T-Shirts,Premium Cotton Tee,1,673.48,20.0,2025-04-30,Delhi,Working Professional,163.73,538.78,134.7
UT102704,Kabir Patel,T-Shirts,Essential Tee,2,843.81,15.0,2025-04-30,Gurugram,Young Professional,338.04,1434.48,253.14
UT100050,Neha Reddy,Accessories,Leather Wallet,1,1746.71,0.0,2025-05-01,Lucknow,Working Professional,699.83,1746.71,0.0
UT100058,Sneha Sharma,Accessories,Canvas Tote,1,1565.41,15.0,2025-05-01,Bengaluru,Casual Shopper,429.37,1330.6,234.81
UT100832,Arjun Verma,Accessories,Leather Wallet,1,1499.9,15.0,2025-05-01,Chandigarh,Young Professional,449.47,1274.92,224.99
UT102433,Karan Singh,Dresses,Ribbed Dress,2,2479.25,15.0,2025-05-01,Bengaluru,Student,1215.32,4214.72,743.78
UT102939,Shreya Kumar,T-Shirts,Minimal Logo Tee,1,1237.86,0.0,2025-05-01,Lucknow,Student,369.66,1237.86,0.0
UT100678,Karan Mishra,Shirts,Oxford Shirt,1,1961.49,15.0,2025-05-02,Kolkata,Working Professional,451.6,1667.27,294.22
UT100781,Rohan Patel,Shirts,Relaxed Casual Shirt,1,2363.32,15.0,2025-05-02,Jaipur,Casual Shopper,598.85,2008.82,354.5
UT101274,Tanya Patel,Shirts,Linen Shirt,2,2273.95,10.0,2025-05-02,Jaipur,Young Professional,1251.57,4093.11,454.79
UT101696,Priya Kumar,T-Shirts,Minimal Logo Tee,4,1435.65,20.0,2025-05-02,Hyderabad,Young Professional,1316.44,4594.08,1148.52
UT102108,Ishaan Nair,Accessories,Leather Wallet,2,1669.53,20.0,2025-05-02,Chandigarh,Casual Shopper,769.83,2671.25,667.81
UT102863,Aditi Saxena,Accessories,Leather Wallet,1,1279.18,5.0,2025-05-02,Noida,Working Professional,458.0,1215.22,63.96
UT100719,Tanya Bansal,Accessories,Canvas Tote,1,1539.85,30.0,2025-05-03,Delhi,Student,365.84,1077.89,461.96
UT100767,Riya Sharma,Denim,Wide Leg Denim,3,2186.0,25.0,2025-05-03,Pune,Working Professional,1211.08,4918.5,1639.5
UT101402,Aanya Sharma,T-Shirts,Premium Cotton Tee,2,1279.56,10.0,2025-05-03,Delhi,Student,620.23,2303.21,255.91
UT102023,Simran Agarwal,Dresses,Casual Mini Dress,2,2530.29,0.0,2025-05-03,Surat,Young Professional,1594.16,5060.58,0.0
UT100411,Rohan Singh,Denim,Wide Leg Denim,2,1683.61,20.0,2025-05-04,Surat,Casual Shopper,680.22,2693.78,673.44
UT100601,Kavya Singh,T-Shirts,Premium Cotton Tee,1,1139.44,5.0,2025-05-04,Chennai,Working Professional,295.16,1082.47,56.97
UT100676,Kavya Nair,Shirts,Relaxed Casual Shirt,2,1280.45,10.0,2025-05-04,Noida,Student,568.63,2304.81,256.09
UT101181,Yash Chopra,Dresses,Oversized Shirt Dress,1,1529.38,15.0,2025-05-04,Chennai,Casual Shopper,357.41,1299.97,229.41
UT102151,Karan Mishra,T-Shirts,Essential Tee,2,1005.52,15.0,2025-05-04,Lucknow,Premium Shopper,619.07,1709.38,301.66
UT102173,Kritika Shah,T-Shirts,Premium Cotton Tee,3,1222.4,25.0,2025-05-04,Surat,Premium Shopper,751.72,2750.4,916.8
UT102688,Aarav Kapoor,Shirts,Textured Shirt,2,1484.12,5.0,2025-05-04,Pune,Working Professional,893.71,2819.83,148.41
UT102739,Rohan Jain,Accessories,Cap,1,1040.27,10.0,2025-05-04,Noida,Young Professional,258.82,936.24,104.03
UT102856,Simran Malhotra,Accessories,Canvas Tote,1,1369.14,15.0,2025-05-04,Ahmedabad,Working Professional,410.15,1163.77,205.37
UT102878,Meera Mehta,Accessories,Leather Wallet,4,761.29,10.0,2025-05-04,Jaipur,Working Professional,975.87,2740.64,304.52
UT100140,Aditya Verma,Accessories,Leather Wallet,5,1526.8,25.0,2025-05-05,Jaipur,Casual Shopper,1840.55,5725.5,1908.5
UT100556,Karan Agarwal,Accessories,Minimal Sling Bag,2,1391.71,0.0,2025-05-05,Ahmedabad,Casual Shopper,1004.18,2783.42,0.0
UT100981,Sakshi Chopra,Accessories,Cap,1,1310.62,5.0,2025-05-05,Bengaluru,Young Professional,462.1,1245.09,65.53
UT101975,Aanya Chopra,Dresses,Casual Mini Dress,1,2910.08,10.0,2025-05-05,Lucknow,Young Professional,815.79,2619.07,291.01
UT100219,Anika Gupta,Dresses,Ribbed Dress,2,1797.2,0.0,2025-05-06,Delhi,Student,1114.73,3594.4,0.0
UT102245,Rahul Malhotra,Denim,Straight Fit Jeans,1,2464.64,0.0,2025-05-06,Hyderabad,Working Professional,746.94,2464.64,0.0
UT102456,Ishaan Malhotra,Dresses,Floral Midi Dress,1,2205.15,10.0,2025-05-06,Gurugram,Working Professional,578.2,1984.64,220.51
UT101235,Karan Chopra,T-Shirts,Essential Tee,1,1497.06,15.0,2025-05-07,Noida,Premium Shopper,370.72,1272.5,224.56
UT102308,Vivaan Kapoor,Accessories,Cap,2,1724.55,20.0,2025-05-07,Gurugram,Young Professional,946.32,2759.28,689.82
UT102822,Sneha Bansal,Denim,Straight Fit Jeans,1,2121.12,15.0,2025-05-07,Lucknow,Premium Shopper,593.43,1802.95,318.17
UT100569,Shreya Reddy,Denim,Mom Fit Jeans,2,2970.14,20.0,2025-05-08,Jaipur,Premium Shopper,1363.12,4752.22,1188.06
UT100586,Tanya Jain,T-Shirts,Relaxed Fit Tee,2,1240.85,25.0,2025-05-08,Gurugram,Casual Shopper,482.36,1861.28,620.42
UT101045,Ishaan Das,Denim,Denim Skirt,1,2840.02,10.0,2025-05-08,Surat,Student,696.1,2556.02,284.0
UT101116,Isha Shah,T-Shirts,Minimal Logo Tee,3,1044.27,15.0,2025-05-08,Gurugram,Working Professional,803.62,2662.89,469.92
UT101794,Sakshi Mishra,Denim,Wide Leg Denim,1,1780.07,25.0,2025-05-08,Kolkata,Student,420.6,1335.05,445.02
UT101868,Aditi Nair,Denim,Mom Fit Jeans,1,2300.56,5.0,2025-05-08,Jaipur,Student,569.85,2185.53,115.03
UT102055,Meera Mishra,Dresses,Oversized Shirt Dress,1,1931.85,15.0,2025-05-08,Chennai,Young Professional,548.79,1642.07,289.78
UT102367,Aarav Joshi,Accessories,Cap,1,593.7,25.0,2025-05-08,Hyderabad,Young Professional,117.6,445.28,148.43
UT102419,Shreya Nair,T-Shirts,Relaxed Fit Tee,1,1274.67,20.0,2025-05-08,Kolkata,Working Professional,404.12,1019.74,254.93
UT100435,Diya Kapoor,Accessories,Minimal Sling Bag,2,1321.23,10.0,2025-05-09,Ahmedabad,Working Professional,820.98,2378.21,264.25
UT101140,Diya Reddy,Denim,Mom Fit Jeans,1,1796.51,25.0,2025-05-09,Kolkata,Premium Shopper,364.1,1347.38,449.13
UT102344,Ishaan Joshi,Denim,Straight Fit Jeans,3,3022.16,35.0,2025-05-09,Hyderabad,Young Professional,1356.27,5893.21,3173.27
UT100992,Aditya Bansal,T-Shirts,Minimal Logo Tee,1,1276.76,20.0,2025-05-10,Hyderabad,Young Professional,309.32,1021.41,255.35
UT101348,Rohan Shah,T-Shirts,Premium Cotton Tee,2,1305.17,15.0,2025-05-10,Delhi,Premium Shopper,632.17,2218.79,391.55
UT101980,Aarav Mishra,T-Shirts,Premium Cotton Tee,1,983.86,10.0,2025-05-10,Delhi,Young Professional,223.32,885.47,98.39
UT100167,Yash Kapoor,Shirts,Textured Shirt,1,1743.25,20.0,2025-05-11,Kolkata,Casual Shopper,388.09,1394.6,348.65
UT100540,Yash Jain,Shirts,Relaxed Casual Shirt,2,2226.0,0.0,2025-05-11,Hyderabad,Working Professional,1376.51,4452.0,0.0
UT102886,Kabir Chopra,Dresses,Oversized Shirt Dress,2,1714.18,15.0,2025-05-11,Jaipur,Premium Shopper,905.28,2914.11,514.25
UT102933,Manya Mishra,Shirts,Oxford Shirt,1,2405.07,10.0,2025-05-11,Surat,Casual Shopper,623.44,2164.56,240.51
UT101228,Aanya Das,Shirts,Linen Shirt,2,1562.59,15.0,2025-05-12,Chandigarh,Young Professional,821.48,2656.4,468.78
UT102122,Riya Shah,Denim,Mom Fit Jeans,2,2466.32,15.0,2025-05-12,Mumbai,Premium Shopper,1185.25,4192.74,739.9
UT100317,Neha Mehta,Dresses,Casual Mini Dress,2,1360.16,15.0,2025-05-13,Chandigarh,Premium Shopper,776.6,2312.27,408.05
UT100422,Kavya Shah,T-Shirts,Essential Tee,1,1471.63,15.0,2025-05-13,Surat,Student,390.56,1250.89,220.74
UT100768,Aditya Mehta,T-Shirts,Relaxed Fit Tee,4,726.39,15.0,2025-05-13,Noida,Working Professional,729.51,2469.73,435.83
UT102515,Arjun Saxena,T-Shirts,Relaxed Fit Tee,2,729.88,15.0,2025-05-13,Bengaluru,Student,371.92,1240.8,218.96
UT102741,Riya Kapoor,T-Shirts,Essential Tee,1,656.39,10.0,2025-05-13,Gurugram,Working Professional,132.77,590.75,65.64
UT100900,Aditi Saxena,Accessories,Leather Wallet,4,935.45,15.0,2025-05-14,Gurugram,Young Professional,1088.29,3180.53,561.27
UT101037,Manya Verma,Accessories,Minimal Sling Bag,5,542.49,15.0,2025-05-14,Pune,Young Professional,795.57,2305.58,406.87
UT101213,Rohan Saxena,Denim,Mom Fit Jeans,2,2070.72,30.0,2025-05-14,Gurugram,Student,673.3,2899.01,1242.43
UT100051,Karan Patel,Denim,Mom Fit Jeans,3,3145.28,15.0,2025-05-15,Ahmedabad,Working Professional,2140.58,8020.46,1415.38
UT100780,Manya Patel,T-Shirts,Premium Cotton Tee,1,1587.75,20.0,2025-05-15,Noida,Student,345.4,1270.2,317.55
UT101736,Yash Das,T-Shirts,Essential Tee,2,921.83,15.0,2025-05-15,Bengaluru,Premium Shopper,457.15,1567.11,276.55
UT101935,Diya Mehta,Dresses,Ribbed Dress,1,1714.49,15.0,2025-05-15,Gurugram,Young Professional,477.14,1457.32,257.17
UT102242,Aditi Bansal,T-Shirts,Essential Tee,5,1107.77,20.0,2025-05-15,Mumbai,Young Professional,1333.18,4431.08,1107.77
UT102805,Sakshi Patel,Accessories,Leather Wallet,4,431.9,10.0,2025-05-15,Mumbai,Student,466.96,1554.84,172.76
UT101026,Kritika Chopra,Accessories,Canvas Tote,1,1058.09,20.0,2025-05-16,Noida,Student,287.74,846.47,211.62
UT101406,Aanya Verma,Denim,Mom Fit Jeans,3,1503.3,15.0,2025-05-16,Kolkata,Student,994.63,3833.41,676.49
UT101439,Diya Nair,Accessories,Minimal Sling Bag,3,1530.07,15.0,2025-05-16,Chennai,Working Professional,1374.3,3901.68,688.53
UT101891,Arjun Agarwal,Accessories,Minimal Sling Bag,3,1074.22,15.0,2025-05-16,Pune,Young Professional,919.95,2739.26,483.4
UT101167,Ishaan Shah,T-Shirts,Relaxed Fit Tee,1,803.9,20.0,2025-05-17,Gurugram,Young Professional,165.37,643.12,160.78
UT101978,Pooja Verma,Dresses,Floral Midi Dress,1,2228.84,5.0,2025-05-17,Chennai,Young Professional,568.95,2117.4,111.44
UT102230,Simran Kapoor,Dresses,Casual Mini Dress,1,2016.66,25.0,2025-05-18,Jaipur,Premium Shopper,523.54,1512.5,504.16
UT102264,Meera Sharma,T-Shirts,Minimal Logo Tee,1,605.48,40.0,2025-05-18,Hyderabad,Student,13.77,363.29,242.19
UT102499,Meera Das,Shirts,Relaxed Casual Shirt,1,2292.44,5.0,2025-05-18,Kolkata,Casual Shopper,635.27,2177.82,114.62
UT100552,Pooja Chopra,Shirts,Linen Shirt,1,2125.73,15.0,2025-05-19,Chennai,Student,450.67,1806.87,318.86
UT100578,Anika Joshi,T-Shirts,Essential Tee,1,1300.21,10.0,2025-05-19,Kolkata,Young Professional,374.54,1170.19,130.02
UT100831,Rohan Agarwal,Denim,Wide Leg Denim,2,2391.12,0.0,2025-05-19,Chennai,Student,1286.52,4782.24,0.0
UT101030,Kabir Sharma,Shirts,Linen Shirt,2,1646.24,15.0,2025-05-19,Bengaluru,Working Professional,870.49,2798.61,493.87
UT101850,Yash Kapoor,Dresses,Casual Mini Dress,5,2611.49,35.0,2025-05-19,Mumbai,Student,2121.2,8487.34,4570.11
UT102021,Nisha Kumar,Accessories,Leather Wallet,2,740.9,10.0,2025-05-19,Mumbai,Young Professional,403.34,1333.62,148.18
UT102395,Pooja Patel,T-Shirts,Premium Cotton Tee,1,909.21,15.0,2025-05-19,Delhi,Student,233.15,772.83,136.38
UT100055,Sakshi Joshi,Shirts,Oxford Shirt,2,1777.39,20.0,2025-05-20,Chandigarh,Student,719.64,2843.82,710.96
UT100081,Arjun Kumar,T-Shirts,Minimal Logo Tee,1,1411.08,30.0,2025-05-20,Jaipur,Student,272.45,987.76,423.32
UT100368,Nisha Chopra,T-Shirts,Essential Tee,2,1358.69,10.0,2025-05-20,Chennai,Student,584.69,2445.64,271.74
UT100592,Aditya Gupta,Shirts,Oxford Shirt,2,1691.9,15.0,2025-05-20,Pune,Student,783.81,2876.23,507.57
UT101163,Arjun Reddy,Shirts,Textured Shirt,3,1504.94,30.0,2025-05-20,Noida,Working Professional,967.6,3160.37,1354.45
UT101829,Arjun Patel,T-Shirts,Essential Tee,2,1238.15,10.0,2025-05-20,Hyderabad,Casual Shopper,682.17,2228.67,247.63
UT100360,Rohan Shah,Shirts,Relaxed Casual Shirt,1,2495.29,35.0,2025-05-21,Bengaluru,Young Professional,377.93,1621.94,873.35
UT101302,Aditi Singh,T-Shirts,Premium Cotton Tee,2,1319.33,30.0,2025-05-21,Surat,Young Professional,477.88,1847.06,791.6
UT101312,Riya Das,Shirts,Oxford Shirt,1,1051.84,30.0,2025-05-21,Surat,Casual Shopper,177.44,736.29,315.55
UT101893,Yash Shah,Shirts,Textured Shirt,3,1167.87,20.0,2025-05-21,Surat,Premium Shopper,836.04,2802.89,700.72
UT101970,Rohan Kapoor,T-Shirts,Premium Cotton Tee,1,682.26,5.0,2025-05-21,Chandigarh,Working Professional,250.79,648.15,34.11
UT101932,Kavya Joshi,Shirts,Textured Shirt,2,1651.7,10.0,2025-05-22,Noida,Premium Shopper,954.72,2973.06,330.34
UT101954,Shreya Sharma,T-Shirts,Minimal Logo Tee,3,802.95,20.0,2025-05-22,Bengaluru,Young Professional,530.17,1927.08,481.77
UT100761,Karan Agarwal,T-Shirts,Relaxed Fit Tee,4,1386.33,25.0,2025-05-23,Noida,Young Professional,1121.57,4158.99,1386.33
UT102106,Yash Patel,Dresses,Casual Mini Dress,1,2086.74,0.0,2025-05-23,Mumbai,Premium Shopper,741.45,2086.74,0.0
UT100703,Kabir Mishra,Shirts,Oxford Shirt,2,1615.71,10.0,2025-05-24,Bengaluru,Working Professional,951.2,2908.28,323.14
UT102073,Kavya Shah,Shirts,Oxford Shirt,1,2452.72,40.0,2025-05-24,Pune,Student,252.5,1471.63,981.09
UT102503,Sakshi Joshi,Shirts,Relaxed Casual Shirt,1,2246.94,30.0,2025-05-24,Noida,Working Professional,475.53,1572.86,674.08
UT100834,Simran Joshi,T-Shirts,Minimal Logo Tee,5,884.88,30.0,2025-05-25,Jaipur,Young Professional,824.36,3097.08,1327.32
UT101042,Diya Reddy,T-Shirts,Minimal Logo Tee,1,948.29,20.0,2025-05-25,Jaipur,Premium Shopper,217.16,758.63,189.66
UT101548,Isha Mishra,Denim,Straight Fit Jeans,1,1883.47,15.0,2025-05-25,Surat,Working Professional,486.06,1600.95,282.52
UT101555,Aanya Chopra,Dresses,Oversized Shirt Dress,1,1810.16,20.0,2025-05-25,Hyderabad,Student,364.46,1448.13,362.03
UT101912,Vivaan Agarwal,T-Shirts,Relaxed Fit Tee,1,1140.13,20.0,2025-05-25,Noida,Student,246.96,912.1,228.03
UT102304,Ananya Kumar,Accessories,Canvas Tote,1,974.59,10.0,2025-05-25,Kolkata,Premium Shopper,337.59,877.13,97.46
UT101931,Ananya Kumar,Shirts,Linen Shirt,2,1107.29,10.0,2025-05-26,Kolkata,Student,507.22,1993.12,221.46
UT102508,Shreya Reddy,T-Shirts,Essential Tee,1,1500.61,0.0,2025-05-26,Bengaluru,Working Professional,578.22,1500.61,0.0
UT102664,Ishaan Malhotra,Denim,Denim Skirt,1,2588.48,10.0,2025-05-26,Pune,Young Professional,605.98,2329.63,258.85
UT101214,Sakshi Patel,T-Shirts,Minimal Logo Tee,2,755.08,0.0,2025-05-27,Surat,Premium Shopper,535.27,1510.16,0.0
UT102813,Arjun Agarwal,T-Shirts,Essential Tee,1,1187.51,25.0,2025-05-27,Ahmedabad,Casual Shopper,249.59,890.63,296.88
UT100186,Aditi Joshi,Shirts,Linen Shirt,2,1988.94,0.0,2025-05-28,Surat,Working Professional,1258.25,3977.88,0.0
UT100679,Tanya Reddy,T-Shirts,Premium Cotton Tee,1,1494.83,10.0,2025-05-28,Mumbai,Young Professional,406.32,1345.35,149.48
UT102211,Riya Jain,Dresses,Floral Midi Dress,2,2222.09,15.0,2025-05-29,Gurugram,Working Professional,1219.32,3777.55,666.63
UT100095,Karan Nair,T-Shirts,Relaxed Fit Tee,2,721.85,30.0,2025-05-30,Surat,Working Professional,276.82,1010.59,433.11
UT100239,Aarav Kapoor,T-Shirts,Premium Cotton Tee,3,1453.85,10.0,2025-05-30,Kolkata,Premium Shopper,1315.58,3925.39,436.15
UT100955,Simran Agarwal,Accessories,Cap,1,1062.39,20.0,2025-05-30,Kolkata,Working Professional,227.53,849.91,212.48
UT101375,Rahul Saxena,Accessories,Canvas Tote,1,481.77,5.0,2025-05-30,Kolkata,Casual Shopper,175.47,457.68,24.09
UT100342,Aarav Kapoor,Denim,Wide Leg Denim,1,3193.17,5.0,2025-05-31,Mumbai,Working Professional,922.35,3033.51,159.66
UT101110,Ananya Bansal,T-Shirts,Minimal Logo Tee,2,1128.51,0.0,2025-05-31,Hyderabad,Casual Shopper,660.33,2257.02,0.0
UT101537,Priya Reddy,T-Shirts,Essential Tee,2,885.17,30.0,2025-05-31,Hyderabad,Young Professional,258.05,1239.24,531.1
UT102141,Anika Joshi,Dresses,Floral Midi Dress,1,2717.39,10.0,2025-05-31,Gurugram,Working Professional,880.53,2445.65,271.74
UT100804,Kritika Chopra,T-Shirts,Minimal Logo Tee,2,1589.62,35.0,2025-06-01,Chennai,Student,530.0,2066.51,1112.73
UT102002,Vivaan Mishra,Dresses,Casual Mini Dress,2,1479.75,15.0,2025-06-01,Mumbai,Premium Shopper,818.22,2515.57,443.93
UT100096,Pooja Jain,Dresses,Casual Mini Dress,1,2431.84,20.0,2025-06-02,Lucknow,Working Professional,650.71,1945.47,486.37
UT100484,Priya Saxena,Shirts,Textured Shirt,1,1828.67,15.0,2025-06-02,Noida,Student,474.31,1554.37,274.3
UT100595,Aarav Reddy,Denim,Denim Skirt,1,2981.41,25.0,2025-06-02,Surat,Casual Shopper,502.75,2236.06,745.35
UT101681,Karan Singh,Denim,Mom Fit Jeans,1,2488.28,5.0,2025-06-02,Hyderabad,Young Professional,659.23,2363.87,124.41
UT100340,Priya Nair,Denim,Denim Skirt,4,2699.03,15.0,2025-06-03,Chennai,Working Professional,2458.34,9176.7,1619.42
UT100534,Neha Sharma,Accessories,Leather Wallet,3,873.83,10.0,2025-06-03,Lucknow,Young Professional,871.16,2359.34,262.15
UT100821,Rohan Sharma,Denim,Straight Fit Jeans,3,3232.02,25.0,2025-06-03,Kolkata,Premium Shopper,1916.99,7272.04,2424.01
UT100827,Arjun Malhotra,Dresses,Floral Midi Dress,1,1389.1,20.0,2025-06-03,Chandigarh,Young Professional,345.14,1111.28,277.82
UT102732,Anika Kapoor,Shirts,Linen Shirt,1,1145.43,0.0,2025-06-03,Hyderabad,Young Professional,376.73,1145.43,0.0
UT100911,Kabir Das,T-Shirts,Relaxed Fit Tee,1,1402.71,0.0,2025-06-04,Mumbai,Student,439.49,1402.71,0.0
UT101106,Nisha Das,Dresses,Ribbed Dress,1,2048.83,40.0,2025-06-04,Lucknow,Premium Shopper,314.77,1229.3,819.53
UT101426,Yash Mehta,T-Shirts,Minimal Logo Tee,2,1180.24,25.0,2025-06-04,Gurugram,Casual Shopper,518.94,1770.36,590.12
UT101665,Yash Patel,T-Shirts,Minimal Logo Tee,2,1198.0,15.0,2025-06-04,Kolkata,Premium Shopper,726.57,2036.6,359.4
UT101966,Anika Singh,Dresses,Oversized Shirt Dress,1,1746.83,0.0,2025-06-04,Hyderabad,Student,617.41,1746.83,0.0
UT100369,Ishaan Sharma,Shirts,Linen Shirt,3,1522.06,25.0,2025-06-05,Noida,Premium Shopper,896.32,3424.64,1141.54
UT100736,Priya Kumar,Dresses,Oversized Shirt Dress,2,1349.64,25.0,2025-06-05,Delhi,Working Professional,599.13,2024.46,674.82
UT102409,Aanya Mishra,T-Shirts,Relaxed Fit Tee,2,1104.67,40.0,2025-06-05,Lucknow,Student,294.2,1325.6,883.74
UT102498,Aditya Kumar,Dresses,Casual Mini Dress,1,2128.79,15.0,2025-06-05,Chennai,Working Professional,473.27,1809.47,319.32
UT102669,Neha Chopra,Accessories,Minimal Sling Bag,1,976.48,5.0,2025-06-05,Pune,Premium Shopper,363.81,927.66,48.82
UT102828,Pooja Shah,T-Shirts,Minimal Logo Tee,1,821.45,5.0,2025-06-06,Jaipur,Working Professional,283.91,780.38,41.07
UT101031,Riya Gupta,T-Shirts,Premium Cotton Tee,1,1258.72,25.0,2025-06-07,Kolkata,Working Professional,294.16,944.04,314.68
UT101060,Rahul Nair,T-Shirts,Minimal Logo Tee,1,1077.53,25.0,2025-06-07,Gurugram,Student,263.63,808.15,269.38
UT101491,Aanya Jain,Accessories,Canvas Tote,1,1415.57,10.0,2025-06-07,Bengaluru,Premium Shopper,481.44,1274.01,141.56
UT101571,Meera Shah,Dresses,Oversized Shirt Dress,2,1685.83,25.0,2025-06-07,Ahmedabad,Premium Shopper,820.58,2528.74,842.92
UT102512,Ananya Mehta,Denim,Denim Skirt,1,2359.86,35.0,2025-06-07,Surat,Student,328.68,1533.91,825.95
UT102981,Shreya Jain,Accessories,Cap,3,1645.93,5.0,2025-06-07,Mumbai,Student,1601.32,4690.9,246.89
UT102986,Karan Nair,Shirts,Textured Shirt,2,1134.81,10.0,2025-06-07,Chandigarh,Student,541.67,2042.66,226.96
UT100033,Aditi Singh,T-Shirts,Relaxed Fit Tee,5,747.95,10.0,2025-06-08,Kolkata,Student,901.04,3365.78,373.97
UT100372,Neha Saxena,Denim,Denim Skirt,1,2020.3,0.0,2025-06-08,Surat,Student,545.16,2020.3,0.0
UT100560,Pooja Nair,T-Shirts,Relaxed Fit Tee,1,1443.01,15.0,2025-06-08,Surat,Student,303.07,1226.56,216.45
UT100565,Rohan Sharma,T-Shirts,Minimal Logo Tee,2,884.96,25.0,2025-06-08,Noida,Working Professional,310.64,1327.44,442.48
UT101053,Sneha Mishra,T-Shirts,Relaxed Fit Tee,4,625.95,5.0,2025-06-08,Gurugram,Casual Shopper,779.58,2378.61,125.19
UT101644,Sakshi Bansal,Shirts,Relaxed Casual Shirt,2,1177.59,15.0,2025-06-08,Delhi,Student,601.48,2001.9,353.28
UT101737,Kabir Agarwal,T-Shirts,Essential Tee,1,1478.68,0.0,2025-06-08,Jaipur,Student,495.23,1478.68,0.0
UT101842,Yash Mehta,Dresses,Casual Mini Dress,1,2087.93,0.0,2025-06-08,Mumbai,Student,632.44,2087.93,0.0
UT101933,Rahul Nair,Dresses,Floral Midi Dress,1,2504.09,15.0,2025-06-08,Chennai,Working Professional,753.03,2128.48,375.61
UT100456,Simran Malhotra,Denim,Wide Leg Denim,1,2278.31,35.0,2025-06-09,Chandigarh,Working Professional,263.95,1480.9,797.41
UT101094,Shreya Das,Accessories,Minimal Sling Bag,1,557.18,15.0,2025-06-09,Ahmedabad,Working Professional,155.28,473.6,83.58
UT102861,Anika Singh,Shirts,Linen Shirt,4,1683.51,5.0,2025-06-09,Hyderabad,Casual Shopper,1910.29,6397.34,336.7
UT102944,Tanya Sharma,Denim,Denim Skirt,1,2145.73,15.0,2025-06-09,Noida,Casual Shopper,554.98,1823.87,321.86
UT100850,Kritika Gupta,Denim,Straight Fit Jeans,1,3025.42,10.0,2025-06-10,Ahmedabad,Young Professional,757.22,2722.88,302.54
UT101806,Nisha Kumar,Denim,Denim Skirt,1,2890.93,15.0,2025-06-10,Kolkata,Young Professional,632.71,2457.29,433.64
UT100478,Vivaan Malhotra,Accessories,Minimal Sling Bag,1,1380.34,0.0,2025-06-11,Noida,Student,520.04,1380.34,0.0
UT101147,Rohan Jain,Accessories,Minimal Sling Bag,2,1320.33,20.0,2025-06-11,Hyderabad,Working Professional,762.24,2112.53,528.13
UT101923,Ishaan Das,Denim,Mom Fit Jeans,1,2264.38,15.0,2025-06-11,Chennai,Working Professional,510.39,1924.72,339.66
UT102125,Vivaan Bansal,T-Shirts,Relaxed Fit Tee,1,1232.59,0.0,2025-06-11,Jaipur,Young Professional,388.09,1232.59,0.0
UT100065,Ishaan Shah,Dresses,Oversized Shirt Dress,1,1512.08,0.0,2025-06-12,Kolkata,Young Professional,560.88,1512.08,0.0
UT100866,Tanya Patel,T-Shirts,Essential Tee,2,1264.33,20.0,2025-06-12,Surat,Student,589.77,2022.93,505.73
UT101101,Riya Agarwal,Dresses,Floral Midi Dress,1,1736.51,15.0,2025-06-12,Pune,Premium Shopper,435.8,1476.03,260.48
UT101895,Karan Malhotra,Accessories,Cap,1,770.53,35.0,2025-06-12,Mumbai,Casual Shopper,232.46,500.84,269.69
UT102061,Arjun Verma,T-Shirts,Premium Cotton Tee,4,1215.85,10.0,2025-06-12,Ahmedabad,Student,1220.44,4377.06,486.34
UT100413,Aditi Chopra,T-Shirts,Premium Cotton Tee,2,1216.35,25.0,2025-06-13,Mumbai,Student,466.7,1824.52,608.17
UT100943,Aditi Mehta,Accessories,Leather Wallet,1,1455.13,0.0,2025-06-13,Bengaluru,Student,440.36,1455.13,0.0
UT102430,Aditi Jain,Dresses,Casual Mini Dress,2,1629.99,10.0,2025-06-13,Surat,Casual Shopper,837.4,2933.98,326.0
UT100532,Rohan Kumar,T-Shirts,Premium Cotton Tee,1,785.84,15.0,2025-06-14,Chennai,Premium Shopper,265.84,667.96,117.88
UT101169,Yash Verma,Accessories,Leather Wallet,1,1499.38,10.0,2025-06-14,Ahmedabad,Young Professional,523.11,1349.44,149.94
UT101814,Ananya Shah,T-Shirts,Essential Tee,1,1579.03,35.0,2025-06-14,Delhi,Student,331.5,1026.37,552.66
UT102083,Isha Patel,Shirts,Oxford Shirt,1,2204.79,35.0,2025-06-14,Gurugram,Student,345.84,1433.11,771.68
UT102602,Neha Shah,Shirts,Oxford Shirt,2,2455.99,15.0,2025-06-14,Lucknow,Premium Shopper,1223.03,4175.18,736.8
UT102829,Yash Gupta,T-Shirts,Relaxed Fit Tee,1,1409.27,15.0,2025-06-14,Surat,Student,373.5,1197.88,211.39
UT100044,Neha Saxena,Shirts,Relaxed Casual Shirt,2,1367.85,25.0,2025-06-15,Pune,Young Professional,539.08,2051.77,683.93
UT101049,Aditi Bansal,Shirts,Oxford Shirt,3,2368.19,15.0,2025-06-15,Chandigarh,Student,1637.85,6038.88,1065.69
UT101240,Aditi Bansal,Dresses,Floral Midi Dress,1,2860.06,15.0,2025-06-15,Gurugram,Working Professional,694.58,2431.05,429.01
UT101277,Diya Kapoor,T-Shirts,Minimal Logo Tee,2,1361.21,20.0,2025-06-15,Pune,Casual Shopper,689.86,2177.94,544.48
UT101518,Riya Joshi,Shirts,Linen Shirt,1,1581.28,10.0,2025-06-15,Kolkata,Student,440.27,1423.15,158.13
UT101525,Vivaan Kumar,Dresses,Floral Midi Dress,1,2705.57,15.0,2025-06-15,Ahmedabad,Premium Shopper,798.57,2299.73,405.84
UT101570,Riya Singh,Shirts,Linen Shirt,5,1763.38,0.0,2025-06-15,Mumbai,Premium Shopper,2844.19,8816.9,0.0
UT101890,Kabir Singh,Denim,Mom Fit Jeans,1,3125.63,15.0,2025-06-15,Delhi,Casual Shopper,676.82,2656.79,468.84
UT100883,Priya Shah,T-Shirts,Relaxed Fit Tee,5,980.49,15.0,2025-06-16,Jaipur,Young Professional,1236.18,4167.08,735.37
UT101226,Pooja Sharma,Accessories,Minimal Sling Bag,1,1428.16,15.0,2025-06-16,Gurugram,Student,470.54,1213.94,214.22
UT101461,Neha Saxena,Accessories,Cap,3,1690.08,5.0,2025-06-16,Chandigarh,Young Professional,1721.02,4816.73,253.51
UT102017,Yash Sharma,T-Shirts,Relaxed Fit Tee,3,692.48,0.0,2025-06-16,Noida,Working Professional,687.34,2077.44,0.0
UT102399,Meera Das,T-Shirts,Relaxed Fit Tee,2,964.92,0.0,2025-06-16,Gurugram,Student,519.57,1929.84,0.0
UT101881,Yash Gupta,T-Shirts,Premium Cotton Tee,1,1134.53,20.0,2025-06-17,Chennai,Casual Shopper,303.47,907.62,226.91
UT102306,Aanya Agarwal,T-Shirts,Relaxed Fit Tee,1,1134.64,5.0,2025-06-17,Ahmedabad,Working Professional,311.73,1077.91,56.73
UT100066,Aditya Kumar,T-Shirts,Relaxed Fit Tee,4,657.45,25.0,2025-06-18,Jaipur,Casual Shopper,406.2,1972.35,657.45
UT102647,Aarav Kumar,Denim,Straight Fit Jeans,4,2262.43,20.0,2025-06-18,Ahmedabad,Young Professional,1843.97,7239.78,1809.94
UT102671,Pooja Malhotra,Denim,Straight Fit Jeans,2,1657.77,10.0,2025-06-18,Kolkata,Student,784.97,2983.99,331.55
UT100415,Kavya Bansal,T-Shirts,Essential Tee,2,1012.11,25.0,2025-06-19,Lucknow,Premium Shopper,474.82,1518.16,506.06
UT100770,Aanya Patel,T-Shirts,Premium Cotton Tee,2,867.58,5.0,2025-06-19,Jaipur,Casual Shopper,494.09,1648.4,86.76
UT102874,Rohan Verma,Shirts,Oxford Shirt,1,1631.88,25.0,2025-06-19,Bengaluru,Young Professional,324.61,1223.91,407.97
UT100577,Ananya Bansal,T-Shirts,Premium Cotton Tee,2,1194.86,15.0,2025-06-20,Bengaluru,Student,551.23,2031.26,358.46
UT102599,Anika Mishra,Denim,Wide Leg Denim,3,1604.83,15.0,2025-06-20,Ahmedabad,Student,992.41,4092.32,722.17
UT102637,Sakshi Kumar,T-Shirts,Relaxed Fit Tee,3,1364.81,15.0,2025-06-20,Ahmedabad,Casual Shopper,953.25,3480.27,614.16
UT100118,Tanya Jain,Dresses,Casual Mini Dress,2,2757.98,35.0,2025-06-21,Gurugram,Premium Shopper,1045.44,3585.37,1930.59
UT100324,Diya Joshi,Accessories,Canvas Tote,1,1388.73,15.0,2025-06-21,Lucknow,Premium Shopper,396.67,1180.42,208.31
UT100524,Kabir Chopra,T-Shirts,Essential Tee,5,821.56,25.0,2025-06-21,Chennai,Premium Shopper,885.88,3080.85,1026.95
UT100903,Kavya Mishra,T-Shirts,Essential Tee,2,738.14,30.0,2025-06-21,Lucknow,Casual Shopper,310.29,1033.4,442.88
UT102041,Arjun Sharma,T-Shirts,Essential Tee,4,1566.34,25.0,2025-06-21,Jaipur,Casual Shopper,1255.34,4699.02,1566.34
UT100971,Sneha Saxena,Accessories,Leather Wallet,2,1693.51,5.0,2025-06-22,Ahmedabad,Student,1098.29,3217.67,169.35
UT101367,Ishaan Agarwal,Shirts,Linen Shirt,2,1155.26,10.0,2025-06-22,Surat,Casual Shopper,599.25,2079.47,231.05
UT101669,Shreya Nair,T-Shirts,Minimal Logo Tee,2,678.57,0.0,2025-06-22,Kolkata,Student,379.11,1357.14,0.0
UT101732,Simran Kumar,Accessories,Canvas Tote,2,518.23,25.0,2025-06-22,Gurugram,Working Professional,250.7,777.34,259.12
UT101948,Ananya Singh,Accessories,Canvas Tote,2,1440.95,15.0,2025-06-22,Jaipur,Young Professional,805.92,2449.62,432.28
UT101965,Manya Shah,Shirts,Oxford Shirt,2,1098.74,5.0,2025-06-22,Hyderabad,Working Professional,671.04,2087.61,109.87
UT102282,Sneha Kapoor,T-Shirts,Essential Tee,1,1327.99,0.0,2025-06-22,Chandigarh,Student,479.8,1327.99,0.0
UT102500,Priya Gupta,Accessories,Cap,1,1428.86,30.0,2025-06-22,Lucknow,Working Professional,389.84,1000.2,428.66
UT100103,Manya Malhotra,Accessories,Leather Wallet,1,737.1,25.0,2025-06-23,Chennai,Casual Shopper,158.76,552.83,184.27
UT102233,Nisha Joshi,Dresses,Casual Mini Dress,1,1721.17,15.0,2025-06-23,Mumbai,Working Professional,485.43,1462.99,258.18
UT102510,Kabir Das,Dresses,Casual Mini Dress,2,1432.5,5.0,2025-06-23,Kolkata,Young Professional,858.27,2721.75,143.25
UT100248,Diya Agarwal,Shirts,Linen Shirt,1,1930.23,10.0,2025-06-24,Noida,Working Professional,545.22,1737.21,193.02
UT100382,Nisha Patel,T-Shirts,Essential Tee,1,745.84,35.0,2025-06-24,Lucknow,Working Professional,48.85,484.8,261.04
UT102477,Aditya Kumar,T-Shirts,Essential Tee,1,901.16,20.0,2025-06-24,Delhi,Casual Shopper,197.4,720.93,180.23
UT100159,Priya Saxena,Shirts,Relaxed Casual Shirt,2,2204.26,15.0,2025-06-25,Ahmedabad,Casual Shopper,985.43,3747.24,661.28
UT100584,Sakshi Kumar,T-Shirts,Relaxed Fit Tee,1,678.07,35.0,2025-06-25,Jaipur,Casual Shopper,120.31,440.75,237.32
UT101229,Aarav Verma,T-Shirts,Relaxed Fit Tee,2,729.84,15.0,2025-06-25,Pune,Casual Shopper,364.3,1240.73,218.95
UT101543,Tanya Gupta,Dresses,Ribbed Dress,1,2408.35,15.0,2025-06-25,Pune,Young Professional,669.08,2047.1,361.25
UT102259,Sakshi Shah,Accessories,Leather Wallet,2,1245.22,20.0,2025-06-25,Delhi,Student,629.12,1992.35,498.09
UT100178,Rahul Kapoor,Denim,Denim Skirt,1,2677.39,15.0,2025-06-26,Jaipur,Young Professional,565.25,2275.78,401.61
UT101178,Ishaan Kumar,Dresses,Floral Midi Dress,1,1757.48,15.0,2025-06-26,Pune,Student,374.65,1493.86,263.62
UT102686,Manya Mishra,Dresses,Oversized Shirt Dress,1,2339.58,15.0,2025-06-26,Jaipur,Premium Shopper,600.77,1988.64,350.94
UT100027,Vivaan Agarwal,Dresses,Oversized Shirt Dress,2,1572.49,0.0,2025-06-27,Delhi,Young Professional,1171.26,3144.98,0.0
UT102220,Sakshi Joshi,Shirts,Textured Shirt,1,1844.27,35.0,2025-06-27,Chandigarh,Working Professional,309.34,1198.78,645.49
UT102501,Rohan Malhotra,Shirts,Linen Shirt,2,1747.28,30.0,2025-06-27,Chennai,Student,644.64,2446.19,1048.37
UT102751,Tanya Verma,T-Shirts,Essential Tee,1,1465.59,10.0,2025-06-27,Pune,Young Professional,397.39,1319.03,146.56
UT100366,Sneha Reddy,T-Shirts,Minimal Logo Tee,2,1534.82,15.0,2025-06-28,Kolkata,Young Professional,796.78,2609.19,460.45
UT100505,Rohan Jain,Shirts,Linen Shirt,3,1502.82,15.0,2025-06-28,Pune,Student,1015.89,3832.19,676.27
UT101141,Anika Patel,T-Shirts,Relaxed Fit Tee,1,1448.29,35.0,2025-06-28,Noida,Working Professional,321.47,941.39,506.9
UT100182,Neha Bansal,T-Shirts,Premium Cotton Tee,1,726.12,20.0,2025-06-29,Mumbai,Working Professional,181.53,580.9,145.22
UT100365,Diya Shah,Dresses,Casual Mini Dress,1,2404.61,10.0,2025-06-29,Surat,Student,613.73,2164.15,240.46
UT101396,Aanya Nair,Accessories,Minimal Sling Bag,2,1057.05,25.0,2025-06-29,Lucknow,Casual Shopper,550.26,1585.57,528.53
UT101534,Yash Patel,Dresses,Oversized Shirt Dress,2,2585.93,5.0,2025-06-29,Kolkata,Working Professional,1685.9,4913.27,258.59
UT101967,Yash Reddy,T-Shirts,Premium Cotton Tee,3,924.34,25.0,2025-06-29,Gurugram,Working Professional,558.49,2079.76,693.26
UT100220,Shreya Singh,T-Shirts,Relaxed Fit Tee,1,979.21,0.0,2025-06-30,Mumbai,Casual Shopper,314.78,979.21,0.0
UT100637,Aditya Sharma,Accessories,Cap,1,1252.9,10.0,2025-06-30,Gurugram,Young Professional,355.48,1127.61,125.29
UT100662,Karan Mishra,T-Shirts,Minimal Logo Tee,1,729.74,20.0,2025-06-30,Jaipur,Casual Shopper,161.29,583.79,145.95
UT101111,Shreya Joshi,Shirts,Linen Shirt,3,1690.6,20.0,2025-06-30,Ahmedabad,Young Professional,1118.58,4057.44,1014.36
UT101492,Anika Verma,Denim,Straight Fit Jeans,5,2567.52,15.0,2025-06-30,Kolkata,Casual Shopper,2712.37,10911.96,1925.64
UT102228,Arjun Mishra,Shirts,Linen Shirt,3,1663.76,15.0,2025-06-30,Surat,Premium Shopper,1366.94,4242.59,748.69
UT102994,Vivaan Jain,T-Shirts,Premium Cotton Tee,3,599.47,20.0,2025-06-30,Bengaluru,Student,369.62,1438.73,359.68
UT102998,Kavya Reddy,T-Shirts,Minimal Logo Tee,1,1336.53,25.0,2025-06-30,Surat,Premium Shopper,312.56,1002.4,334.13
UT100121,Kritika Jain,Shirts,Oxford Shirt,4,2216.11,10.0,2025-07-01,Bengaluru,Student,2144.91,7978.0,886.44
UT100803,Aarav Malhotra,T-Shirts,Minimal Logo Tee,1,1481.09,15.0,2025-07-01,Jaipur,Casual Shopper,347.08,1258.93,222.16
UT100818,Rahul Patel,Accessories,Canvas Tote,1,1641.94,25.0,2025-07-01,Lucknow,Working Professional,373.11,1231.46,410.49
UT101403,Aarav Das,T-Shirts,Essential Tee,1,1004.31,20.0,2025-07-01,Noida,Student,187.6,803.45,200.86
UT100021,Sakshi Nair,Shirts,Textured Shirt,2,1652.99,20.0,2025-07-02,Noida,Casual Shopper,735.73,2644.78,661.2
UT100755,Isha Shah,Accessories,Cap,5,412.12,10.0,2025-07-02,Pune,Student,654.56,1854.54,206.06
UT101315,Shreya Mishra,Dresses,Ribbed Dress,2,2854.44,15.0,2025-07-02,Bengaluru,Casual Shopper,1429.32,4852.55,856.33
UT101719,Vivaan Malhotra,Accessories,Leather Wallet,3,1432.14,5.0,2025-07-02,Jaipur,Student,1412.77,4081.6,214.82
UT102096,Ishaan Nair,Denim,Straight Fit Jeans,1,3162.04,15.0,2025-07-02,Ahmedabad,Young Professional,652.52,2687.73,474.31
UT102728,Pooja Kumar,T-Shirts,Premium Cotton Tee,4,796.8,30.0,2025-07-02,Lucknow,Young Professional,540.44,2231.04,956.16
UT100141,Yash Shah,Shirts,Oxford Shirt,1,1530.56,20.0,2025-07-03,Ahmedabad,Student,301.59,1224.45,306.11
UT101162,Priya Mishra,Accessories,Minimal Sling Bag,3,1187.03,25.0,2025-07-03,Bengaluru,Casual Shopper,942.78,2670.82,890.27
UT101258,Yash Das,T-Shirts,Premium Cotton Tee,2,1060.27,0.0,2025-07-03,Surat,Student,688.62,2120.54,0.0
UT101633,Karan Nair,Shirts,Linen Shirt,4,2266.25,20.0,2025-07-03,Bengaluru,Working Professional,2087.05,7252.0,1813.0
UT101741,Aditya Kapoor,Accessories,Leather Wallet,1,446.66,35.0,2025-07-03,Chennai,Working Professional,113.64,290.33,156.33
UT102719,Yash Gupta,T-Shirts,Relaxed Fit Tee,1,1470.69,20.0,2025-07-03,Jaipur,Working Professional,406.83,1176.55,294.14
UT100276,Yash Gupta,Accessories,Cap,1,863.91,25.0,2025-07-04,Gurugram,Working Professional,140.22,647.93,215.98
UT100468,Karan Reddy,Dresses,Floral Midi Dress,3,1448.66,0.0,2025-07-04,Noida,Student,1232.3,4345.98,0.0
UT100541,Aditi Agarwal,T-Shirts,Minimal Logo Tee,1,1417.74,25.0,2025-07-04,Kolkata,Casual Shopper,262.21,1063.3,354.43
UT100726,Shreya Das,Shirts,Linen Shirt,1,1012.0,0.0,2025-07-04,Jaipur,Young Professional,350.11,1012.0,0.0
UT101533,Anika Nair,Shirts,Linen Shirt,2,2221.07,15.0,2025-07-04,Noida,Working Professional,1035.0,3775.82,666.32
UT100972,Vivaan Singh,Denim,Straight Fit Jeans,4,2762.43,10.0,2025-07-05,Gurugram,Student,2553.47,9944.75,1104.97
UT101988,Pooja Jain,Shirts,Linen Shirt,1,1777.3,20.0,2025-07-05,Hyderabad,Working Professional,430.49,1421.84,355.46
UT102157,Meera Nair,T-Shirts,Relaxed Fit Tee,3,965.93,20.0,2025-07-05,Kolkata,Working Professional,677.9,2318.23,579.56
UT102226,Ananya Joshi,Dresses,Floral Midi Dress,1,1759.58,10.0,2025-07-05,Bengaluru,Student,506.51,1583.62,175.96
UT100361,Diya Mishra,Dresses,Casual Mini Dress,1,1718.48,5.0,2025-07-06,Chennai,Premium Shopper,583.06,1632.56,85.92
UT101192,Rohan Mishra,Accessories,Leather Wallet,1,1444.23,10.0,2025-07-06,Chennai,Working Professional,425.96,1299.81,144.42
UT101351,Kritika Malhotra,Dresses,Floral Midi Dress,4,2921.37,0.0,2025-07-06,Jaipur,Working Professional,3875.05,11685.48,0.0
UT101772,Riya Singh,Shirts,Textured Shirt,4,2418.92,20.0,2025-07-06,Ahmedabad,Young Professional,2088.15,7740.54,1935.14
UT102391,Anika Das,T-Shirts,Minimal Logo Tee,2,1175.82,25.0,2025-07-06,Gurugram,Young Professional,442.07,1763.73,587.91
UT102642,Yash Sharma,Shirts,Oxford Shirt,2,1970.97,0.0,2025-07-06,Chennai,Student,1134.52,3941.94,0.0
UT101202,Shreya Shah,Denim,Mom Fit Jeans,1,2876.4,30.0,2025-07-07,Kolkata,Young Professional,550.34,2013.48,862.92
UT101237,Kritika Kapoor,T-Shirts,Relaxed Fit Tee,2,883.26,5.0,2025-07-07,Ahmedabad,Young Professional,493.04,1678.19,88.33
UT101740,Neha Patel,T-Shirts,Premium Cotton Tee,1,1105.04,15.0,2025-07-07,Hyderabad,Working Professional,276.98,939.28,165.76
UT102721,Arjun Shah,Shirts,Textured Shirt,1,2184.29,10.0,2025-07-07,Lucknow,Working Professional,595.02,1965.86,218.43
UT102727,Simran Nair,Accessories,Cap,1,1303.98,35.0,2025-07-07,Chandigarh,Young Professional,250.71,847.59,456.39
UT100336,Tanya Kapoor,Shirts,Relaxed Casual Shirt,2,2387.12,10.0,2025-07-08,Surat,Casual Shopper,1227.72,4296.82,477.42
UT100580,Ishaan Gupta,T-Shirts,Relaxed Fit Tee,2,1143.5,10.0,2025-07-08,Lucknow,Young Professional,591.98,2058.3,228.7
UT100750,Nisha Kapoor,Dresses,Oversized Shirt Dress,3,1892.94,25.0,2025-07-08,Kolkata,Premium Shopper,1341.31,4259.12,1419.7
UT101744,Aanya Patel,T-Shirts,Minimal Logo Tee,1,1560.03,15.0,2025-07-08,Mumbai,Casual Shopper,369.46,1326.03,234.0
UT101812,Isha Gupta,Accessories,Leather Wallet,1,515.97,15.0,2025-07-08,Noida,Student,115.47,438.57,77.4
UT101930,Aanya Nair,T-Shirts,Premium Cotton Tee,1,803.57,15.0,2025-07-08,Lucknow,Young Professional,213.49,683.03,120.54
UT102830,Ishaan Agarwal,Dresses,Ribbed Dress,1,1638.83,15.0,2025-07-08,Ahmedabad,Premium Shopper,475.54,1393.01,245.82
UT100184,Kabir Verma,Denim,Straight Fit Jeans,1,2665.93,15.0,2025-07-09,Jaipur,Young Professional,601.2,2266.04,399.89
UT100485,Rohan Patel,T-Shirts,Relaxed Fit Tee,2,1331.0,15.0,2025-07-09,Delhi,Young Professional,664.35,2262.7,399.3
UT100870,Kabir Bansal,T-Shirts,Minimal Logo Tee,1,1349.14,15.0,2025-07-09,Jaipur,Student,262.54,1146.77,202.37
UT100928,Aanya Chopra,Accessories,Cap,3,1023.38,25.0,2025-07-09,Kolkata,Student,683.11,2302.6,767.53
UT100976,Yash Das,Denim,Straight Fit Jeans,1,2044.04,0.0,2025-07-09,Gurugram,Working Professional,541.42,2044.04,0.0
UT102034,Shreya Kumar,T-Shirts,Minimal Logo Tee,2,1493.96,20.0,2025-07-09,Chandigarh,Young Professional,686.16,2390.34,597.58
UT102058,Isha Nair,T-Shirts,Relaxed Fit Tee,4,979.6,5.0,2025-07-09,Mumbai,Student,1063.44,3722.48,195.92
UT100477,Priya Mehta,Denim,Mom Fit Jeans,1,3028.48,25.0,2025-07-10,Pune,Student,556.02,2271.36,757.12
UT101314,Kritika Joshi,T-Shirts,Relaxed Fit Tee,5,1118.76,30.0,2025-07-10,Bengaluru,Premium Shopper,1075.02,3915.66,1678.14
UT101860,Tanya Jain,T-Shirts,Relaxed Fit Tee,1,1593.87,5.0,2025-07-10,Bengaluru,Student,435.26,1514.18,79.69
UT101942,Shreya Chopra,Dresses,Casual Mini Dress,3,2691.27,15.0,2025-07-10,Hyderabad,Student,1886.16,6862.74,1211.07
UT101992,Neha Sharma,T-Shirts,Relaxed Fit Tee,1,1195.84,10.0,2025-07-10,Pune,Premium Shopper,335.39,1076.26,119.58
UT100613,Isha Jain,Dresses,Casual Mini Dress,2,1918.66,30.0,2025-07-11,Bengaluru,Student,682.79,2686.12,1151.2
UT100764,Anika Singh,Accessories,Leather Wallet,4,1401.18,20.0,2025-07-11,Gurugram,Young Professional,1590.4,4483.78,1120.94
UT101352,Shreya Das,Dresses,Oversized Shirt Dress,2,1832.73,5.0,2025-07-12,Chandigarh,Student,1052.26,3482.19,183.27
UT101817,Manya Joshi,Accessories,Leather Wallet,1,1650.43,25.0,2025-07-12,Pune,Premium Shopper,543.89,1237.82,412.61
UT102714,Tanya Singh,Denim,Straight Fit Jeans,1,1965.34,10.0,2025-07-12,Jaipur,Working Professional,476.36,1768.81,196.53
UT100461,Shreya Jain,T-Shirts,Minimal Logo Tee,1,1323.6,25.0,2025-07-13,Ahmedabad,Student,251.29,992.7,330.9
UT100527,Riya Shah,Accessories,Canvas Tote,1,1220.87,5.0,2025-07-13,Lucknow,Young Professional,399.68,1159.83,61.04
UT100923,Yash Patel,Accessories,Cap,3,830.69,10.0,2025-07-13,Pune,Working Professional,781.51,2242.86,249.21
UT101708,Shreya Kapoor,T-Shirts,Relaxed Fit Tee,1,1038.15,20.0,2025-07-13,Hyderabad,Young Professional,258.92,830.52,207.63
UT102366,Aditya Chopra,T-Shirts,Essential Tee,3,773.57,0.0,2025-07-13,Pune,Young Professional,790.42,2320.71,0.0
UT102882,Sakshi Jain,T-Shirts,Minimal Logo Tee,1,795.48,0.0,2025-07-13,Delhi,Premium Shopper,296.11,795.48,0.0
UT102970,Riya Mishra,Shirts,Relaxed Casual Shirt,1,1570.23,35.0,2025-07-13,Ahmedabad,Working Professional,317.95,1020.65,549.58
UT100454,Nisha Kumar,Accessories,Canvas Tote,2,1792.67,15.0,2025-07-14,Chennai,Working Professional,1130.07,3047.54,537.8
UT102000,Shreya Patel,T-Shirts,Premium Cotton Tee,4,804.44,0.0,2025-07-14,Bengaluru,Young Professional,1038.14,3217.76,0.0
UT102611,Ishaan Gupta,Denim,Straight Fit Jeans,1,2761.34,40.0,2025-07-14,Mumbai,Premium Shopper,351.1,1656.8,1104.54
UT100322,Yash Saxena,Dresses,Floral Midi Dress,1,1489.83,15.0,2025-07-15,Surat,Young Professional,360.07,1266.36,223.47
UT101017,Aditya Mehta,Denim,Straight Fit Jeans,2,2812.43,30.0,2025-07-15,Pune,Working Professional,1007.61,3937.4,1687.46
UT101757,Pooja Joshi,T-Shirts,Minimal Logo Tee,2,657.89,0.0,2025-07-15,Mumbai,Premium Shopper,419.62,1315.78,0.0
UT101054,Isha Shah,Shirts,Linen Shirt,1,1167.09,35.0,2025-07-16,Gurugram,Student,144.96,758.61,408.48
UT102908,Isha Mehta,T-Shirts,Relaxed Fit Tee,2,1384.75,20.0,2025-07-16,Surat,Premium Shopper,754.77,2215.6,553.9
UT100147,Sneha Shah,Shirts,Relaxed Casual Shirt,2,1197.57,15.0,2025-07-17,Kolkata,Working Professional,569.39,2035.87,359.27
UT100721,Aarav Bansal,Accessories,Canvas Tote,2,711.16,20.0,2025-07-17,Mumbai,Premium Shopper,419.18,1137.86,284.46
UT101257,Pooja Patel,T-Shirts,Relaxed Fit Tee,1,718.71,15.0,2025-07-17,Ahmedabad,Premium Shopper,201.91,610.9,107.81
UT102325,Manya Kumar,T-Shirts,Minimal Logo Tee,1,1077.46,20.0,2025-07-17,Chennai,Young Professional,201.25,861.97,215.49
UT102377,Yash Agarwal,T-Shirts,Premium Cotton Tee,1,1472.58,10.0,2025-07-17,Kolkata,Casual Shopper,385.27,1325.32,147.26
UT102937,Aarav Gupta,T-Shirts,Minimal Logo Tee,1,1464.27,5.0,2025-07-17,Chandigarh,Premium Shopper,472.92,1391.06,73.21
UT100039,Vivaan Gupta,Denim,Mom Fit Jeans,1,1572.18,10.0,2025-07-18,Hyderabad,Young Professional,379.31,1414.96,157.22
UT100343,Aarav Jain,Accessories,Leather Wallet,1,421.05,0.0,2025-07-18,Chennai,Casual Shopper,137.53,421.05,0.0
UT101634,Tanya Bansal,T-Shirts,Minimal Logo Tee,3,737.61,15.0,2025-07-18,Noida,Young Professional,544.32,1880.91,331.92
UT101865,Kritika Singh,Accessories,Leather Wallet,1,1430.51,15.0,2025-07-18,Ahmedabad,Casual Shopper,372.29,1215.93,214.58
UT102177,Kavya Mishra,T-Shirts,Minimal Logo Tee,1,812.49,15.0,2025-07-18,Jaipur,Young Professional,160.92,690.62,121.87
UT102299,Aarav Jain,Shirts,Textured Shirt,2,2137.08,15.0,2025-07-18,Noida,Student,937.74,3633.04,641.12
UT100778,Neha Das,Dresses,Oversized Shirt Dress,1,2217.25,15.0,2025-07-19,Jaipur,Casual Shopper,562.72,1884.66,332.59
UT101454,Neha Joshi,Accessories,Cap,1,1631.74,20.0,2025-07-19,Jaipur,Casual Shopper,474.12,1305.39,326.35
UT101495,Kabir Saxena,Denim,Mom Fit Jeans,1,2996.1,15.0,2025-07-19,Hyderabad,Student,590.23,2546.68,449.42
UT102851,Aanya Nair,T-Shirts,Premium Cotton Tee,1,1163.51,35.0,2025-07-19,Ahmedabad,Student,160.27,756.28,407.23
UT102973,Ishaan Mishra,Denim,Straight Fit Jeans,3,2237.04,25.0,2025-07-19,Ahmedabad,Student,1087.52,5033.34,1677.78
UT102997,Yash Mishra,Accessories,Cap,3,1163.64,15.0,2025-07-19,Hyderabad,Student,928.07,2967.28,523.64
UT100232,Yash Kapoor,Denim,Denim Skirt,1,1770.26,10.0,2025-07-20,Lucknow,Premium Shopper,444.53,1593.23,177.03
UT100353,Diya Bansal,Denim,Wide Leg Denim,1,3031.34,15.0,2025-07-20,Surat,Working Professional,706.9,2576.64,454.7
UT100794,Rahul Joshi,T-Shirts,Relaxed Fit Tee,1,811.78,25.0,2025-07-20,Pune,Young Professional,181.49,608.84,202.94
UT102352,Sakshi Kumar,T-Shirts,Relaxed Fit Tee,3,1460.2,15.0,2025-07-20,Delhi,Working Professional,1075.01,3723.51,657.09
UT102841,Neha Kapoor,T-Shirts,Essential Tee,5,1046.06,10.0,2025-07-20,Noida,Working Professional,1465.51,4707.27,523.03
UT101500,Aanya Gupta,Denim,Mom Fit Jeans,1,3180.84,5.0,2025-07-21,Delhi,Young Professional,873.84,3021.8,159.04
UT101667,Nisha Nair,Shirts,Linen Shirt,2,2493.43,5.0,2025-07-21,Pune,Casual Shopper,1395.74,4737.52,249.34
UT101907,Manya Jain,T-Shirts,Essential Tee,1,973.79,15.0,2025-07-21,Jaipur,Student,182.29,827.72,146.07
UT102464,Tanya Patel,Denim,Straight Fit Jeans,1,2149.52,5.0,2025-07-21,Ahmedabad,Premium Shopper,568.48,2042.04,107.48
UT102574,Karan Verma,T-Shirts,Essential Tee,1,993.07,30.0,2025-07-21,Ahmedabad,Casual Shopper,155.5,695.15,297.92
UT100265,Kritika Mehta,T-Shirts,Relaxed Fit Tee,1,1414.36,35.0,2025-07-22,Noida,Casual Shopper,266.54,919.33,495.03
UT100447,Diya Bansal,T-Shirts,Essential Tee,1,896.71,15.0,2025-07-22,Chandigarh,Casual Shopper,232.11,762.2,134.51
UT100765,Neha Agarwal,Accessories,Cap,1,1549.47,10.0,2025-07-22,Delhi,Student,454.52,1394.52,154.95
UT101560,Tanya Mishra,T-Shirts,Premium Cotton Tee,1,1379.58,10.0,2025-07-22,Hyderabad,Working Professional,360.34,1241.62,137.96
UT102332,Neha Mishra,Denim,Straight Fit Jeans,1,3110.7,0.0,2025-07-22,Chennai,Student,777.56,3110.7,0.0
UT102529,Riya Malhotra,T-Shirts,Relaxed Fit Tee,3,791.07,35.0,2025-07-22,Mumbai,Young Professional,428.99,1542.59,830.62
UT102584,Vivaan Agarwal,Shirts,Textured Shirt,1,1036.06,5.0,2025-07-22,Ahmedabad,Working Professional,413.74,984.26,51.8
UT102859,Manya Verma,T-Shirts,Minimal Logo Tee,4,1597.29,25.0,2025-07-22,Bengaluru,Student,1195.81,4791.87,1597.29
UT100490,Sneha Saxena,T-Shirts,Relaxed Fit Tee,1,1441.0,15.0,2025-07-23,Delhi,Premium Shopper,357.75,1224.85,216.15
UT102100,Rahul Jain,Denim,Straight Fit Jeans,1,3198.97,25.0,2025-07-23,Surat,Young Professional,607.64,2399.23,799.74
UT101674,Priya Agarwal,Denim,Straight Fit Jeans,1,2139.25,20.0,2025-07-24,Ahmedabad,Student,393.7,1711.4,427.85
UT101925,Meera Nair,Dresses,Ribbed Dress,1,1877.61,20.0,2025-07-24,Jaipur,Working Professional,455.21,1502.09,375.52
UT102007,Isha Shah,T-Shirts,Premium Cotton Tee,1,1381.63,5.0,2025-07-24,Jaipur,Student,308.85,1312.55,69.08
UT102321,Karan Das,Denim,Denim Skirt,5,2492.94,15.0,2025-07-24,Noida,Casual Shopper,2647.86,10595.0,1869.7
UT102345,Aditi Joshi,Shirts,Textured Shirt,2,1533.48,10.0,2025-07-24,Delhi,Student,744.32,2760.26,306.7
UT101316,Neha Reddy,Dresses,Ribbed Dress,1,1499.86,5.0,2025-07-25,Delhi,Working Professional,540.62,1424.87,74.99
UT101511,Simran Saxena,T-Shirts,Minimal Logo Tee,1,754.27,30.0,2025-07-25,Noida,Young Professional,79.9,527.99,226.28
UT101987,Arjun Mehta,Dresses,Oversized Shirt Dress,1,1356.09,10.0,2025-07-25,Delhi,Casual Shopper,352.77,1220.48,135.61
UT102692,Shreya Das,Denim,Mom Fit Jeans,1,2495.26,10.0,2025-07-25,Delhi,Working Professional,643.28,2245.73,249.53
UT100563,Nisha Agarwal,Dresses,Floral Midi Dress,1,2979.66,5.0,2025-07-26,Mumbai,Premium Shopper,975.88,2830.68,148.98
UT100610,Ananya Joshi,Denim,Straight Fit Jeans,5,2826.59,10.0,2025-07-26,Chennai,Working Professional,3520.34,12719.66,1413.3
UT102237,Anika Das,Dresses,Floral Midi Dress,3,2168.04,5.0,2025-07-26,Mumbai,Premium Shopper,2069.31,6178.91,325.21
UT102260,Neha Verma,Shirts,Linen Shirt,1,1789.6,15.0,2025-07-26,Mumbai,Young Professional,489.22,1521.16,268.44
UT102531,Sneha Jain,Dresses,Casual Mini Dress,2,1861.59,25.0,2025-07-26,Jaipur,Student,744.73,2792.38,930.8
UT101115,Sneha Patel,Accessories,Minimal Sling Bag,1,1101.87,10.0,2025-07-27,Mumbai,Young Professional,323.17,991.68,110.19
UT102407,Meera Jain,Denim,Mom Fit Jeans,2,3174.86,15.0,2025-07-27,Chennai,Working Professional,1453.31,5397.26,952.46
UT100800,Yash Jain,T-Shirts,Minimal Logo Tee,2,694.99,10.0,2025-07-28,Mumbai,Student,355.7,1250.98,139.0
UT100922,Sneha Singh,T-Shirts,Minimal Logo Tee,3,1141.13,15.0,2025-07-28,Jaipur,Premium Shopper,918.71,2909.88,513.51
UT101655,Nisha Saxena,T-Shirts,Relaxed Fit Tee,2,1584.96,20.0,2025-07-28,Ahmedabad,Young Professional,766.0,2535.94,633.98
UT102540,Neha Reddy,Shirts,Linen Shirt,3,2011.06,15.0,2025-07-28,Gurugram,Casual Shopper,1382.39,5128.2,904.98
UT102991,Vivaan Saxena,T-Shirts,Premium Cotton Tee,2,1163.97,15.0,2025-07-28,Noida,Working Professional,584.27,1978.75,349.19
UT100944,Nisha Jain,Shirts,Textured Shirt,3,2117.07,5.0,2025-07-29,Kolkata,Casual Shopper,1732.38,6033.65,317.56
UT101002,Riya Bansal,T-Shirts,Minimal Logo Tee,3,1427.24,25.0,2025-07-29,Kolkata,Casual Shopper,887.04,3211.29,1070.43
UT101457,Manya Chopra,Accessories,Minimal Sling Bag,1,783.32,5.0,2025-07-29,Lucknow,Young Professional,210.16,744.15,39.17
UT102668,Manya Joshi,Dresses,Oversized Shirt Dress,2,1469.3,15.0,2025-07-29,Chandigarh,Working Professional,788.92,2497.81,440.79
UT102737,Aarav Patel,T-Shirts,Relaxed Fit Tee,4,1276.81,10.0,2025-07-29,Lucknow,Student,1276.54,4596.52,510.72
UT102791,Aarav Agarwal,T-Shirts,Premium Cotton Tee,1,1534.29,30.0,2025-07-29,Gurugram,Working Professional,298.73,1074.0,460.29
UT100450,Kritika Mishra,T-Shirts,Minimal Logo Tee,1,1069.87,0.0,2025-07-30,Chennai,Premium Shopper,384.26,1069.87,0.0
UT101929,Rahul Joshi,Shirts,Relaxed Casual Shirt,3,2094.03,10.0,2025-07-30,Chandigarh,Student,1502.7,5653.88,628.21
UT100120,Karan Singh,T-Shirts,Essential Tee,1,1355.34,30.0,2025-07-31,Kolkata,Young Professional,268.35,948.74,406.6
UT100168,Neha Reddy,Dresses,Ribbed Dress,1,1342.54,15.0,2025-07-31,Surat,Young Professional,304.29,1141.16,201.38
UT100503,Aditya Kumar,Shirts,Relaxed Casual Shirt,1,1142.95,35.0,2025-07-31,Ahmedabad,Young Professional,134.71,742.92,400.03
UT101524,Rahul Das,Dresses,Oversized Shirt Dress,1,2872.6,20.0,2025-07-31,Ahmedabad,Casual Shopper,627.55,2298.08,574.52
UT101902,Kabir Agarwal,Dresses,Ribbed Dress,2,1581.57,0.0,2025-07-31,Jaipur,Young Professional,1081.49,3163.14,0.0
UT102105,Kabir Kumar,Dresses,Floral Midi Dress,1,2583.88,30.0,2025-07-31,Surat,Premium Shopper,538.21,1808.72,775.16
UT102601,Pooja Patel,Accessories,Cap,1,800.91,20.0,2025-07-31,Chennai,Young Professional,208.22,640.73,160.18
UT100401,Simran Mishra,T-Shirts,Minimal Logo Tee,1,1470.58,0.0,2025-08-01,Surat,Casual Shopper,432.4,1470.58,0.0
UT101984,Sneha Verma,Denim,Denim Skirt,5,2296.16,40.0,2025-08-01,Kolkata,Casual Shopper,1423.62,6888.48,4592.32
UT102431,Meera Gupta,T-Shirts,Premium Cotton Tee,1,1080.31,15.0,2025-08-01,Ahmedabad,Student,239.09,918.26,162.05
UT102978,Ananya Mehta,T-Shirts,Essential Tee,1,1126.54,25.0,2025-08-01,Noida,Student,185.98,844.9,281.64
UT100589,Sakshi Sharma,T-Shirts,Minimal Logo Tee,5,667.3,20.0,2025-08-02,Chennai,Premium Shopper,909.78,2669.2,667.3
UT100628,Arjun Malhotra,T-Shirts,Premium Cotton Tee,3,1383.47,5.0,2025-08-02,Chandigarh,Student,1104.81,3942.89,207.52
UT101529,Ishaan Kumar,T-Shirts,Relaxed Fit Tee,4,732.06,10.0,2025-08-02,Kolkata,Working Professional,869.31,2635.42,292.82
UT100729,Arjun Saxena,T-Shirts,Relaxed Fit Tee,1,967.27,10.0,2025-08-03,Delhi,Casual Shopper,246.11,870.54,96.73
UT101282,Kritika Bansal,Accessories,Cap,3,911.09,15.0,2025-08-03,Pune,Working Professional,729.88,2323.28,409.99
UT101694,Nisha Malhotra,Denim,Wide Leg Denim,2,1716.91,15.0,2025-08-03,Hyderabad,Working Professional,756.9,2918.75,515.07
UT102742,Sneha Das,Accessories,Cap,1,1737.26,20.0,2025-08-03,Hyderabad,Student,400.44,1389.81,347.45
UT101005,Nisha Bansal,T-Shirts,Essential Tee,1,1474.69,15.0,2025-08-04,Hyderabad,Working Professional,323.99,1253.49,221.2
UT101057,Ananya Mishra,Accessories,Canvas Tote,1,1559.71,25.0,2025-08-04,Lucknow,Premium Shopper,360.89,1169.78,389.93
UT101431,Rahul Sharma,Shirts,Relaxed Casual Shirt,2,1195.76,35.0,2025-08-04,Ahmedabad,Student,347.66,1554.49,837.03
UT101885,Riya Sharma,Dresses,Floral Midi Dress,3,2073.11,10.0,2025-08-04,Chandigarh,Student,1623.73,5597.4,621.93
UT101974,Priya Singh,Shirts,Linen Shirt,2,1192.96,10.0,2025-08-04,Noida,Working Professional,640.1,2147.33,238.59
UT102018,Yash Mishra,T-Shirts,Premium Cotton Tee,1,783.81,20.0,2025-08-04,Mumbai,Young Professional,193.41,627.05,156.76
UT102131,Nisha Verma,Dresses,Ribbed Dress,1,1932.92,30.0,2025-08-04,Delhi,Premium Shopper,325.08,1353.04,579.88
UT102192,Shreya Agarwal,Dresses,Ribbed Dress,3,1311.16,0.0,2025-08-04,Chennai,Working Professional,1273.68,3933.48,0.0
UT100087,Ishaan Chopra,T-Shirts,Premium Cotton Tee,1,1386.16,10.0,2025-08-05,Surat,Premium Shopper,347.09,1247.54,138.62
UT100466,Rohan Bansal,Dresses,Floral Midi Dress,2,2883.63,25.0,2025-08-05,Lucknow,Premium Shopper,1396.73,4325.44,1441.82
UT100670,Rahul Nair,Dresses,Ribbed Dress,1,1402.18,30.0,2025-08-05,Surat,Working Professional,257.11,981.53,420.65
UT100683,Meera Chopra,T-Shirts,Minimal Logo Tee,1,1221.78,0.0,2025-08-05,Mumbai,Casual Shopper,358.18,1221.78,0.0
UT100812,Kavya Singh,T-Shirts,Relaxed Fit Tee,2,711.15,0.0,2025-08-05,Bengaluru,Young Professional,426.27,1422.3,0.0
UT100843,Priya Saxena,Accessories,Canvas Tote,4,954.93,20.0,2025-08-05,Delhi,Premium Shopper,1068.37,3055.78,763.94
UT100879,Kabir Bansal,T-Shirts,Premium Cotton Tee,4,1308.86,40.0,2025-08-05,Chandigarh,Young Professional,801.15,3141.26,2094.18
UT101783,Sneha Patel,Dresses,Ribbed Dress,1,2318.64,10.0,2025-08-05,Gurugram,Casual Shopper,618.46,2086.78,231.86
UT101908,Ananya Jain,T-Shirts,Relaxed Fit Tee,5,1457.35,5.0,2025-08-05,Gurugram,Student,2011.69,6922.41,364.34
UT102645,Rahul Joshi,Denim,Denim Skirt,1,3050.47,0.0,2025-08-05,Noida,Casual Shopper,784.5,3050.47,0.0
UT100561,Diya Reddy,Denim,Mom Fit Jeans,1,2529.68,10.0,2025-08-06,Lucknow,Young Professional,573.34,2276.71,252.97
UT101622,Ishaan Kapoor,Dresses,Oversized Shirt Dress,4,2153.37,10.0,2025-08-06,Lucknow,Casual Shopper,2306.85,7752.13,861.35
UT102164,Sneha Gupta,T-Shirts,Essential Tee,1,1044.91,5.0,2025-08-06,Hyderabad,Working Professional,345.67,992.66,52.25
UT102330,Kabir Shah,T-Shirts,Premium Cotton Tee,5,1215.04,5.0,2025-08-06,Ahmedabad,Young Professional,1817.14,5771.44,303.76
UT102683,Ishaan Reddy,Denim,Straight Fit Jeans,2,1764.9,20.0,2025-08-06,Surat,Young Professional,748.3,2823.84,705.96
UT100370,Isha Gupta,Shirts,Relaxed Casual Shirt,2,1223.19,30.0,2025-08-08,Gurugram,Casual Shopper,370.59,1712.47,733.91
UT100714,Sneha Saxena,T-Shirts,Minimal Logo Tee,1,753.09,10.0,2025-08-08,Hyderabad,Casual Shopper,177.13,677.78,75.31
UT101250,Kavya Das,Shirts,Oxford Shirt,5,1689.94,40.0,2025-08-08,Delhi,Premium Shopper,1369.04,5069.82,3379.88
UT101873,Kritika Kapoor,Dresses,Oversized Shirt Dress,1,2859.95,20.0,2025-08-08,Hyderabad,Student,633.56,2287.96,571.99
UT102198,Rahul Nair,T-Shirts,Relaxed Fit Tee,2,1090.95,15.0,2025-08-08,Jaipur,Young Professional,565.89,1854.62,327.29
UT102879,Rahul Gupta,Shirts,Linen Shirt,4,1835.27,20.0,2025-08-08,Gurugram,Working Professional,1676.36,5872.86,1468.22
UT100160,Kritika Das,T-Shirts,Relaxed Fit Tee,3,912.96,15.0,2025-08-09,Jaipur,Young Professional,778.52,2328.05,410.83
UT100575,Aditi Agarwal,Shirts,Linen Shirt,1,1692.82,5.0,2025-08-09,Jaipur,Young Professional,502.78,1608.18,84.64
UT100766,Aditi Shah,T-Shirts,Essential Tee,2,1278.76,20.0,2025-08-09,Bengaluru,Premium Shopper,634.1,2046.02,511.5
UT102476,Anika Joshi,Denim,Wide Leg Denim,1,3005.38,10.0,2025-08-09,Gurugram,Premium Shopper,735.22,2704.84,300.54
UT101414,Vivaan Joshi,Denim,Mom Fit Jeans,1,3055.2,0.0,2025-08-10,Gurugram,Student,775.43,3055.2,0.0
UT101479,Rohan Verma,T-Shirts,Essential Tee,5,1452.36,5.0,2025-08-10,Lucknow,Premium Shopper,2284.69,6898.71,363.09
UT101859,Aditya Gupta,Dresses,Oversized Shirt Dress,5,1708.5,15.0,2025-08-10,Jaipur,Working Professional,2211.19,7261.12,1281.38
UT100155,Diya Mehta,T-Shirts,Relaxed Fit Tee,2,944.42,10.0,2025-08-11,Hyderabad,Premium Shopper,508.48,1699.96,188.88
UT100371,Karan Patel,Shirts,Oxford Shirt,1,1775.51,20.0,2025-08-11,Noida,Casual Shopper,348.37,1420.41,355.1
UT100455,Riya Verma,Shirts,Relaxed Casual Shirt,1,1745.87,0.0,2025-08-11,Chandigarh,Student,491.42,1745.87,0.0
UT101364,Simran Nair,Denim,Mom Fit Jeans,1,1658.34,30.0,2025-08-12,Delhi,Student,199.98,1160.84,497.5
UT101370,Kritika Chopra,Dresses,Casual Mini Dress,4,1581.34,15.0,2025-08-12,Hyderabad,Premium Shopper,1740.32,5376.56,948.8
UT101833,Vivaan Chopra,Shirts,Textured Shirt,2,1100.06,15.0,2025-08-12,Chennai,Casual Shopper,446.64,1870.1,330.02
UT102911,Aanya Kumar,Accessories,Cap,1,815.22,25.0,2025-08-12,Lucknow,Student,156.81,611.42,203.81
UT100299,Aarav Malhotra,Shirts,Textured Shirt,1,1255.75,20.0,2025-08-13,Gurugram,Working Professional,349.57,1004.6,251.15
UT100430,Pooja Chopra,Denim,Wide Leg Denim,1,1827.37,40.0,2025-08-13,Kolkata,Premium Shopper,204.22,1096.42,730.95
UT101131,Isha Chopra,Accessories,Canvas Tote,1,892.83,5.0,2025-08-13,Chandigarh,Student,312.96,848.19,44.64
UT101852,Neha Joshi,Dresses,Floral Midi Dress,1,2369.79,25.0,2025-08-13,Noida,Working Professional,550.73,1777.34,592.45
UT102591,Yash Reddy,T-Shirts,Premium Cotton Tee,1,1158.65,10.0,2025-08-13,Surat,Young Professional,315.42,1042.79,115.86
UT102849,Karan Shah,T-Shirts,Essential Tee,2,1584.05,20.0,2025-08-13,Surat,Working Professional,674.75,2534.48,633.62
UT102054,Arjun Agarwal,Denim,Wide Leg Denim,2,1530.55,35.0,2025-08-14,Kolkata,Premium Shopper,508.93,1989.72,1071.38
UT102455,Rahul Agarwal,T-Shirts,Premium Cotton Tee,1,1450.48,20.0,2025-08-14,Chandigarh,Premium Shopper,362.68,1160.38,290.1
UT102872,Sakshi Das,Shirts,Oxford Shirt,3,1007.43,15.0,2025-08-14,Bengaluru,Premium Shopper,719.59,2568.95,453.34
UT102910,Pooja Verma,T-Shirts,Premium Cotton Tee,2,632.9,30.0,2025-08-14,Ahmedabad,Working Professional,266.67,886.06,379.74
UT101363,Meera Kumar,Shirts,Relaxed Casual Shirt,1,1975.07,25.0,2025-08-15,Kolkata,Young Professional,330.02,1481.3,493.77
UT102877,Kavya Jain,T-Shirts,Essential Tee,3,717.57,20.0,2025-08-15,Chandigarh,Working Professional,507.41,1722.17,430.54
UT100154,Manya Kumar,Shirts,Linen Shirt,4,1830.27,10.0,2025-08-16,Noida,Casual Shopper,1881.3,6588.97,732.11
UT101215,Kritika Das,Shirts,Relaxed Casual Shirt,3,1120.38,10.0,2025-08-16,Noida,Student,763.49,3025.03,336.11
UT101350,Shreya Das,Denim,Wide Leg Denim,3,3155.89,10.0,2025-08-16,Lucknow,Premium Shopper,2439.09,8520.9,946.77
UT101443,Riya Agarwal,Denim,Mom Fit Jeans,2,2694.88,20.0,2025-08-16,Hyderabad,Young Professional,1026.91,4311.81,1077.95
UT101501,Shreya Shah,T-Shirts,Relaxed Fit Tee,3,1524.6,0.0,2025-08-16,Mumbai,Working Professional,1451.99,4573.8,0.0
UT102761,Tanya Sharma,Accessories,Cap,1,1471.93,25.0,2025-08-16,Chennai,Premium Shopper,333.53,1103.95,367.98
UT101006,Karan Malhotra,Accessories,Minimal Sling Bag,1,1326.15,15.0,2025-08-17,Kolkata,Premium Shopper,439.69,1127.23,198.92
UT101997,Kavya Kapoor,Dresses,Oversized Shirt Dress,4,2280.66,20.0,2025-08-17,Surat,Working Professional,2292.03,7298.11,1824.53
UT102577,Diya Agarwal,Dresses,Ribbed Dress,1,2277.96,0.0,2025-08-17,Mumbai,Young Professional,714.36,2277.96,0.0
UT100305,Sneha Mehta,T-Shirts,Essential Tee,1,1552.83,10.0,2025-08-18,Chennai,Student,342.23,1397.55,155.28
UT100332,Pooja Chopra,T-Shirts,Premium Cotton Tee,1,1411.65,10.0,2025-08-18,Pune,Young Professional,312.42,1270.49,141.16
UT100756,Anika Verma,Dresses,Casual Mini Dress,1,2890.21,10.0,2025-08-18,Lucknow,Student,760.48,2601.19,289.02
UT101610,Yash Agarwal,Accessories,Cap,2,1505.46,10.0,2025-08-18,Hyderabad,Premium Shopper,1021.48,2709.83,301.09
UT102114,Rahul Kumar,T-Shirts,Relaxed Fit Tee,2,615.12,25.0,2025-08-18,Bengaluru,Student,277.75,922.68,307.56
UT102618,Ishaan Agarwal,Dresses,Floral Midi Dress,1,2950.03,30.0,2025-08-18,Delhi,Student,474.52,2065.02,885.01
UT100165,Meera Das,Accessories,Canvas Tote,2,715.64,10.0,2025-08-19,Bengaluru,Working Professional,470.82,1288.15,143.13
UT100946,Kabir Saxena,Denim,Straight Fit Jeans,1,3063.57,25.0,2025-08-19,Delhi,Casual Shopper,572.56,2297.68,765.89
UT102275,Aanya Nair,Denim,Mom Fit Jeans,4,1868.21,10.0,2025-08-19,Bengaluru,Working Professional,1906.96,6725.56,747.28
UT102340,Sneha Das,Dresses,Ribbed Dress,1,1504.04,10.0,2025-08-19,Surat,Casual Shopper,434.74,1353.64,150.4
UT102713,Pooja Das,T-Shirts,Minimal Logo Tee,2,1530.53,10.0,2025-08-19,Noida,Working Professional,926.19,2754.95,306.11
UT100234,Neha Kapoor,Dresses,Casual Mini Dress,3,2067.73,40.0,2025-08-20,Jaipur,Young Professional,946.63,3721.91,2481.28
UT100406,Simran Joshi,Shirts,Textured Shirt,1,1975.63,5.0,2025-08-20,Bengaluru,Young Professional,582.5,1876.85,98.78
UT100933,Sakshi Jain,Denim,Denim Skirt,3,2566.6,15.0,2025-08-20,Mumbai,Working Professional,1751.06,6544.83,1154.97
UT101166,Kritika Verma,T-Shirts,Relaxed Fit Tee,2,1520.02,10.0,2025-08-20,Kolkata,Working Professional,835.42,2736.04,304.0
UT101216,Aarav Kumar,T-Shirts,Minimal Logo Tee,1,1056.31,15.0,2025-08-20,Bengaluru,Student,294.0,897.86,158.45
UT101390,Kabir Mehta,Shirts,Oxford Shirt,1,1238.25,15.0,2025-08-20,Noida,Student,277.7,1052.51,185.74
UT101416,Pooja Joshi,Dresses,Floral Midi Dress,2,1317.66,0.0,2025-08-20,Ahmedabad,Young Professional,860.0,2635.32,0.0
UT101943,Rahul Reddy,Shirts,Oxford Shirt,2,1321.94,20.0,2025-08-20,Surat,Premium Shopper,655.81,2115.1,528.78
UT100691,Neha Shah,T-Shirts,Premium Cotton Tee,2,1382.03,5.0,2025-08-21,Chandigarh,Casual Shopper,855.66,2625.86,138.2
UT101341,Ishaan Chopra,Denim,Wide Leg Denim,4,1727.94,0.0,2025-08-21,Delhi,Student,1836.95,6911.76,0.0
UT101562,Aditya Kapoor,T-Shirts,Essential Tee,1,1191.27,5.0,2025-08-21,Pune,Student,346.78,1131.71,59.56
UT102680,Yash Joshi,T-Shirts,Essential Tee,1,795.94,0.0,2025-08-21,Pune,Working Professional,307.61,795.94,0.0
UT102738,Meera Shah,Shirts,Relaxed Casual Shirt,1,1891.07,0.0,2025-08-21,Chandigarh,Casual Shopper,589.71,1891.07,0.0
UT101105,Priya Reddy,Dresses,Oversized Shirt Dress,1,2636.2,15.0,2025-08-22,Jaipur,Student,644.14,2240.77,395.43
UT102277,Riya Singh,T-Shirts,Minimal Logo Tee,1,1355.2,25.0,2025-08-22,Kolkata,Premium Shopper,288.54,1016.4,338.8
UT102985,Pooja Malhotra,Dresses,Oversized Shirt Dress,5,2401.19,10.0,2025-08-22,Ahmedabad,Student,3073.22,10805.36,1200.59
UT100090,Isha Kumar,Shirts,Textured Shirt,3,1225.89,10.0,2025-08-23,Chennai,Working Professional,888.66,3309.9,367.77
UT100510,Kritika Mehta,Accessories,Leather Wallet,1,470.87,15.0,2025-08-23,Pune,Casual Shopper,41.94,400.24,70.63
UT100644,Anika Joshi,Denim,Denim Skirt,3,2783.36,5.0,2025-08-23,Chandigarh,Working Professional,2294.92,7932.58,417.5
UT100769,Kavya Kumar,Dresses,Ribbed Dress,4,1888.98,15.0,2025-08-23,Chennai,Student,1839.8,6422.53,1133.39
UT101336,Kabir Sharma,Shirts,Textured Shirt,1,2254.83,0.0,2025-08-23,Mumbai,Working Professional,751.14,2254.83,0.0
UT101648,Manya Mishra,T-Shirts,Essential Tee,1,942.5,5.0,2025-08-23,Bengaluru,Young Professional,305.58,895.38,47.12
UT102193,Simran Agarwal,T-Shirts,Relaxed Fit Tee,2,823.12,5.0,2025-08-23,Pune,Working Professional,492.72,1563.93,82.31
UT102746,Manya Patel,Denim,Straight Fit Jeans,2,2457.8,10.0,2025-08-23,Noida,Working Professional,1146.17,4424.04,491.56
UT102880,Sakshi Shah,T-Shirts,Premium Cotton Tee,1,958.2,5.0,2025-08-23,Gurugram,Working Professional,240.88,910.29,47.91
UT100228,Meera Das,Dresses,Floral Midi Dress,2,1964.99,15.0,2025-08-24,Chennai,Casual Shopper,1005.43,3340.48,589.5
UT101280,Priya Agarwal,T-Shirts,Essential Tee,1,1576.58,10.0,2025-08-24,Delhi,Premium Shopper,479.22,1418.92,157.66
UT102148,Aditya Malhotra,Shirts,Relaxed Casual Shirt,1,1803.61,20.0,2025-08-24,Mumbai,Casual Shopper,449.3,1442.89,360.72
UT102380,Aanya Jain,Shirts,Textured Shirt,1,1035.68,10.0,2025-08-24,Chennai,Working Professional,274.4,932.11,103.57
UT102814,Yash Gupta,Shirts,Textured Shirt,5,1894.87,5.0,2025-08-24,Pune,Premium Shopper,2879.25,9000.63,473.72
UT101025,Yash Joshi,Accessories,Minimal Sling Bag,2,1154.66,5.0,2025-08-25,Bengaluru,Working Professional,825.52,2193.85,115.47
UT101464,Anika Bansal,T-Shirts,Essential Tee,2,618.97,5.0,2025-08-25,Chennai,Premium Shopper,410.45,1176.04,61.9
UT102453,Anika Jain,T-Shirts,Essential Tee,1,1413.62,20.0,2025-08-25,Chandigarh,Student,258.32,1130.9,282.72
UT102497,Anika Malhotra,Shirts,Linen Shirt,1,1940.23,30.0,2025-08-25,Delhi,Student,336.23,1358.16,582.07
UT100938,Sneha Shah,T-Shirts,Premium Cotton Tee,3,910.73,0.0,2025-08-26,Ahmedabad,Young Professional,897.01,2732.19,0.0
UT101440,Sakshi Bansal,Shirts,Linen Shirt,2,1123.06,20.0,2025-08-26,Delhi,Young Professional,469.09,1796.9,449.22
UT102012,Ishaan Mishra,Dresses,Casual Mini Dress,2,1971.14,15.0,2025-08-26,Bengaluru,Student,881.68,3350.94,591.34
UT100622,Meera Patel,Shirts,Relaxed Casual Shirt,1,1931.23,15.0,2025-08-27,Pune,Young Professional,461.18,1641.55,289.68
UT101673,Arjun Kumar,Shirts,Oxford Shirt,2,1318.36,5.0,2025-08-27,Kolkata,Premium Shopper,824.23,2504.88,131.84
UT102526,Manya Singh,T-Shirts,Essential Tee,1,961.27,10.0,2025-08-27,Ahmedabad,Premium Shopper,339.58,865.14,96.13
UT102993,Isha Das,Shirts,Relaxed Casual Shirt,5,2160.84,15.0,2025-08-27,Ahmedabad,Premium Shopper,2768.84,9183.57,1620.63
UT100501,Anika Joshi,Accessories,Leather Wallet,1,995.86,20.0,2025-08-28,Pune,Young Professional,285.01,796.69,199.17
UT100638,Aditi Jain,T-Shirts,Premium Cotton Tee,1,1067.94,20.0,2025-08-28,Lucknow,Working Professional,266.68,854.35,213.59
UT100909,Aarav Singh,T-Shirts,Essential Tee,2,771.98,10.0,2025-08-28,Jaipur,Young Professional,376.86,1389.56,154.4
UT101013,Ananya Verma,Shirts,Oxford Shirt,2,2057.5,20.0,2025-08-28,Chandigarh,Working Professional,967.22,3292.0,823.0
UT102564,Tanya Mehta,T-Shirts,Minimal Logo Tee,2,951.05,15.0,2025-08-28,Delhi,Casual Shopper,467.82,1616.78,285.32
UT100028,Isha Mehta,T-Shirts,Premium Cotton Tee,2,604.1,35.0,2025-08-29,Surat,Student,130.91,785.33,422.87
UT100862,Pooja Bansal,T-Shirts,Minimal Logo Tee,1,1169.79,10.0,2025-08-29,Pune,Premium Shopper,335.0,1052.81,116.98
UT102251,Kavya Singh,Denim,Mom Fit Jeans,1,2722.98,15.0,2025-08-29,Jaipur,Young Professional,602.28,2314.53,408.45
UT102682,Priya Bansal,Dresses,Casual Mini Dress,3,2239.88,15.0,2025-08-29,Noida,Student,1615.29,5711.69,1007.95
UT100458,Tanya Kapoor,Shirts,Linen Shirt,1,1692.58,10.0,2025-08-30,Chennai,Young Professional,498.28,1523.32,169.26
UT100856,Anika Jain,T-Shirts,Minimal Logo Tee,1,999.46,30.0,2025-08-30,Gurugram,Student,154.26,699.62,299.84
UT101345,Vivaan Jain,T-Shirts,Essential Tee,2,1391.18,20.0,2025-08-30,Hyderabad,Working Professional,630.49,2225.89,556.47
UT101607,Aditya Das,T-Shirts,Premium Cotton Tee,1,1106.76,30.0,2025-08-30,Jaipur,Student,162.5,774.73,332.03
UT101698,Shreya Kumar,T-Shirts,Minimal Logo Tee,2,825.79,20.0,2025-08-30,Gurugram,Working Professional,504.46,1321.26,330.32
UT101739,Meera Bansal,Shirts,Textured Shirt,1,1791.26,25.0,2025-08-30,Chandigarh,Student,338.65,1343.44,447.82
UT102470,Aanya Nair,Accessories,Minimal Sling Bag,5,402.46,30.0,2025-08-30,Lucknow,Casual Shopper,421.31,1408.61,603.69
UT100019,Arjun Mishra,T-Shirts,Relaxed Fit Tee,2,1295.33,5.0,2025-08-31,Chennai,Working Professional,817.03,2461.13,129.53
UT100446,Sneha Bansal,Accessories,Canvas Tote,2,1472.73,15.0,2025-08-31,Lucknow,Student,827.96,2503.64,441.82
UT101024,Aditi Mehta,T-Shirts,Relaxed Fit Tee,2,1374.5,20.0,2025-08-31,Chandigarh,Student,538.82,2199.2,549.8
UT101768,Diya Agarwal,T-Shirts,Minimal Logo Tee,3,1382.83,15.0,2025-08-31,Jaipur,Young Professional,988.4,3526.22,622.27
UT101831,Aditi Shah,Shirts,Textured Shirt,3,1184.29,5.0,2025-08-31,Mumbai,Working Professional,1062.85,3375.23,177.64
UT102314,Meera Mishra,Shirts,Oxford Shirt,1,1502.7,10.0,2025-08-31,Mumbai,Casual Shopper,418.39,1352.43,150.27
UT102699,Tanya Agarwal,T-Shirts,Essential Tee,3,1497.48,25.0,2025-08-31,Surat,Student,872.5,3369.33,1123.11
UT102846,Karan Kapoor,T-Shirts,Minimal Logo Tee,1,1144.0,15.0,2025-08-31,Gurugram,Casual Shopper,183.71,972.4,171.6
UT101286,Sakshi Shah,T-Shirts,Essential Tee,1,698.03,15.0,2025-09-01,Jaipur,Student,126.17,593.33,104.7
UT101809,Isha Agarwal,Accessories,Cap,1,403.8,30.0,2025-09-01,Mumbai,Young Professional,89.07,282.66,121.14
UT101822,Riya Sharma,T-Shirts,Minimal Logo Tee,1,1419.25,0.0,2025-09-01,Delhi,Casual Shopper,499.99,1419.25,0.0
UT102200,Arjun Patel,T-Shirts,Minimal Logo Tee,1,1121.36,20.0,2025-09-01,Chennai,Young Professional,238.05,897.09,224.27
UT102598,Sneha Joshi,Denim,Wide Leg Denim,4,2843.91,15.0,2025-09-01,Surat,Casual Shopper,2340.52,9669.29,1706.35
UT102975,Sneha Chopra,Shirts,Relaxed Casual Shirt,2,1176.9,15.0,2025-09-01,Noida,Student,532.55,2000.73,353.07
UT100104,Aanya Patel,T-Shirts,Premium Cotton Tee,2,941.76,15.0,2025-09-02,Delhi,Premium Shopper,485.45,1600.99,282.53
UT100216,Vivaan Kumar,Dresses,Floral Midi Dress,2,2272.21,15.0,2025-09-02,Delhi,Working Professional,1202.95,3862.76,681.66
UT102595,Vivaan Agarwal,T-Shirts,Relaxed Fit Tee,1,1466.06,10.0,2025-09-02,Chandigarh,Premium Shopper,491.96,1319.45,146.61
UT102847,Riya Patel,Dresses,Floral Midi Dress,2,1923.42,20.0,2025-09-02,Pune,Young Professional,912.74,3077.47,769.37
UT100258,Aditya Malhotra,Denim,Denim Skirt,1,1595.68,10.0,2025-09-03,Mumbai,Student,401.56,1436.11,159.57
UT101050,Nisha Das,Accessories,Canvas Tote,2,1544.12,40.0,2025-09-03,Pune,Working Professional,556.4,1852.94,1235.3
UT101624,Ananya Jain,Accessories,Canvas Tote,1,619.51,15.0,2025-09-03,Pune,Student,171.67,526.58,92.93
UT101774,Diya Joshi,Shirts,Linen Shirt,1,2428.42,5.0,2025-09-03,Surat,Young Professional,715.62,2307.0,121.42
UT101825,Karan Agarwal,T-Shirts,Minimal Logo Tee,5,1569.43,30.0,2025-09-03,Mumbai,Working Professional,1518.25,5493.0,2354.15
UT102291,Simran Kapoor,Denim,Wide Leg Denim,1,2473.76,5.0,2025-09-03,Chennai,Working Professional,713.29,2350.07,123.69
UT100012,Ananya Joshi,Dresses,Ribbed Dress,1,2956.43,0.0,2025-09-04,Noida,Premium Shopper,1157.48,2956.43,0.0
UT100060,Ishaan Agarwal,T-Shirts,Premium Cotton Tee,1,1073.8,25.0,2025-09-04,Mumbai,Student,247.09,805.35,268.45
UT100496,Vivaan Das,Shirts,Textured Shirt,1,2436.32,35.0,2025-09-04,Hyderabad,Casual Shopper,336.91,1583.61,852.71
UT100867,Sneha Kapoor,Shirts,Oxford Shirt,1,1753.26,15.0,2025-09-04,Chandigarh,Young Professional,417.44,1490.27,262.99
UT101308,Riya Saxena,T-Shirts,Relaxed Fit Tee,2,1055.77,5.0,2025-09-04,Pune,Working Professional,631.11,2005.96,105.58
UT102197,Neha Chopra,Shirts,Textured Shirt,4,1661.03,15.0,2025-09-04,Pune,Premium Shopper,1768.63,5647.5,996.62
UT102467,Yash Joshi,Shirts,Textured Shirt,1,1014.53,10.0,2025-09-04,Ahmedabad,Premium Shopper,305.3,913.08,101.45
UT102472,Manya Chopra,Denim,Denim Skirt,2,1851.17,30.0,2025-09-04,Pune,Casual Shopper,627.13,2591.64,1110.7
UT102750,Meera Joshi,Shirts,Linen Shirt,1,1353.32,10.0,2025-09-04,Chandigarh,Working Professional,336.86,1217.99,135.33
UT100722,Rohan Kapoor,Denim,Mom Fit Jeans,1,1620.97,15.0,2025-09-05,Ahmedabad,Premium Shopper,394.85,1377.82,243.15
UT102705,Sneha Nair,T-Shirts,Minimal Logo Tee,3,930.01,0.0,2025-09-05,Gurugram,Working Professional,846.38,2790.03,0.0
UT102866,Riya Jain,T-Shirts,Relaxed Fit Tee,1,783.43,0.0,2025-09-05,Noida,Young Professional,255.72,783.43,0.0
UT100099,Karan Kapoor,T-Shirts,Essential Tee,2,1280.77,20.0,2025-09-06,Jaipur,Working Professional,648.28,2049.23,512.31
UT101268,Vivaan Nair,Denim,Denim Skirt,2,1746.24,10.0,2025-09-07,Lucknow,Young Professional,762.25,3143.23,349.25
UT101383,Sakshi Verma,T-Shirts,Essential Tee,2,1448.08,15.0,2025-09-07,Pune,Casual Shopper,736.81,2461.74,434.42
UT101400,Rohan Shah,Dresses,Oversized Shirt Dress,2,1646.77,35.0,2025-09-07,Noida,Premium Shopper,679.83,2140.8,1152.74
UT102074,Sneha Saxena,Denim,Wide Leg Denim,1,3160.11,35.0,2025-09-07,Hyderabad,Student,416.18,2054.07,1106.04
UT102112,Neha Reddy,T-Shirts,Premium Cotton Tee,2,979.29,10.0,2025-09-07,Chennai,Working Professional,551.47,1762.72,195.86
UT102252,Ishaan Malhotra,Denim,Wide Leg Denim,2,2822.74,25.0,2025-09-07,Pune,Student,877.93,4234.11,1411.37
UT102802,Kabir Patel,Accessories,Canvas Tote,1,1671.39,35.0,2025-09-07,Delhi,Working Professional,317.91,1086.4,584.99
UT100295,Sneha Das,Denim,Mom Fit Jeans,2,2232.11,15.0,2025-09-08,Delhi,Working Professional,1116.68,3794.59,669.63
UT100387,Kabir Kumar,Shirts,Relaxed Casual Shirt,1,1825.34,25.0,2025-09-08,Bengaluru,Student,323.82,1369.0,456.34
UT102382,Meera Agarwal,T-Shirts,Relaxed Fit Tee,1,1029.86,35.0,2025-09-08,Chennai,Casual Shopper,147.53,669.41,360.45
UT100807,Sneha Nair,Shirts,Linen Shirt,4,1394.71,20.0,2025-09-09,Mumbai,Working Professional,1287.64,4463.07,1115.77
UT100912,Priya Agarwal,T-Shirts,Minimal Logo Tee,1,1438.27,10.0,2025-09-09,Jaipur,Student,425.33,1294.44,143.83
UT101071,Manya Joshi,T-Shirts,Minimal Logo Tee,1,1526.35,10.0,2025-09-09,Delhi,Premium Shopper,397.23,1373.72,152.64
UT100275,Simran Verma,Denim,Wide Leg Denim,4,2312.35,0.0,2025-09-11,Ahmedabad,Young Professional,2637.66,9249.4,0.0
UT101020,Nisha Das,Denim,Mom Fit Jeans,2,3044.19,10.0,2025-09-11,Gurugram,Working Professional,1561.33,5479.54,608.84
UT101463,Nisha Sharma,Shirts,Relaxed Casual Shirt,3,1391.92,15.0,2025-09-11,Chandigarh,Young Professional,1049.91,3549.4,626.36
UT101754,Isha Kumar,Denim,Wide Leg Denim,2,3271.27,20.0,2025-09-11,Chennai,Casual Shopper,1295.8,5234.03,1308.51
UT102006,Neha Gupta,Shirts,Oxford Shirt,1,1442.06,15.0,2025-09-11,Surat,Student,292.15,1225.75,216.31
UT102009,Diya Agarwal,Accessories,Canvas Tote,2,1309.42,20.0,2025-09-11,Hyderabad,Casual Shopper,638.6,2095.07,523.77
UT102238,Yash Saxena,Shirts,Oxford Shirt,2,2091.42,25.0,2025-09-11,Chennai,Young Professional,755.39,3137.13,1045.71
UT100566,Isha Agarwal,Shirts,Textured Shirt,1,2158.46,25.0,2025-09-12,Chandigarh,Working Professional,445.32,1618.84,539.62
UT100990,Simran Saxena,Shirts,Oxford Shirt,3,1391.02,25.0,2025-09-12,Ahmedabad,Student,814.08,3129.79,1043.26
UT100967,Priya Gupta,T-Shirts,Essential Tee,2,726.24,20.0,2025-09-13,Lucknow,Casual Shopper,236.48,1161.98,290.5
UT101328,Yash Jain,Shirts,Linen Shirt,2,2446.48,0.0,2025-09-13,Ahmedabad,Premium Shopper,1599.2,4892.96,0.0
UT101945,Kritika Malhotra,Denim,Mom Fit Jeans,1,2457.73,20.0,2025-09-13,Gurugram,Working Professional,544.27,1966.18,491.55
UT101961,Yash Agarwal,Shirts,Linen Shirt,1,1846.73,25.0,2025-09-13,Ahmedabad,Premium Shopper,378.5,1385.05,461.68
UT102050,Aditya Nair,Dresses,Ribbed Dress,1,2070.93,15.0,2025-09-13,Chennai,Casual Shopper,460.4,1760.29,310.64
UT102111,Tanya Bansal,Denim,Mom Fit Jeans,1,3146.57,25.0,2025-09-13,Jaipur,Student,537.72,2359.93,786.64
UT100059,Isha Kapoor,Denim,Mom Fit Jeans,5,2842.78,20.0,2025-09-14,Jaipur,Working Professional,2959.16,11371.12,2842.78
UT101275,Sakshi Bansal,Shirts,Relaxed Casual Shirt,1,2041.77,25.0,2025-09-14,Ahmedabad,Student,344.09,1531.33,510.44
UT101360,Arjun Mishra,Shirts,Oxford Shirt,1,2197.57,15.0,2025-09-14,Lucknow,Casual Shopper,494.16,1867.93,329.64
UT101561,Pooja Kapoor,Dresses,Casual Mini Dress,1,1344.16,10.0,2025-09-14,Surat,Casual Shopper,326.61,1209.74,134.42
UT102717,Ananya Malhotra,Shirts,Textured Shirt,1,1710.77,0.0,2025-09-14,Surat,Casual Shopper,457.34,1710.77,0.0
UT102983,Aditya Kapoor,T-Shirts,Relaxed Fit Tee,1,1372.1,20.0,2025-09-14,Noida,Young Professional,342.64,1097.68,274.42
UT100630,Ishaan Verma,Dresses,Ribbed Dress,3,1475.39,20.0,2025-09-15,Jaipur,Young Professional,977.84,3540.94,885.23
UT100929,Karan Malhotra,Dresses,Ribbed Dress,1,2023.64,15.0,2025-09-15,Gurugram,Student,536.89,1720.09,303.55
UT102628,Anika Chopra,T-Shirts,Essential Tee,1,950.84,5.0,2025-09-16,Noida,Student,239.06,903.3,47.54
UT100211,Priya Saxena,Dresses,Ribbed Dress,5,1843.08,5.0,2025-09-17,Surat,Student,2599.25,8754.63,460.77
UT100833,Riya Das,Dresses,Oversized Shirt Dress,3,1614.85,5.0,2025-09-17,Jaipur,Young Professional,1518.26,4602.32,242.23
UT101641,Tanya Nair,T-Shirts,Premium Cotton Tee,1,1356.33,15.0,2025-09-17,Bengaluru,Young Professional,252.88,1152.88,203.45
UT102191,Priya Reddy,Dresses,Casual Mini Dress,3,1649.54,20.0,2025-09-17,Delhi,Working Professional,1215.88,3958.9,989.72
UT102297,Ananya Gupta,Dresses,Oversized Shirt Dress,3,2018.33,25.0,2025-09-17,Hyderabad,Working Professional,1294.87,4541.24,1513.75
UT102457,Neha Chopra,Shirts,Textured Shirt,1,2485.17,5.0,2025-09-17,Chennai,Working Professional,703.95,2360.91,124.26
UT102781,Simran Chopra,Denim,Straight Fit Jeans,2,1775.51,10.0,2025-09-17,Chennai,Student,782.18,3195.92,355.1
UT100515,Kavya Kumar,T-Shirts,Premium Cotton Tee,5,657.08,5.0,2025-09-18,Pune,Premium Shopper,1023.99,3121.13,164.27
UT100531,Ishaan Gupta,T-Shirts,Relaxed Fit Tee,4,1408.34,10.0,2025-09-18,Ahmedabad,Working Professional,1597.63,5070.02,563.34
UT100604,Karan Bansal,Dresses,Casual Mini Dress,5,1403.91,10.0,2025-09-18,Delhi,Young Professional,1944.66,6317.6,701.96
UT100925,Karan Sharma,Shirts,Linen Shirt,1,1465.39,5.0,2025-09-18,Mumbai,Working Professional,374.46,1392.12,73.27
UT101550,Shreya Nair,Dresses,Oversized Shirt Dress,2,2752.33,20.0,2025-09-18,Kolkata,Young Professional,1223.91,4403.73,1100.93
UT100649,Riya Joshi,Denim,Straight Fit Jeans,1,2088.86,15.0,2025-09-19,Bengaluru,Student,389.16,1775.53,313.33
UT101769,Sneha Agarwal,T-Shirts,Minimal Logo Tee,1,1419.53,25.0,2025-09-19,Chennai,Casual Shopper,269.54,1064.65,354.88
UT102890,Aanya Kumar,Shirts,Textured Shirt,1,1077.94,10.0,2025-09-19,Chandigarh,Student,323.37,970.15,107.79
UT100098,Vivaan Das,T-Shirts,Essential Tee,2,1028.35,25.0,2025-09-20,Kolkata,Student,432.81,1542.52,514.17
UT100536,Kritika Chopra,T-Shirts,Premium Cotton Tee,3,1008.38,20.0,2025-09-20,Ahmedabad,Working Professional,676.24,2420.11,605.03
UT100749,Manya Saxena,Shirts,Relaxed Casual Shirt,1,1578.9,35.0,2025-09-20,Jaipur,Student,254.41,1026.29,552.62
UT101186,Isha Singh,Dresses,Casual Mini Dress,1,1759.77,15.0,2025-09-20,Gurugram,Young Professional,413.75,1495.8,263.97
UT101720,Sneha Kapoor,Denim,Mom Fit Jeans,3,3155.25,15.0,2025-09-20,Chandigarh,Working Professional,2241.85,8045.89,1419.86
UT101921,Aanya Bansal,T-Shirts,Minimal Logo Tee,1,1354.6,35.0,2025-09-20,Gurugram,Young Professional,203.06,880.49,474.11
UT102545,Kabir Nair,Accessories,Minimal Sling Bag,3,1133.38,25.0,2025-09-20,Kolkata,Premium Shopper,859.03,2550.11,850.03
UT102548,Vivaan Mehta,Accessories,Cap,1,1110.96,5.0,2025-09-20,Chennai,Student,317.15,1055.41,55.55
UT100209,Pooja Gupta,T-Shirts,Relaxed Fit Tee,2,1577.95,10.0,2025-09-21,Chandigarh,Working Professional,897.97,2840.31,315.59
UT102047,Aditya Shah,T-Shirts,Minimal Logo Tee,1,718.39,30.0,2025-09-21,Bengaluru,Working Professional,143.54,502.87,215.52
UT100504,Neha Chopra,Accessories,Cap,1,1104.8,20.0,2025-09-22,Gurugram,Casual Shopper,233.59,883.84,220.96
UT100782,Isha Joshi,Shirts,Oxford Shirt,2,1585.2,0.0,2025-09-22,Gurugram,Working Professional,952.53,3170.4,0.0
UT101062,Rohan Verma,Dresses,Casual Mini Dress,3,2766.24,0.0,2025-09-22,Ahmedabad,Student,2544.24,8298.72,0.0
UT102202,Yash Saxena,T-Shirts,Premium Cotton Tee,2,1025.48,0.0,2025-09-22,Delhi,Student,628.95,2050.96,0.0
UT100597,Neha Nair,Shirts,Relaxed Casual Shirt,1,1418.6,5.0,2025-09-23,Kolkata,Working Professional,437.14,1347.67,70.93
UT100621,Manya Shah,Shirts,Linen Shirt,2,1820.72,25.0,2025-09-23,Chennai,Working Professional,856.4,2731.08,910.36
UT101184,Pooja Kumar,T-Shirts,Essential Tee,1,1126.97,5.0,2025-09-23,Surat,Young Professional,325.69,1070.62,56.35
UT101748,Ishaan Malhotra,Shirts,Textured Shirt,4,2235.23,15.0,2025-09-23,Ahmedabad,Working Professional,2239.43,7599.78,1341.14
UT102676,Kritika Reddy,T-Shirts,Relaxed Fit Tee,2,840.77,15.0,2025-09-23,Delhi,Working Professional,491.38,1429.31,252.23
UT102837,Neha Shah,Shirts,Textured Shirt,1,1591.84,20.0,2025-09-23,Gurugram,Casual Shopper,403.43,1273.47,318.37
UT100054,Manya Malhotra,Accessories,Canvas Tote,2,1066.31,0.0,2025-09-24,Bengaluru,Young Professional,717.65,2132.62,0.0
UT100429,Kavya Kumar,Dresses,Casual Mini Dress,2,1775.85,10.0,2025-09-24,Mumbai,Student,883.57,3196.53,355.17
UT100889,Sneha Joshi,Denim,Mom Fit Jeans,1,1796.63,10.0,2025-09-24,Kolkata,Casual Shopper,410.03,1616.97,179.66
UT101200,Priya Nair,Dresses,Oversized Shirt Dress,1,1828.07,5.0,2025-09-24,Pune,Working Professional,557.58,1736.67,91.4
UT101497,Arjun Mehta,T-Shirts,Essential Tee,1,775.33,40.0,2025-09-24,Noida,Student,87.53,465.2,310.13
UT102381,Meera Nair,Shirts,Textured Shirt,1,1729.97,30.0,2025-09-24,Hyderabad,Working Professional,222.21,1210.98,518.99
UT102585,Karan Jain,Denim,Straight Fit Jeans,3,1513.87,20.0,2025-09-24,Hyderabad,Working Professional,986.83,3633.29,908.32
UT102689,Aditi Jain,Denim,Wide Leg Denim,2,1884.9,10.0,2025-09-24,Pune,Student,808.62,3392.82,376.98
UT102709,Pooja Reddy,Dresses,Oversized Shirt Dress,1,2106.81,25.0,2025-09-24,Surat,Young Professional,450.53,1580.11,526.7
UT100631,Priya Joshi,Denim,Mom Fit Jeans,2,2389.41,5.0,2025-09-25,Mumbai,Working Professional,1307.74,4539.88,238.94
UT101480,Meera Mehta,Accessories,Minimal Sling Bag,2,431.62,15.0,2025-09-25,Jaipur,Casual Shopper,191.56,733.75,129.49
UT101791,Aanya Bansal,Denim,Denim Skirt,1,1536.08,35.0,2025-09-25,Ahmedabad,Casual Shopper,237.21,998.45,537.63
UT100723,Pooja Malhotra,Accessories,Leather Wallet,1,1062.68,40.0,2025-09-26,Chandigarh,Casual Shopper,138.02,637.61,425.07
UT101248,Ananya Bansal,Shirts,Oxford Shirt,1,1436.83,15.0,2025-09-26,Mumbai,Student,344.53,1221.31,215.52
UT101294,Rahul Singh,Shirts,Oxford Shirt,2,1866.87,5.0,2025-09-26,Gurugram,Casual Shopper,1033.77,3547.05,186.69
UT101304,Simran Nair,Shirts,Textured Shirt,5,1658.31,10.0,2025-09-26,Mumbai,Young Professional,2245.71,7462.4,829.15
UT101808,Kritika Kumar,T-Shirts,Essential Tee,1,677.08,5.0,2025-09-26,Delhi,Working Professional,210.66,643.23,33.85
UT102957,Rohan Agarwal,Denim,Wide Leg Denim,2,1938.87,5.0,2025-09-26,Gurugram,Casual Shopper,958.39,3683.85,193.89
UT100847,Ishaan Gupta,T-Shirts,Premium Cotton Tee,2,1518.0,10.0,2025-09-27,Jaipur,Young Professional,791.08,2732.4,303.6
UT100915,Yash Mishra,T-Shirts,Premium Cotton Tee,1,858.48,15.0,2025-09-27,Bengaluru,Working Professional,282.95,729.71,128.77
UT101959,Aarav Agarwal,T-Shirts,Minimal Logo Tee,2,1555.77,10.0,2025-09-27,Pune,Casual Shopper,824.49,2800.39,311.15
UT100312,Sneha Kapoor,Dresses,Oversized Shirt Dress,1,2356.18,15.0,2025-09-28,Lucknow,Young Professional,563.01,2002.75,353.43
UT101424,Rohan Kumar,T-Shirts,Minimal Logo Tee,1,757.81,15.0,2025-09-28,Delhi,Student,102.0,644.14,113.67
UT102311,Anika Nair,Denim,Denim Skirt,1,2496.45,10.0,2025-09-28,Gurugram,Premium Shopper,728.19,2246.8,249.64
UT100344,Ishaan Das,Dresses,Casual Mini Dress,5,1958.01,10.0,2025-09-29,Hyderabad,Working Professional,2875.83,8811.04,979.0
UT101576,Priya Nair,Denim,Straight Fit Jeans,3,2036.25,15.0,2025-09-29,Pune,Working Professional,1426.03,5192.44,916.31
UT102335,Kritika Kapoor,T-Shirts,Relaxed Fit Tee,1,1459.18,15.0,2025-09-29,Mumbai,Casual Shopper,388.3,1240.3,218.88
UT100076,Tanya Gupta,Shirts,Relaxed Casual Shirt,2,1754.59,0.0,2025-09-30,Gurugram,Casual Shopper,1000.24,3509.18,0.0
UT100313,Diya Nair,Denim,Wide Leg Denim,1,2381.96,35.0,2025-10-01,Mumbai,Casual Shopper,381.44,1548.27,833.69
UT100471,Kabir Mehta,Denim,Wide Leg Denim,2,2150.93,25.0,2025-10-01,Surat,Young Professional,809.47,3226.39,1075.47
UT100748,Meera Kapoor,Shirts,Linen Shirt,4,2138.62,25.0,2025-10-01,Lucknow,Young Professional,1617.52,6415.86,2138.62
UT101446,Priya Verma,Accessories,Cap,4,1483.33,15.0,2025-10-01,Chandigarh,Premium Shopper,1842.16,5043.32,890.0
UT101612,Ishaan Mishra,Shirts,Linen Shirt,1,1593.28,20.0,2025-10-01,Bengaluru,Young Professional,280.07,1274.62,318.66
UT100037,Aanya Chopra,Shirts,Linen Shirt,2,1307.52,5.0,2025-10-02,Ahmedabad,Working Professional,684.46,2484.29,130.75
UT100192,Ananya Verma,T-Shirts,Premium Cotton Tee,1,1489.34,20.0,2025-10-02,Pune,Student,272.62,1191.47,297.87
UT101069,Tanya Reddy,Denim,Straight Fit Jeans,2,1855.8,15.0,2025-10-02,Gurugram,Working Professional,813.01,3154.86,556.74
UT101301,Ananya Saxena,Shirts,Textured Shirt,2,1684.26,5.0,2025-10-02,Noida,Working Professional,989.16,3200.09,168.43
UT101359,Rohan Mishra,T-Shirts,Premium Cotton Tee,1,660.7,20.0,2025-10-02,Delhi,Working Professional,123.79,528.56,132.14
UT102623,Pooja Saxena,Dresses,Floral Midi Dress,1,1444.69,15.0,2025-10-02,Pune,Young Professional,415.11,1227.99,216.7
UT100774,Nisha Malhotra,T-Shirts,Relaxed Fit Tee,1,1210.94,20.0,2025-10-03,Hyderabad,Working Professional,317.7,968.75,242.19
UT100974,Aanya Gupta,Accessories,Cap,1,1274.81,15.0,2025-10-03,Gurugram,Premium Shopper,421.99,1083.59,191.22
UT101824,Pooja Reddy,Dresses,Ribbed Dress,1,1866.42,15.0,2025-10-03,Jaipur,Student,426.23,1586.46,279.96
UT102361,Pooja Gupta,T-Shirts,Minimal Logo Tee,1,1003.03,15.0,2025-10-03,Chennai,Young Professional,248.68,852.58,150.45
UT102396,Aanya Chopra,T-Shirts,Essential Tee,3,1271.17,15.0,2025-10-03,Jaipur,Casual Shopper,918.24,3241.48,572.03
UT102700,Karan Gupta,T-Shirts,Relaxed Fit Tee,3,1213.59,5.0,2025-10-03,Lucknow,Casual Shopper,1062.36,3458.73,182.04
UT102865,Pooja Gupta,Shirts,Relaxed Casual Shirt,1,2419.17,20.0,2025-10-03,Chandigarh,Working Professional,595.66,1935.34,483.83
UT100109,Sakshi Sharma,T-Shirts,Essential Tee,1,1048.76,0.0,2025-10-04,Bengaluru,Premium Shopper,405.18,1048.76,0.0
UT100509,Yash Joshi,T-Shirts,Premium Cotton Tee,3,1351.74,20.0,2025-10-04,Ahmedabad,Student,959.57,3244.18,811.04
UT101374,Simran Malhotra,T-Shirts,Minimal Logo Tee,2,1370.38,15.0,2025-10-04,Ahmedabad,Working Professional,686.84,2329.65,411.11
UT101701,Meera Malhotra,Dresses,Casual Mini Dress,1,2196.92,5.0,2025-10-04,Ahmedabad,Student,675.85,2087.07,109.85
UT100083,Yash Kumar,Accessories,Leather Wallet,1,1306.15,25.0,2025-10-05,Hyderabad,Student,281.24,979.61,326.54
UT100395,Ananya Sharma,Accessories,Leather Wallet,1,1570.22,35.0,2025-10-05,Chennai,Premium Shopper,338.25,1020.64,549.58
UT101107,Yash Sharma,T-Shirts,Relaxed Fit Tee,2,792.61,20.0,2025-10-05,Kolkata,Premium Shopper,392.29,1268.18,317.04
UT101939,Simran Sharma,Dresses,Oversized Shirt Dress,3,2330.35,5.0,2025-10-05,Noida,Young Professional,2209.09,6641.5,349.55
UT101982,Manya Shah,Dresses,Floral Midi Dress,1,2630.31,15.0,2025-10-05,Kolkata,Casual Shopper,665.53,2235.76,394.55
UT102263,Pooja Shah,T-Shirts,Essential Tee,1,918.18,20.0,2025-10-05,Ahmedabad,Casual Shopper,118.32,734.54,183.64
UT102656,Ishaan Shah,Dresses,Oversized Shirt Dress,2,2243.98,0.0,2025-10-05,Bengaluru,Premium Shopper,1509.63,4487.96,0.0
UT100875,Aditya Agarwal,T-Shirts,Premium Cotton Tee,5,1096.07,30.0,2025-10-06,Ahmedabad,Working Professional,1090.54,3836.24,1644.1
UT101295,Rohan Reddy,Denim,Denim Skirt,3,2165.41,15.0,2025-10-06,Kolkata,Casual Shopper,1339.24,5521.8,974.43
UT102617,Riya Gupta,Denim,Wide Leg Denim,1,3294.12,30.0,2025-10-06,Jaipur,Student,527.3,2305.88,988.24
UT100897,Aanya Shah,Dresses,Casual Mini Dress,1,2162.55,15.0,2025-10-07,Hyderabad,Premium Shopper,552.09,1838.17,324.38
UT101176,Shreya Sharma,T-Shirts,Relaxed Fit Tee,1,1192.77,5.0,2025-10-07,Jaipur,Working Professional,418.43,1133.13,59.64
UT101371,Manya Kapoor,Shirts,Linen Shirt,3,1929.34,30.0,2025-10-07,Chennai,Working Professional,1116.4,4051.61,1736.41
UT101858,Nisha Bansal,Accessories,Canvas Tote,1,845.29,5.0,2025-10-07,Kolkata,Premium Shopper,325.41,803.03,42.26
UT101986,Sneha Kapoor,T-Shirts,Minimal Logo Tee,1,1564.37,35.0,2025-10-07,Chennai,Casual Shopper,312.19,1016.84,547.53
UT102138,Aditya Kumar,T-Shirts,Relaxed Fit Tee,3,1238.71,5.0,2025-10-07,Pune,Student,961.08,3530.32,185.81
UT102268,Kabir Shah,Denim,Straight Fit Jeans,1,2391.15,35.0,2025-10-07,Chandigarh,Casual Shopper,358.05,1554.25,836.9
UT102390,Aditi Mehta,Dresses,Ribbed Dress,2,2208.67,25.0,2025-10-07,Lucknow,Premium Shopper,1083.79,3313.0,1104.34
UT100359,Tanya Chopra,Shirts,Linen Shirt,1,2411.8,35.0,2025-10-08,Lucknow,Casual Shopper,306.77,1567.67,844.13
UT100733,Kabir Kumar,Accessories,Cap,1,1658.79,15.0,2025-10-08,Surat,Student,465.19,1409.97,248.82
UT100965,Rahul Verma,Dresses,Casual Mini Dress,2,1500.87,5.0,2025-10-08,Kolkata,Working Professional,914.36,2851.65,150.09
UT101458,Tanya Mishra,T-Shirts,Premium Cotton Tee,1,1265.04,15.0,2025-10-08,Gurugram,Premium Shopper,374.08,1075.28,189.76
UT101722,Rahul Mehta,T-Shirts,Relaxed Fit Tee,2,1141.48,35.0,2025-10-08,Kolkata,Working Professional,348.06,1483.92,799.04
UT102188,Neha Das,Shirts,Linen Shirt,1,1428.65,20.0,2025-10-08,Jaipur,Student,220.77,1142.92,285.73
UT102322,Pooja Saxena,Accessories,Canvas Tote,3,433.79,15.0,2025-10-08,Kolkata,Premium Shopper,461.63,1106.16,195.21
UT102363,Anika Bansal,Shirts,Textured Shirt,3,1388.12,40.0,2025-10-08,Surat,Student,573.55,2498.62,1665.74
UT102855,Priya Sharma,Accessories,Canvas Tote,1,1292.22,20.0,2025-10-08,Chennai,Young Professional,349.1,1033.78,258.44
UT100712,Pooja Reddy,T-Shirts,Premium Cotton Tee,2,1322.41,5.0,2025-10-09,Noida,Casual Shopper,717.54,2512.58,132.24
UT102076,Manya Patel,T-Shirts,Essential Tee,3,1024.78,15.0,2025-10-09,Hyderabad,Young Professional,822.3,2613.19,461.15
UT102365,Yash Reddy,Denim,Straight Fit Jeans,3,2095.8,35.0,2025-10-09,Bengaluru,Casual Shopper,896.33,4086.81,2200.59
UT102439,Sakshi Patel,Shirts,Oxford Shirt,2,1986.76,30.0,2025-10-09,Chandigarh,Young Professional,664.46,2781.46,1192.06
UT102963,Ananya Reddy,Dresses,Floral Midi Dress,3,2856.63,20.0,2025-10-09,Ahmedabad,Casual Shopper,1936.67,6855.91,1713.98
UT100093,Vivaan Nair,Denim,Denim Skirt,1,2583.87,20.0,2025-10-10,Delhi,Young Professional,513.64,2067.1,516.77
UT100323,Meera Kapoor,T-Shirts,Relaxed Fit Tee,1,1208.69,25.0,2025-10-10,Lucknow,Casual Shopper,168.82,906.52,302.17
UT101098,Aditya Das,Dresses,Casual Mini Dress,1,2416.34,25.0,2025-10-10,Mumbai,Casual Shopper,459.83,1812.26,604.08
UT101577,Shreya Saxena,Denim,Straight Fit Jeans,2,2176.97,5.0,2025-10-10,Jaipur,Casual Shopper,1134.4,4136.24,217.7
UT101656,Anika Reddy,Dresses,Casual Mini Dress,2,1768.27,15.0,2025-10-10,Surat,Student,889.92,3006.06,530.48
UT101828,Ananya Verma,Accessories,Minimal Sling Bag,1,1218.88,15.0,2025-10-10,Surat,Premium Shopper,375.36,1036.05,182.83
UT102487,Kabir Reddy,T-Shirts,Minimal Logo Tee,2,1496.6,15.0,2025-10-10,Surat,Student,717.57,2544.22,448.98
UT102710,Sneha Kumar,Dresses,Ribbed Dress,4,1479.99,25.0,2025-10-10,Hyderabad,Premium Shopper,1414.44,4439.97,1479.99
UT102804,Simran Jain,Dresses,Oversized Shirt Dress,1,2147.34,5.0,2025-10-10,Jaipur,Student,676.69,2039.97,107.37
UT100414,Anika Kapoor,Dresses,Oversized Shirt Dress,1,1837.06,5.0,2025-10-11,Gurugram,Student,539.23,1745.21,91.85
UT100513,Vivaan Singh,T-Shirts,Minimal Logo Tee,2,1496.21,0.0,2025-10-11,Gurugram,Working Professional,978.09,2992.42,0.0
UT101288,Rahul Patel,Dresses,Ribbed Dress,2,1577.91,15.0,2025-10-11,Mumbai,Student,704.84,2682.45,473.37
UT102636,Sneha Kapoor,T-Shirts,Minimal Logo Tee,2,810.13,5.0,2025-10-11,Hyderabad,Working Professional,520.16,1539.25,81.01
UT102817,Priya Singh,T-Shirts,Relaxed Fit Tee,3,808.61,10.0,2025-10-11,Chandigarh,Student,618.25,2183.25,242.58
UT100702,Sneha Gupta,Shirts,Linen Shirt,2,1649.96,15.0,2025-10-12,Surat,Student,806.74,2804.93,494.99
UT100868,Aarav Patel,Dresses,Ribbed Dress,1,1473.94,30.0,2025-10-12,Lucknow,Casual Shopper,239.89,1031.76,442.18
UT101337,Aditi Bansal,Dresses,Casual Mini Dress,2,2108.65,5.0,2025-10-12,Jaipur,Student,1139.59,4006.44,210.87
UT102176,Shreya Kapoor,Dresses,Floral Midi Dress,1,2729.14,0.0,2025-10-12,Mumbai,Working Professional,916.96,2729.14,0.0
UT102360,Meera Gupta,Dresses,Floral Midi Dress,1,2572.3,20.0,2025-10-12,Noida,Working Professional,598.36,2057.84,514.46
UT100077,Ishaan Gupta,Shirts,Linen Shirt,2,1831.15,40.0,2025-10-13,Noida,Young Professional,526.6,2197.38,1464.92
UT100822,Kabir Malhotra,Accessories,Cap,3,1099.52,20.0,2025-10-13,Pune,Student,846.4,2638.85,659.71
UT101324,Aarav Agarwal,Accessories,Minimal Sling Bag,1,1411.56,10.0,2025-10-13,Mumbai,Young Professional,418.94,1270.4,141.16
UT101378,Sneha Nair,Denim,Wide Leg Denim,1,3216.81,25.0,2025-10-13,Hyderabad,Working Professional,580.49,2412.61,804.2
UT101821,Kabir Patel,T-Shirts,Premium Cotton Tee,1,1200.8,30.0,2025-10-13,Hyderabad,Student,132.53,840.56,360.24
UT101845,Isha Bansal,Denim,Mom Fit Jeans,1,2490.84,25.0,2025-10-13,Chandigarh,Working Professional,477.87,1868.13,622.71
UT102010,Kavya Mehta,Denim,Mom Fit Jeans,2,2960.61,5.0,2025-10-13,Jaipur,Working Professional,1632.76,5625.16,296.06
UT102823,Simran Bansal,T-Shirts,Premium Cotton Tee,1,610.23,0.0,2025-10-13,Lucknow,Young Professional,219.12,610.23,0.0
UT100488,Kritika Verma,T-Shirts,Relaxed Fit Tee,2,1575.61,25.0,2025-10-14,Gurugram,Student,643.6,2363.42,787.8
UT100688,Diya Malhotra,Accessories,Canvas Tote,3,1798.47,15.0,2025-10-14,Jaipur,Young Professional,1631.12,4586.1,809.31
UT100814,Arjun Joshi,T-Shirts,Minimal Logo Tee,1,1222.17,15.0,2025-10-14,Lucknow,Premium Shopper,401.03,1038.84,183.33
UT100895,Aarav Reddy,Dresses,Casual Mini Dress,3,1590.97,15.0,2025-10-14,Noida,Student,1110.47,4056.97,715.94
UT101353,Neha Gupta,T-Shirts,Essential Tee,4,923.2,20.0,2025-10-14,Gurugram,Young Professional,818.33,2954.24,738.56
UT101379,Yash Verma,T-Shirts,Minimal Logo Tee,1,1578.26,25.0,2025-10-14,Delhi,Premium Shopper,287.37,1183.7,394.57
UT102214,Yash Bansal,Shirts,Relaxed Casual Shirt,1,1303.27,30.0,2025-10-14,Hyderabad,Working Professional,225.18,912.29,390.98
UT102558,Anika Bansal,Dresses,Casual Mini Dress,2,2396.97,5.0,2025-10-14,Gurugram,Working Professional,1552.03,4554.24,239.7
UT102562,Rohan Reddy,Denim,Mom Fit Jeans,1,2071.59,10.0,2025-10-14,Chennai,Working Professional,523.04,1864.43,207.16
UT102702,Arjun Reddy,T-Shirts,Premium Cotton Tee,3,931.57,30.0,2025-10-14,Hyderabad,Working Professional,432.06,1956.3,838.41
UT100559,Riya Das,Dresses,Oversized Shirt Dress,2,2033.06,15.0,2025-10-15,Pune,Premium Shopper,1130.29,3456.2,609.92
UT101611,Diya Shah,Shirts,Linen Shirt,2,1234.61,0.0,2025-10-15,Surat,Casual Shopper,620.34,2469.22,0.0
UT102099,Aditi Chopra,T-Shirts,Premium Cotton Tee,3,916.56,30.0,2025-10-15,Hyderabad,Premium Shopper,553.72,1924.78,824.9
UT102657,Rahul Agarwal,Dresses,Ribbed Dress,2,1939.37,15.0,2025-10-15,Pune,Casual Shopper,961.11,3296.93,581.81
UT102723,Ishaan Verma,Dresses,Floral Midi Dress,5,2561.48,20.0,2025-10-15,Gurugram,Working Professional,3041.62,10245.92,2561.48
UT100048,Nisha Malhotra,T-Shirts,Premium Cotton Tee,5,1107.6,20.0,2025-10-16,Chennai,Working Professional,1260.79,4430.4,1107.6
UT100452,Anika Jain,Accessories,Minimal Sling Bag,2,1784.5,20.0,2025-10-16,Lucknow,Student,832.09,2855.2,713.8
UT100730,Rohan Singh,T-Shirts,Premium Cotton Tee,2,1001.38,15.0,2025-10-16,Pune,Premium Shopper,558.93,1702.35,300.41
UT101151,Arjun Saxena,Denim,Mom Fit Jeans,1,2143.88,10.0,2025-10-16,Hyderabad,Premium Shopper,525.57,1929.49,214.39
UT101380,Vivaan Reddy,Shirts,Textured Shirt,3,1534.5,0.0,2025-10-16,Hyderabad,Casual Shopper,1427.0,4603.5,0.0
UT101928,Ananya Nair,Shirts,Oxford Shirt,4,1267.47,25.0,2025-10-16,Surat,Premium Shopper,1135.15,3802.41,1267.47
UT102420,Rahul Nair,T-Shirts,Minimal Logo Tee,1,1386.02,15.0,2025-10-16,Hyderabad,Young Professional,358.98,1178.12,207.9
UT102673,Aditya Mehta,Shirts,Textured Shirt,2,2340.45,25.0,2025-10-16,Kolkata,Student,866.86,3510.68,1170.22
UT102698,Yash Mehta,Accessories,Cap,5,781.21,0.0,2025-10-16,Gurugram,Young Professional,1467.15,3906.05,0.0
UT102909,Neha Nair,Shirts,Relaxed Casual Shirt,1,1871.2,15.0,2025-10-16,Bengaluru,Premium Shopper,458.36,1590.52,280.68
UT100783,Aarav Mehta,Shirts,Textured Shirt,5,1380.03,5.0,2025-10-17,Chennai,Working Professional,2026.48,6555.14,345.01
UT101022,Sneha Bansal,Denim,Straight Fit Jeans,1,2521.47,0.0,2025-10-17,Chandigarh,Student,708.6,2521.47,0.0
UT101296,Kabir Sharma,Shirts,Oxford Shirt,2,1389.52,15.0,2025-10-17,Noida,Casual Shopper,549.89,2362.18,416.86
UT101438,Rohan Malhotra,Shirts,Linen Shirt,2,1144.5,0.0,2025-10-17,Kolkata,Casual Shopper,688.71,2289.0,0.0
UT101786,Meera Gupta,T-Shirts,Premium Cotton Tee,4,601.85,0.0,2025-10-17,Jaipur,Working Professional,760.1,2407.4,0.0
UT100075,Manya Kapoor,Shirts,Linen Shirt,1,1151.63,15.0,2025-10-18,Chennai,Working Professional,358.71,978.89,172.74
UT100330,Ananya Agarwal,Dresses,Ribbed Dress,1,1452.26,15.0,2025-10-18,Pune,Student,341.56,1234.42,217.84
UT101112,Manya Reddy,T-Shirts,Premium Cotton Tee,1,1578.22,15.0,2025-10-18,Noida,Student,358.51,1341.49,236.73
UT102376,Aarav Joshi,Dresses,Oversized Shirt Dress,1,1626.72,30.0,2025-10-18,Jaipur,Casual Shopper,319.69,1138.7,488.02
UT102644,Diya Mehta,T-Shirts,Premium Cotton Tee,2,879.95,0.0,2025-10-18,Kolkata,Young Professional,585.36,1759.9,0.0
UT102789,Simran Das,Dresses,Ribbed Dress,3,2109.72,0.0,2025-10-18,Bengaluru,Working Professional,2180.64,6329.16,0.0
UT101333,Karan Verma,Denim,Straight Fit Jeans,1,2963.06,25.0,2025-10-19,Mumbai,Student,539.54,2222.3,740.76
UT102092,Aanya Reddy,T-Shirts,Relaxed Fit Tee,1,1554.6,10.0,2025-10-19,Lucknow,Student,457.18,1399.14,155.46
UT100693,Isha Kumar,Dresses,Casual Mini Dress,1,2158.49,25.0,2025-10-20,Bengaluru,Casual Shopper,521.21,1618.87,539.62
UT100823,Aditi Chopra,Shirts,Linen Shirt,2,2310.06,15.0,2025-10-20,Chennai,Young Professional,1012.39,3927.1,693.02
UT101955,Kabir Jain,Shirts,Oxford Shirt,1,1784.18,10.0,2025-10-20,Hyderabad,Young Professional,449.94,1605.76,178.42
UT102234,Sakshi Agarwal,Denim,Straight Fit Jeans,1,2629.05,15.0,2025-10-20,Gurugram,Student,615.43,2234.69,394.36
UT102432,Diya Chopra,Dresses,Casual Mini Dress,4,2304.98,10.0,2025-10-20,Jaipur,Young Professional,2575.71,8297.93,921.99
UT100162,Isha Das,Dresses,Ribbed Dress,1,2055.48,5.0,2025-10-21,Pune,Young Professional,569.69,1952.71,102.77
UT100195,Kavya Joshi,Shirts,Textured Shirt,2,1058.58,5.0,2025-10-21,Noida,Casual Shopper,548.85,2011.3,105.86
UT100583,Kabir Jain,Dresses,Oversized Shirt Dress,1,1946.05,25.0,2025-10-21,Lucknow,Young Professional,348.65,1459.54,486.51
UT102359,Aarav Patel,T-Shirts,Premium Cotton Tee,2,798.68,25.0,2025-10-21,Ahmedabad,Casual Shopper,334.12,1198.02,399.34
UT100031,Shreya Nair,Denim,Denim Skirt,1,3165.46,20.0,2025-10-22,Delhi,Working Professional,627.78,2532.37,633.09
UT101044,Meera Bansal,T-Shirts,Relaxed Fit Tee,4,725.97,0.0,2025-10-22,Chennai,Young Professional,961.85,2903.88,0.0
UT102077,Kabir Reddy,Denim,Mom Fit Jeans,1,2704.36,5.0,2025-10-22,Jaipur,Student,664.27,2569.14,135.22
UT102926,Rohan Das,Dresses,Floral Midi Dress,5,2352.49,10.0,2025-10-22,Jaipur,Young Professional,3271.79,10586.2,1176.24
UT101099,Neha Chopra,Dresses,Ribbed Dress,3,2528.66,25.0,2025-10-23,Bengaluru,Young Professional,1643.25,5689.48,1896.5
UT101847,Ishaan Kumar,Denim,Wide Leg Denim,1,3075.75,10.0,2025-10-23,Chandigarh,Young Professional,701.27,2768.18,307.57
UT102853,Ishaan Agarwal,Shirts,Relaxed Casual Shirt,1,2212.9,15.0,2025-10-23,Noida,Young Professional,456.14,1880.96,331.94
UT100520,Vivaan Chopra,Accessories,Minimal Sling Bag,4,1074.94,10.0,2025-10-24,Kolkata,Working Professional,1464.65,3869.78,429.98
UT101347,Kabir Nair,Denim,Wide Leg Denim,2,1882.87,15.0,2025-10-24,Noida,Young Professional,859.72,3200.88,564.86
UT102443,Aarav Patel,Dresses,Oversized Shirt Dress,4,2690.52,35.0,2025-10-24,Hyderabad,Casual Shopper,1772.93,6995.35,3766.73
UT102753,Sakshi Jain,Accessories,Canvas Tote,2,1551.93,15.0,2025-10-24,Surat,Young Professional,920.56,2638.28,465.58
UT102979,Neha Bansal,Dresses,Casual Mini Dress,5,1859.4,15.0,2025-10-24,Bengaluru,Student,2224.85,7902.45,1394.55
UT101239,Neha Reddy,Shirts,Oxford Shirt,5,1101.99,10.0,2025-10-25,Noida,Working Professional,1506.58,4958.96,550.99
UT101756,Kritika Mishra,T-Shirts,Premium Cotton Tee,2,764.19,10.0,2025-10-25,Noida,Premium Shopper,465.89,1375.54,152.84
UT102020,Anika Patel,T-Shirts,Relaxed Fit Tee,1,880.84,15.0,2025-10-25,Hyderabad,Young Professional,140.62,748.71,132.13
UT102612,Priya Verma,Shirts,Oxford Shirt,4,1138.98,15.0,2025-10-25,Pune,Student,999.99,3872.53,683.39
UT102907,Kavya Verma,Denim,Mom Fit Jeans,1,1874.11,25.0,2025-10-25,Bengaluru,Young Professional,354.97,1405.58,468.53
UT101208,Kabir Shah,T-Shirts,Minimal Logo Tee,1,609.3,15.0,2025-10-26,Hyderabad,Casual Shopper,128.64,517.9,91.39
UT102422,Vivaan Nair,T-Shirts,Premium Cotton Tee,1,1143.37,15.0,2025-10-26,Ahmedabad,Casual Shopper,333.12,971.86,171.51
UT102570,Karan Das,T-Shirts,Relaxed Fit Tee,3,1396.78,20.0,2025-10-26,Pune,Casual Shopper,899.04,3352.27,838.07
UT101693,Shreya Gupta,T-Shirts,Premium Cotton Tee,3,662.15,25.0,2025-10-27,Kolkata,Working Professional,371.88,1489.84,496.61
UT102405,Arjun Bansal,Accessories,Leather Wallet,1,1146.32,15.0,2025-10-27,Delhi,Casual Shopper,329.65,974.37,171.95
UT102674,Kabir Kapoor,T-Shirts,Essential Tee,3,799.66,20.0,2025-10-27,Surat,Student,479.12,1919.18,479.8
UT100467,Simran Malhotra,Dresses,Oversized Shirt Dress,2,2403.49,10.0,2025-10-28,Delhi,Premium Shopper,1518.35,4326.28,480.7
UT101076,Yash Patel,Accessories,Minimal Sling Bag,1,1301.0,25.0,2025-10-28,Hyderabad,Casual Shopper,324.38,975.75,325.25
UT101472,Sneha Joshi,Accessories,Cap,2,1290.16,5.0,2025-10-28,Pune,Working Professional,927.14,2451.3,129.02
UT101494,Yash Gupta,T-Shirts,Essential Tee,2,1360.81,25.0,2025-10-28,Chennai,Young Professional,559.9,2041.22,680.4
UT101900,Neha Gupta,Dresses,Floral Midi Dress,2,2062.0,20.0,2025-10-28,Mumbai,Working Professional,928.67,3299.2,824.8
UT101910,Arjun Sharma,Shirts,Textured Shirt,1,2016.57,20.0,2025-10-28,Hyderabad,Student,460.28,1613.26,403.31
UT100170,Vivaan Shah,T-Shirts,Essential Tee,1,1164.97,10.0,2025-10-29,Pune,Working Professional,355.4,1048.47,116.5
UT100175,Kabir Chopra,Denim,Denim Skirt,1,2197.51,0.0,2025-10-29,Hyderabad,Casual Shopper,593.45,2197.51,0.0
UT100956,Shreya Saxena,Accessories,Canvas Tote,3,1159.45,35.0,2025-10-29,Chandigarh,Young Professional,707.29,2260.93,1217.42
UT101460,Pooja Kapoor,Shirts,Oxford Shirt,1,1681.83,10.0,2025-10-29,Hyderabad,Young Professional,526.0,1513.65,168.18
UT102052,Simran Nair,Dresses,Ribbed Dress,1,1704.07,0.0,2025-10-29,Kolkata,Casual Shopper,571.78,1704.07,0.0
UT102160,Rahul Mehta,Shirts,Relaxed Casual Shirt,2,1118.29,25.0,2025-10-29,Surat,Casual Shopper,439.05,1677.44,559.14
UT102261,Neha Mehta,T-Shirts,Minimal Logo Tee,1,1537.73,20.0,2025-10-29,Delhi,Young Professional,305.26,1230.18,307.55
UT102342,Rahul Reddy,Shirts,Textured Shirt,2,1695.67,10.0,2025-10-29,Jaipur,Young Professional,870.01,3052.21,339.13
UT101070,Rohan Malhotra,Accessories,Minimal Sling Bag,5,542.46,10.0,2025-10-30,Noida,Student,790.71,2441.07,271.23
UT101437,Kavya Joshi,Shirts,Relaxed Casual Shirt,5,1579.08,0.0,2025-10-30,Bengaluru,Working Professional,2510.09,7895.4,0.0
UT101715,Yash Jain,T-Shirts,Premium Cotton Tee,5,989.43,5.0,2025-10-30,Chandigarh,Student,1398.45,4699.79,247.36
UT101731,Aditya Patel,T-Shirts,Essential Tee,2,751.92,15.0,2025-10-30,Jaipur,Young Professional,347.91,1278.26,225.58
UT102212,Aanya Gupta,Accessories,Leather Wallet,1,1618.37,20.0,2025-10-30,Bengaluru,Young Professional,449.83,1294.7,323.67
UT100069,Yash Kapoor,Dresses,Casual Mini Dress,3,2521.3,25.0,2025-10-31,Gurugram,Casual Shopper,1557.31,5672.92,1890.98
UT100417,Nisha Chopra,Shirts,Textured Shirt,2,1502.74,5.0,2025-10-31,Ahmedabad,Young Professional,853.09,2855.21,150.27
UT101091,Aanya Kumar,Denim,Mom Fit Jeans,1,2960.67,0.0,2025-10-31,Chandigarh,Student,813.81,2960.67,0.0
UT101210,Ananya Verma,Dresses,Ribbed Dress,2,2877.28,15.0,2025-10-31,Lucknow,Young Professional,1529.67,4891.38,863.18
UT101418,Priya Saxena,Denim,Wide Leg Denim,1,3234.6,10.0,2025-10-31,Ahmedabad,Young Professional,741.04,2911.14,323.46
UT101558,Sakshi Singh,T-Shirts,Essential Tee,1,844.15,0.0,2025-10-31,Ahmedabad,Student,284.19,844.15,0.0
UT102375,Vivaan Verma,T-Shirts,Minimal Logo Tee,1,668.08,20.0,2025-10-31,Hyderabad,Young Professional,144.41,534.46,133.62
UT100163,Neha Das,Shirts,Linen Shirt,2,2038.44,5.0,2025-11-01,Pune,Casual Shopper,1116.35,3873.04,203.84
UT100294,Kavya Reddy,Shirts,Relaxed Casual Shirt,5,2280.63,5.0,2025-11-01,Pune,Premium Shopper,3433.35,10832.99,570.16
UT100334,Aanya Jain,Dresses,Ribbed Dress,1,2610.65,10.0,2025-11-02,Chandigarh,Casual Shopper,721.37,2349.58,261.07
UT100994,Meera Sharma,Denim,Denim Skirt,1,2950.26,15.0,2025-11-02,Pune,Young Professional,533.39,2507.72,442.54
UT101713,Arjun Verma,Shirts,Oxford Shirt,1,1337.34,20.0,2025-11-02,Lucknow,Working Professional,301.98,1069.87,267.47
UT102024,Neha Singh,Shirts,Relaxed Casual Shirt,3,1548.33,10.0,2025-11-02,Pune,Working Professional,1303.79,4180.49,464.5
UT102166,Kavya Agarwal,Denim,Denim Skirt,3,2956.99,35.0,2025-11-02,Gurugram,Student,1153.3,5766.13,3104.84
UT102884,Ananya Jain,T-Shirts,Relaxed Fit Tee,1,1508.69,25.0,2025-11-02,Mumbai,Young Professional,281.36,1131.52,377.17
UT102951,Aarav Malhotra,T-Shirts,Minimal Logo Tee,1,1142.23,0.0,2025-11-02,Surat,Working Professional,372.95,1142.23,0.0
UT100091,Meera Bansal,T-Shirts,Minimal Logo Tee,1,1110.34,25.0,2025-11-03,Pune,Casual Shopper,152.9,832.75,277.59
UT100421,Tanya Chopra,T-Shirts,Premium Cotton Tee,1,808.33,0.0,2025-11-03,Pune,Casual Shopper,187.97,808.33,0.0
UT100460,Karan Mishra,Denim,Mom Fit Jeans,2,3289.11,5.0,2025-11-03,Ahmedabad,Young Professional,1804.15,6249.31,328.91
UT100493,Manya Agarwal,Shirts,Linen Shirt,3,2054.25,15.0,2025-11-03,Surat,Premium Shopper,1585.74,5238.34,924.41
UT101189,Isha Mehta,T-Shirts,Premium Cotton Tee,4,1220.65,10.0,2025-11-03,Delhi,Working Professional,1402.5,4394.34,488.26
UT101303,Ananya Mehta,Dresses,Oversized Shirt Dress,1,2692.99,15.0,2025-11-03,Gurugram,Premium Shopper,746.63,2289.04,403.95
UT102349,Nisha Agarwal,Shirts,Linen Shirt,1,1411.25,20.0,2025-11-03,Bengaluru,Student,223.07,1129.0,282.25
UT102752,Priya Mishra,Denim,Mom Fit Jeans,1,2354.38,25.0,2025-11-03,Hyderabad,Student,411.73,1765.78,588.6
UT100648,Neha Nair,Denim,Denim Skirt,2,3079.32,5.0,2025-11-04,Pune,Casual Shopper,1608.92,5850.71,307.93
UT101252,Simran Mehta,T-Shirts,Minimal Logo Tee,1,1420.62,30.0,2025-11-05,Kolkata,Student,298.02,994.43,426.19
UT101470,Ishaan Das,T-Shirts,Essential Tee,1,1441.76,15.0,2025-11-05,Chandigarh,Working Professional,362.29,1225.5,216.26
UT100333,Karan Kumar,T-Shirts,Minimal Logo Tee,1,902.04,15.0,2025-11-06,Ahmedabad,Young Professional,237.25,766.73,135.31
UT101079,Rohan Patel,T-Shirts,Premium Cotton Tee,1,1459.24,30.0,2025-11-06,Hyderabad,Casual Shopper,261.77,1021.47,437.77
UT101574,Diya Gupta,Accessories,Leather Wallet,3,1479.84,15.0,2025-11-06,Lucknow,Casual Shopper,1241.58,3773.59,665.93
UT102955,Rohan Nair,Shirts,Relaxed Casual Shirt,1,2336.38,20.0,2025-11-06,Delhi,Student,478.99,1869.1,467.28
UT101590,Arjun Reddy,T-Shirts,Essential Tee,3,704.25,0.0,2025-11-07,Chandigarh,Casual Shopper,650.43,2112.75,0.0
UT101663,Vivaan Joshi,Dresses,Floral Midi Dress,2,2354.54,0.0,2025-11-07,Surat,Young Professional,1503.02,4709.08,0.0
UT101886,Neha Kapoor,Shirts,Textured Shirt,3,1456.12,5.0,2025-11-07,Mumbai,Student,1095.83,4149.94,218.42
UT101976,Manya Gupta,Accessories,Leather Wallet,1,977.7,5.0,2025-11-07,Chandigarh,Student,294.82,928.82,48.88
UT102040,Pooja Agarwal,Shirts,Relaxed Casual Shirt,3,1308.19,10.0,2025-11-07,Gurugram,Young Professional,917.53,3532.11,392.46
UT102171,Yash Chopra,Shirts,Linen Shirt,2,2288.21,15.0,2025-11-07,Mumbai,Young Professional,1081.74,3889.96,686.46
UT100148,Manya Verma,Dresses,Oversized Shirt Dress,2,2063.59,10.0,2025-11-08,Mumbai,Premium Shopper,1185.5,3714.46,412.72
UT100191,Riya Mehta,Shirts,Oxford Shirt,2,1631.8,0.0,2025-11-08,Bengaluru,Casual Shopper,977.44,3263.6,0.0
UT100948,Sakshi Verma,Shirts,Relaxed Casual Shirt,1,1574.41,20.0,2025-11-08,Mumbai,Young Professional,301.21,1259.53,314.88
UT101003,Anika Jain,Shirts,Oxford Shirt,3,1605.9,15.0,2025-11-08,Chennai,Casual Shopper,1117.86,4095.05,722.66
UT101120,Aditi Joshi,Accessories,Canvas Tote,2,586.04,10.0,2025-11-08,Mumbai,Student,372.13,1054.87,117.21
UT101637,Pooja Shah,Dresses,Oversized Shirt Dress,2,2293.3,15.0,2025-11-08,Chandigarh,Young Professional,1194.0,3898.61,687.99
UT101862,Diya Mishra,Denim,Mom Fit Jeans,2,2587.91,15.0,2025-11-08,Pune,Young Professional,1083.2,4399.45,776.37
UT102759,Ishaan Singh,Denim,Mom Fit Jeans,2,2753.51,30.0,2025-11-08,Ahmedabad,Young Professional,881.62,3854.91,1652.11
UT100667,Aarav Kumar,Denim,Straight Fit Jeans,1,1917.39,5.0,2025-11-09,Noida,Premium Shopper,519.49,1821.52,95.87
UT101585,Tanya Bansal,Dresses,Ribbed Dress,3,1659.28,5.0,2025-11-09,Gurugram,Working Professional,1619.06,4728.95,248.89
UT101589,Aanya Gupta,T-Shirts,Premium Cotton Tee,1,888.1,30.0,2025-11-09,Lucknow,Young Professional,198.59,621.67,266.43
UT102044,Nisha Reddy,T-Shirts,Premium Cotton Tee,1,672.81,35.0,2025-11-09,Noida,Casual Shopper,86.74,437.33,235.48
UT101014,Simran Kapoor,Shirts,Linen Shirt,4,1985.98,30.0,2025-11-10,Kolkata,Young Professional,1410.1,5560.74,2383.18
UT101385,Rahul Singh,Shirts,Oxford Shirt,2,2460.68,0.0,2025-11-10,Chennai,Working Professional,1590.96,4921.36,0.0
UT101412,Kavya Jain,Dresses,Floral Midi Dress,1,1569.21,15.0,2025-11-10,Chandigarh,Young Professional,361.54,1333.83,235.38
UT100052,Nisha Sharma,Dresses,Floral Midi Dress,2,2918.12,5.0,2025-11-11,Delhi,Casual Shopper,1720.99,5544.43,291.81
UT100399,Nisha Singh,Accessories,Cap,1,865.51,15.0,2025-11-11,Surat,Casual Shopper,225.37,735.68,129.83
UT101365,Manya Jain,Denim,Denim Skirt,2,2153.34,5.0,2025-11-11,Pune,Student,1067.56,4091.35,215.33
UT101840,Aanya Joshi,Dresses,Floral Midi Dress,3,2696.43,10.0,2025-11-11,Bengaluru,Working Professional,2351.04,7280.36,808.93
UT100716,Nisha Mishra,Shirts,Relaxed Casual Shirt,2,2443.22,15.0,2025-11-12,Kolkata,Premium Shopper,1250.8,4153.47,732.97
UT102207,Meera Reddy,T-Shirts,Relaxed Fit Tee,1,1384.96,20.0,2025-11-12,Chennai,Student,319.66,1107.97,276.99
UT102221,Kabir Shah,T-Shirts,Relaxed Fit Tee,2,718.29,10.0,2025-11-12,Hyderabad,Casual Shopper,289.12,1292.92,143.66
UT100102,Isha Verma,Dresses,Oversized Shirt Dress,3,1613.66,15.0,2025-11-13,Bengaluru,Premium Shopper,1358.02,4114.83,726.15
UT100869,Nisha Agarwal,Dresses,Floral Midi Dress,1,1538.87,5.0,2025-11-13,Kolkata,Premium Shopper,522.89,1461.93,76.94
UT101743,Ishaan Agarwal,Dresses,Casual Mini Dress,1,2914.67,0.0,2025-11-13,Noida,Young Professional,993.59,2914.67,0.0
UT100646,Aditi Chopra,Denim,Wide Leg Denim,1,2737.91,15.0,2025-11-14,Hyderabad,Young Professional,607.76,2327.22,410.69
UT102035,Isha Malhotra,Dresses,Floral Midi Dress,3,2711.26,15.0,2025-11-14,Delhi,Young Professional,2085.51,6913.71,1220.07
UT102293,Manya Kumar,T-Shirts,Premium Cotton Tee,5,1342.81,20.0,2025-11-14,Gurugram,Student,1483.52,5371.24,1342.81
UT102707,Sneha Mishra,T-Shirts,Minimal Logo Tee,1,672.33,20.0,2025-11-14,Kolkata,Student,117.49,537.86,134.47
UT100206,Sneha Chopra,T-Shirts,Minimal Logo Tee,2,1126.8,15.0,2025-11-15,Chennai,Young Professional,494.52,1915.56,338.04
UT100704,Diya Verma,T-Shirts,Minimal Logo Tee,4,710.34,25.0,2025-11-15,Mumbai,Working Professional,721.88,2131.02,710.34
UT102302,Meera Gupta,T-Shirts,Premium Cotton Tee,1,880.0,25.0,2025-11-15,Ahmedabad,Premium Shopper,243.44,660.0,220.0
UT102832,Aarav Bansal,T-Shirts,Premium Cotton Tee,1,1106.96,25.0,2025-11-15,Lucknow,Working Professional,282.7,830.22,276.74
UT100063,Karan Das,T-Shirts,Relaxed Fit Tee,3,737.29,35.0,2025-11-16,Delhi,Casual Shopper,321.45,1437.72,774.15
UT101591,Nisha Nair,Denim,Denim Skirt,2,2584.72,40.0,2025-11-16,Ahmedabad,Student,634.4,3101.66,2067.78
UT102303,Ishaan Mehta,Shirts,Relaxed Casual Shirt,2,1743.11,10.0,2025-11-16,Noida,Student,862.1,3137.6,348.62
UT100846,Sakshi Saxena,Shirts,Oxford Shirt,1,1527.46,25.0,2025-11-17,Surat,Young Professional,281.93,1145.6,381.86
UT102708,Aditya Bansal,T-Shirts,Relaxed Fit Tee,3,1178.78,15.0,2025-11-17,Jaipur,Young Professional,892.82,3005.89,530.45
UT102930,Isha Reddy,Accessories,Leather Wallet,2,1423.01,15.0,2025-11-17,Ahmedabad,Casual Shopper,799.03,2419.12,426.9
UT100143,Isha Bansal,T-Shirts,Minimal Logo Tee,1,796.11,5.0,2025-11-18,Lucknow,Young Professional,199.27,756.3,39.81
UT100194,Sakshi Kapoor,Shirts,Textured Shirt,1,1927.48,30.0,2025-11-18,Ahmedabad,Casual Shopper,385.12,1349.24,578.24
UT102194,Neha Singh,Shirts,Relaxed Casual Shirt,3,1155.02,15.0,2025-11-18,Delhi,Student,776.42,2945.3,519.76
UT102217,Arjun Gupta,T-Shirts,Essential Tee,1,1159.86,25.0,2025-11-18,Surat,Casual Shopper,223.79,869.9,289.96
UT102505,Sakshi Agarwal,Accessories,Cap,4,1352.4,0.0,2025-11-18,Gurugram,Student,1918.99,5409.6,0.0
UT100149,Aditya Saxena,T-Shirts,Essential Tee,1,1394.82,20.0,2025-11-19,Delhi,Student,257.74,1115.86,278.96
UT100539,Vivaan Malhotra,Denim,Straight Fit Jeans,1,2357.5,20.0,2025-11-19,Jaipur,Premium Shopper,480.46,1886.0,471.5
UT102057,Ananya Kapoor,T-Shirts,Relaxed Fit Tee,2,966.37,20.0,2025-11-19,Surat,Working Professional,437.03,1546.19,386.55
UT102896,Sakshi Mishra,T-Shirts,Relaxed Fit Tee,2,971.78,10.0,2025-11-19,Mumbai,Student,459.88,1749.2,194.36
UT100269,Ananya Mishra,Shirts,Oxford Shirt,3,1177.61,40.0,2025-11-20,Noida,Student,517.3,2119.7,1413.13
UT101528,Tanya Verma,Shirts,Textured Shirt,4,1246.03,15.0,2025-11-20,Chennai,Working Professional,1290.27,4236.5,747.62
UT101616,Kavya Chopra,Shirts,Relaxed Casual Shirt,1,2000.08,30.0,2025-11-20,Mumbai,Working Professional,364.7,1400.06,600.02
UT102583,Tanya Mishra,Accessories,Cap,1,876.29,15.0,2025-11-20,Kolkata,Student,215.91,744.85,131.44
UT100022,Ishaan Agarwal,Denim,Mom Fit Jeans,1,2498.37,20.0,2025-11-21,Hyderabad,Working Professional,504.0,1998.7,499.67
UT100297,Sakshi Das,Accessories,Canvas Tote,1,1751.44,5.0,2025-11-21,Jaipur,Premium Shopper,675.65,1663.87,87.57
UT100829,Yash Verma,Dresses,Casual Mini Dress,2,2414.88,5.0,2025-11-21,Noida,Working Professional,1582.68,4588.27,241.49
UT101342,Rohan Das,Dresses,Casual Mini Dress,1,2610.07,25.0,2025-11-21,Bengaluru,Premium Shopper,550.35,1957.55,652.52
UT102533,Aditi Mehta,T-Shirts,Relaxed Fit Tee,1,793.78,20.0,2025-11-21,Kolkata,Premium Shopper,215.92,635.02,158.76
UT102571,Aditi Reddy,Shirts,Textured Shirt,1,2222.31,5.0,2025-11-21,Chennai,Student,553.18,2111.19,111.12
UT102800,Rahul Shah,T-Shirts,Relaxed Fit Tee,1,989.86,30.0,2025-11-21,Bengaluru,Premium Shopper,160.49,692.9,296.96
UT100873,Neha Patel,T-Shirts,Minimal Logo Tee,4,665.96,10.0,2025-11-22,Surat,Student,646.83,2397.46,266.38
UT101586,Shreya Reddy,Dresses,Oversized Shirt Dress,1,2424.66,10.0,2025-11-22,Lucknow,Student,630.25,2182.19,242.47
UT102442,Anika Singh,Shirts,Textured Shirt,5,2088.24,20.0,2025-11-22,Lucknow,Student,2057.07,8352.96,2088.24
UT102622,Diya Kapoor,T-Shirts,Minimal Logo Tee,1,775.36,0.0,2025-11-22,Surat,Working Professional,369.26,775.36,0.0
UT102891,Ishaan Das,Accessories,Cap,1,649.41,10.0,2025-11-22,Kolkata,Casual Shopper,158.4,584.47,64.94
UT100745,Kabir Jain,Dresses,Casual Mini Dress,4,1525.27,25.0,2025-11-23,Gurugram,Working Professional,1368.69,4575.81,1525.27
UT100969,Vivaan Mehta,Dresses,Ribbed Dress,3,2998.16,10.0,2025-11-23,Bengaluru,Young Professional,2583.16,8095.03,899.45
UT101397,Arjun Verma,Dresses,Casual Mini Dress,2,1798.42,40.0,2025-11-23,Chandigarh,Young Professional,571.21,2158.1,1438.74
UT101697,Neha Reddy,T-Shirts,Relaxed Fit Tee,1,808.2,15.0,2025-11-23,Surat,Premium Shopper,224.09,686.97,121.23
UT102026,Neha Mishra,T-Shirts,Essential Tee,2,748.36,30.0,2025-11-23,Ahmedabad,Young Professional,314.84,1047.7,449.02
UT102042,Simran Kumar,Denim,Denim Skirt,2,2262.58,15.0,2025-11-23,Lucknow,Premium Shopper,1174.87,3846.39,678.77
UT100402,Priya Malhotra,T-Shirts,Essential Tee,2,1362.81,20.0,2025-11-24,Noida,Young Professional,629.13,2180.5,545.12
UT100728,Aditi Kapoor,Dresses,Ribbed Dress,1,1639.97,15.0,2025-11-24,Gurugram,Young Professional,354.92,1393.97,246.0
UT100962,Meera Jain,Shirts,Relaxed Casual Shirt,1,1309.22,10.0,2025-11-24,Chandigarh,Student,395.86,1178.3,130.92
UT101389,Aarav Patel,Shirts,Relaxed Casual Shirt,1,2214.79,0.0,2025-11-24,Bengaluru,Casual Shopper,593.81,2214.79,0.0
UT100241,Manya Patel,T-Shirts,Minimal Logo Tee,2,883.29,20.0,2025-11-25,Bengaluru,Casual Shopper,347.45,1413.26,353.32
UT101080,Pooja Bansal,Dresses,Ribbed Dress,1,2701.11,10.0,2025-11-25,Surat,Working Professional,770.33,2431.0,270.11
UT101193,Diya Saxena,Accessories,Minimal Sling Bag,2,899.4,20.0,2025-11-25,Bengaluru,Casual Shopper,464.35,1439.04,359.76
UT101597,Aditya Mishra,T-Shirts,Premium Cotton Tee,1,1588.6,20.0,2025-11-25,Gurugram,Casual Shopper,325.13,1270.88,317.72
UT101752,Vivaan Gupta,Accessories,Minimal Sling Bag,3,1272.81,15.0,2025-11-25,Ahmedabad,Young Professional,1148.09,3245.67,572.76
UT102852,Arjun Mishra,T-Shirts,Premium Cotton Tee,2,1070.32,15.0,2025-11-25,Bengaluru,Premium Shopper,495.93,1819.54,321.1
UT100482,Rahul Bansal,Accessories,Leather Wallet,1,1561.95,30.0,2025-11-26,Pune,Young Professional,376.01,1093.36,468.58
UT101420,Kritika Nair,Dresses,Floral Midi Dress,4,2674.52,25.0,2025-11-26,Jaipur,Young Professional,2289.01,8023.56,2674.52
UT102239,Priya Kumar,T-Shirts,Essential Tee,1,1106.4,15.0,2025-11-26,Gurugram,Working Professional,246.08,940.44,165.96
UT102943,Shreya Malhotra,T-Shirts,Premium Cotton Tee,1,1417.38,25.0,2025-11-26,Gurugram,Student,271.36,1063.04,354.34
UT100394,Riya Sharma,T-Shirts,Relaxed Fit Tee,1,643.07,5.0,2025-11-27,Lucknow,Young Professional,265.87,610.92,32.15
UT101602,Aarav Agarwal,Shirts,Linen Shirt,1,2345.86,35.0,2025-11-27,Surat,Casual Shopper,298.08,1524.81,821.05
UT102543,Vivaan Reddy,Denim,Mom Fit Jeans,2,1663.77,0.0,2025-11-27,Kolkata,Young Professional,914.36,3327.54,0.0
UT100352,Nisha Kumar,Dresses,Oversized Shirt Dress,1,1778.89,10.0,2025-11-28,Surat,Working Professional,543.72,1601.0,177.89
UT100635,Manya Reddy,T-Shirts,Essential Tee,1,965.79,0.0,2025-11-28,Mumbai,Casual Shopper,303.31,965.79,0.0
UT101174,Shreya Saxena,T-Shirts,Premium Cotton Tee,2,873.59,10.0,2025-11-28,Pune,Student,448.47,1572.46,174.72
UT100355,Vivaan Nair,T-Shirts,Relaxed Fit Tee,1,1587.91,10.0,2025-11-29,Hyderabad,Premium Shopper,484.43,1429.12,158.79
UT101540,Nisha Patel,Denim,Denim Skirt,3,2610.37,20.0,2025-11-29,Delhi,Working Professional,1668.46,6264.89,1566.22
UT101863,Sneha Malhotra,Shirts,Textured Shirt,2,1484.39,30.0,2025-11-29,Delhi,Young Professional,579.61,2078.15,890.63
UT101864,Ishaan Reddy,Shirts,Linen Shirt,1,2291.44,35.0,2025-11-29,Chennai,Young Professional,416.53,1489.44,802.0
UT101990,Sakshi Das,Shirts,Oxford Shirt,1,1381.72,15.0,2025-11-29,Bengaluru,Premium Shopper,353.16,1174.46,207.26
UT102818,Rohan Mishra,Shirts,Linen Shirt,1,1883.37,5.0,2025-11-29,Ahmedabad,Premium Shopper,570.63,1789.2,94.17
UT100629,Nisha Reddy,Accessories,Minimal Sling Bag,3,1523.6,20.0,2025-11-30,Hyderabad,Casual Shopper,1191.13,3656.64,914.16
UT101009,Manya Shah,Accessories,Canvas Tote,1,841.09,35.0,2025-11-30,Chandigarh,Young Professional,156.3,546.71,294.38
UT101462,Arjun Saxena,Dresses,Ribbed Dress,1,2275.84,10.0,2025-11-30,Mumbai,Student,629.86,2048.26,227.58
UT100041,Riya Mishra,Dresses,Oversized Shirt Dress,2,2762.73,40.0,2025-12-01,Ahmedabad,Young Professional,856.81,3315.28,2210.18
UT100263,Sakshi Bansal,T-Shirts,Essential Tee,2,706.64,25.0,2025-12-01,Pune,Young Professional,340.36,1059.96,353.32
UT100389,Tanya Patel,Shirts,Oxford Shirt,1,2344.67,5.0,2025-12-01,Hyderabad,Student,655.96,2227.44,117.23
UT101466,Meera Singh,Denim,Denim Skirt,3,1666.05,10.0,2025-12-01,Chennai,Premium Shopper,1320.46,4498.34,499.81
UT101682,Aditi Kumar,Shirts,Linen Shirt,2,1351.75,30.0,2025-12-01,Ahmedabad,Working Professional,539.83,1892.45,811.05
UT102102,Aanya Joshi,T-Shirts,Essential Tee,2,1075.82,25.0,2025-12-01,Surat,Premium Shopper,488.82,1613.73,537.91
UT100126,Kavya Kapoor,T-Shirts,Minimal Logo Tee,4,840.46,25.0,2025-12-02,Delhi,Young Professional,767.22,2521.38,840.46
UT100698,Kavya Singh,Dresses,Floral Midi Dress,2,2571.22,25.0,2025-12-02,Gurugram,Young Professional,1098.96,3856.83,1285.61
UT101766,Aditya Mishra,T-Shirts,Premium Cotton Tee,2,1550.86,25.0,2025-12-02,Jaipur,Working Professional,649.43,2326.29,775.43
UT100082,Kabir Joshi,Dresses,Ribbed Dress,2,1409.5,15.0,2025-12-03,Bengaluru,Casual Shopper,719.31,2396.15,422.85
UT100523,Anika Das,Dresses,Casual Mini Dress,1,2721.26,25.0,2025-12-03,Noida,Working Professional,582.81,2040.95,680.32
UT100737,Manya Patel,T-Shirts,Relaxed Fit Tee,1,1192.97,0.0,2025-12-03,Lucknow,Working Professional,384.82,1192.97,0.0
UT101247,Tanya Gupta,Dresses,Casual Mini Dress,4,2016.49,10.0,2025-12-03,Noida,Young Professional,2266.83,7259.36,806.6
UT101271,Isha Shah,Denim,Denim Skirt,2,2453.48,20.0,2025-12-03,Surat,Working Professional,1067.49,3925.57,981.39
UT102471,Sakshi Das,Denim,Mom Fit Jeans,1,2286.71,15.0,2025-12-03,Chennai,Young Professional,508.09,1943.7,343.01
UT102731,Tanya Malhotra,Shirts,Relaxed Casual Shirt,2,1916.46,30.0,2025-12-03,Chennai,Casual Shopper,721.98,2683.04,1149.88
UT100049,Aditya Singh,Dresses,Ribbed Dress,5,1581.07,0.0,2025-12-04,Surat,Casual Shopper,2553.48,7905.35,0.0
UT100215,Pooja Sharma,T-Shirts,Relaxed Fit Tee,5,652.13,10.0,2025-12-04,Chandigarh,Working Professional,872.1,2934.58,326.07
UT101232,Manya Malhotra,T-Shirts,Minimal Logo Tee,1,1096.98,25.0,2025-12-04,Noida,Working Professional,150.34,822.74,274.24
UT101320,Aditi Bansal,Accessories,Canvas Tote,1,1631.0,10.0,2025-12-04,Lucknow,Working Professional,538.19,1467.9,163.1
UT102165,Aanya Das,Denim,Wide Leg Denim,1,2671.21,5.0,2025-12-04,Noida,Casual Shopper,675.54,2537.65,133.56
UT102551,Kavya Verma,T-Shirts,Essential Tee,3,1398.65,0.0,2025-12-04,Chennai,Working Professional,1379.58,4195.95,0.0
UT100506,Isha Sharma,Shirts,Linen Shirt,2,1231.91,0.0,2025-12-05,Chandigarh,Student,770.59,2463.82,0.0
UT102661,Rahul Jain,Accessories,Minimal Sling Bag,3,1552.78,15.0,2025-12-05,Hyderabad,Casual Shopper,1301.4,3959.59,698.75
UT102706,Rahul Chopra,T-Shirts,Relaxed Fit Tee,1,887.74,15.0,2025-12-05,Kolkata,Working Professional,276.77,754.58,133.16
UT102940,Rohan Saxena,Denim,Mom Fit Jeans,3,1641.9,15.0,2025-12-05,Pune,Casual Shopper,1064.1,4186.84,738.86
UT100262,Karan Kumar,Dresses,Oversized Shirt Dress,1,2643.24,15.0,2025-12-06,Gurugram,Young Professional,623.45,2246.75,396.49
UT100279,Priya Chopra,T-Shirts,Relaxed Fit Tee,1,1354.1,15.0,2025-12-06,Bengaluru,Premium Shopper,354.21,1150.98,203.12
UT100960,Anika Das,Shirts,Linen Shirt,2,1324.03,5.0,2025-12-06,Gurugram,Premium Shopper,761.85,2515.66,132.4
UT101339,Aarav Patel,Shirts,Textured Shirt,4,1885.56,0.0,2025-12-06,Surat,Casual Shopper,2246.25,7542.24,0.0
UT102580,Kavya Saxena,Shirts,Relaxed Casual Shirt,1,1836.06,25.0,2025-12-06,Bengaluru,Student,375.07,1377.04,459.01
UT102744,Kabir Verma,Accessories,Minimal Sling Bag,5,982.07,10.0,2025-12-06,Pune,Casual Shopper,1513.6,4419.32,491.03
UT100806,Sneha Kapoor,Dresses,Casual Mini Dress,2,2442.84,25.0,2025-12-07,Gurugram,Working Professional,1083.76,3664.26,1221.42
UT101556,Vivaan Mehta,Denim,Mom Fit Jeans,2,2928.61,15.0,2025-12-07,Bengaluru,Student,1202.93,4978.64,878.58
UT101936,Pooja Malhotra,Shirts,Linen Shirt,1,2225.63,15.0,2025-12-07,Noida,Young Professional,607.99,1891.79,333.84
UT102466,Priya Mehta,T-Shirts,Minimal Logo Tee,1,599.12,5.0,2025-12-07,Jaipur,Student,249.38,569.16,29.96
UT102765,Simran Shah,Denim,Denim Skirt,1,2694.58,20.0,2025-12-07,Lucknow,Premium Shopper,616.68,2155.66,538.92
UT100023,Yash Malhotra,T-Shirts,Essential Tee,1,805.37,10.0,2025-12-08,Chandigarh,Working Professional,318.82,724.83,80.54
UT100105,Sneha Das,Denim,Straight Fit Jeans,1,2519.11,20.0,2025-12-08,Jaipur,Working Professional,517.63,2015.29,503.82
UT100364,Diya Nair,Dresses,Casual Mini Dress,1,2853.16,10.0,2025-12-08,Hyderabad,Working Professional,867.7,2567.84,285.32
UT100475,Aarav Das,Accessories,Leather Wallet,2,1052.76,0.0,2025-12-08,Surat,Student,701.41,2105.52,0.0
UT101095,Arjun Sharma,T-Shirts,Relaxed Fit Tee,1,755.98,15.0,2025-12-08,Pune,Working Professional,198.47,642.58,113.4
UT101775,Sakshi Saxena,Denim,Wide Leg Denim,1,2540.27,20.0,2025-12-08,Noida,Premium Shopper,635.48,2032.22,508.05
UT101938,Aanya Verma,Accessories,Cap,2,1337.44,0.0,2025-12-08,Chandigarh,Young Professional,1011.95,2674.88,0.0
UT100046,Simran Joshi,Dresses,Floral Midi Dress,1,2409.44,20.0,2025-12-09,Chandigarh,Premium Shopper,622.35,1927.55,481.89
UT101262,Ananya Patel,Shirts,Relaxed Casual Shirt,2,2162.84,15.0,2025-12-09,Pune,Young Professional,1019.73,3676.83,648.85
UT101285,Sneha Mishra,Dresses,Casual Mini Dress,2,1393.81,15.0,2025-12-09,Lucknow,Casual Shopper,738.06,2369.48,418.14
UT101714,Kabir Shah,Denim,Straight Fit Jeans,1,3124.59,15.0,2025-12-09,Delhi,Student,675.3,2655.9,468.69
UT101913,Priya Joshi,Shirts,Relaxed Casual Shirt,1,2485.69,35.0,2025-12-09,Ahmedabad,Premium Shopper,387.22,1615.7,869.99
UT102452,Aanya Mehta,T-Shirts,Minimal Logo Tee,2,1472.1,25.0,2025-12-09,Hyderabad,Student,611.97,2208.15,736.05
UT101177,Meera Kapoor,Denim,Denim Skirt,1,1859.16,10.0,2025-12-10,Surat,Student,457.88,1673.24,185.92
UT102960,Ishaan Das,T-Shirts,Relaxed Fit Tee,1,645.16,15.0,2025-12-10,Mumbai,Student,167.02,548.39,96.77
UT101128,Kavya Kumar,Shirts,Textured Shirt,5,1644.21,20.0,2025-12-11,Gurugram,Casual Shopper,1723.58,6576.84,1644.21
UT101373,Rohan Joshi,Denim,Denim Skirt,4,2887.11,5.0,2025-12-11,Noida,Student,2936.32,10971.02,577.42
UT101705,Yash Shah,Accessories,Leather Wallet,2,1626.46,10.0,2025-12-11,Chennai,Casual Shopper,973.25,2927.63,325.29
UT102334,Karan Bansal,Dresses,Oversized Shirt Dress,4,2215.89,25.0,2025-12-11,Noida,Casual Shopper,1807.55,6647.67,2215.89
UT102523,Sneha Agarwal,T-Shirts,Premium Cotton Tee,5,1114.82,40.0,2025-12-11,Delhi,Casual Shopper,811.16,3344.46,2229.64
UT102716,Rahul Shah,T-Shirts,Minimal Logo Tee,3,850.25,20.0,2025-12-11,Mumbai,Premium Shopper,642.74,2040.6,510.15
UT100085,Yash Patel,T-Shirts,Relaxed Fit Tee,4,693.6,35.0,2025-12-12,Ahmedabad,Working Professional,442.51,1803.36,971.04
UT100315,Tanya Reddy,Denim,Wide Leg Denim,5,2231.62,10.0,2025-12-12,Noida,Young Professional,2721.12,10042.29,1115.81
UT100988,Vivaan Singh,Accessories,Canvas Tote,2,410.81,25.0,2025-12-12,Chennai,Premium Shopper,196.47,616.22,205.4
UT101695,Shreya Shah,T-Shirts,Relaxed Fit Tee,4,861.19,0.0,2025-12-12,Chandigarh,Premium Shopper,1157.08,3444.76,0.0
UT102037,Manya Das,Accessories,Cap,3,715.85,25.0,2025-12-12,Pune,Student,416.71,1610.66,536.89
UT101838,Priya Joshi,Shirts,Textured Shirt,3,1537.98,25.0,2025-12-13,Bengaluru,Student,901.12,3460.46,1153.49
UT101958,Pooja Mishra,Dresses,Ribbed Dress,1,2931.33,0.0,2025-12-13,Chandigarh,Premium Shopper,1028.54,2931.33,0.0
UT102810,Aarav Malhotra,Dresses,Casual Mini Dress,3,2401.96,25.0,2025-12-13,Bengaluru,Working Professional,1516.87,5404.41,1801.47
UT100282,Kritika Kapoor,Shirts,Linen Shirt,1,2369.97,15.0,2025-12-14,Lucknow,Working Professional,548.31,2014.47,355.5
UT101998,Riya Shah,T-Shirts,Essential Tee,5,626.12,20.0,2025-12-14,Kolkata,Student,624.44,2504.48,626.12
UT102098,Ishaan Patel,Accessories,Leather Wallet,4,1043.12,20.0,2025-12-14,Kolkata,Young Professional,1036.94,3337.98,834.5
UT101292,Priya Verma,Dresses,Floral Midi Dress,1,1376.5,15.0,2025-12-15,Chandigarh,Premium Shopper,378.23,1170.02,206.48
UT101729,Yash Agarwal,Shirts,Relaxed Casual Shirt,1,1728.53,15.0,2025-12-15,Surat,Casual Shopper,470.83,1469.25,259.28
UT100008,Tanya Verma,Denim,Straight Fit Jeans,5,2221.16,20.0,2025-12-16,Jaipur,Working Professional,2374.69,8884.64,2221.16
UT101041,Tanya Agarwal,Dresses,Casual Mini Dress,1,1799.2,35.0,2025-12-16,Gurugram,Working Professional,333.68,1169.48,629.72
UT101415,Diya Das,Shirts,Linen Shirt,1,1875.48,5.0,2025-12-16,Hyderabad,Young Professional,573.82,1781.71,93.77
UT102539,Aditi Bansal,T-Shirts,Relaxed Fit Tee,2,1162.56,35.0,2025-12-16,Bengaluru,Student,366.78,1511.33,813.79
UT102785,Sakshi Singh,Denim,Mom Fit Jeans,2,2436.41,10.0,2025-12-16,Kolkata,Working Professional,1292.8,4385.54,487.28
UT100072,Kritika Shah,Denim,Wide Leg Denim,1,2400.86,25.0,2025-12-17,Gurugram,Premium Shopper,484.3,1800.64,600.22
UT101659,Rohan Bansal,T-Shirts,Relaxed Fit Tee,1,1506.53,5.0,2025-12-17,Hyderabad,Working Professional,447.38,1431.2,75.33
UT101802,Tanya Mehta,T-Shirts,Relaxed Fit Tee,1,1173.51,15.0,2025-12-17,Hyderabad,Working Professional,281.47,997.48,176.03
UT102734,Isha Saxena,Accessories,Cap,2,1045.31,35.0,2025-12-17,Chennai,Student,410.96,1358.9,731.72
UT100525,Rahul Patel,Dresses,Floral Midi Dress,1,1977.45,20.0,2025-12-18,Ahmedabad,Student,414.96,1581.96,395.49
UT100591,Isha Saxena,T-Shirts,Premium Cotton Tee,2,1549.73,25.0,2025-12-18,Mumbai,Casual Shopper,603.93,2324.6,774.86
UT100825,Karan Nair,Denim,Wide Leg Denim,3,3280.0,5.0,2025-12-18,Bengaluru,Young Professional,2587.34,9348.0,492.0
UT101485,Diya Malhotra,Accessories,Canvas Tote,1,1128.86,5.0,2025-12-18,Gurugram,Student,478.54,1072.42,56.44
UT102170,Ananya Kapoor,Shirts,Oxford Shirt,2,1559.57,0.0,2025-12-18,Lucknow,Working Professional,1019.85,3119.14,0.0
UT102240,Aanya Kapoor,Accessories,Minimal Sling Bag,1,600.47,35.0,2025-12-18,Noida,Working Professional,187.02,390.31,210.16
UT100341,Sneha Bansal,T-Shirts,Minimal Logo Tee,1,1001.88,35.0,2025-12-19,Ahmedabad,Working Professional,145.05,651.22,350.66
UT100377,Kabir Malhotra,T-Shirts,Relaxed Fit Tee,2,820.14,0.0,2025-12-19,Gurugram,Student,533.96,1640.28,0.0
UT101835,Arjun Kumar,T-Shirts,Relaxed Fit Tee,1,1208.9,20.0,2025-12-19,Jaipur,Premium Shopper,309.67,967.12,241.78
UT102460,Aditya Kumar,Denim,Straight Fit Jeans,2,2222.88,20.0,2025-12-19,Chandigarh,Working Professional,942.69,3556.61,889.15
UT102651,Vivaan Nair,Accessories,Leather Wallet,3,496.2,25.0,2025-12-19,Delhi,Young Professional,370.35,1116.45,372.15
UT102796,Neha Singh,Denim,Wide Leg Denim,1,3075.05,10.0,2025-12-19,Surat,Working Professional,727.87,2767.54,307.51
UT101640,Yash Chopra,Accessories,Leather Wallet,1,1097.24,15.0,2025-12-20,Ahmedabad,Casual Shopper,273.88,932.65,164.59
UT102046,Shreya Gupta,Shirts,Oxford Shirt,2,1682.71,15.0,2025-12-20,Lucknow,Young Professional,861.87,2860.61,504.81
UT102736,Aditya Verma,Shirts,Linen Shirt,5,1658.0,35.0,2025-12-20,Chandigarh,Student,1194.7,5388.5,2901.5
UT101600,Kavya Saxena,T-Shirts,Essential Tee,3,1062.56,15.0,2025-12-21,Gurugram,Casual Shopper,722.04,2709.53,478.15
UT101746,Sneha Saxena,T-Shirts,Minimal Logo Tee,1,1030.86,5.0,2025-12-21,Ahmedabad,Working Professional,385.45,979.32,51.54
UT102186,Anika Nair,Accessories,Cap,2,1400.42,0.0,2025-12-21,Delhi,Casual Shopper,1007.1,2800.84,0.0
UT102379,Yash Gupta,Denim,Denim Skirt,1,2576.25,15.0,2025-12-21,Bengaluru,Young Professional,491.78,2189.81,386.44
UT102402,Karan Chopra,Dresses,Ribbed Dress,1,2131.93,5.0,2025-12-21,Lucknow,Working Professional,729.36,2025.33,106.6
UT100071,Kabir Bansal,Denim,Denim Skirt,1,2153.74,15.0,2025-12-22,Surat,Casual Shopper,486.3,1830.68,323.06
UT100508,Aditi Gupta,T-Shirts,Premium Cotton Tee,4,661.19,15.0,2025-12-22,Chennai,Student,583.41,2248.05,396.71
UT100711,Kabir Shah,Denim,Wide Leg Denim,1,3185.24,20.0,2025-12-22,Chandigarh,Working Professional,710.38,2548.19,637.05
UT100916,Kritika Reddy,T-Shirts,Relaxed Fit Tee,2,1124.12,10.0,2025-12-22,Hyderabad,Student,607.47,2023.42,224.82
UT101421,Sneha Jain,T-Shirts,Relaxed Fit Tee,2,1318.0,20.0,2025-12-22,Noida,Young Professional,634.52,2108.8,527.2
UT100339,Meera Kumar,Denim,Wide Leg Denim,3,1784.91,35.0,2025-12-23,Kolkata,Premium Shopper,856.37,3480.57,1874.16
UT100651,Kritika Nair,Denim,Mom Fit Jeans,3,3078.79,5.0,2025-12-23,Jaipur,Working Professional,2551.02,8774.55,461.82
UT101068,Priya Singh,T-Shirts,Essential Tee,1,1046.53,30.0,2025-12-23,Surat,Casual Shopper,210.66,732.57,313.96
UT101788,Aditya Saxena,Denim,Wide Leg Denim,2,2911.35,5.0,2025-12-23,Bengaluru,Working Professional,1661.58,5531.56,291.14
UT101805,Neha Nair,Accessories,Cap,2,1455.88,15.0,2025-12-23,Jaipur,Casual Shopper,828.16,2475.0,436.76
UT101904,Aditya Sharma,Shirts,Relaxed Casual Shirt,1,1810.79,15.0,2025-12-23,Kolkata,Working Professional,497.54,1539.17,271.62
UT100738,Simran Reddy,Dresses,Floral Midi Dress,4,1647.2,15.0,2025-12-24,Chennai,Working Professional,1709.28,5600.48,988.32
UT100941,Isha Reddy,T-Shirts,Essential Tee,2,1429.76,15.0,2025-12-24,Chennai,Young Professional,658.89,2430.59,428.93
UT100963,Nisha Mishra,Dresses,Ribbed Dress,1,1307.23,15.0,2025-12-24,Pune,Young Professional,286.44,1111.15,196.08
UT102415,Neha Shah,Denim,Mom Fit Jeans,1,2817.5,15.0,2025-12-24,Chennai,Young Professional,634.19,2394.88,422.62
UT102578,Pooja Bansal,Shirts,Linen Shirt,1,1447.56,25.0,2025-12-24,Mumbai,Premium Shopper,239.61,1085.67,361.89
UT102784,Isha Nair,T-Shirts,Essential Tee,2,1212.69,35.0,2025-12-24,Gurugram,Casual Shopper,345.79,1576.5,848.88
UT100754,Rohan Verma,T-Shirts,Premium Cotton Tee,1,1435.58,35.0,2025-12-25,Chandigarh,Premium Shopper,245.69,933.13,502.45
UT100980,Neha Das,Dresses,Oversized Shirt Dress,2,2015.33,0.0,2025-12-25,Chennai,Young Professional,1277.1,4030.66,0.0
UT102643,Simran Singh,Accessories,Cap,4,571.41,15.0,2025-12-25,Bengaluru,Casual Shopper,630.78,1942.79,342.85
UT100327,Pooja Verma,T-Shirts,Premium Cotton Tee,2,1135.19,5.0,2025-12-26,Bengaluru,Student,676.37,2156.86,113.52
UT100570,Sneha Kumar,Shirts,Textured Shirt,5,1355.73,20.0,2025-12-26,Gurugram,Casual Shopper,1363.79,5422.92,1355.73
UT100891,Rahul Kapoor,Dresses,Casual Mini Dress,2,1842.73,15.0,2025-12-26,Hyderabad,Working Professional,979.45,3132.64,552.82
UT102518,Kabir Joshi,Accessories,Minimal Sling Bag,2,1737.25,35.0,2025-12-26,Noida,Student,625.56,2258.43,1216.07
UT102582,Ishaan Shah,Shirts,Linen Shirt,1,2101.53,15.0,2025-12-26,Gurugram,Premium Shopper,569.73,1786.3,315.23
UT102913,Diya Agarwal,T-Shirts,Relaxed Fit Tee,2,1478.72,15.0,2025-12-26,Kolkata,Working Professional,782.97,2513.82,443.62
UT101782,Pooja Kumar,T-Shirts,Premium Cotton Tee,4,1570.29,0.0,2025-12-27,Mumbai,Young Professional,2061.44,6281.16,0.0
UT100177,Nisha Das,Accessories,Canvas Tote,1,842.59,20.0,2025-12-28,Chennai,Premium Shopper,270.21,674.07,168.52
UT100423,Ananya Sharma,Dresses,Floral Midi Dress,1,2543.97,10.0,2025-12-28,Mumbai,Young Professional,718.68,2289.57,254.4
UT100564,Anika Agarwal,Accessories,Cap,3,1477.15,15.0,2025-12-28,Pune,Casual Shopper,1295.32,3766.73,664.72
UT101510,Yash Sharma,Shirts,Relaxed Casual Shirt,4,2148.15,10.0,2025-12-28,Ahmedabad,Student,2096.98,7733.34,859.26
UT101816,Karan Patel,Dresses,Floral Midi Dress,1,1411.87,20.0,2025-12-28,Gurugram,Student,321.43,1129.5,282.37
UT102008,Aditi Joshi,Denim,Denim Skirt,1,2333.05,0.0,2025-12-28,Mumbai,Premium Shopper,731.48,2333.05,0.0
UT102620,Manya Jain,T-Shirts,Essential Tee,2,1518.97,0.0,2025-12-28,Jaipur,Working Professional,1004.08,3037.94,0.0
UT100320,Karan Joshi,Denim,Wide Leg Denim,2,2890.06,10.0,2025-12-29,Kolkata,Casual Shopper,1416.89,5202.11,578.01
UT101207,Shreya Chopra,Dresses,Oversized Shirt Dress,1,1649.58,15.0,2025-12-29,Hyderabad,Working Professional,427.22,1402.14,247.44
UT102137,Aanya Malhotra,Denim,Straight Fit Jeans,3,2647.46,30.0,2025-12-29,Noida,Working Professional,1405.42,5559.67,2382.71
UT100374,Kavya Das,T-Shirts,Essential Tee,1,993.0,10.0,2025-12-30,Noida,Casual Shopper,258.83,893.7,99.3
UT100987,Ananya Bansal,Dresses,Casual Mini Dress,3,2158.46,15.0,2025-12-30,Chandigarh,Working Professional,1713.56,5504.07,971.31
UT101191,Priya Kapoor,T-Shirts,Relaxed Fit Tee,1,1251.9,15.0,2025-12-30,Ahmedabad,Student,222.98,1064.12,187.79
UT101993,Kritika Kumar,Dresses,Oversized Shirt Dress,1,1557.73,15.0,2025-12-30,Surat,Young Professional,448.03,1324.07,233.66
UT100351,Sakshi Patel,Shirts,Oxford Shirt,2,1398.38,20.0,2025-12-31,Surat,Student,636.74,2237.41,559.35
UT100587,Karan Joshi,Denim,Wide Leg Denim,1,3041.94,10.0,2025-12-31,Chennai,Young Professional,763.27,2737.75,304.19
UT100939,Neha Das,T-Shirts,Essential Tee,4,1062.17,25.0,2025-12-31,Noida,Student,851.48,3186.51,1062.17
UT101088,Arjun Nair,Accessories,Leather Wallet,5,1762.9,20.0,2025-12-31,Noida,Young Professional,2446.03,7051.6,1762.9
UT101276,Manya Gupta,Denim,Straight Fit Jeans,1,2903.82,10.0,2025-12-31,Ahmedabad,Student,631.28,2613.44,290.38
UT101354,Aarav Agarwal,Shirts,Textured Shirt,1,1313.61,10.0,2025-12-31,Surat,Young Professional,328.0,1182.25,131.36
UT101692,Yash Singh,Shirts,Oxford Shirt,4,1628.66,30.0,2025-12-31,Chandigarh,Student,1108.48,4560.25,1954.39
UT102557,Anika Gupta,Denim,Mom Fit Jeans,5,3039.45,10.0,2025-12-31,Kolkata,Premium Shopper,3912.37,13677.52,1519.73
UT102650,Simran Kumar,Denim,Wide Leg Denim,1,3029.02,10.0,2025-12-31,Bengaluru,Premium Shopper,836.66,2726.12,302.9
UT100495,Kritika Singh,Accessories,Minimal Sling Bag,2,693.7,25.0,2026-01-01,Pune,Working Professional,345.56,1040.55,346.85
UT100810,Anika Shah,T-Shirts,Relaxed Fit Tee,4,1318.72,25.0,2026-01-01,Pune,Working Professional,1167.53,3956.16,1318.72
UT101152,Isha Mehta,Dresses,Casual Mini Dress,3,1677.87,20.0,2026-01-01,Mumbai,Young Professional,1213.12,4026.89,1006.72
UT102265,Sneha Singh,T-Shirts,Premium Cotton Tee,1,897.34,15.0,2026-01-01,Noida,Young Professional,223.16,762.74,134.6
UT101651,Nisha Kumar,Accessories,Minimal Sling Bag,1,740.09,10.0,2026-01-02,Chandigarh,Young Professional,203.68,666.08,74.01
UT100224,Ananya Reddy,Denim,Mom Fit Jeans,2,2418.36,20.0,2026-01-03,Chandigarh,Casual Shopper,944.85,3869.38,967.34
UT100979,Manya Jain,T-Shirts,Premium Cotton Tee,1,866.53,20.0,2026-01-03,Kolkata,Working Professional,211.88,693.22,173.31
UT101532,Karan Saxena,T-Shirts,Minimal Logo Tee,3,1075.47,40.0,2026-01-03,Mumbai,Casual Shopper,414.77,1935.85,1290.56
UT102358,Yash Sharma,T-Shirts,Premium Cotton Tee,2,1364.97,15.0,2026-01-03,Mumbai,Student,644.28,2320.45,409.49
UT100439,Anika Chopra,T-Shirts,Premium Cotton Tee,4,1429.88,15.0,2026-01-04,Lucknow,Premium Shopper,1546.24,4861.59,857.93
UT100787,Arjun Chopra,T-Shirts,Essential Tee,2,1510.93,30.0,2026-01-04,Surat,Working Professional,618.96,2115.3,906.56
UT102809,Arjun Mishra,Shirts,Oxford Shirt,1,2042.14,5.0,2026-01-04,Chennai,Premium Shopper,605.96,1940.03,102.11
UT100428,Priya Chopra,Dresses,Ribbed Dress,4,1529.42,15.0,2026-01-05,Hyderabad,Student,1485.42,5200.03,917.65
UT100516,Kavya Das,Accessories,Canvas Tote,1,720.22,10.0,2026-01-05,Pune,Casual Shopper,154.39,648.2,72.02
UT102049,Yash Agarwal,Denim,Wide Leg Denim,2,2960.64,5.0,2026-01-05,Lucknow,Working Professional,1696.61,5625.22,296.06
UT102244,Kavya Singh,Dresses,Floral Midi Dress,4,1457.11,20.0,2026-01-05,Gurugram,Young Professional,1406.19,4662.75,1165.69
UT102320,Aarav Kapoor,Denim,Denim Skirt,1,2289.48,0.0,2026-01-05,Pune,Working Professional,623.57,2289.48,0.0
UT102923,Isha Patel,T-Shirts,Relaxed Fit Tee,3,1554.15,10.0,2026-01-05,Mumbai,Premium Shopper,1382.4,4196.21,466.24
UT100139,Aanya Singh,Denim,Wide Leg Denim,2,2391.26,35.0,2026-01-06,Noida,Working Professional,715.78,3108.64,1673.88
UT100535,Vivaan Malhotra,T-Shirts,Relaxed Fit Tee,3,852.84,10.0,2026-01-06,Ahmedabad,Student,652.35,2302.67,255.85
UT101048,Diya Nair,Accessories,Leather Wallet,3,1628.93,15.0,2026-01-06,Chandigarh,Working Professional,1438.52,4153.77,733.02
UT101994,Manya Mishra,Shirts,Oxford Shirt,1,2317.31,5.0,2026-01-06,Lucknow,Premium Shopper,711.43,2201.44,115.87
UT102056,Pooja Reddy,T-Shirts,Premium Cotton Tee,1,678.33,5.0,2026-01-06,Jaipur,Premium Shopper,288.75,644.41,33.92
UT102428,Sneha Chopra,Accessories,Leather Wallet,2,531.91,15.0,2026-01-06,Surat,Student,292.64,904.25,159.57
UT100480,Neha Agarwal,Dresses,Floral Midi Dress,2,2070.7,35.0,2026-01-07,Chennai,Casual Shopper,660.76,2691.91,1449.49
UT101635,Aarav Mehta,T-Shirts,Essential Tee,3,1406.1,20.0,2026-01-07,Bengaluru,Student,830.37,3374.64,843.66
UT101968,Vivaan Jain,Dresses,Floral Midi Dress,1,1913.11,5.0,2026-01-07,Chandigarh,Student,587.12,1817.45,95.66
UT102288,Yash Mishra,Dresses,Ribbed Dress,2,2840.53,10.0,2026-01-07,Ahmedabad,Premium Shopper,1732.83,5112.95,568.11
UT102921,Diya Sharma,Shirts,Relaxed Casual Shirt,1,1488.39,10.0,2026-01-07,Gurugram,Casual Shopper,413.78,1339.55,148.84
UT102941,Sakshi Singh,T-Shirts,Premium Cotton Tee,1,676.74,15.0,2026-01-07,Hyderabad,Casual Shopper,99.31,575.23,101.51
UT101487,Priya Agarwal,T-Shirts,Premium Cotton Tee,2,1461.55,15.0,2026-01-08,Gurugram,Student,700.58,2484.63,438.47
UT101596,Sneha Bansal,Accessories,Cap,2,1437.63,5.0,2026-01-08,Chennai,Working Professional,984.27,2731.5,143.76
UT102648,Manya Reddy,Accessories,Canvas Tote,1,1574.75,5.0,2026-01-08,Chandigarh,Working Professional,476.61,1496.01,78.74
UT100598,Vivaan Malhotra,Accessories,Canvas Tote,2,1786.7,10.0,2026-01-09,Delhi,Working Professional,1192.37,3216.06,357.34
UT100603,Vivaan Verma,T-Shirts,Minimal Logo Tee,3,878.89,5.0,2026-01-09,Delhi,Student,711.65,2504.84,131.83
UT100687,Arjun Mehta,Shirts,Relaxed Casual Shirt,1,1599.43,10.0,2026-01-09,Surat,Premium Shopper,407.59,1439.49,159.94
UT100692,Ishaan Agarwal,T-Shirts,Essential Tee,1,1275.2,30.0,2026-01-09,Noida,Young Professional,217.88,892.64,382.56
UT101564,Ishaan Verma,T-Shirts,Minimal Logo Tee,4,1235.54,5.0,2026-01-09,Pune,Working Professional,1474.14,4695.05,247.11
UT101706,Kabir Das,T-Shirts,Relaxed Fit Tee,1,1394.45,10.0,2026-01-09,Bengaluru,Young Professional,351.76,1255.01,139.44
UT102118,Isha Kapoor,Shirts,Linen Shirt,2,1368.77,0.0,2026-01-09,Chandigarh,Student,852.8,2737.54,0.0
UT100308,Nisha Nair,Shirts,Oxford Shirt,1,1592.18,20.0,2026-01-10,Noida,Casual Shopper,278.14,1273.74,318.44
UT100731,Aanya Mehta,Shirts,Linen Shirt,1,1098.37,20.0,2026-01-10,Hyderabad,Student,210.16,878.7,219.67
UT100864,Kritika Chopra,T-Shirts,Relaxed Fit Tee,5,1593.83,5.0,2026-01-10,Jaipur,Working Professional,2451.27,7570.69,398.46
UT100893,Kritika Das,T-Shirts,Premium Cotton Tee,2,1116.52,0.0,2026-01-10,Pune,Casual Shopper,651.54,2233.04,0.0
UT100135,Aarav Joshi,T-Shirts,Minimal Logo Tee,2,763.88,15.0,2026-01-11,Jaipur,Young Professional,467.47,1298.6,229.16
UT100553,Priya Joshi,T-Shirts,Essential Tee,1,607.22,10.0,2026-01-11,Bengaluru,Working Professional,217.23,546.5,60.72
UT101638,Shreya Mishra,Dresses,Floral Midi Dress,1,1759.5,0.0,2026-01-11,Bengaluru,Premium Shopper,680.34,1759.5,0.0
UT102143,Vivaan Nair,Denim,Wide Leg Denim,2,1602.09,10.0,2026-01-11,Hyderabad,Premium Shopper,879.35,2883.76,320.42
UT100284,Kavya Joshi,Accessories,Leather Wallet,2,1597.13,15.0,2026-01-12,Surat,Student,852.48,2715.12,479.14
UT102506,Tanya Kapoor,Shirts,Relaxed Casual Shirt,5,1168.5,35.0,2026-01-12,Jaipur,Premium Shopper,1021.34,3797.62,2044.88
UT102795,Isha Chopra,Shirts,Textured Shirt,1,2126.43,0.0,2026-01-12,Chandigarh,Working Professional,676.7,2126.43,0.0
UT102554,Diya Malhotra,Dresses,Oversized Shirt Dress,1,2579.22,35.0,2026-01-13,Bengaluru,Casual Shopper,481.9,1676.49,902.73
UT102690,Nisha Nair,T-Shirts,Minimal Logo Tee,2,1254.74,15.0,2026-01-13,Jaipur,Working Professional,676.54,2133.06,376.42
UT102760,Kritika Chopra,Dresses,Floral Midi Dress,1,2557.94,15.0,2026-01-13,Jaipur,Young Professional,801.32,2174.25,383.69
UT100612,Yash Mishra,Shirts,Oxford Shirt,1,1569.04,40.0,2026-01-14,Ahmedabad,Student,190.74,941.42,627.62
UT102014,Anika Kapoor,Denim,Denim Skirt,1,2527.01,10.0,2026-01-14,Mumbai,Casual Shopper,627.38,2274.31,252.7
UT102481,Aditya Singh,Accessories,Leather Wallet,5,529.34,10.0,2026-01-14,Chennai,Student,854.9,2382.03,264.67
UT100854,Isha Reddy,T-Shirts,Premium Cotton Tee,2,758.67,10.0,2026-01-15,Lucknow,Premium Shopper,455.79,1365.61,151.73
UT100996,Kabir Shah,Shirts,Relaxed Casual Shirt,3,1375.81,5.0,2026-01-15,Lucknow,Casual Shopper,1125.2,3921.06,206.37
UT100995,Isha Verma,Accessories,Cap,2,1789.56,0.0,2026-01-16,Chennai,Working Professional,1346.38,3579.12,0.0
UT102418,Priya Gupta,Accessories,Leather Wallet,2,794.74,5.0,2026-01-16,Pune,Student,446.76,1510.01,79.47
UT102438,Meera Nair,Shirts,Relaxed Casual Shirt,1,2031.36,20.0,2026-01-16,Chennai,Student,396.82,1625.09,406.27
UT102555,Arjun Kumar,T-Shirts,Relaxed Fit Tee,5,611.04,30.0,2026-01-16,Surat,Young Professional,598.51,2138.64,916.56
UT100548,Aditi Agarwal,T-Shirts,Relaxed Fit Tee,1,1233.63,15.0,2026-01-17,Pune,Premium Shopper,290.79,1048.59,185.04
UT100709,Tanya Saxena,T-Shirts,Relaxed Fit Tee,1,1306.7,0.0,2026-01-17,Jaipur,Student,347.98,1306.7,0.0
UT100751,Aarav Verma,T-Shirts,Minimal Logo Tee,1,1017.39,10.0,2026-01-17,Hyderabad,Student,251.34,915.65,101.74
UT101203,Ananya Joshi,Accessories,Cap,1,456.68,5.0,2026-01-17,Kolkata,Student,107.11,433.85,22.83
UT102469,Shreya Agarwal,Denim,Mom Fit Jeans,3,1929.23,20.0,2026-01-17,Mumbai,Student,1057.65,4630.15,1157.54
UT102613,Shreya Gupta,Denim,Wide Leg Denim,4,2483.05,25.0,2026-01-17,Bengaluru,Young Professional,1821.96,7449.15,2483.05
UT102633,Aditi Chopra,Shirts,Linen Shirt,2,1673.54,25.0,2026-01-17,Bengaluru,Premium Shopper,699.41,2510.31,836.77
UT102952,Ananya Agarwal,T-Shirts,Essential Tee,4,1493.93,5.0,2026-01-17,Hyderabad,Student,1664.65,5676.93,298.79
UT101263,Meera Kapoor,Dresses,Casual Mini Dress,2,1570.74,15.0,2026-01-18,Mumbai,Working Professional,820.95,2670.26,471.22
UT101777,Shreya Saxena,Shirts,Relaxed Casual Shirt,1,1834.8,15.0,2026-01-18,Ahmedabad,Casual Shopper,404.95,1559.58,275.22
UT101922,Sneha Sharma,Shirts,Textured Shirt,1,1001.95,10.0,2026-01-18,Chandigarh,Young Professional,250.32,901.76,100.19
UT102575,Pooja Kapoor,Shirts,Oxford Shirt,3,1065.71,15.0,2026-01-18,Pune,Premium Shopper,852.3,2717.56,479.57
UT102932,Sakshi Agarwal,Dresses,Oversized Shirt Dress,5,1599.19,35.0,2026-01-18,Kolkata,Young Professional,1408.89,5197.37,2798.58
UT100671,Shreya Kumar,Denim,Wide Leg Denim,1,3125.88,40.0,2026-01-19,Delhi,Working Professional,473.72,1875.53,1250.35
UT100887,Riya Nair,Shirts,Relaxed Casual Shirt,1,1466.49,15.0,2026-01-19,Hyderabad,Young Professional,256.81,1246.52,219.97
UT101325,Kritika Bansal,Accessories,Cap,3,850.34,25.0,2026-01-19,Chennai,Young Professional,700.36,1913.26,637.76
UT101866,Diya Reddy,Dresses,Casual Mini Dress,5,2346.1,30.0,2026-01-19,Bengaluru,Working Professional,2380.42,8211.35,3519.15
UT102079,Diya Mishra,Accessories,Canvas Tote,1,527.66,25.0,2026-01-19,Surat,Working Professional,120.77,395.74,131.91
UT100057,Ananya Agarwal,T-Shirts,Minimal Logo Tee,2,618.19,20.0,2026-01-20,Noida,Young Professional,365.4,989.1,247.28
UT100486,Anika Singh,Accessories,Leather Wallet,1,895.31,30.0,2026-01-20,Jaipur,Young Professional,220.24,626.72,268.59
UT100641,Anika Verma,T-Shirts,Relaxed Fit Tee,2,825.03,15.0,2026-01-20,Mumbai,Student,394.73,1402.55,247.51
UT101104,Kavya Sharma,Dresses,Ribbed Dress,3,2603.05,20.0,2026-01-20,Surat,Premium Shopper,1938.41,6247.32,1561.83
UT101581,Vivaan Jain,Shirts,Oxford Shirt,2,2060.79,5.0,2026-01-20,Chennai,Student,1140.93,3915.5,206.08
UT101652,Yash Nair,Denim,Wide Leg Denim,1,2160.63,20.0,2026-01-20,Jaipur,Working Professional,469.09,1728.5,432.13
UT101710,Aditya Malhotra,Accessories,Cap,4,1165.91,35.0,2026-01-20,Bengaluru,Casual Shopper,947.15,3031.37,1632.27
UT102654,Ananya Agarwal,Dresses,Oversized Shirt Dress,3,2642.02,15.0,2026-01-20,Gurugram,Casual Shopper,2036.54,6737.15,1188.91
UT102825,Ananya Mehta,Shirts,Relaxed Casual Shirt,2,2447.82,10.0,2026-01-20,Ahmedabad,Working Professional,1346.44,4406.08,489.56
UT100743,Neha Jain,T-Shirts,Premium Cotton Tee,1,916.93,20.0,2026-01-21,Delhi,Premium Shopper,186.41,733.54,183.39
UT102745,Aditya Joshi,Denim,Wide Leg Denim,4,1730.02,15.0,2026-01-21,Ahmedabad,Young Professional,1577.19,5882.07,1038.01
UT102235,Anika Patel,Accessories,Minimal Sling Bag,1,1738.33,10.0,2026-01-22,Jaipur,Premium Shopper,603.11,1564.5,173.83
UT102820,Neha Shah,Dresses,Oversized Shirt Dress,2,2092.5,40.0,2026-01-22,Hyderabad,Working Professional,654.46,2511.0,1674.0
UT100860,Rohan Verma,T-Shirts,Relaxed Fit Tee,3,746.0,20.0,2026-01-23,Chandigarh,Premium Shopper,632.4,1790.4,447.6
UT101008,Rahul Shah,Denim,Wide Leg Denim,2,1552.28,10.0,2026-01-23,Ahmedabad,Working Professional,865.03,2794.1,310.46
UT101553,Riya Chopra,T-Shirts,Premium Cotton Tee,1,1558.57,30.0,2026-01-23,Surat,Young Professional,274.99,1091.0,467.57
UT102075,Meera Mishra,Denim,Denim Skirt,3,2967.82,15.0,2026-01-23,Pune,Young Professional,1960.84,7567.94,1335.52
UT100337,Aditi Sharma,T-Shirts,Essential Tee,1,880.33,5.0,2026-01-24,Delhi,Premium Shopper,268.72,836.31,44.02
UT101468,Pooja Nair,T-Shirts,Premium Cotton Tee,2,1376.13,40.0,2026-01-24,Mumbai,Casual Shopper,392.95,1651.36,1100.9
UT101646,Meera Das,T-Shirts,Premium Cotton Tee,1,654.47,35.0,2026-01-24,Delhi,Young Professional,105.3,425.41,229.06
UT101887,Aarav Patel,T-Shirts,Essential Tee,2,1372.93,25.0,2026-01-24,Bengaluru,Casual Shopper,558.06,2059.4,686.47
UT102362,Shreya Kapoor,Dresses,Ribbed Dress,1,2114.08,10.0,2026-01-24,Surat,Working Professional,619.35,1902.67,211.41
UT100152,Diya Malhotra,T-Shirts,Premium Cotton Tee,2,693.65,35.0,2026-01-25,Chennai,Premium Shopper,196.5,901.74,485.55
UT101926,Kritika Patel,Accessories,Leather Wallet,1,1214.71,5.0,2026-01-25,Delhi,Premium Shopper,439.36,1153.97,60.74
UT102327,Rohan Gupta,Accessories,Cap,1,1088.0,25.0,2026-01-25,Gurugram,Premium Shopper,289.85,816.0,272.0
UT102414,Shreya Jain,Denim,Mom Fit Jeans,1,2655.35,20.0,2026-01-25,Kolkata,Casual Shopper,479.18,2124.28,531.07
UT102627,Riya Malhotra,Shirts,Textured Shirt,2,2410.91,15.0,2026-01-25,Pune,Young Professional,1144.65,4098.55,723.27
UT102965,Rahul Das,Shirts,Oxford Shirt,1,1429.85,35.0,2026-01-25,Mumbai,Working Professional,225.05,929.4,500.45
UT102169,Nisha Das,Dresses,Ribbed Dress,1,2043.99,20.0,2026-01-26,Pune,Working Professional,497.44,1635.19,408.8
UT100547,Isha Patel,Denim,Denim Skirt,2,2190.21,35.0,2026-01-27,Bengaluru,Student,650.12,2847.27,1533.15
UT102374,Aarav Malhotra,Dresses,Ribbed Dress,1,2482.26,0.0,2026-01-27,Chennai,Premium Shopper,841.48,2482.26,0.0
UT102621,Aarav Agarwal,Dresses,Ribbed Dress,1,2870.16,15.0,2026-01-27,Chennai,Working Professional,801.57,2439.64,430.52
UT101763,Aditi Patel,Dresses,Floral Midi Dress,3,2270.7,15.0,2026-01-28,Hyderabad,Working Professional,1760.85,5790.28,1021.82
UT102045,Simran Das,Denim,Wide Leg Denim,1,1562.3,25.0,2026-01-28,Lucknow,Working Professional,339.1,1171.72,390.58
UT102135,Tanya Bansal,Denim,Mom Fit Jeans,1,3153.79,30.0,2026-01-28,Pune,Working Professional,592.4,2207.65,946.14
UT102109,Rahul Chopra,Dresses,Casual Mini Dress,1,2712.09,30.0,2026-01-29,Chennai,Working Professional,496.87,1898.46,813.63
UT102971,Tanya Joshi,T-Shirts,Relaxed Fit Tee,2,846.86,20.0,2026-01-29,Kolkata,Working Professional,429.37,1354.98,338.74
UT100331,Sneha Sharma,Dresses,Ribbed Dress,1,1566.53,5.0,2026-01-30,Noida,Student,490.46,1488.2,78.33
UT100820,Riya Kumar,T-Shirts,Essential Tee,1,776.68,10.0,2026-01-30,Mumbai,Working Professional,216.38,699.01,77.67
UT100961,Kritika Gupta,T-Shirts,Minimal Logo Tee,3,804.84,15.0,2026-01-30,Mumbai,Young Professional,682.65,2052.34,362.18
UT100964,Yash Saxena,Accessories,Minimal Sling Bag,1,649.69,0.0,2026-01-30,Ahmedabad,Working Professional,242.38,649.69,0.0
UT101218,Karan Mehta,T-Shirts,Essential Tee,2,1324.92,20.0,2026-01-30,Jaipur,Young Professional,602.06,2119.87,529.97
UT101284,Sakshi Nair,Dresses,Ribbed Dress,2,2617.98,20.0,2026-01-30,Gurugram,Premium Shopper,1315.98,4188.77,1047.19
UT101649,Tanya Chopra,Accessories,Leather Wallet,1,757.7,20.0,2026-01-30,Chennai,Working Professional,196.73,606.16,151.54
UT102153,Kabir Gupta,T-Shirts,Essential Tee,2,1297.45,0.0,2026-01-30,Noida,Young Professional,774.66,2594.9,0.0
UT102216,Rohan Joshi,T-Shirts,Essential Tee,3,997.46,25.0,2026-01-30,Jaipur,Casual Shopper,522.7,2244.28,748.1
UT102888,Diya Kapoor,Shirts,Linen Shirt,4,2480.02,20.0,2026-01-30,Bengaluru,Young Professional,2181.11,7936.06,1984.02
UT102936,Kritika Nair,Denim,Denim Skirt,4,2456.49,0.0,2026-01-30,Ahmedabad,Working Professional,2908.34,9825.96,0.0
UT100016,Riya Verma,Dresses,Oversized Shirt Dress,3,1438.87,10.0,2026-01-31,Hyderabad,Young Professional,1196.61,3884.95,431.66
UT100543,Rahul Bansal,Dresses,Oversized Shirt Dress,3,2644.69,15.0,2026-01-31,Chandigarh,Premium Shopper,2233.24,6743.96,1190.11
UT101666,Nisha Kapoor,Denim,Straight Fit Jeans,1,2067.71,20.0,2026-01-31,Chandigarh,Working Professional,467.71,1654.17,413.54
UT102434,Simran Chopra,T-Shirts,Minimal Logo Tee,2,1085.22,0.0,2026-01-31,Noida,Casual Shopper,708.95,2170.44,0.0
UT102482,Riya Reddy,Accessories,Minimal Sling Bag,3,611.2,20.0,2026-01-31,Ahmedabad,Student,478.15,1466.88,366.72
UT102764,Karan Joshi,Dresses,Ribbed Dress,1,2868.2,0.0,2026-01-31,Chandigarh,Student,905.25,2868.2,0.0
UT100157,Rahul Malhotra,Denim,Denim Skirt,4,2201.34,10.0,2026-02-01,Hyderabad,Student,1957.15,7924.82,880.54
UT100173,Tanya Verma,Dresses,Casual Mini Dress,1,2820.81,5.0,2026-02-01,Delhi,Casual Shopper,882.46,2679.77,141.04
UT101542,Sneha Verma,T-Shirts,Minimal Logo Tee,2,777.32,20.0,2026-02-01,Ahmedabad,Premium Shopper,417.27,1243.71,310.93
UT101818,Aditi Joshi,T-Shirts,Essential Tee,2,1557.17,0.0,2026-02-01,Pune,Working Professional,1009.12,3114.34,0.0
UT101854,Shreya Nair,T-Shirts,Essential Tee,1,762.41,15.0,2026-02-01,Jaipur,Premium Shopper,180.61,648.05,114.36
UT102103,Tanya Joshi,T-Shirts,Relaxed Fit Tee,2,1017.44,10.0,2026-02-01,Hyderabad,Working Professional,605.58,1831.39,203.49
UT102776,Tanya Mehta,Dresses,Floral Midi Dress,5,1377.66,20.0,2026-02-01,Lucknow,Working Professional,1747.23,5510.64,1377.66
UT102893,Tanya Patel,Dresses,Ribbed Dress,2,1566.58,0.0,2026-02-01,Jaipur,Working Professional,1077.95,3133.16,0.0
UT100086,Riya Kapoor,Shirts,Relaxed Casual Shirt,1,2216.36,20.0,2026-02-02,Mumbai,Working Professional,449.27,1773.09,443.27
UT100266,Ishaan Bansal,T-Shirts,Premium Cotton Tee,2,1293.98,40.0,2026-02-02,Delhi,Young Professional,443.8,1552.78,1035.18
UT101051,Anika Mehta,T-Shirts,Relaxed Fit Tee,1,1387.91,35.0,2026-02-02,Hyderabad,Working Professional,209.41,902.14,485.77
UT101187,Priya Nair,Denim,Straight Fit Jeans,2,2774.95,15.0,2026-02-02,Pune,Premium Shopper,1314.27,4717.42,832.48
UT102195,Rahul Verma,Accessories,Cap,1,1415.47,35.0,2026-02-02,Ahmedabad,Student,250.42,920.06,495.41
UT102549,Karan Singh,Denim,Straight Fit Jeans,2,2494.26,15.0,2026-02-02,Jaipur,Young Professional,1115.48,4240.24,748.28
UT102597,Kavya Chopra,T-Shirts,Premium Cotton Tee,1,796.84,30.0,2026-02-02,Ahmedabad,Young Professional,158.2,557.79,239.05
UT101188,Ananya Reddy,T-Shirts,Minimal Logo Tee,1,1418.31,0.0,2026-02-03,Ahmedabad,Working Professional,577.55,1418.31,0.0
UT101579,Ishaan Joshi,T-Shirts,Essential Tee,1,1358.1,25.0,2026-02-03,Jaipur,Premium Shopper,324.56,1018.58,339.52
UT101584,Isha Patel,Shirts,Oxford Shirt,1,2212.79,10.0,2026-02-03,Hyderabad,Young Professional,601.52,1991.51,221.28
UT101675,Karan Mishra,T-Shirts,Relaxed Fit Tee,1,705.21,0.0,2026-02-03,Gurugram,Student,197.43,705.21,0.0
UT102246,Anika Bansal,Dresses,Floral Midi Dress,1,2347.78,20.0,2026-02-03,Kolkata,Working Professional,629.27,1878.22,469.56
UT100412,Rohan Singh,T-Shirts,Relaxed Fit Tee,2,923.74,10.0,2026-02-04,Surat,Working Professional,422.86,1662.73,184.75
UT101217,Shreya Singh,Denim,Mom Fit Jeans,1,2925.05,40.0,2026-02-04,Jaipur,Student,377.44,1755.03,1170.02
UT101691,Diya Mishra,Shirts,Textured Shirt,2,1550.89,35.0,2026-02-04,Mumbai,Working Professional,531.23,2016.16,1085.62
UT100801,Anika Nair,Shirts,Textured Shirt,1,1707.28,15.0,2026-02-05,Mumbai,Student,380.18,1451.19,256.09
UT101800,Sneha Shah,T-Shirts,Minimal Logo Tee,1,681.84,10.0,2026-02-05,Pune,Premium Shopper,168.34,613.66,68.18
UT102392,Kritika Bansal,Accessories,Minimal Sling Bag,1,1026.38,20.0,2026-02-05,Chandigarh,Young Professional,284.06,821.1,205.28
UT102514,Isha Reddy,T-Shirts,Relaxed Fit Tee,1,628.73,5.0,2026-02-05,Noida,Working Professional,181.11,597.29,31.44
UT102953,Shreya Verma,Dresses,Oversized Shirt Dress,3,2555.86,30.0,2026-02-05,Surat,Premium Shopper,1545.41,5367.31,2300.27
UT100742,Neha Malhotra,Accessories,Leather Wallet,4,1733.59,15.0,2026-02-06,Surat,Working Professional,2081.32,5894.21,1040.15
UT102563,Isha Mishra,Shirts,Oxford Shirt,5,2346.8,30.0,2026-02-06,Delhi,Premium Shopper,2289.01,8213.8,3520.2
UT100025,Sakshi Jain,Dresses,Ribbed Dress,2,2809.2,10.0,2026-02-07,Mumbai,Student,1442.43,5056.56,561.84
UT100089,Aarav Mehta,Accessories,Canvas Tote,1,743.62,5.0,2026-02-07,Hyderabad,Casual Shopper,339.07,706.44,37.18
UT100639,Aditya Kapoor,T-Shirts,Relaxed Fit Tee,1,1346.95,15.0,2026-02-07,Noida,Working Professional,361.51,1144.91,202.04
UT101469,Isha Sharma,T-Shirts,Essential Tee,4,630.65,20.0,2026-02-07,Noida,Working Professional,554.68,2018.08,504.52
UT102183,Isha Chopra,T-Shirts,Minimal Logo Tee,1,841.2,10.0,2026-02-07,Mumbai,Casual Shopper,250.32,757.08,84.12
UT102236,Aditi Verma,Shirts,Relaxed Casual Shirt,1,1706.66,35.0,2026-02-07,Gurugram,Working Professional,297.65,1109.33,597.33
UT100131,Anika Saxena,Shirts,Linen Shirt,1,1514.16,40.0,2026-02-08,Ahmedabad,Working Professional,179.88,908.5,605.66
UT100473,Riya Gupta,Dresses,Oversized Shirt Dress,3,2624.29,15.0,2026-02-08,Gurugram,Student,1879.3,6691.94,1180.93
UT101122,Anika Jain,T-Shirts,Essential Tee,2,1501.42,30.0,2026-02-08,Noida,Working Professional,496.74,2101.99,900.85
UT101506,Sakshi Mehta,Denim,Wide Leg Denim,2,2836.91,0.0,2026-02-08,Lucknow,Working Professional,1723.76,5673.82,0.0
UT101877,Nisha Saxena,T-Shirts,Essential Tee,3,1146.59,15.0,2026-02-08,Bengaluru,Young Professional,785.39,2923.8,515.97
UT101919,Tanya Verma,T-Shirts,Relaxed Fit Tee,2,1095.01,25.0,2026-02-08,Kolkata,Student,452.58,1642.52,547.51
UT102167,Nisha Mehta,Shirts,Oxford Shirt,4,1471.29,15.0,2026-02-08,Kolkata,Young Professional,1370.2,5002.39,882.77
UT102347,Ananya Mehta,Shirts,Textured Shirt,1,1832.54,20.0,2026-02-08,Pune,Casual Shopper,328.29,1466.03,366.51
UT102867,Riya Jain,T-Shirts,Premium Cotton Tee,1,1373.3,25.0,2026-02-08,Jaipur,Student,219.6,1029.97,343.33
UT102935,Isha Agarwal,Dresses,Oversized Shirt Dress,2,2564.76,30.0,2026-02-08,Noida,Casual Shopper,920.6,3590.66,1538.86
UT100319,Ishaan Shah,T-Shirts,Premium Cotton Tee,2,629.57,20.0,2026-02-09,Kolkata,Student,275.01,1007.31,251.83
UT100799,Tanya Nair,T-Shirts,Relaxed Fit Tee,1,1588.12,30.0,2026-02-09,Delhi,Young Professional,333.42,1111.68,476.44
UT101170,Ishaan Nair,Dresses,Ribbed Dress,3,1647.78,10.0,2026-02-09,Mumbai,Casual Shopper,1314.37,4449.01,494.33
UT101517,Diya Gupta,Dresses,Casual Mini Dress,1,2204.46,15.0,2026-02-09,Chennai,Student,481.0,1873.79,330.67
UT101989,Aditya Joshi,T-Shirts,Essential Tee,1,1535.12,30.0,2026-02-09,Lucknow,Premium Shopper,277.79,1074.58,460.54
UT100034,Aarav Chopra,Dresses,Oversized Shirt Dress,1,1635.07,0.0,2026-02-10,Delhi,Working Professional,519.31,1635.07,0.0
UT100935,Sakshi Nair,T-Shirts,Essential Tee,1,845.9,20.0,2026-02-10,Delhi,Premium Shopper,195.32,676.72,169.18
UT101138,Kabir Patel,Denim,Denim Skirt,2,2300.74,20.0,2026-02-10,Mumbai,Working Professional,1043.43,3681.18,920.3
UT101505,Sneha Jain,T-Shirts,Essential Tee,1,974.53,20.0,2026-02-10,Delhi,Casual Shopper,183.52,779.62,194.91
UT101876,Rahul Verma,Accessories,Leather Wallet,1,1643.99,5.0,2026-02-10,Kolkata,Student,484.83,1561.79,82.2
UT102652,Kabir Chopra,Shirts,Linen Shirt,4,2035.61,25.0,2026-02-10,Chennai,Young Professional,1626.42,6106.83,2035.61
UT102767,Rohan Reddy,Shirts,Relaxed Casual Shirt,2,1139.86,30.0,2026-02-10,Chennai,Working Professional,409.62,1595.8,683.92
UT102987,Anika Mishra,T-Shirts,Essential Tee,1,738.28,25.0,2026-02-10,Kolkata,Working Professional,107.0,553.71,184.57
UT100230,Sneha Chopra,T-Shirts,Relaxed Fit Tee,2,600.98,20.0,2026-02-11,Gurugram,Student,269.86,961.57,240.39
UT100347,Nisha Nair,Shirts,Linen Shirt,4,1569.37,10.0,2026-02-11,Ahmedabad,Working Professional,1727.81,5649.73,627.75
UT100409,Kavya Sharma,Shirts,Textured Shirt,1,2140.27,15.0,2026-02-11,Mumbai,Casual Shopper,493.01,1819.23,321.04
UT101259,Simran Jain,T-Shirts,Essential Tee,4,1455.71,25.0,2026-02-11,Ahmedabad,Young Professional,1188.52,4367.13,1455.71
UT102962,Manya Malhotra,Accessories,Canvas Tote,3,978.6,0.0,2026-02-11,Gurugram,Young Professional,1095.21,2935.8,0.0
UT100133,Simran Mehta,Shirts,Oxford Shirt,2,2054.27,5.0,2026-02-12,Lucknow,Student,1149.21,3903.11,205.43
UT100440,Rohan Saxena,Accessories,Minimal Sling Bag,2,913.56,20.0,2026-02-12,Jaipur,Young Professional,559.02,1461.7,365.42
UT100464,Vivaan Agarwal,Shirts,Textured Shirt,2,1413.4,0.0,2026-02-12,Surat,Working Professional,959.57,2826.8,0.0
UT101063,Kavya Patel,Shirts,Relaxed Casual Shirt,2,1248.09,30.0,2026-02-12,Hyderabad,Young Professional,461.65,1747.33,748.85
UT101114,Tanya Mishra,Shirts,Relaxed Casual Shirt,2,1050.32,5.0,2026-02-12,Mumbai,Student,496.66,1995.61,105.03
UT101452,Aarav Gupta,T-Shirts,Relaxed Fit Tee,1,853.73,0.0,2026-02-12,Mumbai,Working Professional,290.56,853.73,0.0
UT102175,Aanya Das,T-Shirts,Premium Cotton Tee,3,945.92,10.0,2026-02-12,Kolkata,Young Professional,730.38,2553.98,283.78
UT102316,Riya Chopra,T-Shirts,Minimal Logo Tee,3,1242.62,20.0,2026-02-12,Chennai,Student,731.41,2982.29,745.57
UT102677,Arjun Sharma,Shirts,Linen Shirt,4,1044.57,15.0,2026-02-12,Noida,Student,971.93,3551.54,626.74
UT100122,Neha Agarwal,Accessories,Canvas Tote,1,566.77,0.0,2026-02-13,Chennai,Working Professional,215.5,566.77,0.0
UT100554,Simran Saxena,Denim,Denim Skirt,3,2232.09,5.0,2026-02-13,Mumbai,Student,1648.61,6361.46,334.81
UT101770,Meera Mehta,T-Shirts,Relaxed Fit Tee,1,1067.12,5.0,2026-02-13,Hyderabad,Student,291.76,1013.76,53.36
UT100585,Kavya Bansal,T-Shirts,Premium Cotton Tee,3,1497.46,20.0,2026-02-14,Mumbai,Working Professional,971.38,3593.9,898.48
UT101749,Yash Singh,T-Shirts,Minimal Logo Tee,5,1275.14,5.0,2026-02-14,Kolkata,Student,1727.86,6056.92,318.79
UT102569,Nisha Joshi,T-Shirts,Premium Cotton Tee,2,759.52,20.0,2026-02-14,Pune,Working Professional,291.69,1215.23,303.81
UT102634,Aditya Chopra,Dresses,Casual Mini Dress,2,1870.31,15.0,2026-02-14,Ahmedabad,Young Professional,971.59,3179.53,561.09
UT102996,Kabir Das,T-Shirts,Minimal Logo Tee,3,1331.58,35.0,2026-02-14,Delhi,Young Professional,636.0,2596.58,1398.16
UT100288,Sakshi Chopra,Dresses,Floral Midi Dress,2,2640.27,0.0,2026-02-15,Gurugram,Young Professional,1683.25,5280.54,0.0
UT101083,Aditya Gupta,T-Shirts,Minimal Logo Tee,3,1263.25,20.0,2026-02-15,Lucknow,Casual Shopper,870.37,3031.8,757.95
UT101382,Kabir Jain,T-Shirts,Premium Cotton Tee,2,1328.47,15.0,2026-02-15,Hyderabad,Student,619.93,2258.4,398.54
UT101605,Priya Gupta,Dresses,Ribbed Dress,1,2067.63,10.0,2026-02-15,Hyderabad,Working Professional,605.02,1860.87,206.76
UT102019,Aanya Kumar,T-Shirts,Premium Cotton Tee,1,1543.8,15.0,2026-02-15,Surat,Student,404.19,1312.23,231.57
UT102039,Vivaan Joshi,Shirts,Linen Shirt,4,1897.45,30.0,2026-02-15,Mumbai,Young Professional,1292.44,5312.86,2276.94
UT102355,Ananya Shah,T-Shirts,Premium Cotton Tee,2,1174.26,5.0,2026-02-15,Chennai,Student,698.01,2231.09,117.43
UT102473,Diya Malhotra,Denim,Straight Fit Jeans,2,1594.99,25.0,2026-02-15,Chennai,Young Professional,566.88,2392.48,797.49
UT102663,Ishaan Patel,T-Shirts,Minimal Logo Tee,5,841.29,20.0,2026-02-15,Lucknow,Working Professional,911.48,3365.16,841.29
UT102670,Meera Reddy,Accessories,Canvas Tote,1,1779.0,0.0,2026-02-15,Mumbai,Casual Shopper,680.32,1779.0,0.0
UT101810,Kabir Chopra,Dresses,Casual Mini Dress,2,1325.59,25.0,2026-02-16,Delhi,Young Professional,548.79,1988.38,662.8
UT102066,Aanya Agarwal,T-Shirts,Premium Cotton Tee,2,760.92,15.0,2026-02-16,Lucknow,Premium Shopper,322.4,1293.56,228.28
UT102146,Nisha Nair,T-Shirts,Premium Cotton Tee,2,1569.6,20.0,2026-02-16,Chennai,Premium Shopper,797.13,2511.36,627.84
UT101733,Kritika Reddy,Dresses,Ribbed Dress,2,1585.56,15.0,2026-02-17,Surat,Student,818.07,2695.45,475.67
UT101914,Priya Kumar,Dresses,Casual Mini Dress,4,2819.16,10.0,2026-02-17,Chandigarh,Student,2992.59,10148.98,1127.66
UT102552,Diya Singh,Shirts,Relaxed Casual Shirt,1,1419.16,20.0,2026-02-17,Surat,Casual Shopper,322.09,1135.33,283.83
UT100300,Rahul Malhotra,Denim,Wide Leg Denim,3,3251.9,35.0,2026-02-18,Chennai,Young Professional,1395.25,6341.21,3414.5
UT100408,Karan Kumar,Denim,Mom Fit Jeans,2,3137.75,30.0,2026-02-18,Delhi,Working Professional,1075.78,4392.85,1882.65
UT100574,Anika Reddy,Denim,Denim Skirt,1,1836.13,25.0,2026-02-18,Bengaluru,Young Professional,299.08,1377.1,459.03
UT100795,Sakshi Bansal,T-Shirts,Premium Cotton Tee,2,1308.71,5.0,2026-02-18,Bengaluru,Casual Shopper,723.02,2486.55,130.87
UT101798,Manya Agarwal,Dresses,Floral Midi Dress,2,2782.79,25.0,2026-02-18,Surat,Student,1120.24,4174.18,1391.4
UT100101,Kabir Joshi,T-Shirts,Premium Cotton Tee,3,867.9,0.0,2026-02-19,Ahmedabad,Young Professional,859.61,2603.7,0.0
UT102285,Kabir Joshi,Shirts,Relaxed Casual Shirt,5,2010.5,10.0,2026-02-19,Ahmedabad,Student,2435.35,9047.25,1005.25
UT100519,Meera Malhotra,Accessories,Canvas Tote,1,718.02,5.0,2026-02-20,Pune,Working Professional,294.09,682.12,35.9
UT101260,Shreya Mishra,Denim,Wide Leg Denim,3,2383.96,5.0,2026-02-20,Lucknow,Casual Shopper,1835.2,6794.29,357.59
UT101362,Neha Singh,Shirts,Textured Shirt,4,1442.74,5.0,2026-02-20,Noida,Working Professional,1746.68,5482.41,288.55
UT102502,Ishaan Gupta,T-Shirts,Premium Cotton Tee,1,906.42,5.0,2026-02-20,Bengaluru,Young Professional,298.51,861.1,45.32
UT100647,Priya Reddy,Denim,Mom Fit Jeans,3,2258.25,10.0,2026-02-21,Pune,Student,1560.59,6097.28,677.47
UT100685,Aditi Gupta,Accessories,Leather Wallet,4,725.65,15.0,2026-02-21,Jaipur,Premium Shopper,932.28,2467.21,435.39
UT101521,Isha Chopra,Accessories,Cap,3,674.3,25.0,2026-02-21,Noida,Premium Shopper,626.89,1517.18,505.72
UT101645,Sneha Agarwal,Denim,Straight Fit Jeans,1,2798.17,5.0,2026-02-21,Hyderabad,Working Professional,764.96,2658.26,139.91
UT102631,Priya Mehta,Accessories,Cap,1,1387.59,25.0,2026-02-21,Gurugram,Working Professional,290.34,1040.69,346.9
UT102793,Isha Jain,Denim,Wide Leg Denim,2,2038.83,10.0,2026-02-21,Jaipur,Student,924.58,3669.89,407.77
UT102819,Priya Mehta,Shirts,Linen Shirt,1,1914.65,15.0,2026-02-21,Pune,Student,437.81,1627.45,287.2
UT100437,Anika Singh,Accessories,Canvas Tote,5,1750.94,35.0,2026-02-22,Bengaluru,Working Professional,1809.62,5690.56,3064.15
UT100686,Kritika Malhotra,Shirts,Oxford Shirt,2,2181.82,5.0,2026-02-22,Jaipur,Student,1219.09,4145.46,218.18
UT101156,Rohan Agarwal,Accessories,Leather Wallet,1,1070.47,10.0,2026-02-22,Surat,Working Professional,296.02,963.42,107.05
UT101270,Arjun Reddy,Accessories,Canvas Tote,4,798.87,0.0,2026-02-22,Kolkata,Student,1155.17,3195.48,0.0
UT101780,Aanya Kapoor,Accessories,Canvas Tote,2,1336.89,10.0,2026-02-22,Pune,Working Professional,881.74,2406.4,267.38
UT102124,Aditya Reddy,Shirts,Oxford Shirt,1,1858.86,15.0,2026-02-22,Ahmedabad,Working Professional,494.91,1580.03,278.83
UT102313,Ishaan Verma,Accessories,Minimal Sling Bag,2,1136.12,15.0,2026-02-22,Chennai,Casual Shopper,666.1,1931.4,340.84
UT102354,Ishaan Patel,Dresses,Ribbed Dress,1,1657.45,25.0,2026-02-22,Mumbai,Young Professional,416.54,1243.09,414.36
UT102980,Priya Gupta,Denim,Denim Skirt,1,1770.64,20.0,2026-02-22,Hyderabad,Working Professional,327.76,1416.51,354.13
UT100268,Anika Sharma,Dresses,Ribbed Dress,4,2864.39,20.0,2026-02-23,Hyderabad,Casual Shopper,2617.88,9166.05,2291.51
UT100551,Rahul Reddy,Shirts,Relaxed Casual Shirt,2,1302.16,20.0,2026-02-23,Ahmedabad,Working Professional,582.37,2083.46,520.86
UT100828,Rohan Reddy,Shirts,Linen Shirt,2,1285.08,30.0,2026-02-23,Gurugram,Premium Shopper,473.72,1799.11,771.05
UT100940,Sneha Sharma,Shirts,Linen Shirt,2,1415.98,40.0,2026-02-23,Hyderabad,Working Professional,397.75,1699.18,1132.78
UT101223,Aarav Nair,Denim,Denim Skirt,2,1668.36,15.0,2026-02-23,Bengaluru,Working Professional,824.6,2836.21,500.51
UT102413,Rahul Joshi,Denim,Mom Fit Jeans,1,2919.33,10.0,2026-02-23,Delhi,Student,700.32,2627.4,291.93
UT100427,Aditya Verma,Accessories,Canvas Tote,3,1088.11,10.0,2026-02-24,Ahmedabad,Young Professional,1119.74,2937.9,326.43
UT101520,Kritika Singh,Denim,Straight Fit Jeans,1,2274.16,10.0,2026-02-24,Delhi,Young Professional,513.1,2046.74,227.42
UT101592,Kritika Malhotra,T-Shirts,Premium Cotton Tee,1,1483.3,20.0,2026-02-24,Kolkata,Premium Shopper,322.92,1186.64,296.66
UT101639,Arjun Singh,Shirts,Linen Shirt,2,1359.01,15.0,2026-02-24,Chennai,Premium Shopper,703.24,2310.32,407.7
UT102948,Simran Agarwal,Shirts,Relaxed Casual Shirt,1,2476.11,0.0,2026-02-25,Jaipur,Young Professional,779.2,2476.11,0.0
UT100161,Sneha Bansal,Dresses,Floral Midi Dress,1,1846.36,25.0,2026-02-26,Kolkata,Casual Shopper,309.23,1384.77,461.59
UT101465,Simran Malhotra,T-Shirts,Premium Cotton Tee,4,1406.36,15.0,2026-02-26,Kolkata,Student,1230.17,4781.62,843.82
UT101672,Sakshi Malhotra,T-Shirts,Essential Tee,2,899.43,10.0,2026-02-26,Kolkata,Student,555.32,1618.97,179.89
UT102435,Ananya Shah,T-Shirts,Relaxed Fit Tee,1,1263.74,5.0,2026-02-26,Lucknow,Working Professional,437.13,1200.55,63.19
UT102811,Vivaan Singh,Denim,Wide Leg Denim,5,1993.49,10.0,2026-02-26,Lucknow,Premium Shopper,2635.25,8970.71,996.74
UT100183,Anika Gupta,Accessories,Minimal Sling Bag,2,592.24,25.0,2026-02-27,Delhi,Working Professional,287.95,888.36,296.12
UT100419,Sneha Reddy,Accessories,Leather Wallet,1,846.93,5.0,2026-02-27,Mumbai,Young Professional,317.93,804.58,42.35
UT100611,Kavya Chopra,Denim,Mom Fit Jeans,1,2331.96,40.0,2026-02-27,Mumbai,Student,277.47,1399.18,932.78
UT101502,Aditya Agarwal,Shirts,Oxford Shirt,1,1092.42,20.0,2026-02-27,Mumbai,Casual Shopper,234.41,873.94,218.48
UT102205,Riya Nair,Shirts,Textured Shirt,3,1448.2,20.0,2026-02-27,Kolkata,Working Professional,997.75,3475.68,868.92
UT102967,Rahul Patel,Denim,Straight Fit Jeans,2,2495.78,20.0,2026-02-27,Gurugram,Casual Shopper,838.1,3993.25,998.31
UT100114,Kritika Verma,Dresses,Ribbed Dress,1,2588.13,25.0,2026-02-28,Delhi,Working Professional,565.58,1941.1,647.03
UT100318,Kritika Malhotra,T-Shirts,Minimal Logo Tee,3,1524.78,0.0,2026-02-28,Delhi,Young Professional,1422.81,4574.34,0.0
UT100699,Kabir Patel,Accessories,Cap,3,789.98,10.0,2026-02-28,Chennai,Working Professional,720.21,2132.95,236.99
UT101995,Rohan Das,Dresses,Casual Mini Dress,1,2528.39,15.0,2026-02-28,Hyderabad,Casual Shopper,646.53,2149.13,379.26
UT102241,Kabir Sharma,T-Shirts,Premium Cotton Tee,1,1209.7,15.0,2026-02-28,Delhi,Young Professional,302.75,1028.25,181.45
UT100398,Yash Shah,T-Shirts,Minimal Logo Tee,3,1532.04,0.0,2026-03-01,Delhi,Working Professional,1459.35,4596.12,0.0
UT102919,Karan Verma,Dresses,Oversized Shirt Dress,1,2736.54,15.0,2026-03-01,Jaipur,Young Professional,714.38,2326.06,410.48
UT100888,Tanya Saxena,T-Shirts,Minimal Logo Tee,3,1577.28,15.0,2026-03-02,Surat,Premium Shopper,1235.86,4022.06,709.78
UT102204,Sneha Kapoor,T-Shirts,Premium Cotton Tee,2,835.8,25.0,2026-03-02,Pune,Working Professional,339.69,1253.7,417.9
UT100448,Vivaan Saxena,Shirts,Relaxed Casual Shirt,1,1812.91,10.0,2026-03-03,Hyderabad,Student,514.16,1631.62,181.29
UT100886,Aarav Sharma,Shirts,Textured Shirt,1,2360.43,5.0,2026-03-03,Hyderabad,Student,648.51,2242.41,118.02
UT101089,Nisha Joshi,Denim,Wide Leg Denim,1,1599.11,20.0,2026-03-03,Mumbai,Student,277.36,1279.29,319.82
UT101319,Anika Agarwal,T-Shirts,Essential Tee,2,1056.12,10.0,2026-03-03,Delhi,Working Professional,579.14,1901.02,211.22
UT101647,Kabir Verma,Dresses,Floral Midi Dress,4,1906.67,35.0,2026-03-03,Mumbai,Young Professional,1373.16,4957.34,2669.34
UT102608,Anika Verma,T-Shirts,Essential Tee,1,1505.7,10.0,2026-03-03,Bengaluru,Casual Shopper,367.06,1355.13,150.57
UT102684,Karan Agarwal,Dresses,Oversized Shirt Dress,1,1612.34,20.0,2026-03-03,Bengaluru,Young Professional,392.21,1289.87,322.47
UT100212,Ananya Agarwal,Accessories,Leather Wallet,1,1608.4,25.0,2026-03-04,Gurugram,Student,371.67,1206.3,402.1
UT101393,Priya Malhotra,Dresses,Floral Midi Dress,1,1445.79,35.0,2026-03-04,Bengaluru,Young Professional,257.33,939.76,506.03
UT102625,Aditya Mehta,Dresses,Casual Mini Dress,1,1575.43,15.0,2026-03-04,Hyderabad,Student,407.47,1339.12,236.31
UT101972,Karan Singh,Shirts,Linen Shirt,2,1735.98,20.0,2026-03-05,Chennai,Premium Shopper,802.69,2777.57,694.39
UT102775,Aarav Jain,Dresses,Oversized Shirt Dress,2,2938.23,0.0,2026-03-05,Noida,Student,1818.22,5876.46,0.0
UT100125,Sakshi Singh,Dresses,Casual Mini Dress,1,1602.5,20.0,2026-03-06,Jaipur,Casual Shopper,409.4,1282.0,320.5
UT100669,Kabir Chopra,Denim,Wide Leg Denim,2,1590.82,20.0,2026-03-06,Chennai,Student,556.81,2545.31,636.33
UT101410,Riya Reddy,T-Shirts,Minimal Logo Tee,4,1346.06,5.0,2026-03-06,Surat,Student,1494.26,5115.03,269.21
UT101445,Rohan Kumar,Denim,Straight Fit Jeans,2,2842.67,10.0,2026-03-06,Delhi,Working Professional,1410.33,5116.81,568.53
UT101514,Diya Mehta,T-Shirts,Minimal Logo Tee,2,1406.6,35.0,2026-03-06,Lucknow,Young Professional,559.22,1828.58,984.62
UT101882,Pooja Patel,T-Shirts,Essential Tee,1,636.84,0.0,2026-03-06,Chennai,Young Professional,221.8,636.84,0.0
UT102701,Ananya Patel,Shirts,Textured Shirt,2,1752.97,10.0,2026-03-06,Pune,Student,844.06,3155.35,350.59
UT100145,Yash Agarwal,Accessories,Minimal Sling Bag,1,877.61,40.0,2026-03-07,Noida,Student,164.27,526.57,351.04
UT101194,Sakshi Sharma,Dresses,Ribbed Dress,1,1587.78,15.0,2026-03-07,Noida,Student,443.12,1349.61,238.17
UT101527,Ananya Mishra,T-Shirts,Relaxed Fit Tee,1,921.1,20.0,2026-03-07,Hyderabad,Working Professional,211.85,736.88,184.22
UT102561,Shreya Jain,T-Shirts,Premium Cotton Tee,1,745.75,15.0,2026-03-07,Noida,Casual Shopper,263.61,633.89,111.86
UT100991,Neha Saxena,T-Shirts,Essential Tee,1,1521.75,15.0,2026-03-08,Ahmedabad,Student,407.73,1293.49,228.26
UT101029,Sakshi Saxena,Denim,Mom Fit Jeans,2,3052.71,20.0,2026-03-09,Kolkata,Working Professional,1387.11,4884.34,1221.08
UT101512,Yash Gupta,T-Shirts,Minimal Logo Tee,2,1451.32,10.0,2026-03-09,Ahmedabad,Young Professional,694.73,2612.38,290.26
UT101856,Ananya Jain,T-Shirts,Minimal Logo Tee,2,913.46,10.0,2026-03-09,Noida,Casual Shopper,455.61,1644.23,182.69
UT102274,Priya Malhotra,T-Shirts,Premium Cotton Tee,1,950.21,10.0,2026-03-09,Jaipur,Premium Shopper,383.94,855.19,95.02
UT102854,Aarav Chopra,Accessories,Cap,1,839.84,10.0,2026-03-09,Ahmedabad,Working Professional,271.12,755.86,83.98
UT102958,Rohan Nair,Dresses,Ribbed Dress,1,2880.19,10.0,2026-03-09,Mumbai,Student,722.99,2592.17,288.02
UT100934,Rohan Saxena,Dresses,Floral Midi Dress,1,1965.89,30.0,2026-03-10,Noida,Premium Shopper,503.89,1376.12,589.77
UT101601,Aarav Sharma,T-Shirts,Premium Cotton Tee,2,1336.6,25.0,2026-03-10,Gurugram,Casual Shopper,417.49,2004.9,668.3
UT100664,Diya Verma,T-Shirts,Relaxed Fit Tee,3,1337.86,15.0,2026-03-11,Jaipur,Casual Shopper,920.89,3411.54,602.04
UT101516,Aanya Patel,Shirts,Linen Shirt,1,1518.47,15.0,2026-03-11,Noida,Working Professional,325.85,1290.7,227.77
UT102003,Vivaan Sharma,Shirts,Textured Shirt,1,1707.64,35.0,2026-03-11,Pune,Student,253.3,1109.97,597.67
UT100609,Kavya Jain,Denim,Straight Fit Jeans,1,2612.29,15.0,2026-03-12,Noida,Student,498.73,2220.45,391.84
UT101293,Isha Malhotra,Dresses,Ribbed Dress,1,2063.05,15.0,2026-03-12,Surat,Working Professional,610.45,1753.59,309.46
UT102043,Sneha Sharma,T-Shirts,Premium Cotton Tee,1,1413.43,35.0,2026-03-12,Surat,Student,180.14,918.73,494.7
UT100390,Kabir Kapoor,Denim,Mom Fit Jeans,3,2913.11,20.0,2026-03-13,Chandigarh,Casual Shopper,1669.34,6991.46,1747.87
UT100594,Anika Nair,T-Shirts,Essential Tee,1,1174.48,10.0,2026-03-13,Chandigarh,Student,343.09,1057.03,117.45
UT101368,Vivaan Jain,T-Shirts,Relaxed Fit Tee,2,976.14,5.0,2026-03-14,Delhi,Casual Shopper,605.79,1854.67,97.61
UT102134,Priya Chopra,Shirts,Relaxed Casual Shirt,2,1954.63,5.0,2026-03-14,Mumbai,Casual Shopper,1074.88,3713.8,195.46
UT102255,Diya Singh,T-Shirts,Minimal Logo Tee,2,1084.03,15.0,2026-03-14,Kolkata,Young Professional,567.06,1842.85,325.21
UT100244,Anika Jain,Shirts,Oxford Shirt,3,1386.0,15.0,2026-03-15,Mumbai,Student,975.89,3534.3,623.7
UT101299,Isha Patel,Accessories,Minimal Sling Bag,1,1009.44,15.0,2026-03-15,Chennai,Young Professional,270.74,858.02,151.42
UT100290,Sakshi Verma,Accessories,Leather Wallet,3,1107.81,15.0,2026-03-16,Noida,Working Professional,983.5,2824.92,498.51
UT101344,Rahul Singh,Shirts,Textured Shirt,1,1105.55,20.0,2026-03-16,Ahmedabad,Premium Shopper,187.44,884.44,221.11
UT102110,Yash Chopra,T-Shirts,Premium Cotton Tee,1,1214.45,25.0,2026-03-16,Surat,Working Professional,236.72,910.84,303.61
UT102441,Meera Mishra,Accessories,Leather Wallet,1,1215.89,10.0,2026-03-16,Noida,Young Professional,417.1,1094.3,121.59
UT102787,Karan Verma,T-Shirts,Premium Cotton Tee,1,965.67,5.0,2026-03-16,Chandigarh,Working Professional,330.21,917.39,48.28
UT102889,Priya Kumar,T-Shirts,Essential Tee,1,1280.35,20.0,2026-03-16,Lucknow,Working Professional,355.19,1024.28,256.07
UT102925,Ananya Mishra,Denim,Wide Leg Denim,1,1959.79,20.0,2026-03-16,Lucknow,Casual Shopper,366.54,1567.83,391.96
UT102950,Ananya Sharma,T-Shirts,Relaxed Fit Tee,1,1289.92,40.0,2026-03-16,Lucknow,Casual Shopper,119.25,773.95,515.97
UT100763,Aditi Reddy,T-Shirts,Premium Cotton Tee,1,627.28,30.0,2026-03-17,Pune,Student,78.22,439.1,188.18
UT101136,Aarav Singh,T-Shirts,Relaxed Fit Tee,1,801.7,10.0,2026-03-17,Jaipur,Young Professional,234.68,721.53,80.17
UT102078,Ishaan Patel,T-Shirts,Premium Cotton Tee,1,1362.42,10.0,2026-03-17,Ahmedabad,Working Professional,355.25,1226.18,136.24
UT102201,Isha Mishra,T-Shirts,Premium Cotton Tee,3,723.74,20.0,2026-03-17,Delhi,Casual Shopper,511.24,1736.98,434.24
UT102289,Nisha Shah,Denim,Wide Leg Denim,3,1861.69,25.0,2026-03-17,Gurugram,Young Professional,1088.9,4188.8,1396.27
UT102319,Ishaan Bansal,Shirts,Linen Shirt,5,1156.18,25.0,2026-03-17,Pune,Young Professional,1110.28,4335.68,1445.23
UT102917,Vivaan Kumar,Shirts,Oxford Shirt,1,1178.78,10.0,2026-03-17,Noida,Student,318.48,1060.9,117.88
UT100132,Rahul Bansal,T-Shirts,Minimal Logo Tee,4,695.97,10.0,2026-03-18,Hyderabad,Young Professional,770.17,2505.49,278.39
UT100859,Kavya Kapoor,Shirts,Oxford Shirt,3,2413.22,15.0,2026-03-18,Pune,Working Professional,1758.44,6153.71,1085.95
UT101092,Shreya Malhotra,Accessories,Minimal Sling Bag,1,1032.76,20.0,2026-03-18,Chandigarh,Premium Shopper,224.31,826.21,206.55
UT101433,Aanya Das,Denim,Mom Fit Jeans,1,2827.14,5.0,2026-03-18,Hyderabad,Young Professional,699.77,2685.78,141.36
UT101536,Aanya Bansal,Accessories,Canvas Tote,2,1744.51,10.0,2026-03-18,Hyderabad,Young Professional,1106.86,3140.12,348.9
UT101981,Kabir Kumar,Dresses,Oversized Shirt Dress,1,1542.36,40.0,2026-03-18,Hyderabad,Casual Shopper,300.98,925.42,616.94
UT102451,Kritika Saxena,Accessories,Minimal Sling Bag,5,585.81,5.0,2026-03-18,Chandigarh,Young Professional,1002.67,2782.6,146.45
UT102754,Neha Chopra,Dresses,Ribbed Dress,4,2744.15,15.0,2026-03-18,Noida,Young Professional,2738.32,9330.11,1646.49
UT102806,Neha Joshi,Dresses,Ribbed Dress,1,1810.52,30.0,2026-03-18,Delhi,Working Professional,282.04,1267.36,543.16
UT100375,Sakshi Singh,T-Shirts,Premium Cotton Tee,1,1078.77,15.0,2026-03-19,Chandigarh,Working Professional,255.5,916.95,161.82
UT100792,Nisha Joshi,Accessories,Canvas Tote,1,568.57,15.0,2026-03-19,Pune,Casual Shopper,171.59,483.28,85.29
UT101243,Kabir Joshi,T-Shirts,Minimal Logo Tee,1,1557.71,10.0,2026-03-19,Kolkata,Casual Shopper,361.3,1401.94,155.77
UT102269,Yash Shah,Shirts,Textured Shirt,1,2004.38,15.0,2026-03-19,Gurugram,Casual Shopper,369.33,1703.72,300.66
UT100391,Kavya Chopra,Dresses,Floral Midi Dress,4,2287.46,10.0,2026-03-20,Pune,Young Professional,2569.69,8234.86,914.98
UT100498,Simran Saxena,T-Shirts,Essential Tee,1,655.8,20.0,2026-03-20,Kolkata,Casual Shopper,90.87,524.64,131.16
UT102218,Ananya Reddy,Dresses,Oversized Shirt Dress,1,1426.62,10.0,2026-03-20,Chennai,Casual Shopper,393.34,1283.96,142.66
UT100977,Kritika Chopra,Dresses,Ribbed Dress,1,1931.25,0.0,2026-03-21,Jaipur,Student,636.96,1931.25,0.0
UT101422,Kavya Das,T-Shirts,Minimal Logo Tee,2,996.5,20.0,2026-03-21,Surat,Premium Shopper,501.98,1594.4,398.6
UT101496,Aanya Joshi,Accessories,Minimal Sling Bag,3,1483.29,0.0,2026-03-21,Ahmedabad,Premium Shopper,1663.15,4449.87,0.0
UT101855,Tanya Bansal,T-Shirts,Minimal Logo Tee,2,651.67,5.0,2026-03-21,Mumbai,Working Professional,425.78,1238.17,65.17
UT101897,Tanya Mehta,Shirts,Oxford Shirt,4,2137.33,5.0,2026-03-21,Bengaluru,Working Professional,2568.97,8121.85,427.47
UT100171,Pooja Nair,Accessories,Cap,2,585.98,20.0,2026-03-22,Bengaluru,Young Professional,375.56,937.57,234.39
UT100254,Sakshi Jain,Shirts,Relaxed Casual Shirt,1,1272.57,25.0,2026-03-22,Jaipur,Working Professional,267.12,954.43,318.14
UT100797,Rohan Jain,T-Shirts,Premium Cotton Tee,1,1358.92,20.0,2026-03-22,Bengaluru,Student,314.7,1087.14,271.78
UT100817,Nisha Verma,T-Shirts,Minimal Logo Tee,2,618.78,30.0,2026-03-22,Gurugram,Young Professional,251.69,866.29,371.27
UT101790,Shreya Kapoor,Shirts,Oxford Shirt,2,1913.05,5.0,2026-03-22,Lucknow,Working Professional,1117.34,3634.79,191.31
UT101944,Diya Kapoor,Accessories,Cap,1,1162.44,35.0,2026-03-22,Delhi,Casual Shopper,178.82,755.59,406.85
UT102270,Diya Saxena,Shirts,Oxford Shirt,1,1286.83,5.0,2026-03-22,Ahmedabad,Young Professional,412.38,1222.49,64.34
UT102815,Karan Malhotra,Shirts,Textured Shirt,1,2222.34,35.0,2026-03-22,Chandigarh,Premium Shopper,415.75,1444.52,777.82
UT100517,Manya Das,Denim,Wide Leg Denim,3,3246.97,0.0,2026-03-23,Gurugram,Young Professional,2820.88,9740.91,0.0
UT100696,Kavya Chopra,T-Shirts,Minimal Logo Tee,1,941.3,25.0,2026-03-23,Bengaluru,Casual Shopper,166.18,705.97,235.33
UT100796,Aditya Nair,Denim,Straight Fit Jeans,1,2851.66,15.0,2026-03-23,Pune,Student,642.89,2423.91,427.75
UT101242,Aarav Mehta,T-Shirts,Premium Cotton Tee,1,989.77,0.0,2026-03-23,Noida,Young Professional,288.77,989.77,0.0
UT101771,Rohan Saxena,T-Shirts,Premium Cotton Tee,3,1031.28,15.0,2026-03-23,Jaipur,Young Professional,870.73,2629.76,464.08
UT102400,Aditya Joshi,Accessories,Minimal Sling Bag,3,815.09,0.0,2026-03-23,Noida,Working Professional,886.42,2445.27,0.0
UT100097,Diya Agarwal,T-Shirts,Essential Tee,2,1487.32,15.0,2026-03-24,Surat,Premium Shopper,817.07,2528.44,446.2
UT100502,Aarav Bansal,Accessories,Minimal Sling Bag,1,541.32,20.0,2026-03-24,Bengaluru,Student,161.33,433.06,108.26
UT101059,Sakshi Nair,T-Shirts,Essential Tee,3,697.83,0.0,2026-03-24,Hyderabad,Casual Shopper,585.85,2093.49,0.0
UT101689,Neha Singh,Accessories,Leather Wallet,1,445.09,25.0,2026-03-24,Noida,Student,66.57,333.82,111.27
UT101747,Ishaan Singh,T-Shirts,Relaxed Fit Tee,5,1191.94,15.0,2026-03-24,Ahmedabad,Student,1434.23,5065.75,893.96
UT102771,Riya Patel,Dresses,Casual Mini Dress,1,2130.91,20.0,2026-03-24,Chennai,Young Professional,441.87,1704.73,426.18
UT100062,Sneha Malhotra,Accessories,Minimal Sling Bag,1,1287.97,15.0,2026-03-25,Gurugram,Student,335.47,1094.77,193.2
UT100851,Kabir Kumar,T-Shirts,Minimal Logo Tee,2,801.99,10.0,2026-03-25,Noida,Student,372.18,1443.58,160.4
UT101018,Sneha Verma,T-Shirts,Relaxed Fit Tee,1,1111.39,15.0,2026-03-25,Chennai,Student,309.68,944.68,166.71
UT102429,Shreya Patel,Accessories,Canvas Tote,1,555.75,15.0,2026-03-25,Mumbai,Student,210.05,472.39,83.36
UT102522,Aditya Gupta,Accessories,Canvas Tote,3,1303.53,5.0,2026-03-25,Pune,Young Professional,1280.6,3715.06,195.53
UT100310,Tanya Singh,Shirts,Relaxed Casual Shirt,1,1678.88,10.0,2026-03-26,Delhi,Working Professional,528.48,1510.99,167.89
UT101599,Aditya Verma,T-Shirts,Relaxed Fit Tee,1,811.67,15.0,2026-03-26,Jaipur,Young Professional,275.2,689.92,121.75
UT101765,Sakshi Gupta,Denim,Denim Skirt,5,3004.66,10.0,2026-03-26,Mumbai,Young Professional,3704.26,13520.97,1502.33
UT101960,Aanya Joshi,Accessories,Minimal Sling Bag,3,1662.32,10.0,2026-03-26,Pune,Working Professional,1587.89,4488.26,498.7
UT102504,Rahul Nair,Dresses,Ribbed Dress,4,1434.21,15.0,2026-03-26,Hyderabad,Student,1373.11,4876.31,860.53
UT100713,Rahul Nair,T-Shirts,Essential Tee,2,790.62,20.0,2026-03-27,Lucknow,Young Professional,404.33,1264.99,316.25
UT102446,Pooja Nair,Dresses,Oversized Shirt Dress,4,1721.47,10.0,2026-03-27,Kolkata,Working Professional,1959.42,6197.29,688.59
UT102463,Rahul Malhotra,T-Shirts,Relaxed Fit Tee,3,1099.97,10.0,2026-03-27,Delhi,Working Professional,953.47,2969.92,329.99
UT102589,Meera Kapoor,Accessories,Cap,1,1476.52,10.0,2026-03-27,Chandigarh,Working Professional,511.37,1328.87,147.65
UT102610,Aanya Agarwal,T-Shirts,Essential Tee,2,1026.28,0.0,2026-03-27,Hyderabad,Working Professional,732.2,2052.56,0.0
UT100759,Aditya Singh,Shirts,Relaxed Casual Shirt,3,1349.34,0.0,2026-03-28,Surat,Young Professional,1222.92,4048.02,0.0
UT100881,Simran Bansal,Dresses,Ribbed Dress,2,2323.26,15.0,2026-03-30,Surat,Casual Shopper,1162.99,3949.54,696.98
UT100896,Ananya Chopra,Denim,Wide Leg Denim,2,3018.66,40.0,2026-03-30,Ahmedabad,Casual Shopper,708.74,3622.39,2414.93
UT101844,Tanya Chopra,T-Shirts,Essential Tee,1,1035.43,5.0,2026-03-30,Chandigarh,Young Professional,276.12,983.66,51.77
UT101909,Riya Chopra,Shirts,Oxford Shirt,2,1984.77,10.0,2026-03-30,Pune,Working Professional,1002.81,3572.59,396.95
UT102029,Aditi Shah,Dresses,Casual Mini Dress,1,1806.21,0.0,2026-03-30,Kolkata,Student,557.33,1806.21,0.0
UT100645,Aanya Das,Denim,Wide Leg Denim,4,2924.98,10.0,2026-03-31,Delhi,Young Professional,2896.68,10529.93,1169.99
UT101230,Simran Jain,T-Shirts,Premium Cotton Tee,1,681.56,10.0,2026-03-31,Bengaluru,Young Professional,219.34,613.4,68.16
UT101915,Aanya Mishra,T-Shirts,Premium Cotton Tee,2,1309.9,10.0,2026-03-31,Noida,Working Professional,729.22,2357.82,261.98
UT102592,Priya Jain,Dresses,Ribbed Dress,1,2862.4,5.0,2026-03-31,Pune,Young Professional,906.32,2719.28,143.12
UT102662,Aarav Reddy,Dresses,Oversized Shirt Dress,3,2910.83,10.0,2026-03-31,Lucknow,Young Professional,2496.35,7859.24,873.25
UT100006,Isha Singh,Shirts,Textured Shirt,2,2446.0,20.0,2026-04-01,Hyderabad,Student,937.97,3913.6,978.4
UT100020,Meera Gupta,Dresses,Oversized Shirt Dress,1,2762.93,15.0,2026-04-01,Noida,Student,623.07,2348.49,414.44
UT100070,Isha Patel,Shirts,Oxford Shirt,1,1190.95,15.0,2026-04-01,Bengaluru,Young Professional,299.6,1012.31,178.64
UT100705,Simran Malhotra,T-Shirts,Essential Tee,1,714.91,25.0,2026-04-01,Lucknow,Working Professional,149.8,536.18,178.73
UT101204,Kavya Agarwal,Dresses,Casual Mini Dress,2,2738.27,30.0,2026-04-01,Pune,Premium Shopper,1134.74,3833.58,1642.96
UT101849,Vivaan Jain,T-Shirts,Relaxed Fit Tee,1,724.8,15.0,2026-04-01,Chennai,Student,160.95,616.08,108.72
UT102206,Vivaan Kumar,T-Shirts,Minimal Logo Tee,1,1472.26,15.0,2026-04-01,Surat,Premium Shopper,486.57,1251.42,220.84
UT102272,Sneha Mishra,T-Shirts,Essential Tee,3,1327.64,0.0,2026-04-01,Chennai,Young Professional,1358.44,3982.92,0.0
UT100229,Vivaan Patel,T-Shirts,Minimal Logo Tee,2,1031.56,30.0,2026-04-02,Ahmedabad,Student,328.55,1444.18,618.94
UT100345,Aditi Gupta,T-Shirts,Premium Cotton Tee,2,622.63,20.0,2026-04-02,Bengaluru,Casual Shopper,265.9,996.21,249.05
UT100576,Karan Joshi,T-Shirts,Minimal Logo Tee,2,1382.2,35.0,2026-04-02,Chennai,Student,448.08,1796.86,967.54
UT101127,Vivaan Singh,Dresses,Oversized Shirt Dress,4,2916.42,15.0,2026-04-02,Gurugram,Casual Shopper,2918.66,9915.83,1749.85
UT101787,Aanya Kapoor,Shirts,Oxford Shirt,4,2377.86,5.0,2026-04-02,Kolkata,Working Professional,2698.77,9035.87,475.57
UT102488,Shreya Das,T-Shirts,Relaxed Fit Tee,1,1475.08,30.0,2026-04-02,Surat,Working Professional,277.73,1032.56,442.52
UT100137,Sakshi Bansal,Denim,Mom Fit Jeans,1,1851.57,25.0,2026-04-03,Bengaluru,Student,342.07,1388.68,462.89
UT100528,Sakshi Singh,Denim,Wide Leg Denim,1,1638.91,10.0,2026-04-03,Lucknow,Working Professional,474.95,1475.02,163.89
UT100656,Rohan Sharma,T-Shirts,Essential Tee,3,744.75,10.0,2026-04-03,Bengaluru,Young Professional,587.68,2010.82,223.42
UT100968,Aditya Kumar,Accessories,Canvas Tote,1,981.19,10.0,2026-04-03,Delhi,Young Professional,331.77,883.07,98.12
UT102768,Aditi Mehta,Shirts,Textured Shirt,2,1617.69,10.0,2026-04-03,Bengaluru,Student,792.52,2911.84,323.54
UT100571,Aarav Malhotra,Shirts,Oxford Shirt,2,1650.05,15.0,2026-04-04,Bengaluru,Casual Shopper,755.59,2805.08,495.01
UT100920,Tanya Das,Accessories,Minimal Sling Bag,1,550.94,25.0,2026-04-04,Gurugram,Casual Shopper,143.88,413.21,137.74
UT101727,Diya Joshi,Dresses,Ribbed Dress,1,2234.98,10.0,2026-04-04,Kolkata,Casual Shopper,571.53,2011.48,223.5
UT101799,Manya Shah,T-Shirts,Relaxed Fit Tee,1,681.26,15.0,2026-04-04,Pune,Young Professional,142.51,579.07,102.19
UT100514,Vivaan Joshi,Denim,Wide Leg Denim,2,2290.91,25.0,2026-04-05,Gurugram,Student,796.84,3436.36,1145.46
UT101012,Isha Chopra,T-Shirts,Premium Cotton Tee,1,876.87,35.0,2026-04-05,Hyderabad,Working Professional,149.85,569.97,306.9
UT101150,Vivaan Kapoor,T-Shirts,Minimal Logo Tee,2,1205.19,20.0,2026-04-05,Chandigarh,Student,422.83,1928.3,482.08
UT102389,Simran Patel,Accessories,Canvas Tote,2,821.79,20.0,2026-04-05,Surat,Casual Shopper,464.29,1314.86,328.72
UT102537,Rahul Kumar,Accessories,Leather Wallet,3,1049.51,5.0,2026-04-05,Bengaluru,Student,1007.96,2991.1,157.43
UT100600,Nisha Patel,T-Shirts,Premium Cotton Tee,3,1183.99,15.0,2026-04-06,Hyderabad,Student,772.72,3019.17,532.8
UT100830,Aditya Malhotra,Denim,Wide Leg Denim,1,1970.54,30.0,2026-04-06,Ahmedabad,Student,278.34,1379.38,591.16
UT101102,Tanya Malhotra,Shirts,Relaxed Casual Shirt,1,2073.49,25.0,2026-04-06,Surat,Casual Shopper,475.42,1555.12,518.37
UT101330,Aanya Patel,Shirts,Linen Shirt,2,2115.57,20.0,2026-04-06,Delhi,Working Professional,998.05,3384.91,846.23
UT102158,Vivaan Shah,Denim,Wide Leg Denim,2,1877.13,5.0,2026-04-06,Bengaluru,Working Professional,1014.59,3566.55,187.71
UT100618,Meera Sharma,T-Shirts,Relaxed Fit Tee,1,781.31,25.0,2026-04-07,Lucknow,Young Professional,199.64,585.98,195.33
UT102178,Priya Jain,Accessories,Canvas Tote,1,1757.65,0.0,2026-04-07,Pune,Premium Shopper,668.94,1757.65,0.0
UT102231,Sakshi Malhotra,Dresses,Floral Midi Dress,2,1934.61,20.0,2026-04-07,Lucknow,Student,795.89,3095.38,773.84
UT102519,Meera Kapoor,Accessories,Canvas Tote,2,1114.38,15.0,2026-04-07,Hyderabad,Casual Shopper,673.63,1894.45,334.31
UT100311,Ananya Nair,Shirts,Linen Shirt,1,1561.89,5.0,2026-04-08,Jaipur,Working Professional,483.01,1483.8,78.09
UT100410,Meera Joshi,T-Shirts,Relaxed Fit Tee,3,865.58,15.0,2026-04-08,Pune,Student,585.33,2207.23,389.51
UT100947,Riya Singh,T-Shirts,Minimal Logo Tee,5,1518.46,30.0,2026-04-08,Chennai,Working Professional,1492.58,5314.61,2277.69
UT101028,Ananya Saxena,Shirts,Relaxed Casual Shirt,1,2366.31,0.0,2026-04-08,Bengaluru,Working Professional,701.62,2366.31,0.0
UT101272,Yash Saxena,T-Shirts,Premium Cotton Tee,1,1510.9,15.0,2026-04-08,Jaipur,Student,399.9,1284.27,226.64
UT102001,Neha Sharma,Shirts,Textured Shirt,2,2096.72,0.0,2026-04-08,Bengaluru,Young Professional,1255.15,4193.44,0.0
UT100286,Riya Verma,T-Shirts,Essential Tee,3,657.67,15.0,2026-04-09,Lucknow,Student,467.44,1677.06,295.95
UT101949,Isha Saxena,Accessories,Cap,5,954.34,10.0,2026-04-09,Chennai,Young Professional,1541.82,4294.53,477.17
UT102780,Neha Malhotra,Dresses,Casual Mini Dress,1,2637.04,10.0,2026-04-09,Chennai,Casual Shopper,688.49,2373.34,263.7
UT102982,Simran Verma,Dresses,Casual Mini Dress,2,2557.92,30.0,2026-04-09,Ahmedabad,Working Professional,1016.76,3581.09,1534.75
UT100436,Isha Kumar,T-Shirts,Premium Cotton Tee,3,660.96,5.0,2026-04-10,Gurugram,Student,540.12,1883.74,99.14
UT101039,Kabir Reddy,T-Shirts,Premium Cotton Tee,5,1452.52,5.0,2026-04-10,Noida,Casual Shopper,2029.18,6899.47,363.13
UT101157,Simran Singh,T-Shirts,Minimal Logo Tee,2,1256.51,10.0,2026-04-10,Chennai,Premium Shopper,743.82,2261.72,251.3
UT102117,Ishaan Nair,Denim,Straight Fit Jeans,2,2442.74,25.0,2026-04-10,Delhi,Premium Shopper,1028.17,3664.11,1221.37
UT100015,Kritika Saxena,Denim,Straight Fit Jeans,1,1663.62,10.0,2026-04-11,Bengaluru,Student,429.67,1497.26,166.36
UT100660,Priya Kapoor,T-Shirts,Minimal Logo Tee,3,923.72,15.0,2026-04-11,Surat,Young Professional,672.62,2355.49,415.67
UT101486,Manya Kumar,Dresses,Floral Midi Dress,1,2016.84,15.0,2026-04-11,Jaipur,Casual Shopper,459.66,1714.31,302.53
UT102328,Aditi Agarwal,Denim,Straight Fit Jeans,1,3086.31,10.0,2026-04-11,Kolkata,Working Professional,803.84,2777.68,308.63
UT102870,Isha Kumar,Accessories,Canvas Tote,4,1531.13,10.0,2026-04-11,Kolkata,Working Professional,2001.66,5512.07,612.45
UT101046,Rahul Shah,Dresses,Oversized Shirt Dress,1,1928.15,15.0,2026-04-12,Hyderabad,Young Professional,616.02,1638.93,289.22
UT102067,Sneha Singh,Shirts,Oxford Shirt,2,2179.87,15.0,2026-04-12,Surat,Young Professional,973.69,3705.78,653.96
UT100658,Ishaan Bansal,T-Shirts,Minimal Logo Tee,3,1593.31,25.0,2026-04-13,Kolkata,Casual Shopper,965.65,3584.95,1194.98
UT101455,Aditi Singh,T-Shirts,Essential Tee,1,1476.97,35.0,2026-04-13,Mumbai,Casual Shopper,170.44,960.03,516.94
UT102179,Anika Agarwal,Dresses,Casual Mini Dress,3,2713.19,10.0,2026-04-13,Mumbai,Working Professional,2310.68,7325.61,813.96
UT102445,Kabir Jain,Shirts,Oxford Shirt,3,1981.14,10.0,2026-04-13,Jaipur,Young Professional,1592.74,5349.08,594.34
UT100899,Kritika Joshi,T-Shirts,Premium Cotton Tee,3,674.33,10.0,2026-04-14,Noida,Premium Shopper,678.19,1820.69,202.3
UT101142,Aditya Gupta,Shirts,Oxford Shirt,3,1399.36,25.0,2026-04-14,Hyderabad,Working Professional,822.13,3148.56,1049.52
UT101759,Shreya Agarwal,Shirts,Linen Shirt,1,1817.27,20.0,2026-04-14,Hyderabad,Young Professional,395.6,1453.82,363.45
UT101950,Arjun Chopra,T-Shirts,Premium Cotton Tee,3,899.09,20.0,2026-04-14,Jaipur,Working Professional,636.55,2157.82,539.45
UT102115,Kavya Kapoor,Denim,Denim Skirt,3,2548.35,25.0,2026-04-14,Lucknow,Student,1289.07,5733.79,1911.26
UT102553,Ananya Agarwal,Shirts,Relaxed Casual Shirt,1,2431.88,35.0,2026-04-14,Noida,Premium Shopper,457.67,1580.72,851.16
UT101082,Yash Jain,T-Shirts,Premium Cotton Tee,1,687.73,20.0,2026-04-15,Ahmedabad,Young Professional,83.46,550.18,137.55
UT101298,Diya Das,Dresses,Ribbed Dress,1,2182.83,35.0,2026-04-16,Surat,Young Professional,349.25,1418.84,763.99
UT102315,Aditi Singh,Shirts,Oxford Shirt,3,1974.37,0.0,2026-04-16,Chennai,Young Professional,1825.73,5923.11,0.0
UT102424,Aditya Mehta,Shirts,Relaxed Casual Shirt,2,1364.33,0.0,2026-04-16,Delhi,Student,811.97,2728.66,0.0
UT100550,Simran Joshi,T-Shirts,Minimal Logo Tee,3,889.35,20.0,2026-04-17,Noida,Working Professional,650.71,2134.44,533.61
UT100562,Arjun Nair,Accessories,Minimal Sling Bag,1,1284.67,25.0,2026-04-17,Mumbai,Working Professional,301.99,963.5,321.17
UT101153,Riya Mehta,Shirts,Relaxed Casual Shirt,2,2172.37,30.0,2026-04-17,Jaipur,Casual Shopper,707.58,3041.32,1303.42
UT101475,Ishaan Joshi,T-Shirts,Minimal Logo Tee,5,675.0,20.0,2026-04-17,Noida,Working Professional,812.99,2700.0,675.0
UT100176,Pooja Gupta,Accessories,Minimal Sling Bag,4,872.31,5.0,2026-04-18,Mumbai,Young Professional,1155.57,3314.78,174.46
UT100953,Sakshi Malhotra,Accessories,Cap,1,1396.24,25.0,2026-04-18,Hyderabad,Student,289.01,1047.18,349.06
UT101956,Anika Chopra,Dresses,Oversized Shirt Dress,1,2628.14,5.0,2026-04-18,Chennai,Student,783.03,2496.73,131.41
UT101626,Neha Bansal,Denim,Mom Fit Jeans,3,2795.66,15.0,2026-04-19,Noida,Working Professional,1909.15,7128.93,1258.05
UT102081,Aditi Joshi,T-Shirts,Essential Tee,2,1304.4,15.0,2026-04-19,Pune,Young Professional,710.09,2217.48,391.32
UT100596,Simran Shah,Denim,Denim Skirt,4,2821.29,20.0,2026-04-20,Lucknow,Young Professional,2342.94,9028.13,2257.03
UT100927,Karan Reddy,Shirts,Relaxed Casual Shirt,1,1408.4,20.0,2026-04-20,Jaipur,Student,380.63,1126.72,281.68
UT101124,Simran Jain,Accessories,Cap,5,492.54,15.0,2026-04-20,Jaipur,Premium Shopper,662.11,2093.3,369.41
UT101160,Kritika Mishra,Shirts,Textured Shirt,2,1336.02,15.0,2026-04-20,Bengaluru,Casual Shopper,644.21,2271.23,400.81
UT102758,Nisha Jain,Accessories,Leather Wallet,2,599.61,30.0,2026-04-20,Ahmedabad,Working Professional,254.27,839.45,359.77
UT101973,Aarav Mehta,Accessories,Minimal Sling Bag,1,1217.35,10.0,2026-04-21,Hyderabad,Casual Shopper,443.01,1095.62,121.73
UT102129,Isha Reddy,T-Shirts,Minimal Logo Tee,4,1288.61,20.0,2026-04-21,Pune,Casual Shopper,1166.04,4123.55,1030.89
UT101201,Meera Sharma,Shirts,Oxford Shirt,2,2007.77,5.0,2026-04-22,Chennai,Young Professional,1200.36,3814.76,200.78
UT101391,Tanya Jain,Dresses,Ribbed Dress,1,2813.16,20.0,2026-04-22,Kolkata,Working Professional,717.79,2250.53,562.63
UT101920,Vivaan Jain,T-Shirts,Premium Cotton Tee,3,650.94,20.0,2026-04-22,Gurugram,Premium Shopper,484.33,1562.26,390.56
UT102478,Arjun Jain,Shirts,Oxford Shirt,4,1331.49,10.0,2026-04-22,Chandigarh,Premium Shopper,1545.22,4793.36,532.6
UT100654,Simran Verma,Denim,Denim Skirt,3,3120.73,0.0,2026-04-23,Noida,Casual Shopper,2629.45,9362.19,0.0
UT100700,Ananya Singh,Shirts,Textured Shirt,3,2418.93,15.0,2026-04-23,Mumbai,Casual Shopper,1653.02,6168.27,1088.52
UT100894,Shreya Patel,T-Shirts,Relaxed Fit Tee,1,949.2,0.0,2026-04-23,Hyderabad,Student,269.78,949.2,0.0
UT101481,Rahul Das,T-Shirts,Minimal Logo Tee,2,1436.54,20.0,2026-04-23,Chandigarh,Premium Shopper,715.39,2298.46,574.62
UT100107,Diya Saxena,T-Shirts,Premium Cotton Tee,2,888.56,15.0,2026-04-24,Gurugram,Young Professional,380.47,1510.55,266.57
UT100760,Rahul Verma,T-Shirts,Premium Cotton Tee,3,1516.03,0.0,2026-04-24,Mumbai,Student,1384.81,4548.09,0.0
UT101541,Priya Singh,Dresses,Casual Mini Dress,3,2272.23,30.0,2026-04-24,Bengaluru,Working Professional,1294.14,4771.68,2045.01
UT101707,Nisha Verma,T-Shirts,Minimal Logo Tee,1,1140.83,25.0,2026-04-24,Chandigarh,Working Professional,249.25,855.62,285.21
UT101688,Sneha Bansal,T-Shirts,Minimal Logo Tee,1,1073.64,15.0,2026-04-25,Hyderabad,Student,254.66,912.59,161.05
UT101927,Rohan Chopra,T-Shirts,Minimal Logo Tee,4,906.95,30.0,2026-04-25,Hyderabad,Student,694.05,2539.46,1088.34
UT102762,Karan Singh,Accessories,Leather Wallet,1,740.56,25.0,2026-04-25,Jaipur,Casual Shopper,174.21,555.42,185.14
UT100354,Anika Sharma,Dresses,Floral Midi Dress,1,1365.39,0.0,2026-04-26,Lucknow,Student,513.8,1365.39,0.0
UT100362,Anika Mishra,T-Shirts,Premium Cotton Tee,2,824.45,5.0,2026-04-26,Hyderabad,Premium Shopper,573.73,1566.46,82.45
UT101687,Anika Reddy,Shirts,Linen Shirt,2,2057.6,15.0,2026-04-26,Gurugram,Working Professional,955.89,3497.92,617.28
UT102089,Isha Singh,T-Shirts,Relaxed Fit Tee,1,1407.56,5.0,2026-04-26,Jaipur,Casual Shopper,326.19,1337.18,70.38
UT102172,Tanya Chopra,Denim,Mom Fit Jeans,3,2622.34,15.0,2026-04-26,Noida,Young Professional,1816.29,6686.97,1180.05
UT102199,Rahul Agarwal,Shirts,Textured Shirt,2,2175.3,10.0,2026-04-26,Bengaluru,Premium Shopper,1253.29,3915.54,435.06
UT102588,Diya Verma,Dresses,Ribbed Dress,1,1898.19,0.0,2026-04-26,Noida,Working Professional,657.55,1898.19,0.0
UT102687,Arjun Agarwal,T-Shirts,Premium Cotton Tee,3,1545.97,20.0,2026-04-26,Jaipur,Student,898.06,3710.33,927.58
UT102790,Priya Shah,Accessories,Leather Wallet,4,815.77,35.0,2026-04-26,Chennai,Casual Shopper,642.27,2121.0,1142.08
UT100545,Manya Kapoor,Accessories,Minimal Sling Bag,1,1752.92,25.0,2026-04-27,Surat,Working Professional,423.63,1314.69,438.23
UT100999,Aditi Jain,T-Shirts,Essential Tee,1,1138.48,25.0,2026-04-27,Gurugram,Premium Shopper,276.88,853.86,284.62
UT101254,Ananya Chopra,T-Shirts,Essential Tee,3,1428.41,10.0,2026-04-27,Kolkata,Student,1094.91,3856.71,428.52
UT101182,Vivaan Das,Shirts,Textured Shirt,1,1707.77,25.0,2026-04-28,Ahmedabad,Student,323.52,1280.83,426.94
UT101735,Riya Patel,T-Shirts,Relaxed Fit Tee,1,744.24,15.0,2026-04-28,Gurugram,Casual Shopper,166.36,632.6,111.64
UT102290,Kabir Chopra,Shirts,Oxford Shirt,1,2324.04,25.0,2026-04-28,Chandigarh,Student,435.42,1743.03,581.01
UT102615,Aditya Mehta,Dresses,Casual Mini Dress,1,1566.11,20.0,2026-04-28,Surat,Premium Shopper,424.79,1252.89,313.22
UT100246,Nisha Kumar,T-Shirts,Relaxed Fit Tee,3,1502.25,0.0,2026-04-29,Mumbai,Working Professional,1517.79,4506.75,0.0
UT100877,Kavya Nair,T-Shirts,Minimal Logo Tee,1,797.46,35.0,2026-04-29,Jaipur,Young Professional,157.47,518.35,279.11
UT100970,Arjun Verma,Denim,Straight Fit Jeans,2,2405.06,30.0,2026-04-29,Chandigarh,Student,702.73,3367.08,1443.04
UT101430,Ananya Kumar,Dresses,Casual Mini Dress,3,2044.12,5.0,2026-04-29,Mumbai,Young Professional,1878.64,5825.74,306.62
UT101449,Aanya Kapoor,Dresses,Oversized Shirt Dress,2,1405.3,10.0,2026-04-29,Chennai,Student,739.7,2529.54,281.06
UT102341,Vivaan Patel,T-Shirts,Premium Cotton Tee,2,1279.44,15.0,2026-04-29,Chennai,Student,555.72,2175.05,383.83
UT100056,Kavya Gupta,T-Shirts,Minimal Logo Tee,3,1088.67,0.0,2026-04-30,Kolkata,Student,1060.81,3266.01,0.0
UT101126,Sneha Kumar,T-Shirts,Minimal Logo Tee,2,1031.88,20.0,2026-04-30,Bengaluru,Working Professional,482.02,1651.01,412.75
UT101419,Pooja Sharma,Dresses,Ribbed Dress,1,1379.7,30.0,2026-04-30,Ahmedabad,Casual Shopper,326.56,965.79,413.91
UT101680,Arjun Jain,Dresses,Ribbed Dress,2,1895.6,15.0,2026-04-30,Chennai,Premium Shopper,1029.35,3222.52,568.68
UT101985,Sakshi Mishra,Accessories,Canvas Tote,3,1284.26,20.0,2026-04-30,Gurugram,Working Professional,998.11,3082.22,770.56
UT102711,Nisha Mishra,T-Shirts,Minimal Logo Tee,2,1062.85,15.0,2026-04-30,Noida,Working Professional,550.84,1806.84,318.86
UT100123,Yash Mishra,Dresses,Ribbed Dress,1,2934.72,5.0,2026-05-01,Noida,Young Professional,845.72,2787.98,146.74
UT101459,Tanya Verma,Denim,Denim Skirt,2,3013.37,15.0,2026-05-01,Lucknow,Working Professional,1463.92,5122.73,904.01
UT101549,Sakshi Sharma,Dresses,Floral Midi Dress,2,1556.4,0.0,2026-05-01,Bengaluru,Working Professional,1071.7,3112.8,0.0
UT102388,Shreya Saxena,Denim,Wide Leg Denim,2,2175.17,10.0,2026-05-02,Noida,Student,1009.45,3915.31,435.03
UT102425,Yash Jain,Denim,Mom Fit Jeans,1,1559.29,30.0,2026-05-02,Jaipur,Young Professional,327.91,1091.5,467.79
UT102486,Aditi Patel,T-Shirts,Relaxed Fit Tee,3,974.01,15.0,2026-05-02,Surat,Student,688.65,2483.73,438.3
UT102649,Kabir Reddy,Dresses,Ribbed Dress,1,2024.77,15.0,2026-05-02,Chandigarh,Working Professional,452.89,1721.05,303.72
UT102843,Simran Shah,T-Shirts,Minimal Logo Tee,2,1083.71,35.0,2026-05-02,Chennai,Young Professional,278.66,1408.82,758.6
UT100443,Simran Reddy,Denim,Mom Fit Jeans,2,1660.34,10.0,2026-05-03,Ahmedabad,Premium Shopper,807.3,2988.61,332.07
UT101119,Kabir Shah,Shirts,Relaxed Casual Shirt,2,2395.24,30.0,2026-05-03,Ahmedabad,Young Professional,845.8,3353.34,1437.14
UT101820,Aarav Singh,Accessories,Cap,1,1261.84,25.0,2026-05-03,Jaipur,Student,393.35,946.38,315.46
UT100207,Yash Mehta,T-Shirts,Premium Cotton Tee,1,766.51,5.0,2026-05-04,Pune,Student,238.66,728.18,38.33
UT100384,Karan Saxena,Shirts,Oxford Shirt,2,1379.6,5.0,2026-05-04,Gurugram,Premium Shopper,811.08,2621.24,137.96
UT100720,Rohan Kapoor,Dresses,Oversized Shirt Dress,1,1560.82,20.0,2026-05-04,Bengaluru,Casual Shopper,347.08,1248.66,312.16
UT102547,Kavya Verma,Dresses,Floral Midi Dress,1,2002.96,0.0,2026-05-04,Lucknow,Casual Shopper,669.84,2002.96,0.0
UT101889,Kritika Malhotra,Accessories,Minimal Sling Bag,1,1115.93,15.0,2026-05-05,Chandigarh,Student,369.92,948.54,167.39
UT101903,Rahul Sharma,Dresses,Oversized Shirt Dress,5,2843.36,10.0,2026-05-05,Bengaluru,Young Professional,4000.54,12795.12,1421.68
UT102881,Pooja Sharma,Accessories,Canvas Tote,1,717.98,10.0,2026-05-05,Pune,Casual Shopper,198.98,646.18,71.8
UT101227,Ananya Mehta,Shirts,Linen Shirt,1,2289.73,25.0,2026-05-06,Delhi,Casual Shopper,424.34,1717.3,572.43
UT101266,Isha Jain,T-Shirts,Essential Tee,3,758.18,10.0,2026-05-06,Bengaluru,Student,531.89,2047.09,227.45
UT101451,Isha Jain,T-Shirts,Essential Tee,1,1290.94,15.0,2026-05-06,Surat,Young Professional,346.69,1097.3,193.64
UT102394,Aarav Agarwal,Shirts,Linen Shirt,4,2318.85,0.0,2026-05-06,Hyderabad,Student,2708.31,9275.4,0.0
UT101047,Pooja Mishra,Shirts,Textured Shirt,1,2253.34,15.0,2026-05-07,Kolkata,Young Professional,576.75,1915.34,338.0
UT102116,Simran Joshi,Dresses,Casual Mini Dress,1,1531.86,15.0,2026-05-07,Lucknow,Young Professional,399.98,1302.08,229.78
UT102247,Nisha Kumar,Denim,Denim Skirt,1,2614.81,30.0,2026-05-07,Hyderabad,Working Professional,440.22,1830.37,784.44
UT100002,Kavya Kapoor,Accessories,Cap,3,1264.15,15.0,2026-05-08,Chandigarh,Student,1033.64,3223.58,568.87
UT100303,Yash Singh,T-Shirts,Minimal Logo Tee,1,769.81,10.0,2026-05-08,Lucknow,Working Professional,307.77,692.83,76.98
UT100568,Simran Joshi,T-Shirts,Premium Cotton Tee,1,894.08,10.0,2026-05-08,Jaipur,Young Professional,254.81,804.67,89.41
UT101489,Arjun Sharma,T-Shirts,Relaxed Fit Tee,1,1188.66,15.0,2026-05-08,Pune,Working Professional,288.57,1010.36,178.3
UT102779,Simran Nair,Dresses,Ribbed Dress,1,1344.12,10.0,2026-05-08,Chandigarh,Casual Shopper,377.45,1209.71,134.41
UT100043,Priya Singh,Accessories,Canvas Tote,1,869.64,15.0,2026-05-09,Lucknow,Working Professional,283.95,739.19,130.45
UT100231,Aanya Das,Accessories,Cap,2,491.83,10.0,2026-05-09,Surat,Young Professional,312.28,885.29,98.37
UT101011,Sakshi Patel,Accessories,Cap,1,1654.56,15.0,2026-05-09,Pune,Premium Shopper,550.66,1406.38,248.18
UT101146,Pooja Mehta,Shirts,Relaxed Casual Shirt,1,2001.45,25.0,2026-05-09,Hyderabad,Student,331.91,1501.09,500.36
UT101206,Aanya Mehta,Dresses,Ribbed Dress,2,2284.52,20.0,2026-05-09,Pune,Working Professional,1098.29,3655.23,913.81
UT101628,Karan Gupta,T-Shirts,Essential Tee,2,1301.94,10.0,2026-05-09,Noida,Working Professional,748.88,2343.49,260.39
UT102426,Aditi Agarwal,Dresses,Floral Midi Dress,5,1382.12,10.0,2026-05-09,Pune,Student,1882.42,6219.54,691.06
UT100088,Ananya Kapoor,Denim,Mom Fit Jeans,4,1500.7,15.0,2026-05-10,Noida,Student,1262.54,5102.38,900.42
UT100936,Diya Patel,Denim,Denim Skirt,3,3009.65,0.0,2026-05-10,Kolkata,Working Professional,2716.83,9028.95,0.0
UT101066,Meera Sharma,Denim,Wide Leg Denim,4,1616.93,0.0,2026-05-10,Chennai,Young Professional,1790.67,6467.72,0.0
UT101952,Aarav Kapoor,Dresses,Ribbed Dress,2,2746.92,0.0,2026-05-10,Lucknow,Young Professional,1881.9,5493.84,0.0
UT101077,Diya Reddy,Dresses,Oversized Shirt Dress,1,1669.97,10.0,2026-05-11,Jaipur,Student,405.49,1502.97,167.0
UT102629,Vivaan Chopra,Denim,Mom Fit Jeans,1,1560.85,0.0,2026-05-11,Kolkata,Young Professional,426.46,1560.85,0.0
UT102945,Manya Chopra,Dresses,Floral Midi Dress,2,2448.22,15.0,2026-05-11,Hyderabad,Working Professional,1303.12,4161.97,734.47
UT102972,Kavya Bansal,T-Shirts,Premium Cotton Tee,2,1170.07,15.0,2026-05-11,Noida,Premium Shopper,644.02,1989.12,351.02
UT101305,Aanya Mishra,Dresses,Ribbed Dress,4,2988.45,20.0,2026-05-12,Kolkata,Working Professional,2918.59,9563.04,2390.76
UT101404,Tanya Shah,Accessories,Minimal Sling Bag,3,684.1,35.0,2026-05-12,Mumbai,Working Professional,415.67,1334.0,718.3
UT101807,Rahul Patel,Accessories,Leather Wallet,4,415.78,10.0,2026-05-12,Gurugram,Working Professional,509.51,1496.81,166.31
UT102773,Sakshi Sharma,Dresses,Ribbed Dress,1,2833.94,40.0,2026-05-12,Gurugram,Student,454.36,1700.36,1133.58
UT100884,Rahul Chopra,Shirts,Oxford Shirt,5,2424.95,15.0,2026-05-13,Bengaluru,Working Professional,3089.57,10306.04,1818.71
UT100117,Yash Joshi,Dresses,Oversized Shirt Dress,1,1776.82,15.0,2026-05-14,Bengaluru,Student,320.99,1510.3,266.52
UT100259,Aditi Mehta,Shirts,Linen Shirt,2,2099.48,35.0,2026-05-14,Chandigarh,Student,534.27,2729.32,1469.64
UT100373,Neha Kumar,T-Shirts,Relaxed Fit Tee,2,717.5,5.0,2026-05-14,Pune,Working Professional,414.31,1363.25,71.75
UT101572,Neha Kumar,Dresses,Oversized Shirt Dress,2,1872.8,10.0,2026-05-14,Chandigarh,Student,1012.11,3371.04,374.56
UT101723,Anika Gupta,Dresses,Casual Mini Dress,2,2671.95,10.0,2026-05-14,Delhi,Premium Shopper,1604.84,4809.51,534.39
UT101096,Rahul Verma,Dresses,Casual Mini Dress,1,1302.1,0.0,2026-05-15,Noida,Casual Shopper,435.71,1302.1,0.0
UT101519,Neha Saxena,Dresses,Oversized Shirt Dress,1,2173.05,10.0,2026-05-15,Delhi,Student,578.68,1955.74,217.31
UT101609,Nisha Nair,Shirts,Textured Shirt,2,1752.51,5.0,2026-05-15,Jaipur,Student,976.65,3329.77,175.25
UT100625,Rahul Joshi,Shirts,Textured Shirt,1,1526.99,15.0,2026-05-16,Lucknow,Premium Shopper,403.79,1297.94,229.05
UT101173,Sakshi Singh,T-Shirts,Minimal Logo Tee,1,702.73,5.0,2026-05-16,Gurugram,Working Professional,209.68,667.59,35.14
UT101233,Yash Mishra,T-Shirts,Essential Tee,1,1501.05,40.0,2026-05-16,Noida,Student,226.91,900.63,600.42
UT101906,Ananya Agarwal,T-Shirts,Premium Cotton Tee,2,929.55,0.0,2026-05-16,Pune,Student,499.35,1859.1,0.0
UT102447,Rahul Mehta,T-Shirts,Relaxed Fit Tee,1,1355.01,10.0,2026-05-16,Gurugram,Young Professional,327.8,1219.51,135.5
UT100146,Sakshi Reddy,T-Shirts,Premium Cotton Tee,1,1265.47,10.0,2026-05-17,Mumbai,Working Professional,387.99,1138.92,126.55
UT100335,Priya Reddy,Shirts,Textured Shirt,4,1528.04,30.0,2026-05-17,Noida,Student,965.12,4278.51,1833.65
UT100481,Aditi Patel,Accessories,Cap,1,1419.5,20.0,2026-05-17,Jaipur,Casual Shopper,293.71,1135.6,283.9
UT101582,Diya Singh,Dresses,Floral Midi Dress,1,1804.2,35.0,2026-05-17,Pune,Young Professional,333.7,1172.73,631.47
UT100674,Diya Gupta,Dresses,Ribbed Dress,1,2518.99,30.0,2026-05-18,Lucknow,Working Professional,577.55,1763.29,755.7
UT100835,Shreya Das,T-Shirts,Minimal Logo Tee,2,1326.53,5.0,2026-05-18,Gurugram,Working Professional,872.97,2520.41,132.65
UT101801,Sneha Saxena,Denim,Wide Leg Denim,1,2629.54,15.0,2026-05-18,Surat,Working Professional,581.99,2235.11,394.43
UT102159,Karan Malhotra,T-Shirts,Relaxed Fit Tee,2,1034.35,15.0,2026-05-18,Pune,Working Professional,606.09,1758.39,310.31
UT102626,Yash Mehta,Dresses,Oversized Shirt Dress,3,2697.16,10.0,2026-05-18,Lucknow,Working Professional,2342.65,7282.33,809.15
UT102729,Ananya Kapoor,Dresses,Oversized Shirt Dress,2,2154.55,15.0,2026-05-18,Bengaluru,Young Professional,1068.83,3662.74,646.37
UT100053,Anika Shah,T-Shirts,Premium Cotton Tee,2,889.93,40.0,2026-05-19,Gurugram,Young Professional,186.62,1067.92,711.94
UT100158,Isha Gupta,Dresses,Casual Mini Dress,5,1693.41,20.0,2026-05-19,Jaipur,Young Professional,1984.73,6773.64,1693.41
UT100789,Ananya Patel,T-Shirts,Relaxed Fit Tee,1,1375.8,5.0,2026-05-19,Bengaluru,Casual Shopper,392.88,1307.01,68.79
UT100931,Kabir Saxena,Dresses,Floral Midi Dress,1,1323.08,10.0,2026-05-19,Gurugram,Casual Shopper,305.48,1190.77,132.31
UT101762,Rohan Sharma,Dresses,Casual Mini Dress,3,2862.88,5.0,2026-05-19,Gurugram,Student,2456.83,8159.21,429.43
UT102305,Karan Singh,T-Shirts,Minimal Logo Tee,1,1391.11,0.0,2026-05-19,Kolkata,Premium Shopper,510.41,1391.11,0.0
UT100273,Aarav Patel,Denim,Denim Skirt,1,3020.1,5.0,2026-05-20,Kolkata,Working Professional,857.97,2869.1,151.01
UT100791,Karan Mishra,Dresses,Oversized Shirt Dress,1,2405.68,10.0,2026-05-20,Pune,Young Professional,663.45,2165.11,240.57
UT100930,Meera Chopra,Dresses,Oversized Shirt Dress,3,2346.32,15.0,2026-05-20,Chandigarh,Premium Shopper,1926.88,5983.12,1055.84
UT101108,Manya Sharma,Shirts,Relaxed Casual Shirt,1,1943.81,5.0,2026-05-20,Jaipur,Working Professional,513.87,1846.62,97.19
UT101307,Priya Chopra,T-Shirts,Essential Tee,1,814.39,15.0,2026-05-20,Chandigarh,Young Professional,166.02,692.23,122.16
UT102149,Vivaan Chopra,Shirts,Textured Shirt,1,1658.84,0.0,2026-05-20,Lucknow,Student,421.75,1658.84,0.0
UT102266,Yash Agarwal,T-Shirts,Minimal Logo Tee,2,849.88,15.0,2026-05-20,Lucknow,Young Professional,360.08,1444.8,254.96
UT102770,Vivaan Malhotra,Dresses,Casual Mini Dress,1,2417.18,20.0,2026-05-20,Noida,Casual Shopper,515.79,1933.74,483.44
UT100424,Karan Sharma,Dresses,Casual Mini Dress,1,2435.97,20.0,2026-05-21,Delhi,Casual Shopper,542.11,1948.78,487.19
UT101264,Sneha Sharma,Shirts,Textured Shirt,1,1493.23,20.0,2026-05-21,Jaipur,Casual Shopper,303.07,1194.58,298.65
UT101878,Neha Mehta,Dresses,Ribbed Dress,2,2361.94,10.0,2026-05-21,Chennai,Student,1243.47,4251.49,472.39
UT100878,Shreya Gupta,Denim,Straight Fit Jeans,1,1580.65,15.0,2026-05-22,Pune,Premium Shopper,320.28,1343.55,237.1
UT101225,Kavya Mishra,T-Shirts,Minimal Logo Tee,3,974.22,5.0,2026-05-22,Noida,Working Professional,885.19,2776.53,146.13
UT101686,Ishaan Joshi,Dresses,Floral Midi Dress,5,1761.21,15.0,2026-05-22,Chandigarh,Working Professional,2305.83,7485.14,1320.91
UT101964,Simran Kumar,T-Shirts,Relaxed Fit Tee,1,1174.36,5.0,2026-05-22,Bengaluru,Casual Shopper,348.17,1115.64,58.72
UT102309,Diya Saxena,Dresses,Floral Midi Dress,5,1941.5,5.0,2026-05-22,Kolkata,Casual Shopper,2920.2,9222.12,485.38
UT102833,Ishaan Nair,T-Shirts,Relaxed Fit Tee,3,1021.67,30.0,2026-05-22,Noida,Student,502.95,2145.51,919.5
UT100094,Vivaan Gupta,Denim,Straight Fit Jeans,2,2582.25,20.0,2026-05-23,Pune,Young Professional,1069.83,4131.6,1032.9
UT100819,Vivaan Chopra,Accessories,Cap,2,527.49,20.0,2026-05-24,Chandigarh,Student,207.8,843.98,211.0
UT101428,Kabir Malhotra,Dresses,Casual Mini Dress,2,2775.01,5.0,2026-05-24,Kolkata,Working Professional,1832.87,5272.52,277.5
UT101678,Shreya Mehta,Shirts,Relaxed Casual Shirt,3,2299.51,35.0,2026-05-24,Surat,Working Professional,1196.19,4484.04,2414.49
UT100181,Ananya Das,Dresses,Ribbed Dress,1,2466.99,0.0,2026-05-25,Pune,Young Professional,786.77,2466.99,0.0
UT100309,Riya Gupta,Denim,Straight Fit Jeans,1,3002.64,20.0,2026-05-25,Gurugram,Working Professional,667.68,2402.11,600.53
UT100522,Rahul Reddy,Accessories,Minimal Sling Bag,2,1084.6,10.0,2026-05-25,Noida,Young Professional,762.45,1952.28,216.92
UT101827,Aditi Bansal,Accessories,Canvas Tote,2,1330.49,20.0,2026-05-25,Lucknow,Casual Shopper,760.66,2128.78,532.2
UT101983,Riya Patel,Dresses,Ribbed Dress,2,1741.95,10.0,2026-05-25,Bengaluru,Casual Shopper,937.85,3135.51,348.39
UT100240,Neha Mehta,Accessories,Minimal Sling Bag,2,557.39,20.0,2026-05-26,Noida,Working Professional,345.91,891.82,222.96
UT100959,Anika Jain,T-Shirts,Premium Cotton Tee,2,1410.21,5.0,2026-05-26,Mumbai,Student,743.08,2679.4,141.02
UT101244,Vivaan Reddy,T-Shirts,Premium Cotton Tee,1,1162.35,15.0,2026-05-26,Gurugram,Student,179.66,988.0,174.35
UT101488,Pooja Kapoor,T-Shirts,Relaxed Fit Tee,1,1386.92,0.0,2026-05-26,Chennai,Working Professional,528.8,1386.92,0.0
UT101867,Aarav Kapoor,Shirts,Oxford Shirt,3,2361.38,0.0,2026-05-26,Chennai,Working Professional,2306.39,7084.14,0.0
UT101977,Sneha Verma,Shirts,Linen Shirt,1,1673.21,30.0,2026-05-26,Surat,Working Professional,346.37,1171.25,501.96
UT102262,Shreya Nair,T-Shirts,Essential Tee,1,872.69,15.0,2026-05-26,Delhi,Premium Shopper,164.53,741.79,130.9
UT100898,Anika Singh,Dresses,Floral Midi Dress,2,1485.2,0.0,2026-05-27,Chandigarh,Young Professional,952.6,2970.4,0.0
UT102619,Sneha Gupta,Denim,Wide Leg Denim,5,2977.09,20.0,2026-05-27,Hyderabad,Student,2793.07,11908.36,2977.09
UT101172,Riya Bansal,Denim,Mom Fit Jeans,5,1530.98,10.0,2026-05-28,Delhi,Young Professional,1930.48,6889.41,765.49
UT101291,Yash Kumar,T-Shirts,Relaxed Fit Tee,1,886.2,30.0,2026-05-28,Chandigarh,Premium Shopper,128.79,620.34,265.86
UT101871,Shreya Joshi,Accessories,Minimal Sling Bag,3,1603.34,40.0,2026-05-28,Delhi,Working Professional,940.44,2886.01,1924.01
UT102152,Manya Kapoor,Shirts,Linen Shirt,2,2354.43,15.0,2026-05-28,Jaipur,Young Professional,1148.99,4002.53,706.33
UT102590,Aditi Jain,Accessories,Canvas Tote,1,831.67,0.0,2026-05-28,Surat,Casual Shopper,240.56,831.67,0.0
UT100291,Aditya Patel,Denim,Denim Skirt,1,2850.28,20.0,2026-05-29,Chennai,Premium Shopper,589.82,2280.22,570.06
UT100367,Yash Malhotra,Dresses,Floral Midi Dress,2,2914.02,15.0,2026-05-29,Chandigarh,Student,1376.42,4953.83,874.21
UT101755,Rohan Mishra,Shirts,Relaxed Casual Shirt,3,2316.12,25.0,2026-05-29,Noida,Casual Shopper,1308.83,5211.27,1737.09
UT102898,Kabir Mehta,Dresses,Casual Mini Dress,1,2147.94,10.0,2026-05-29,Hyderabad,Premium Shopper,624.49,1933.15,214.79
UT100260,Aarav Shah,Denim,Denim Skirt,1,3141.67,30.0,2026-05-30,Chennai,Student,399.76,2199.17,942.5
UT100863,Sneha Nair,Shirts,Linen Shirt,2,1554.35,10.0,2026-05-30,Chandigarh,Premium Shopper,891.53,2797.83,310.87
UT101338,Vivaan Sharma,Dresses,Ribbed Dress,1,2111.52,25.0,2026-05-30,Chennai,Casual Shopper,406.94,1583.64,527.88
UT101851,Neha Jain,Dresses,Oversized Shirt Dress,1,1931.87,5.0,2026-05-30,Ahmedabad,Casual Shopper,541.83,1835.28,96.59
UT102566,Priya Nair,T-Shirts,Minimal Logo Tee,2,710.57,15.0,2026-05-30,Bengaluru,Working Professional,348.6,1207.97,213.17
UT102922,Kritika Bansal,T-Shirts,Relaxed Fit Tee,1,978.69,30.0,2026-05-30,Ahmedabad,Student,151.37,685.08,293.61
UT102931,Ishaan Chopra,Denim,Straight Fit Jeans,3,2540.88,5.0,2026-05-30,Kolkata,Casual Shopper,2008.64,7241.51,381.13
UT100172,Sneha Mishra,Denim,Denim Skirt,1,1733.59,10.0,2026-05-31,Hyderabad,Working Professional,442.3,1560.23,173.36
UT100432,Ishaan Nair,T-Shirts,Relaxed Fit Tee,1,1254.41,20.0,2026-05-31,Noida,Working Professional,331.4,1003.53,250.88
UT100529,Sneha Reddy,Dresses,Oversized Shirt Dress,1,1650.92,10.0,2026-05-31,Chennai,Premium Shopper,514.78,1485.83,165.09
UT101007,Yash Shah,T-Shirts,Premium Cotton Tee,4,788.48,40.0,2026-05-31,Delhi,Premium Shopper,458.68,1892.35,1261.57
UT101587,Simran Kumar,T-Shirts,Premium Cotton Tee,3,753.89,30.0,2026-05-31,Pune,Young Professional,408.86,1583.17,678.5
UT102774,Sakshi Das,Denim,Denim Skirt,3,2831.21,10.0,2026-05-31,Surat,Young Professional,2052.82,7644.27,849.36
UT102902,Shreya Mehta,Shirts,Oxford Shirt,3,1739.65,25.0,2026-05-31,Kolkata,Premium Shopper,1055.52,3914.21,1304.74
UT100217,Yash Shah,Shirts,Oxford Shirt,1,1712.82,10.0,2026-06-01,Gurugram,Casual Shopper,425.38,1541.54,171.28
UT100221,Meera Agarwal,Accessories,Canvas Tote,1,768.39,25.0,2026-06-01,Delhi,Student,191.65,576.29,192.1
UT100255,Anika Das,Shirts,Textured Shirt,1,1470.45,15.0,2026-06-01,Chennai,Casual Shopper,350.12,1249.88,220.57
UT101435,Yash Chopra,Denim,Straight Fit Jeans,3,1953.69,10.0,2026-06-01,Gurugram,Working Professional,1501.41,5274.96,586.11
UT101604,Rohan Jain,Dresses,Floral Midi Dress,1,2610.08,20.0,2026-06-01,Hyderabad,Student,539.86,2088.06,522.02
UT101924,Diya Singh,T-Shirts,Minimal Logo Tee,2,1502.25,20.0,2026-06-01,Noida,Premium Shopper,748.34,2403.6,600.9
UT102250,Pooja Joshi,Shirts,Linen Shirt,1,1392.81,15.0,2026-06-01,Pune,Student,217.33,1183.89,208.92
UT102614,Kritika Joshi,Accessories,Cap,3,706.96,5.0,2026-06-01,Gurugram,Student,680.21,2014.84,106.04
UT100836,Shreya Gupta,Shirts,Oxford Shirt,1,1010.53,10.0,2026-06-02,Gurugram,Premium Shopper,265.68,909.48,101.05
UT100998,Priya Patel,T-Shirts,Essential Tee,1,1083.42,20.0,2026-06-02,Gurugram,Working Professional,240.49,866.74,216.68
UT101027,Vivaan Sharma,Shirts,Relaxed Casual Shirt,1,1385.74,25.0,2026-06-02,Gurugram,Casual Shopper,241.31,1039.3,346.43
UT101349,Sneha Jain,T-Shirts,Essential Tee,1,1163.52,20.0,2026-06-02,Ahmedabad,Student,158.91,930.82,232.7
UT101760,Sakshi Nair,Shirts,Linen Shirt,2,2183.8,40.0,2026-06-02,Noida,Working Professional,596.96,2620.56,1747.04
UT102168,Tanya Saxena,Dresses,Floral Midi Dress,2,2375.75,20.0,2026-06-02,Lucknow,Premium Shopper,1198.21,3801.2,950.3
UT102185,Yash Jain,T-Shirts,Essential Tee,1,615.28,30.0,2026-06-02,Lucknow,Working Professional,151.74,430.7,184.58
UT102378,Rohan Malhotra,T-Shirts,Minimal Logo Tee,1,1070.22,20.0,2026-06-02,Pune,Working Professional,258.07,856.18,214.04
UT102493,Anika Singh,T-Shirts,Premium Cotton Tee,3,832.37,10.0,2026-06-02,Noida,Working Professional,697.95,2247.4,249.71
UT100906,Kabir Patel,Denim,Mom Fit Jeans,1,2996.31,10.0,2026-06-03,Pune,Premium Shopper,833.76,2696.68,299.63
UT100908,Yash Singh,Denim,Denim Skirt,1,1639.06,25.0,2026-06-03,Delhi,Young Professional,271.66,1229.3,409.76
UT101113,Ananya Sharma,Shirts,Oxford Shirt,2,1805.14,0.0,2026-06-03,Chandigarh,Working Professional,1183.92,3610.28,0.0
UT101848,Arjun Nair,Accessories,Leather Wallet,5,1228.25,15.0,2026-06-03,Mumbai,Student,1665.12,5220.06,921.19
UT102730,Isha Verma,Accessories,Cap,1,572.71,15.0,2026-06-03,Ahmedabad,Student,153.97,486.8,85.91
UT101281,Aditya Mishra,Shirts,Relaxed Casual Shirt,1,2105.74,30.0,2026-06-04,Chandigarh,Casual Shopper,395.16,1474.02,631.72
UT101670,Simran Mishra,Shirts,Textured Shirt,5,1296.4,10.0,2026-06-04,Pune,Working Professional,1826.27,5833.8,648.2
UT101717,Aanya Das,Denim,Wide Leg Denim,2,2214.41,10.0,2026-06-04,Chennai,Premium Shopper,1117.87,3985.94,442.88
UT102318,Rahul Nair,Denim,Mom Fit Jeans,2,2217.47,25.0,2026-06-04,Surat,Student,780.52,3326.2,1108.73
UT100251,Yash Saxena,Shirts,Relaxed Casual Shirt,2,2419.15,0.0,2026-06-05,Gurugram,Premium Shopper,1624.23,4838.3,0.0
UT101034,Aanya Kumar,Dresses,Casual Mini Dress,3,1938.25,10.0,2026-06-05,Surat,Casual Shopper,1608.71,5233.28,581.47
UT101321,Riya Bansal,Dresses,Ribbed Dress,1,2404.7,15.0,2026-06-05,Lucknow,Working Professional,634.69,2044.0,360.7
UT101408,Sneha Kapoor,T-Shirts,Minimal Logo Tee,2,852.13,30.0,2026-06-05,Kolkata,Working Professional,377.74,1192.98,511.28
UT101861,Riya Shah,Accessories,Minimal Sling Bag,1,1797.38,30.0,2026-06-05,Mumbai,Casual Shopper,355.87,1258.17,539.21
UT102033,Tanya Mehta,Shirts,Relaxed Casual Shirt,2,2301.81,5.0,2026-06-05,Chandigarh,Casual Shopper,1200.92,4373.44,230.18
UT101447,Ananya Sharma,Denim,Mom Fit Jeans,1,1640.31,25.0,2026-06-06,Chandigarh,Student,305.3,1230.23,410.08
UT102048,Sneha Patel,Accessories,Minimal Sling Bag,2,1769.97,10.0,2026-06-06,Hyderabad,Premium Shopper,1153.29,3185.95,353.99
UT102534,Aarav Saxena,Shirts,Relaxed Casual Shirt,1,1694.15,15.0,2026-06-06,Chennai,Working Professional,439.82,1440.03,254.12
UT102836,Priya Singh,Shirts,Relaxed Casual Shirt,1,1153.26,10.0,2026-06-06,Chandigarh,Working Professional,323.8,1037.93,115.33
UT100198,Aanya Agarwal,T-Shirts,Relaxed Fit Tee,3,857.98,0.0,2026-06-07,Lucknow,Working Professional,799.49,2573.94,0.0
UT100511,Sakshi Mehta,Accessories,Leather Wallet,1,1757.52,10.0,2026-06-07,Kolkata,Young Professional,558.09,1581.77,175.75
UT100689,Diya Nair,Dresses,Oversized Shirt Dress,1,1454.64,20.0,2026-06-07,Pune,Casual Shopper,433.37,1163.71,290.93
UT101803,Kritika Jain,Accessories,Cap,1,880.92,35.0,2026-06-07,Chennai,Young Professional,155.73,572.6,308.32
UT100462,Sakshi Saxena,Accessories,Minimal Sling Bag,2,419.02,15.0,2026-06-08,Surat,Student,239.85,712.33,125.71
UT100666,Diya Das,Shirts,Linen Shirt,2,1215.6,5.0,2026-06-08,Chandigarh,Working Professional,734.97,2309.64,121.56
UT100788,Kabir Sharma,Dresses,Casual Mini Dress,1,1399.34,15.0,2026-06-08,Kolkata,Working Professional,314.6,1189.44,209.9
UT102448,Rahul Gupta,T-Shirts,Premium Cotton Tee,1,1479.39,0.0,2026-06-08,Surat,Student,514.71,1479.39,0.0
UT100166,Nisha Bansal,Dresses,Ribbed Dress,2,1915.23,5.0,2026-06-09,Mumbai,Premium Shopper,1282.18,3638.94,191.52
UT100306,Meera Malhotra,Denim,Mom Fit Jeans,1,2155.69,15.0,2026-06-09,Chennai,Young Professional,538.51,1832.34,323.35
UT101132,Manya Malhotra,T-Shirts,Essential Tee,2,783.19,10.0,2026-06-09,Delhi,Student,345.95,1409.74,156.64
UT101951,Arjun Joshi,T-Shirts,Premium Cotton Tee,2,793.09,30.0,2026-06-09,Jaipur,Casual Shopper,177.91,1110.33,475.85
UT102524,Isha Mehta,Shirts,Linen Shirt,1,1360.7,20.0,2026-06-09,Delhi,Young Professional,341.53,1088.56,272.14
UT100809,Kabir Das,T-Shirts,Minimal Logo Tee,2,619.95,0.0,2026-06-10,Pune,Working Professional,429.98,1239.9,0.0
UT102015,Rohan Sharma,Denim,Denim Skirt,2,1719.97,10.0,2026-06-10,Chandigarh,Premium Shopper,953.66,3095.95,343.99
UT102229,Arjun Joshi,Shirts,Linen Shirt,1,1768.79,25.0,2026-06-10,Kolkata,Casual Shopper,253.37,1326.59,442.2
UT102258,Arjun Saxena,Shirts,Oxford Shirt,2,1394.31,10.0,2026-06-10,Gurugram,Casual Shopper,664.47,2509.76,278.86
UT102326,Vivaan Malhotra,T-Shirts,Premium Cotton Tee,3,902.34,15.0,2026-06-10,Lucknow,Working Professional,709.58,2300.97,406.05
UT102807,Riya Jain,Dresses,Casual Mini Dress,1,1480.24,5.0,2026-06-10,Pune,Student,393.33,1406.23,74.01
UT102871,Kritika Verma,T-Shirts,Relaxed Fit Tee,1,1486.84,10.0,2026-06-10,Hyderabad,Casual Shopper,440.08,1338.16,148.68
UT100009,Ananya Chopra,Accessories,Canvas Tote,1,1170.02,30.0,2026-06-11,Delhi,Working Professional,170.02,819.01,351.01
UT100518,Karan Kumar,Denim,Denim Skirt,1,2613.0,25.0,2026-06-11,Jaipur,Student,448.35,1959.75,653.25
UT101815,Meera Jain,Dresses,Oversized Shirt Dress,2,2694.55,5.0,2026-06-11,Bengaluru,Casual Shopper,1569.89,5119.65,269.45
UT101875,Riya Bansal,T-Shirts,Essential Tee,1,1459.81,10.0,2026-06-11,Ahmedabad,Student,318.46,1313.83,145.98
UT102127,Kavya Mehta,Shirts,Textured Shirt,1,1007.95,10.0,2026-06-11,Surat,Young Professional,272.97,907.16,100.79
UT102174,Riya Agarwal,Denim,Denim Skirt,1,1781.35,35.0,2026-06-11,Ahmedabad,Student,258.49,1157.88,623.47
UT102715,Kabir Joshi,T-Shirts,Relaxed Fit Tee,1,1323.82,20.0,2026-06-11,Hyderabad,Young Professional,319.55,1059.06,264.76
UT102343,Aarav Nair,T-Shirts,Relaxed Fit Tee,4,1193.99,15.0,2026-06-12,Surat,Premium Shopper,1244.46,4059.57,716.39
UT102483,Rohan Reddy,Dresses,Floral Midi Dress,5,2105.74,5.0,2026-06-12,Chandigarh,Student,2948.51,10002.26,526.44
UT102640,Yash Bansal,T-Shirts,Relaxed Fit Tee,1,1533.12,0.0,2026-06-12,Gurugram,Young Professional,499.95,1533.12,0.0
UT102821,Tanya Kumar,Accessories,Canvas Tote,3,1490.91,15.0,2026-06-12,Hyderabad,Young Professional,1230.75,3801.82,670.91
UT100153,Isha Mehta,T-Shirts,Essential Tee,1,1586.5,10.0,2026-06-13,Ahmedabad,Premium Shopper,507.71,1427.85,158.65
UT100214,Sakshi Nair,Denim,Wide Leg Denim,1,1817.25,20.0,2026-06-13,Gurugram,Working Professional,348.89,1453.8,363.45
UT100614,Kavya Agarwal,T-Shirts,Essential Tee,2,1020.31,0.0,2026-06-13,Chandigarh,Student,630.5,2040.62,0.0
UT100643,Tanya Singh,T-Shirts,Premium Cotton Tee,3,814.79,25.0,2026-06-13,Lucknow,Working Professional,515.47,1833.28,611.09
UT100665,Riya Verma,Shirts,Relaxed Casual Shirt,1,2437.76,30.0,2026-06-14,Noida,Young Professional,495.55,1706.43,731.33
UT100798,Aarav Bansal,Denim,Wide Leg Denim,3,2985.81,10.0,2026-06-14,Chennai,Young Professional,2105.4,8061.69,895.74
UT101033,Aanya Jain,T-Shirts,Essential Tee,2,775.18,15.0,2026-06-14,Ahmedabad,Premium Shopper,418.79,1317.81,232.55
UT101401,Meera Das,T-Shirts,Essential Tee,3,1148.29,10.0,2026-06-14,Hyderabad,Young Professional,936.14,3100.38,344.49
UT102156,Sakshi Singh,T-Shirts,Essential Tee,1,1067.52,15.0,2026-06-14,Chennai,Young Professional,357.41,907.39,160.13
UT102528,Shreya Shah,Shirts,Relaxed Casual Shirt,1,2223.01,30.0,2026-06-14,Kolkata,Casual Shopper,319.74,1556.11,666.9
UT100179,Kabir Agarwal,Denim,Straight Fit Jeans,1,1820.75,20.0,2026-06-15,Jaipur,Working Professional,428.45,1456.6,364.15
UT100717,Aditi Saxena,T-Shirts,Premium Cotton Tee,1,1221.32,20.0,2026-06-15,Mumbai,Young Professional,286.05,977.06,244.26
UT100872,Priya Jain,Accessories,Canvas Tote,1,908.35,10.0,2026-06-15,Mumbai,Premium Shopper,319.55,817.52,90.84
UT101335,Kabir Bansal,Shirts,Relaxed Casual Shirt,1,1936.5,15.0,2026-06-15,Bengaluru,Young Professional,378.14,1646.02,290.48
UT101474,Ishaan Saxena,Denim,Mom Fit Jeans,1,3059.04,0.0,2026-06-15,Pune,Working Professional,906.52,3059.04,0.0
UT102718,Aditi Kapoor,Accessories,Minimal Sling Bag,2,1705.57,25.0,2026-06-15,Kolkata,Casual Shopper,847.3,2558.36,852.78
UT100142,Arjun Saxena,Accessories,Minimal Sling Bag,2,863.58,20.0,2026-06-16,Hyderabad,Working Professional,406.95,1381.73,345.43
UT102095,Aditya Singh,T-Shirts,Premium Cotton Tee,2,924.77,15.0,2026-06-16,Hyderabad,Young Professional,469.0,1572.11,277.43
UT100200,Kabir Verma,Accessories,Leather Wallet,2,1544.05,10.0,2026-06-17,Gurugram,Young Professional,972.41,2779.29,308.81
UT100904,Kritika Chopra,Accessories,Leather Wallet,2,744.29,35.0,2026-06-17,Lucknow,Student,246.12,967.58,521.0
UT100985,Arjun Malhotra,T-Shirts,Premium Cotton Tee,3,934.65,10.0,2026-06-17,Gurugram,Premium Shopper,785.53,2523.55,280.4
UT101198,Vivaan Malhotra,Shirts,Linen Shirt,3,1674.07,5.0,2026-06-17,Pune,Working Professional,1440.1,4771.1,251.11
UT101245,Vivaan Malhotra,Denim,Denim Skirt,2,2280.26,25.0,2026-06-17,Bengaluru,Young Professional,768.05,3420.39,1140.13
UT100001,Kritika Patel,Denim,Denim Skirt,2,3026.1,0.0,2026-06-18,Hyderabad,Casual Shopper,1719.66,6052.2,0.0
UT100187,Nisha Sharma,T-Shirts,Premium Cotton Tee,1,1321.52,30.0,2026-06-18,Mumbai,Premium Shopper,190.04,925.06,396.46
UT100407,Pooja Agarwal,T-Shirts,Relaxed Fit Tee,1,1552.38,5.0,2026-06-18,Chandigarh,Working Professional,451.17,1474.76,77.62
UT101522,Isha Nair,T-Shirts,Essential Tee,1,1575.63,10.0,2026-06-19,Chandigarh,Student,446.94,1418.07,157.56
UT101724,Aanya Sharma,Shirts,Textured Shirt,1,1480.63,10.0,2026-06-20,Surat,Premium Shopper,372.93,1332.57,148.06
UT102147,Tanya Singh,Shirts,Linen Shirt,3,1290.12,10.0,2026-06-20,Bengaluru,Student,931.54,3483.32,387.04
UT102848,Manya Mishra,Shirts,Relaxed Casual Shirt,2,1866.86,25.0,2026-06-20,Hyderabad,Casual Shopper,736.3,2800.29,933.43
UT100036,Simran Agarwal,Dresses,Casual Mini Dress,2,1783.05,0.0,2026-06-21,Mumbai,Premium Shopper,1278.27,3566.1,0.0
UT100616,Rahul Mehta,Dresses,Ribbed Dress,4,2119.35,15.0,2026-06-21,Jaipur,Young Professional,2130.71,7205.79,1271.61
UT101323,Manya Gupta,Denim,Mom Fit Jeans,2,2231.95,25.0,2026-06-21,Lucknow,Student,776.97,3347.92,1115.97
UT101327,Shreya Nair,T-Shirts,Relaxed Fit Tee,1,1310.43,35.0,2026-06-21,Noida,Working Professional,188.43,851.78,458.65
UT101340,Meera Joshi,Dresses,Ribbed Dress,3,2666.13,15.0,2026-06-21,Surat,Student,1902.89,6798.63,1199.76
UT101530,Aditi Sharma,Denim,Denim Skirt,2,2490.65,20.0,2026-06-21,Surat,Casual Shopper,984.68,3985.04,996.26
UT101661,Diya Bansal,Shirts,Relaxed Casual Shirt,1,2154.54,0.0,2026-06-21,Surat,Premium Shopper,731.52,2154.54,0.0
UT102894,Shreya Gupta,Accessories,Leather Wallet,5,654.19,30.0,2026-06-21,Chandigarh,Student,687.27,2289.66,981.29
UT101392,Kavya Nair,Accessories,Cap,1,1769.74,10.0,2026-06-22,Chandigarh,Working Professional,544.23,1592.77,176.97
UT101668,Vivaan Singh,Dresses,Oversized Shirt Dress,5,2677.06,25.0,2026-06-22,Jaipur,Student,2585.05,10038.97,3346.33
UT102383,Anika Sharma,T-Shirts,Essential Tee,1,1285.2,5.0,2026-06-22,Mumbai,Premium Shopper,486.98,1220.94,64.26
UT102387,Yash Mishra,Accessories,Cap,1,1112.6,10.0,2026-06-22,Lucknow,Casual Shopper,334.54,1001.34,111.26
UT102459,Diya Malhotra,Accessories,Canvas Tote,1,628.03,25.0,2026-06-22,Chennai,Casual Shopper,28.81,471.02,157.01
UT102479,Nisha Jain,Accessories,Cap,1,1434.66,20.0,2026-06-22,Ahmedabad,Casual Shopper,372.14,1147.73,286.93
UT100694,Kavya Das,Shirts,Linen Shirt,5,1768.66,25.0,2026-06-23,Pune,Young Professional,1736.18,6632.48,2210.83
UT100842,Pooja Sharma,T-Shirts,Minimal Logo Tee,1,1180.41,10.0,2026-06-23,Pune,Working Professional,425.18,1062.37,118.04
UT101093,Riya Jain,T-Shirts,Premium Cotton Tee,2,1537.05,10.0,2026-06-23,Delhi,Premium Shopper,886.14,2766.69,307.41
UT102458,Arjun Agarwal,Accessories,Leather Wallet,1,1570.9,25.0,2026-06-23,Mumbai,Young Professional,363.33,1178.18,392.72
UT102954,Ishaan Sharma,Denim,Straight Fit Jeans,3,2551.49,20.0,2026-06-23,Gurugram,Premium Shopper,1675.76,6123.58,1530.89
UT100197,Nisha Bansal,Dresses,Casual Mini Dress,1,2261.66,15.0,2026-06-24,Kolkata,Student,555.05,1922.41,339.25
UT100346,Nisha Nair,Dresses,Floral Midi Dress,1,1858.37,15.0,2026-06-24,Mumbai,Young Professional,435.3,1579.61,278.76
UT100701,Meera Reddy,Accessories,Cap,1,909.75,20.0,2026-06-24,Chennai,Working Professional,206.6,727.8,181.95
UT101300,Sakshi Nair,Shirts,Linen Shirt,1,1138.91,35.0,2026-06-24,Chandigarh,Working Professional,238.7,740.29,398.62
UT101797,Ishaan Joshi,Accessories,Leather Wallet,1,581.47,30.0,2026-06-24,Ahmedabad,Working Professional,132.92,407.03,174.44
UT100136,Rohan Shah,Denim,Wide Leg Denim,3,3272.69,10.0,2026-06-25,Jaipur,Student,2185.53,8836.26,981.81
UT100438,Karan Saxena,Dresses,Floral Midi Dress,2,2807.37,15.0,2026-06-25,Mumbai,Working Professional,1491.25,4772.53,842.21
UT100558,Rahul Reddy,T-Shirts,Premium Cotton Tee,4,1232.04,20.0,2026-06-25,Kolkata,Casual Shopper,1181.04,3942.53,985.63
UT101425,Aditi Patel,T-Shirts,Premium Cotton Tee,2,1319.1,30.0,2026-06-25,Delhi,Young Professional,482.62,1846.74,791.46
UT101554,Nisha Kapoor,Shirts,Oxford Shirt,1,1815.49,10.0,2026-06-25,Mumbai,Working Professional,500.89,1633.94,181.55
UT101837,Nisha Chopra,Accessories,Leather Wallet,1,1006.12,20.0,2026-06-25,Ahmedabad,Student,219.96,804.9,201.22
UT102465,Yash Mehta,Dresses,Ribbed Dress,3,2845.56,25.0,2026-06-25,Jaipur,Working Professional,1868.41,6402.51,2134.17
UT102544,Nisha Nair,Dresses,Floral Midi Dress,2,2473.15,5.0,2026-06-25,Pune,Student,1430.46,4698.98,247.32
UT102667,Kritika Verma,T-Shirts,Premium Cotton Tee,1,1163.23,25.0,2026-06-25,Jaipur,Working Professional,249.74,872.42,290.81
UT102956,Shreya Gupta,T-Shirts,Essential Tee,3,809.62,15.0,2026-06-25,Ahmedabad,Young Professional,597.32,2064.53,364.33
UT100779,Shreya Chopra,Shirts,Linen Shirt,1,1354.48,5.0,2026-06-26,Chandigarh,Student,257.97,1286.76,67.72
UT102223,Ananya Kumar,T-Shirts,Relaxed Fit Tee,1,606.71,20.0,2026-06-26,Jaipur,Student,185.3,485.37,121.34
UT102417,Aanya Saxena,Dresses,Ribbed Dress,1,2568.24,0.0,2026-06-26,Ahmedabad,Working Professional,854.41,2568.24,0.0
UT102606,Nisha Singh,T-Shirts,Premium Cotton Tee,2,1582.17,20.0,2026-06-26,Pune,Young Professional,816.02,2531.47,632.87
UT101123,Sneha Kumar,Accessories,Minimal Sling Bag,1,762.28,15.0,2026-06-27,Jaipur,Working Professional,294.99,647.94,114.34
UT101758,Rahul Verma,Shirts,Oxford Shirt,1,1668.6,30.0,2026-06-27,Bengaluru,Student,242.98,1168.02,500.58
UT102397,Meera Malhotra,Dresses,Casual Mini Dress,1,2837.2,20.0,2026-06-27,Surat,Working Professional,719.42,2269.76,567.44
UT101690,Karan Patel,Dresses,Oversized Shirt Dress,1,1562.56,35.0,2026-06-28,Jaipur,Student,257.85,1015.66,546.9
UT101196,Manya Das,Dresses,Oversized Shirt Dress,1,2861.45,20.0,2026-06-29,Chennai,Premium Shopper,728.5,2289.16,572.29
UT101411,Arjun Kapoor,Denim,Mom Fit Jeans,3,2030.68,15.0,2026-06-29,Ahmedabad,Casual Shopper,1358.61,5178.23,913.81
UT101504,Aarav Verma,T-Shirts,Minimal Logo Tee,1,1385.69,0.0,2026-06-29,Delhi,Student,399.42,1385.69,0.0
UT102826,Kavya Joshi,Denim,Straight Fit Jeans,4,2901.26,0.0,2026-06-29,Noida,Working Professional,3430.66,11605.04,0.0
UT101179,Sakshi Jain,T-Shirts,Essential Tee,1,1298.08,10.0,2026-06-30,Ahmedabad,Young Professional,305.26,1168.27,129.81
UT102196,Isha Kapoor,Accessories,Leather Wallet,3,401.3,10.0,2026-06-30,Delhi,Young Professional,369.22,1083.51,120.39
UT102905,Aditya Singh,T-Shirts,Minimal Logo Tee,2,1540.19,30.0,2026-06-30,Bengaluru,Young Professional,585.52,2156.27,924.11
UT100067,Kabir Reddy,Shirts,Textured Shirt,2,1917.61,20.0,2026-07-01,Hyderabad,Premium Shopper,916.01,3068.18,767.04
UT100128,Kavya Gupta,Denim,Denim Skirt,3,2482.47,30.0,2026-07-01,Hyderabad,Casual Shopper,1190.32,5213.19,2234.22
UT100396,Anika Chopra,T-Shirts,Premium Cotton Tee,1,1598.47,20.0,2026-07-01,Chandigarh,Young Professional,329.34,1278.78,319.69
UT100880,Sneha Chopra,Shirts,Oxford Shirt,1,2055.14,0.0,2026-07-01,Noida,Young Professional,571.44,2055.14,0.0
UT101660,Kabir Saxena,Denim,Denim Skirt,3,2267.23,0.0,2026-07-01,Mumbai,Young Professional,1931.82,6801.69,0.0
UT102126,Isha Singh,Shirts,Textured Shirt,1,1272.13,35.0,2026-07-01,Chandigarh,Student,192.38,826.88,445.25
UT100245,Shreya Bansal,Dresses,Oversized Shirt Dress,1,2324.08,10.0,2026-07-02,Lucknow,Working Professional,778.62,2091.67,232.41
UT100270,Aarav Nair,T-Shirts,Essential Tee,1,720.78,40.0,2026-07-02,Kolkata,Working Professional,156.54,432.47,288.31
UT101287,Neha Verma,T-Shirts,Relaxed Fit Tee,1,624.08,25.0,2026-07-02,Chennai,Premium Shopper,191.77,468.06,156.02
UT100989,Nisha Mishra,Shirts,Oxford Shirt,2,2294.84,15.0,2026-07-03,Ahmedabad,Casual Shopper,1040.54,3901.23,688.45
UT101429,Rahul Agarwal,Accessories,Canvas Tote,2,578.71,10.0,2026-07-03,Jaipur,Premium Shopper,425.02,1041.68,115.74
UT101630,Meera Nair,T-Shirts,Relaxed Fit Tee,2,609.51,10.0,2026-07-03,Bengaluru,Student,386.34,1097.12,121.9
UT102181,Kabir Nair,T-Shirts,Minimal Logo Tee,2,707.22,10.0,2026-07-03,Delhi,Working Professional,440.54,1273.0,141.44
UT102596,Nisha Verma,T-Shirts,Premium Cotton Tee,1,929.64,25.0,2026-07-03,Hyderabad,Young Professional,51.82,697.23,232.41
UT102827,Tanya Malhotra,T-Shirts,Essential Tee,1,917.25,15.0,2026-07-03,Lucknow,Working Professional,253.36,779.66,137.59
UT100913,Arjun Mishra,Shirts,Linen Shirt,1,1627.91,40.0,2026-07-04,Ahmedabad,Casual Shopper,238.75,976.75,651.16
UT102071,Aarav Verma,Denim,Mom Fit Jeans,3,2966.62,25.0,2026-07-04,Bengaluru,Casual Shopper,1471.77,6674.9,2224.96
UT102521,Kavya Singh,T-Shirts,Premium Cotton Tee,1,1578.73,20.0,2026-07-04,Bengaluru,Working Professional,343.6,1262.98,315.75
UT100196,Kavya Agarwal,Shirts,Linen Shirt,2,2484.25,15.0,2026-07-05,Hyderabad,Casual Shopper,1093.74,4223.22,745.28
UT100838,Neha Shah,Shirts,Linen Shirt,1,2013.42,20.0,2026-07-05,Gurugram,Working Professional,529.11,1610.74,402.68
UT101267,Aditya Kumar,Dresses,Floral Midi Dress,2,2017.74,10.0,2026-07-05,Pune,Working Professional,1236.49,3631.93,403.55
UT101019,Kritika Das,Denim,Straight Fit Jeans,1,2178.69,20.0,2026-07-06,Chennai,Working Professional,388.83,1742.95,435.74
UT102011,Rohan Nair,T-Shirts,Premium Cotton Tee,1,1383.05,10.0,2026-07-06,Kolkata,Student,317.34,1244.74,138.31
UT102801,Ishaan Verma,Shirts,Linen Shirt,2,1862.44,15.0,2026-07-06,Chandigarh,Working Professional,966.84,3166.15,558.73
UT100185,Aarav Mishra,T-Shirts,Premium Cotton Tee,3,982.17,10.0,2026-07-07,Surat,Young Professional,834.6,2651.86,294.65
UT101642,Aditya Mehta,Accessories,Cap,1,1302.31,0.0,2026-07-07,Lucknow,Working Professional,439.57,1302.31,0.0
UT102513,Aanya Kumar,T-Shirts,Minimal Logo Tee,1,1323.81,35.0,2026-07-07,Gurugram,Casual Shopper,241.87,860.48,463.33
UT100202,Anika Singh,Shirts,Oxford Shirt,1,2164.33,10.0,2026-07-08,Lucknow,Casual Shopper,623.55,1947.9,216.43
UT100348,Pooja Mehta,Dresses,Floral Midi Dress,1,1737.83,20.0,2026-07-08,Chandigarh,Young Professional,433.94,1390.26,347.57
UT101016,Arjun Sharma,Dresses,Floral Midi Dress,1,2200.07,0.0,2026-07-08,Chandigarh,Working Professional,744.58,2200.07,0.0
UT101090,Manya Shah,Accessories,Canvas Tote,2,573.01,25.0,2026-07-08,Hyderabad,Student,271.59,859.52,286.5
UT102292,Kritika Agarwal,Shirts,Linen Shirt,2,2261.44,10.0,2026-07-08,Mumbai,Working Professional,1222.85,4070.59,452.29
UT102604,Nisha Kumar,Dresses,Floral Midi Dress,2,2426.83,15.0,2026-07-08,Gurugram,Casual Shopper,1215.1,4125.61,728.05
UT102914,Simran Reddy,Shirts,Linen Shirt,1,2345.25,0.0,2026-07-08,Delhi,Working Professional,763.23,2345.25,0.0
UT100950,Ananya Patel,Dresses,Ribbed Dress,1,1384.1,40.0,2026-07-09,Chandigarh,Working Professional,291.32,830.46,553.64
UT101311,Nisha Gupta,T-Shirts,Relaxed Fit Tee,1,823.12,10.0,2026-07-09,Pune,Young Professional,230.42,740.81,82.31
UT101394,Sakshi Mishra,Shirts,Textured Shirt,3,1767.54,20.0,2026-07-09,Chennai,Premium Shopper,1260.73,4242.1,1060.52
UT102507,Rahul Reddy,Accessories,Leather Wallet,2,1144.91,0.0,2026-07-09,Chennai,Working Professional,900.22,2289.82,0.0
UT100380,Karan Das,Accessories,Minimal Sling Bag,2,1795.12,15.0,2026-07-10,Pune,Young Professional,1078.88,3051.7,538.54
UT100624,Rohan Sharma,Shirts,Oxford Shirt,1,1918.76,5.0,2026-07-10,Noida,Working Professional,522.89,1822.82,95.94
UT101212,Neha Mehta,Accessories,Canvas Tote,1,1062.04,30.0,2026-07-10,Noida,Premium Shopper,146.77,743.43,318.61
UT102016,Aditya Saxena,Shirts,Oxford Shirt,5,2303.28,25.0,2026-07-10,Jaipur,Student,2096.02,8637.3,2879.1
UT100451,Ananya Gupta,Accessories,Canvas Tote,1,1338.76,0.0,2026-07-11,Gurugram,Casual Shopper,452.47,1338.76,0.0
UT102094,Neha Patel,Denim,Wide Leg Denim,2,1999.86,5.0,2026-07-11,Hyderabad,Working Professional,1118.89,3799.73,199.99
UT102368,Sneha Agarwal,Denim,Straight Fit Jeans,1,3298.38,30.0,2026-07-11,Noida,Young Professional,539.97,2308.87,989.51
UT102423,Yash Das,T-Shirts,Relaxed Fit Tee,1,1012.57,10.0,2026-07-11,Surat,Student,252.92,911.31,101.26
UT102840,Arjun Das,Shirts,Linen Shirt,2,1030.55,15.0,2026-07-11,Surat,Young Professional,545.91,1751.94,309.16
UT102883,Simran Chopra,Dresses,Casual Mini Dress,1,2381.2,25.0,2026-07-11,Ahmedabad,Casual Shopper,507.03,1785.9,595.3
UT101358,Aditya Kapoor,Denim,Denim Skirt,2,2209.92,10.0,2026-07-12,Mumbai,Student,992.39,3977.86,441.98
UT101946,Kritika Joshi,Shirts,Textured Shirt,1,1442.0,30.0,2026-07-12,Mumbai,Young Professional,319.59,1009.4,432.6
UT102243,Kritika Patel,Dresses,Floral Midi Dress,1,2916.51,20.0,2026-07-12,Kolkata,Working Professional,677.01,2333.21,583.3
UT102812,Vivaan Mishra,Shirts,Linen Shirt,1,2378.26,15.0,2026-07-12,Chennai,Student,617.0,2021.52,356.74
UT100404,Vivaan Joshi,Dresses,Casual Mini Dress,3,2716.08,10.0,2026-07-13,Bengaluru,Casual Shopper,2215.33,7333.42,814.82
UT101043,Aarav Kapoor,Dresses,Casual Mini Dress,1,1869.86,15.0,2026-07-13,Gurugram,Casual Shopper,466.92,1589.38,280.48
UT101888,Meera Malhotra,Accessories,Cap,1,1069.74,15.0,2026-07-13,Pune,Premium Shopper,403.86,909.28,160.46
UT102338,Pooja Reddy,Denim,Straight Fit Jeans,4,2048.47,5.0,2026-07-13,Kolkata,Young Professional,2211.57,7784.19,409.69
UT102803,Riya Saxena,Dresses,Oversized Shirt Dress,3,2726.34,0.0,2026-07-13,Delhi,Young Professional,2669.2,8179.02,0.0
UT102901,Riya Verma,Dresses,Oversized Shirt Dress,1,1332.51,25.0,2026-07-13,Gurugram,Working Professional,272.79,999.38,333.13
UT102984,Aditya Agarwal,Denim,Denim Skirt,3,2283.6,35.0,2026-07-13,Chandigarh,Student,915.06,4453.02,2397.78
UT100287,Diya Reddy,T-Shirts,Minimal Logo Tee,1,1218.77,20.0,2026-07-14,Gurugram,Premium Shopper,411.89,975.02,243.75
UT101231,Aanya Sharma,Denim,Denim Skirt,4,2648.92,20.0,2026-07-14,Delhi,Working Professional,2221.29,8476.54,2119.14
UT102036,Kritika Mishra,Denim,Denim Skirt,2,1988.08,0.0,2026-07-14,Chandigarh,Young Professional,1154.11,3976.16,0.0
UT102964,Shreya Chopra,Shirts,Relaxed Casual Shirt,3,1450.03,15.0,2026-07-14,Mumbai,Working Professional,1045.57,3697.58,652.51
UT100064,Ishaan Mishra,Shirts,Relaxed Casual Shirt,2,2494.92,5.0,2026-07-15,Chandigarh,Working Professional,1470.36,4740.35,249.49
UT101614,Rohan Singh,T-Shirts,Premium Cotton Tee,1,1270.44,0.0,2026-07-15,Noida,Young Professional,399.36,1270.44,0.0
UT101899,Meera Verma,Denim,Denim Skirt,2,1860.8,10.0,2026-07-15,Lucknow,Casual Shopper,884.24,3349.44,372.16
UT101246,Neha Das,Shirts,Oxford Shirt,2,1823.48,0.0,2026-07-16,Lucknow,Premium Shopper,1204.57,3646.96,0.0
UT102276,Aanya Joshi,Denim,Denim Skirt,1,1698.86,0.0,2026-07-16,Kolkata,Working Professional,545.93,1698.86,0.0
UT102675,Rahul Joshi,Dresses,Casual Mini Dress,1,2663.11,35.0,2026-07-16,Surat,Young Professional,499.07,1731.02,932.09
UT100420,Pooja Singh,Dresses,Oversized Shirt Dress,3,2988.0,10.0,2026-07-17,Lucknow,Working Professional,2609.66,8067.6,896.4
UT100472,Karan Agarwal,T-Shirts,Minimal Logo Tee,1,664.27,15.0,2026-07-17,Bengaluru,Casual Shopper,96.32,564.63,99.64
UT100707,Aarav Verma,Accessories,Leather Wallet,4,932.85,5.0,2026-07-17,Ahmedabad,Premium Shopper,1385.3,3544.83,186.57
UT102485,Aditya Verma,Denim,Straight Fit Jeans,1,1648.88,20.0,2026-07-17,Chandigarh,Young Professional,347.11,1319.1,329.78
UT100301,Kritika Mishra,T-Shirts,Relaxed Fit Tee,1,1314.79,5.0,2026-07-18,Lucknow,Casual Shopper,432.95,1249.05,65.74
UT100507,Ananya Kumar,Shirts,Textured Shirt,1,1869.56,30.0,2026-07-18,Pune,Young Professional,373.04,1308.69,560.87
UT100642,Aditi Sharma,T-Shirts,Minimal Logo Tee,1,1469.49,25.0,2026-07-18,Hyderabad,Casual Shopper,297.91,1102.12,367.37
UT101209,Priya Jain,T-Shirts,Minimal Logo Tee,2,1551.2,15.0,2026-07-18,Bengaluru,Working Professional,715.3,2637.04,465.36
UT101629,Manya Gupta,T-Shirts,Premium Cotton Tee,3,1436.32,15.0,2026-07-18,Lucknow,Young Professional,1110.45,3662.62,646.34
UT101702,Tanya Bansal,Accessories,Cap,2,510.1,25.0,2026-07-18,Bengaluru,Premium Shopper,222.79,765.15,255.05
UT101811,Tanya Singh,T-Shirts,Premium Cotton Tee,2,1438.64,10.0,2026-07-18,Jaipur,Student,730.65,2589.55,287.73
UT100381,Neha Das,Accessories,Minimal Sling Bag,1,1178.63,5.0,2026-07-19,Jaipur,Working Professional,408.31,1119.7,58.93
UT102025,Aanya Kumar,Denim,Straight Fit Jeans,3,3073.5,20.0,2026-07-19,Noida,Working Professional,2007.27,7376.4,1844.1
UT100431,Rohan Verma,Denim,Mom Fit Jeans,1,2524.3,10.0,2026-07-20,Bengaluru,Working Professional,628.13,2271.87,252.43
UT101139,Arjun Singh,Denim,Denim Skirt,2,2684.48,10.0,2026-07-20,Gurugram,Young Professional,1349.75,4832.06,536.9
UT101441,Ishaan Kapoor,Dresses,Casual Mini Dress,2,1874.53,30.0,2026-07-20,Chandigarh,Casual Shopper,764.6,2624.34,1124.72
UT100784,Ishaan Bansal,Denim,Wide Leg Denim,1,2051.68,20.0,2026-07-21,Delhi,Casual Shopper,455.07,1641.34,410.34
UT101085,Aditi Kumar,Dresses,Oversized Shirt Dress,1,2627.47,30.0,2026-07-21,Noida,Young Professional,412.76,1839.23,788.24
UT102032,Aanya Malhotra,Accessories,Leather Wallet,3,1792.98,30.0,2026-07-21,Ahmedabad,Student,1127.97,3765.26,1613.68
UT102187,Karan Bansal,Shirts,Oxford Shirt,1,2464.6,25.0,2026-07-21,Hyderabad,Young Professional,440.7,1848.45,616.15
UT102296,Pooja Kapoor,T-Shirts,Minimal Logo Tee,1,936.29,10.0,2026-07-21,Ahmedabad,Student,254.87,842.66,93.63
UT100724,Sneha Agarwal,T-Shirts,Minimal Logo Tee,3,922.95,20.0,2026-07-22,Chennai,Young Professional,689.8,2215.08,553.77
UT101165,Priya Singh,T-Shirts,Premium Cotton Tee,1,1112.04,0.0,2026-07-22,Bengaluru,Working Professional,372.17,1112.04,0.0
UT101718,Nisha Saxena,T-Shirts,Relaxed Fit Tee,2,637.45,35.0,2026-07-22,Chandigarh,Working Professional,172.14,828.68,446.22
UT101779,Yash Verma,T-Shirts,Relaxed Fit Tee,1,709.79,25.0,2026-07-22,Mumbai,Young Professional,82.69,532.34,177.45
UT102093,Aarav Sharma,T-Shirts,Essential Tee,1,616.01,15.0,2026-07-22,Jaipur,Student,173.45,523.61,92.4
UT102436,Neha Reddy,T-Shirts,Minimal Logo Tee,2,1461.11,5.0,2026-07-22,Ahmedabad,Premium Shopper,922.61,2776.11,146.11
UT102763,Kavya Jain,Denim,Mom Fit Jeans,3,1774.46,25.0,2026-07-22,Hyderabad,Young Professional,999.71,3992.54,1330.85
UT102924,Vivaan Sharma,T-Shirts,Essential Tee,5,969.92,35.0,2026-07-22,Ahmedabad,Student,690.6,3152.24,1697.36
UT100278,Sakshi Patel,Accessories,Canvas Tote,1,1049.93,10.0,2026-07-23,Bengaluru,Student,275.77,944.94,104.99
UT100357,Rohan Mishra,Dresses,Floral Midi Dress,4,1346.51,25.0,2026-07-23,Jaipur,Student,1146.97,4039.53,1346.51
UT100544,Rohan Kapoor,Shirts,Oxford Shirt,3,1663.13,10.0,2026-07-23,Chandigarh,Young Professional,1301.57,4490.45,498.94
UT101279,Rahul Chopra,Accessories,Leather Wallet,1,729.75,25.0,2026-07-23,Hyderabad,Young Professional,220.71,547.31,182.44
UT101685,Manya Reddy,T-Shirts,Premium Cotton Tee,3,758.32,10.0,2026-07-23,Jaipur,Premium Shopper,667.64,2047.46,227.5
UT101947,Isha Saxena,Accessories,Leather Wallet,3,406.12,0.0,2026-07-23,Noida,Premium Shopper,445.38,1218.36,0.0
UT102440,Shreya Verma,Denim,Mom Fit Jeans,5,2644.69,10.0,2026-07-23,Gurugram,Premium Shopper,3444.43,11901.11,1322.34
UT102532,Shreya Kumar,Dresses,Ribbed Dress,1,1639.5,15.0,2026-07-23,Chandigarh,Young Professional,504.25,1393.58,245.92
UT102725,Isha Malhotra,T-Shirts,Essential Tee,1,949.24,5.0,2026-07-23,Pune,Casual Shopper,215.22,901.78,47.46
UT101074,Anika Reddy,Accessories,Cap,1,726.93,30.0,2026-07-24,Ahmedabad,Premium Shopper,201.09,508.85,218.08
UT102278,Pooja Singh,T-Shirts,Relaxed Fit Tee,1,839.06,25.0,2026-07-24,Chandigarh,Premium Shopper,215.47,629.29,209.76
UT102712,Kavya Chopra,T-Shirts,Premium Cotton Tee,3,677.96,20.0,2026-07-24,Chandigarh,Working Professional,451.48,1627.1,406.78
UT100116,Riya Nair,Dresses,Ribbed Dress,1,1481.11,10.0,2026-07-25,Chandigarh,Student,474.64,1333.0,148.11
UT100652,Riya Chopra,Dresses,Floral Midi Dress,1,1563.23,10.0,2026-07-25,Chennai,Young Professional,443.01,1406.91,156.32
UT101219,Neha Patel,T-Shirts,Minimal Logo Tee,1,1354.93,25.0,2026-07-25,Pune,Student,243.36,1016.2,338.73
UT101767,Tanya Saxena,Shirts,Textured Shirt,2,1987.1,15.0,2026-07-25,Jaipur,Working Professional,1021.72,3378.07,596.13
UT102068,Ishaan Chopra,Dresses,Casual Mini Dress,3,2881.5,15.0,2026-07-25,Noida,Working Professional,2249.53,7347.82,1296.68
UT102287,Neha Jain,Denim,Denim Skirt,5,2612.23,30.0,2026-07-25,Mumbai,Premium Shopper,2336.7,9142.8,3918.35
UT102495,Pooja Patel,Denim,Wide Leg Denim,2,1872.94,15.0,2026-07-25,Ahmedabad,Working Professional,845.02,3184.0,561.88
UT102559,Kavya Gupta,Shirts,Linen Shirt,1,1386.19,20.0,2026-07-25,Delhi,Working Professional,291.34,1108.95,277.24
UT100235,Karan Chopra,Shirts,Oxford Shirt,1,2311.37,30.0,2026-07-26,Bengaluru,Casual Shopper,388.55,1617.96,693.41
UT101357,Anika Agarwal,Accessories,Canvas Tote,2,419.51,5.0,2026-07-26,Chandigarh,Premium Shopper,314.41,797.07,41.95
UT101444,Shreya Singh,T-Shirts,Relaxed Fit Tee,1,1504.57,10.0,2026-07-26,Gurugram,Young Professional,419.92,1354.11,150.46
UT101473,Priya Sharma,T-Shirts,Essential Tee,3,1537.05,5.0,2026-07-26,Surat,Premium Shopper,1470.92,4380.59,230.56
UT101712,Aanya Bansal,Denim,Mom Fit Jeans,3,2577.66,10.0,2026-07-26,Jaipur,Young Professional,1807.17,6959.68,773.3
UT100445,Neha Reddy,T-Shirts,Minimal Logo Tee,3,1185.77,5.0,2026-07-27,Lucknow,Student,953.73,3379.44,177.87
UT100512,Neha Kapoor,T-Shirts,Essential Tee,1,1334.62,15.0,2026-07-27,Jaipur,Young Professional,337.01,1134.43,200.19
UT101334,Vivaan Mishra,Dresses,Ribbed Dress,2,2210.4,0.0,2026-07-27,Gurugram,Young Professional,1484.0,4420.8,0.0
UT102087,Meera Malhotra,Shirts,Relaxed Casual Shirt,2,1201.65,5.0,2026-07-27,Chennai,Working Professional,688.42,2283.14,120.16
UT102232,Kavya Nair,Dresses,Casual Mini Dress,3,2438.24,10.0,2026-07-27,Surat,Student,1935.88,6583.25,731.47
UT100112,Kritika Bansal,Dresses,Ribbed Dress,1,2851.57,40.0,2026-07-28,Lucknow,Student,431.76,1710.94,1140.63
UT101619,Meera Mehta,T-Shirts,Relaxed Fit Tee,1,869.42,35.0,2026-07-28,Lucknow,Young Professional,159.66,565.12,304.3
UT102491,Rohan Das,Denim,Straight Fit Jeans,2,2547.98,25.0,2026-07-28,Chennai,Student,895.69,3821.97,1273.99
UT101144,Meera Kapoor,Shirts,Textured Shirt,1,2254.06,0.0,2026-07-29,Surat,Student,705.71,2254.06,0.0
UT101546,Sneha Agarwal,T-Shirts,Minimal Logo Tee,2,1140.38,30.0,2026-07-29,Chandigarh,Student,429.24,1596.53,684.23
UT101552,Shreya Chopra,Denim,Denim Skirt,3,2906.32,30.0,2026-07-29,Chandigarh,Working Professional,1509.69,6103.27,2615.69
UT101884,Karan Das,Dresses,Ribbed Dress,3,1376.67,20.0,2026-07-29,Chennai,Working Professional,1013.56,3304.01,826.0
UT100272,Isha Patel,T-Shirts,Premium Cotton Tee,1,1081.32,10.0,2026-07-30,Chennai,Young Professional,275.35,973.19,108.13
UT100973,Manya Chopra,Shirts,Linen Shirt,4,2340.48,25.0,2026-07-30,Ahmedabad,Student,1670.44,7021.44,2340.48
UT101386,Manya Kumar,Accessories,Canvas Tote,1,857.86,25.0,2026-07-30,Chandigarh,Student,224.84,643.4,214.47
UT101526,Pooja Joshi,T-Shirts,Premium Cotton Tee,1,1019.9,15.0,2026-07-30,Noida,Casual Shopper,285.02,866.92,152.99
UT102720,Kabir Patel,T-Shirts,Essential Tee,5,1377.88,10.0,2026-07-30,Chandigarh,Young Professional,1821.52,6200.46,688.94
UT100633,Arjun Singh,T-Shirts,Relaxed Fit Tee,1,629.21,5.0,2026-07-31,Mumbai,Casual Shopper,172.63,597.75,31.46
UT101175,Neha Verma,Dresses,Floral Midi Dress,3,1994.74,20.0,2026-07-31,Chandigarh,Young Professional,1469.44,4787.38,1196.84
UT101730,Vivaan Nair,Shirts,Linen Shirt,1,2229.51,0.0,2026-07-31,Chandigarh,Young Professional,606.19,2229.51,0.0
UT101781,Nisha Reddy,Shirts,Relaxed Casual Shirt,1,2352.87,20.0,2026-07-31,Chandigarh,Young Professional,561.37,1882.3,470.57
UT102749,Nisha Agarwal,T-Shirts,Premium Cotton Tee,4,912.34,0.0,2026-07-31,Kolkata,Premium Shopper,1167.06,3649.36,0.0
UT100047,Rahul Chopra,T-Shirts,Essential Tee,2,1120.18,25.0,2026-08-01,Chennai,Student,468.91,1680.27,560.09
UT100356,Arjun Chopra,T-Shirts,Premium Cotton Tee,4,880.52,25.0,2026-08-01,Hyderabad,Student,682.47,2641.56,880.52
UT100393,Shreya Mehta,Shirts,Textured Shirt,4,1559.66,25.0,2026-08-01,Bengaluru,Working Professional,1333.71,4678.98,1559.66
UT100441,Arjun Nair,T-Shirts,Premium Cotton Tee,1,1343.99,10.0,2026-08-01,Ahmedabad,Student,350.57,1209.59,134.4
UT101545,Riya Shah,Shirts,Textured Shirt,1,1915.73,35.0,2026-08-01,Mumbai,Premium Shopper,329.51,1245.22,670.51
UT102632,Priya Singh,Shirts,Linen Shirt,1,2413.36,15.0,2026-08-01,Pune,Student,568.98,2051.36,362.0
UT102947,Karan Shah,Dresses,Casual Mini Dress,1,1543.55,30.0,2026-08-01,Pune,Casual Shopper,307.5,1080.48,463.07
UT100226,Arjun Saxena,Accessories,Cap,3,897.22,15.0,2026-08-02,Kolkata,Student,678.92,2287.91,403.75
UT100777,Ishaan Verma,Dresses,Ribbed Dress,3,2161.74,25.0,2026-08-02,Bengaluru,Working Professional,1542.66,4863.91,1621.31
UT102912,Yash Saxena,T-Shirts,Relaxed Fit Tee,1,862.38,20.0,2026-08-02,Bengaluru,Premium Shopper,203.79,689.9,172.48
UT100479,Kabir Patel,T-Shirts,Relaxed Fit Tee,2,1541.32,40.0,2026-08-03,Surat,Working Professional,452.93,1849.58,1233.06
UT100636,Rohan Singh,Dresses,Ribbed Dress,1,2009.6,30.0,2026-08-03,Lucknow,Working Professional,425.13,1406.72,602.88
UT100793,Rohan Mehta,Shirts,Relaxed Casual Shirt,5,2471.1,25.0,2026-08-03,Pune,Premium Shopper,2688.7,9266.62,3088.88
UT100885,Neha Sharma,Accessories,Minimal Sling Bag,1,1519.73,15.0,2026-08-03,Kolkata,Casual Shopper,394.46,1291.77,227.96
UT101149,Kavya Sharma,T-Shirts,Minimal Logo Tee,1,1314.36,20.0,2026-08-03,Bengaluru,Working Professional,332.26,1051.49,262.87
UT101448,Nisha Malhotra,Shirts,Textured Shirt,5,2107.44,15.0,2026-08-03,Lucknow,Working Professional,2630.87,8956.62,1580.58
UT101613,Simran Joshi,Shirts,Linen Shirt,1,1098.76,30.0,2026-08-03,Gurugram,Student,100.84,769.13,329.63
UT102038,Anika Verma,T-Shirts,Premium Cotton Tee,1,1331.11,35.0,2026-08-03,Chandigarh,Young Professional,233.33,865.22,465.89
UT102059,Aarav Joshi,T-Shirts,Minimal Logo Tee,1,974.17,10.0,2026-08-03,Jaipur,Premium Shopper,314.49,876.75,97.42
UT102225,Tanya Mishra,T-Shirts,Relaxed Fit Tee,2,778.15,20.0,2026-08-03,Pune,Student,311.64,1245.04,311.26
UT102756,Arjun Reddy,T-Shirts,Relaxed Fit Tee,1,860.04,15.0,2026-08-03,Delhi,Young Professional,145.36,731.03,129.01
UT102897,Manya Mehta,Dresses,Ribbed Dress,3,1965.14,0.0,2026-08-03,Bengaluru,Young Professional,1961.01,5895.42,0.0
UT100018,Aarav Joshi,T-Shirts,Essential Tee,1,858.5,15.0,2026-08-04,Mumbai,Student,203.21,729.72,128.77
UT100233,Pooja Reddy,T-Shirts,Relaxed Fit Tee,1,783.02,0.0,2026-08-04,Ahmedabad,Student,291.68,783.02,0.0
UT100326,Aditi Nair,Denim,Wide Leg Denim,2,2535.95,20.0,2026-08-04,Ahmedabad,Young Professional,997.27,4057.52,1014.38
UT100453,Simran Chopra,Dresses,Floral Midi Dress,1,2604.53,20.0,2026-08-04,Gurugram,Student,619.26,2083.62,520.91
UT101199,Aarav Sharma,Dresses,Oversized Shirt Dress,1,2216.5,10.0,2026-08-04,Surat,Working Professional,705.62,1994.85,221.65
UT101566,Rohan Singh,Denim,Denim Skirt,1,1538.04,10.0,2026-08-05,Gurugram,Premium Shopper,421.86,1384.24,153.8
UT100302,Simran Kapoor,Shirts,Textured Shirt,2,1134.55,15.0,2026-08-06,Bengaluru,Young Professional,542.5,1928.74,340.36
UT100444,Simran Chopra,Denim,Wide Leg Denim,2,2389.18,15.0,2026-08-06,Chennai,Student,994.88,4061.61,716.75
UT100734,Karan Das,Accessories,Canvas Tote,1,1649.48,20.0,2026-08-06,Delhi,Student,397.43,1319.58,329.9
UT100932,Manya Bansal,T-Shirts,Essential Tee,2,1197.75,20.0,2026-08-06,Chennai,Student,457.33,1916.4,479.1
UT101072,Arjun Joshi,Accessories,Cap,3,459.28,10.0,2026-08-06,Mumbai,Working Professional,477.7,1240.06,137.78
UT102568,Arjun Mehta,Dresses,Ribbed Dress,1,1881.89,0.0,2026-08-06,Ahmedabad,Student,683.53,1881.89,0.0
UT100024,Aarav Reddy,Accessories,Canvas Tote,1,1506.51,20.0,2026-08-07,Bengaluru,Working Professional,346.5,1205.21,301.3
UT101290,Meera Kumar,Dresses,Casual Mini Dress,1,2086.19,0.0,2026-08-07,Kolkata,Young Professional,617.42,2086.19,0.0
UT101326,Aditi Reddy,T-Shirts,Minimal Logo Tee,1,1091.56,20.0,2026-08-07,Chandigarh,Young Professional,302.2,873.25,218.31
UT101793,Riya Chopra,Dresses,Floral Midi Dress,1,1588.02,5.0,2026-08-07,Jaipur,Casual Shopper,517.8,1508.62,79.4
UT101874,Riya Kapoor,Shirts,Textured Shirt,4,1572.92,30.0,2026-08-07,Delhi,Young Professional,1136.54,4404.18,1887.5
UT102384,Meera Kumar,Shirts,Linen Shirt,3,1410.67,25.0,2026-08-07,Chennai,Young Professional,883.25,3174.01,1058.0
UT102410,Rahul Gupta,Shirts,Oxford Shirt,1,1847.35,25.0,2026-08-07,Chennai,Young Professional,342.85,1385.51,461.84
UT102454,Rohan Malhotra,Shirts,Oxford Shirt,5,2046.01,15.0,2026-08-07,Chennai,Working Professional,2506.63,8695.54,1534.51
UT102976,Sakshi Saxena,T-Shirts,Minimal Logo Tee,2,1324.46,15.0,2026-08-07,Gurugram,Working Professional,666.16,2251.58,397.34
UT100061,Pooja Shah,T-Shirts,Essential Tee,5,866.4,0.0,2026-08-08,Gurugram,Young Professional,1296.08,4332.0,0.0
UT100590,Priya Shah,Denim,Wide Leg Denim,1,1888.35,25.0,2026-08-08,Pune,Young Professional,366.19,1416.26,472.09
UT100937,Ananya Shah,Denim,Denim Skirt,1,2119.61,25.0,2026-08-08,Bengaluru,Casual Shopper,404.26,1589.71,529.9
UT101035,Kabir Jain,T-Shirts,Premium Cotton Tee,3,1452.22,40.0,2026-08-08,Jaipur,Working Professional,739.32,2614.0,1742.66
UT102653,Simran Sharma,T-Shirts,Minimal Logo Tee,2,662.01,15.0,2026-08-09,Pune,Young Professional,279.4,1125.42,198.6
UT100007,Vivaan Mishra,Shirts,Linen Shirt,1,1996.12,40.0,2026-08-10,Noida,Premium Shopper,286.64,1197.67,798.45
UT102638,Yash Bansal,T-Shirts,Relaxed Fit Tee,4,1013.03,25.0,2026-08-10,Noida,Premium Shopper,836.28,3039.09,1013.03
UT100252,Anika Mishra,T-Shirts,Minimal Logo Tee,2,764.88,25.0,2026-08-11,Ahmedabad,Premium Shopper,379.54,1147.32,382.44
UT100634,Neha Kumar,Shirts,Oxford Shirt,2,2074.59,10.0,2026-08-11,Lucknow,Student,982.68,3734.26,414.92
UT100808,Sakshi Chopra,T-Shirts,Essential Tee,2,1057.33,15.0,2026-08-11,Noida,Premium Shopper,593.84,1797.46,317.2
UT100907,Ishaan Chopra,T-Shirts,Relaxed Fit Tee,1,1545.05,15.0,2026-08-11,Gurugram,Casual Shopper,362.92,1313.29,231.76
UT101745,Rohan Kumar,Accessories,Leather Wallet,2,1623.52,10.0,2026-08-11,Ahmedabad,Young Professional,1104.07,2922.34,324.7
UT101563,Pooja Bansal,T-Shirts,Premium Cotton Tee,5,1232.17,20.0,2026-08-12,Pune,Young Professional,1434.43,4928.68,1232.17
UT101409,Diya Sharma,Shirts,Textured Shirt,1,2455.11,0.0,2026-08-13,Mumbai,Working Professional,717.98,2455.11,0.0
UT101493,Kabir Agarwal,Dresses,Casual Mini Dress,1,1337.32,0.0,2026-08-13,Mumbai,Young Professional,433.92,1337.32,0.0
UT101623,Aanya Agarwal,T-Shirts,Essential Tee,3,1460.12,20.0,2026-08-13,Hyderabad,Working Professional,1014.63,3504.29,876.07
UT101892,Simran Das,Dresses,Ribbed Dress,1,1564.83,15.0,2026-08-13,Chennai,Young Professional,428.35,1330.11,234.72
UT102028,Kritika Das,Shirts,Textured Shirt,2,1115.1,25.0,2026-08-13,Surat,Working Professional,419.85,1672.65,557.55
UT102740,Manya Saxena,Dresses,Oversized Shirt Dress,2,1919.41,10.0,2026-08-13,Gurugram,Student,979.73,3454.94,383.88
UT100487,Aditi Bansal,T-Shirts,Premium Cotton Tee,1,965.43,35.0,2026-08-14,Mumbai,Working Professional,178.68,627.53,337.9
UT100786,Karan Reddy,Shirts,Oxford Shirt,4,1609.6,35.0,2026-08-14,Gurugram,Working Professional,1064.84,4184.96,2253.44
UT101161,Karan Mishra,Denim,Mom Fit Jeans,1,1899.24,20.0,2026-08-14,Noida,Working Professional,323.33,1519.39,379.85
UT102496,Sneha Singh,T-Shirts,Essential Tee,3,813.81,40.0,2026-08-14,Chandigarh,Student,354.8,1464.86,976.57
UT102572,Tanya Chopra,Accessories,Canvas Tote,3,827.78,15.0,2026-08-14,Mumbai,Casual Shopper,726.21,2110.84,372.5
UT100068,Riya Singh,Accessories,Canvas Tote,3,1047.78,10.0,2026-08-15,Jaipur,Young Professional,1011.26,2829.01,314.33
UT100975,Rahul Jain,Dresses,Oversized Shirt Dress,2,2676.16,0.0,2026-08-15,Noida,Working Professional,1750.11,5352.32,0.0
UT101134,Arjun Malhotra,T-Shirts,Relaxed Fit Tee,4,774.26,20.0,2026-08-15,Surat,Casual Shopper,639.92,2477.63,619.41
UT101880,Meera Verma,Shirts,Textured Shirt,2,1023.04,10.0,2026-08-15,Lucknow,Working Professional,498.04,1841.47,204.61
UT102630,Kabir Sharma,Shirts,Oxford Shirt,2,1460.22,25.0,2026-08-15,Pune,Student,485.13,2190.33,730.11
UT100180,Ananya Reddy,Shirts,Textured Shirt,3,2480.15,15.0,2026-08-16,Delhi,Student,1698.75,6324.38,1116.07
UT100494,Pooja Mehta,T-Shirts,Essential Tee,1,692.88,0.0,2026-08-16,Chennai,Working Professional,261.43,692.88,0.0
UT101297,Aditya Agarwal,Shirts,Relaxed Casual Shirt,1,1584.68,15.0,2026-08-16,Chandigarh,Working Professional,424.98,1346.98,237.7
UT101764,Nisha Patel,Accessories,Leather Wallet,5,1578.85,0.0,2026-08-16,Chennai,Premium Shopper,3051.06,7894.25,0.0
UT102284,Neha Sharma,Shirts,Textured Shirt,2,1713.19,0.0,2026-08-16,Ahmedabad,Young Professional,1126.09,3426.38,0.0
UT102393,Manya Das,Accessories,Canvas Tote,3,847.8,0.0,2026-08-16,Bengaluru,Young Professional,861.71,2543.4,0.0
UT102666,Tanya Sharma,Shirts,Oxford Shirt,1,1913.43,15.0,2026-08-16,Lucknow,Working Professional,452.21,1626.42,287.01
UT102788,Isha Shah,T-Shirts,Relaxed Fit Tee,1,1019.24,20.0,2026-08-16,Delhi,Young Professional,299.23,815.39,203.85
UT102797,Kavya Patel,Denim,Straight Fit Jeans,1,1505.92,10.0,2026-08-16,Chandigarh,Young Professional,332.61,1355.33,150.59
UT102895,Diya Mehta,Dresses,Oversized Shirt Dress,2,1764.21,30.0,2026-08-16,Bengaluru,Young Professional,637.73,2469.89,1058.53
UT102594,Kavya Verma,T-Shirts,Relaxed Fit Tee,2,1160.76,25.0,2026-08-17,Kolkata,Working Professional,524.3,1741.14,580.38
UT100261,Sakshi Nair,T-Shirts,Premium Cotton Tee,1,678.24,40.0,2026-08-18,Gurugram,Student,68.17,406.94,271.3
UT100753,Rohan Shah,Shirts,Relaxed Casual Shirt,1,1910.69,25.0,2026-08-18,Jaipur,Casual Shopper,384.96,1433.02,477.67
UT100954,Priya Shah,Shirts,Linen Shirt,1,1653.01,15.0,2026-08-18,Mumbai,Casual Shopper,385.29,1405.06,247.95
UT101676,Sneha Reddy,Shirts,Linen Shirt,4,1830.71,25.0,2026-08-18,Pune,Young Professional,1452.49,5492.13,1830.71
UT101677,Arjun Sharma,T-Shirts,Relaxed Fit Tee,2,882.01,0.0,2026-08-18,Lucknow,Working Professional,516.79,1764.02,0.0
UT102031,Rahul Gupta,T-Shirts,Essential Tee,1,1060.33,35.0,2026-08-18,Delhi,Premium Shopper,269.36,689.21,371.12
UT102696,Karan Kumar,Shirts,Oxford Shirt,4,1318.09,20.0,2026-08-18,Mumbai,Working Professional,1097.5,4217.89,1054.47
UT102777,Meera Shah,Shirts,Oxford Shirt,2,1922.52,0.0,2026-08-18,Hyderabad,Student,1165.55,3845.04,0.0
UT102999,Yash Bansal,Accessories,Canvas Tote,3,909.41,20.0,2026-08-18,Mumbai,Student,682.64,2182.58,545.65
UT100958,Yash Patel,Denim,Straight Fit Jeans,1,2602.34,10.0,2026-08-19,Mumbai,Working Professional,552.88,2342.11,260.23
UT101405,Rohan Joshi,T-Shirts,Essential Tee,1,790.7,20.0,2026-08-19,Chandigarh,Young Professional,125.09,632.56,158.14
UT101565,Rohan Chopra,Dresses,Ribbed Dress,4,1441.98,20.0,2026-08-19,Mumbai,Casual Shopper,1300.22,4614.34,1153.58
UT102693,Karan Saxena,Accessories,Canvas Tote,2,810.34,25.0,2026-08-19,Lucknow,Casual Shopper,400.66,1215.51,405.17
UT102989,Ishaan Das,T-Shirts,Essential Tee,2,1056.78,10.0,2026-08-19,Chandigarh,Casual Shopper,512.97,1902.2,211.36
UT100253,Yash Agarwal,Shirts,Oxford Shirt,1,1980.54,10.0,2026-08-20,Delhi,Casual Shopper,550.08,1782.49,198.05
UT100385,Ananya Kapoor,Denim,Straight Fit Jeans,1,1837.96,20.0,2026-08-20,Chennai,Working Professional,426.99,1470.37,367.59
UT101273,Ishaan Gupta,T-Shirts,Essential Tee,1,984.56,15.0,2026-08-20,Chennai,Student,218.94,836.88,147.68
UT102416,Manya Saxena,Denim,Straight Fit Jeans,1,2024.07,10.0,2026-08-20,Delhi,Casual Shopper,438.86,1821.66,202.41
UT102844,Kabir Jain,Accessories,Leather Wallet,4,544.02,15.0,2026-08-20,Jaipur,Working Professional,604.15,1849.67,326.41
UT100772,Kritika Chopra,Accessories,Cap,2,622.11,15.0,2026-08-21,Bengaluru,Premium Shopper,406.36,1057.59,186.63
UT101450,Aanya Saxena,Dresses,Ribbed Dress,3,2122.15,30.0,2026-08-21,Gurugram,Young Professional,1137.22,4456.52,1909.94
UT101477,Sneha Shah,Shirts,Textured Shirt,2,1999.72,10.0,2026-08-21,Delhi,Student,977.08,3599.5,399.94
UT101700,Neha Mishra,Accessories,Cap,1,1647.06,25.0,2026-08-21,Gurugram,Working Professional,463.78,1235.3,411.76
UT100538,Shreya Nair,Shirts,Oxford Shirt,1,2099.96,20.0,2026-08-22,Jaipur,Young Professional,464.08,1679.97,419.99
UT100573,Sakshi Gupta,T-Shirts,Minimal Logo Tee,1,842.53,10.0,2026-08-22,Surat,Working Professional,261.48,758.28,84.25
UT101032,Isha Jain,T-Shirts,Premium Cotton Tee,2,1107.11,20.0,2026-08-22,Mumbai,Student,469.8,1771.38,442.84
UT101751,Nisha Sharma,Shirts,Oxford Shirt,1,1472.61,25.0,2026-08-22,Mumbai,Young Professional,302.2,1104.46,368.15
UT101792,Nisha Reddy,Accessories,Canvas Tote,2,701.46,10.0,2026-08-22,Delhi,Young Professional,423.65,1262.63,140.29
UT100890,Aditi Verma,T-Shirts,Essential Tee,1,655.27,20.0,2026-08-23,Pune,Student,208.92,524.22,131.05
UT101684,Nisha Patel,Accessories,Leather Wallet,1,500.44,15.0,2026-08-23,Surat,Young Professional,214.82,425.37,75.07
UT101841,Nisha Shah,T-Shirts,Essential Tee,3,1374.61,0.0,2026-08-23,Jaipur,Premium Shopper,1448.42,4123.83,0.0
UT102560,Rohan Chopra,T-Shirts,Premium Cotton Tee,1,770.42,25.0,2026-08-23,Jaipur,Working Professional,99.58,577.81,192.6
UT100011,Neha Shah,Accessories,Minimal Sling Bag,1,1515.25,20.0,2026-08-24,Gurugram,Casual Shopper,404.78,1212.2,303.05
UT100307,Diya Gupta,Dresses,Ribbed Dress,4,2001.55,0.0,2026-08-24,Noida,Premium Shopper,2854.34,8006.2,0.0
UT100802,Manya Singh,Accessories,Minimal Sling Bag,1,1763.78,15.0,2026-08-24,Gurugram,Casual Shopper,552.81,1499.21,264.57
UT100949,Meera Bansal,T-Shirts,Relaxed Fit Tee,1,1042.72,0.0,2026-08-24,Kolkata,Working Professional,282.14,1042.72,0.0
UT100951,Meera Agarwal,Denim,Denim Skirt,1,3165.27,20.0,2026-08-24,Mumbai,Student,636.03,2532.22,633.05
UT100952,Arjun Das,T-Shirts,Premium Cotton Tee,1,1186.15,15.0,2026-08-24,Surat,Casual Shopper,273.75,1008.23,177.92
UT101962,Aditya Verma,T-Shirts,Minimal Logo Tee,1,1367.27,15.0,2026-08-24,Ahmedabad,Student,308.8,1162.18,205.09
UT102862,Aditya Patel,T-Shirts,Relaxed Fit Tee,2,862.56,20.0,2026-08-24,Gurugram,Young Professional,341.52,1380.1,345.02
UT100321,Ananya Agarwal,Dresses,Floral Midi Dress,5,1806.06,15.0,2026-08-25,Chennai,Casual Shopper,2317.39,7675.75,1354.54
UT101773,Rahul Shah,Accessories,Minimal Sling Bag,4,492.76,30.0,2026-08-25,Kolkata,Premium Shopper,491.78,1379.73,591.31
UT100151,Nisha Chopra,Shirts,Oxford Shirt,3,1265.0,20.0,2026-08-26,Chandigarh,Casual Shopper,799.4,3036.0,759.0
UT101061,Sakshi Gupta,T-Shirts,Relaxed Fit Tee,3,1420.96,20.0,2026-08-26,Delhi,Young Professional,947.65,3410.3,852.58
UT101145,Pooja Chopra,Accessories,Leather Wallet,1,1730.22,5.0,2026-08-26,Lucknow,Casual Shopper,478.21,1643.71,86.51
UT101883,Kritika Verma,Accessories,Leather Wallet,1,1030.5,25.0,2026-08-26,Jaipur,Student,203.12,772.88,257.62
UT102480,Kabir Kapoor,Denim,Straight Fit Jeans,1,3026.57,10.0,2026-08-26,Gurugram,Casual Shopper,698.88,2723.91,302.66
UT100074,Aanya Singh,Dresses,Ribbed Dress,1,2290.16,10.0,2026-08-27,Jaipur,Young Professional,603.06,2061.14,229.02
UT100213,Aditi Reddy,T-Shirts,Relaxed Fit Tee,2,1494.73,0.0,2026-08-27,Delhi,Casual Shopper,899.14,2989.46,0.0
UT101040,Priya Chopra,Dresses,Oversized Shirt Dress,2,2827.82,5.0,2026-08-27,Mumbai,Student,1589.61,5372.86,282.78
UT101065,Priya Malhotra,Accessories,Cap,2,940.79,10.0,2026-08-27,Noida,Working Professional,560.61,1693.42,188.16
UT101220,Aditya Joshi,T-Shirts,Premium Cotton Tee,1,717.65,10.0,2026-08-27,Surat,Working Professional,196.01,645.88,71.76
UT101654,Ishaan Singh,Shirts,Linen Shirt,2,1484.58,30.0,2026-08-27,Noida,Student,502.21,2078.41,890.75
UT102082,Manya Kumar,T-Shirts,Minimal Logo Tee,1,1265.91,20.0,2026-08-27,Lucknow,Working Professional,282.66,1012.73,253.18
UT100201,Kritika Saxena,Dresses,Floral Midi Dress,1,2214.55,10.0,2026-08-28,Pune,Working Professional,714.02,1993.1,221.45
UT100627,Ananya Mishra,T-Shirts,Essential Tee,4,930.06,10.0,2026-08-28,Kolkata,Young Professional,928.26,3348.22,372.02
UT101121,Priya Kapoor,T-Shirts,Premium Cotton Tee,1,1363.04,10.0,2026-08-28,Hyderabad,Working Professional,395.74,1226.74,136.3
UT102364,Meera Saxena,Denim,Wide Leg Denim,2,2487.17,30.0,2026-08-28,Jaipur,Working Professional,785.03,3482.04,1492.3
UT101742,Neha Singh,Denim,Straight Fit Jeans,1,1706.75,15.0,2026-08-29,Chandigarh,Working Professional,466.75,1450.74,256.01
UT101953,Kritika Mehta,Denim,Mom Fit Jeans,3,2099.98,0.0,2026-08-29,Chennai,Premium Shopper,1977.82,6299.94,0.0
UT102929,Vivaan Gupta,Shirts,Oxford Shirt,1,1686.86,25.0,2026-08-29,Hyderabad,Student,309.28,1265.14,421.71
UT100442,Simran Kumar,T-Shirts,Minimal Logo Tee,1,644.85,25.0,2026-08-30,Mumbai,Working Professional,111.52,483.64,161.21
UT102607,Riya Nair,Shirts,Linen Shirt,1,1269.59,10.0,2026-08-30,Lucknow,Young Professional,265.83,1142.63,126.96
UT100650,Aanya Das,Shirts,Textured Shirt,2,2029.61,5.0,2026-08-31,Gurugram,Student,1069.27,3856.26,202.96
UT101067,Diya Gupta,T-Shirts,Essential Tee,2,1325.36,15.0,2026-08-31,Gurugram,Casual Shopper,704.03,2253.11,397.61
UT101097,Sakshi Sharma,Shirts,Textured Shirt,1,1324.67,10.0,2026-08-31,Surat,Young Professional,386.41,1192.2,132.47
UT101332,Tanya Chopra,Accessories,Leather Wallet,2,1158.78,5.0,2026-08-31,Chennai,Working Professional,786.71,2201.68,115.88
UT101551,Kavya Gupta,Shirts,Relaxed Casual Shirt,1,1665.82,0.0,2026-08-31,Kolkata,Student,566.19,1665.82,0.0
UT101728,Aditya Singh,Shirts,Linen Shirt,2,1827.8,20.0,2026-08-31,Mumbai,Young Professional,750.45,2924.48,731.12
UT102579,Anika Kumar,T-Shirts,Premium Cotton Tee,2,1547.9,0.0,2026-08-31,Surat,Student,931.55,3095.8,0.0
UT102616,Ananya Verma,Shirts,Oxford Shirt,1,2315.21,10.0,2026-08-31,Mumbai,Premium Shopper,647.85,2083.69,231.52
UT100236,Kritika Mishra,T-Shirts,Minimal Logo Tee,3,1005.03,0.0,2026-09-01,Mumbai,Young Professional,943.01,3015.09,0.0
UT100405,Aanya Das,Accessories,Canvas Tote,2,593.23,5.0,2026-09-01,Chandigarh,Student,424.89,1127.14,59.32
UT100680,Diya Shah,Dresses,Casual Mini Dress,4,2194.61,30.0,2026-09-01,Delhi,Premium Shopper,1826.48,6144.91,2633.53
UT100744,Aditya Reddy,T-Shirts,Essential Tee,5,919.83,10.0,2026-09-01,Surat,Premium Shopper,1270.31,4139.24,459.92
UT101436,Sneha Das,Denim,Mom Fit Jeans,1,2158.34,5.0,2026-09-01,Hyderabad,Working Professional,677.47,2050.42,107.92
UT102279,Manya Jain,Shirts,Relaxed Casual Shirt,1,1550.35,5.0,2026-09-01,Lucknow,Student,420.05,1472.83,77.52
UT102301,Meera Das,Dresses,Floral Midi Dress,4,2896.35,0.0,2026-09-01,Surat,Young Professional,3731.38,11585.4,0.0
UT102357,Aditya Sharma,Shirts,Linen Shirt,4,1277.36,25.0,2026-09-01,Surat,Student,957.84,3832.08,1277.36
UT100188,Priya Reddy,T-Shirts,Essential Tee,1,1136.92,20.0,2026-09-02,Surat,Young Professional,285.11,909.54,227.38
UT100247,Rohan Agarwal,Accessories,Leather Wallet,1,698.11,25.0,2026-09-02,Bengaluru,Student,235.11,523.58,174.53
UT100997,Rahul Malhotra,Dresses,Oversized Shirt Dress,1,1902.66,40.0,2026-09-03,Chennai,Premium Shopper,355.26,1141.6,761.06
UT101568,Aarav Mishra,Dresses,Oversized Shirt Dress,1,1907.32,25.0,2026-09-03,Surat,Premium Shopper,488.37,1430.49,476.83
UT101916,Pooja Verma,Dresses,Oversized Shirt Dress,4,2451.87,35.0,2026-09-03,Gurugram,Working Professional,1751.16,6374.86,3432.62
UT102004,Aarav Agarwal,Shirts,Relaxed Casual Shirt,1,2392.85,5.0,2026-09-03,Pune,Working Professional,712.09,2273.21,119.64
UT102398,Nisha Singh,Dresses,Oversized Shirt Dress,2,2398.64,10.0,2026-09-03,Bengaluru,Working Professional,1351.5,4317.55,479.73
UT102550,Yash Jain,Shirts,Relaxed Casual Shirt,1,2311.27,5.0,2026-09-03,Delhi,Working Professional,614.14,2195.71,115.56
UT102635,Rohan Chopra,Dresses,Floral Midi Dress,5,2409.48,0.0,2026-09-03,Ahmedabad,Working Professional,4056.97,12047.4,0.0
UT100602,Anika Saxena,Shirts,Relaxed Casual Shirt,2,2326.77,5.0,2026-09-04,Lucknow,Young Professional,1253.47,4420.86,232.68
UT101578,Pooja Saxena,Shirts,Textured Shirt,1,2221.91,0.0,2026-09-04,Bengaluru,Working Professional,707.97,2221.91,0.0
UT101583,Isha Joshi,Shirts,Textured Shirt,1,2403.79,35.0,2026-09-04,Bengaluru,Working Professional,401.39,1562.46,841.33
UT102085,Tanya Agarwal,Shirts,Relaxed Casual Shirt,1,2404.02,20.0,2026-09-04,Kolkata,Working Professional,516.45,1923.22,480.8
UT102799,Ishaan Bansal,Accessories,Canvas Tote,3,601.98,15.0,2026-09-04,Surat,Young Professional,579.72,1535.05,270.89
UT102916,Simran Singh,Dresses,Floral Midi Dress,2,2559.4,15.0,2026-09-04,Chennai,Working Professional,1404.9,4350.98,767.82
UT100004,Tanya Kapoor,Denim,Wide Leg Denim,3,2840.85,5.0,2026-09-05,Hyderabad,Premium Shopper,2483.9,8096.42,426.13
UT100032,Aarav Shah,T-Shirts,Minimal Logo Tee,1,635.48,30.0,2026-09-05,Delhi,Casual Shopper,148.66,444.84,190.64
UT100917,Vivaan Chopra,Shirts,Relaxed Casual Shirt,3,2493.43,25.0,2026-09-05,Lucknow,Young Professional,1455.76,5610.22,1870.07
UT101133,Aditya Gupta,T-Shirts,Premium Cotton Tee,1,659.57,25.0,2026-09-05,Ahmedabad,Young Professional,85.89,494.68,164.89
UT101317,Priya Kumar,T-Shirts,Minimal Logo Tee,3,750.48,25.0,2026-09-05,Hyderabad,Working Professional,521.7,1688.58,562.86
UT102356,Aditya Shah,T-Shirts,Premium Cotton Tee,5,744.38,35.0,2026-09-05,Lucknow,Working Professional,676.03,2419.24,1302.66
UT102748,Anika Mishra,Shirts,Textured Shirt,1,1378.54,10.0,2026-09-05,Surat,Working Professional,369.88,1240.69,137.85
UT102946,Ishaan Das,Dresses,Ribbed Dress,1,2708.27,10.0,2026-09-05,Delhi,Working Professional,824.24,2437.44,270.83
UT100264,Priya Saxena,Dresses,Casual Mini Dress,2,2935.85,15.0,2026-09-06,Kolkata,Student,1392.51,4990.94,880.76
UT100853,Kavya Patel,Dresses,Floral Midi Dress,3,1453.61,20.0,2026-09-06,Mumbai,Student,924.31,3488.66,872.17
UT101130,Karan Patel,T-Shirts,Relaxed Fit Tee,2,745.89,20.0,2026-09-06,Gurugram,Casual Shopper,323.3,1193.42,298.36
UT101322,Ishaan Jain,Denim,Denim Skirt,1,1598.01,5.0,2026-09-06,Mumbai,Premium Shopper,495.5,1518.11,79.9
UT102097,Manya Jain,T-Shirts,Minimal Logo Tee,2,1450.21,35.0,2026-09-06,Pune,Working Professional,460.77,1885.27,1015.15
UT102703,Manya Joshi,Denim,Mom Fit Jeans,2,1712.93,10.0,2026-09-06,Hyderabad,Working Professional,842.23,3083.27,342.59
UT101137,Aditya Mehta,T-Shirts,Premium Cotton Tee,1,1595.45,30.0,2026-09-07,Chennai,Working Professional,334.0,1116.82,478.64
UT101478,Priya Mishra,Denim,Straight Fit Jeans,4,2069.19,5.0,2026-09-07,Delhi,Student,2035.08,7862.92,413.84
UT101957,Rahul Malhotra,Shirts,Oxford Shirt,3,1902.7,35.0,2026-09-07,Gurugram,Working Professional,951.52,3710.27,1997.84
UT102511,Aarav Singh,Accessories,Canvas Tote,2,874.3,15.0,2026-09-07,Pune,Young Professional,580.92,1486.31,262.29
UT100289,Ananya Malhotra,Shirts,Relaxed Casual Shirt,4,2358.75,0.0,2026-09-08,Mumbai,Student,2722.61,9435.0,0.0
UT100978,Sakshi Das,T-Shirts,Minimal Logo Tee,1,1559.26,20.0,2026-09-08,Gurugram,Working Professional,323.22,1247.41,311.85
UT100993,Riya Nair,Dresses,Casual Mini Dress,1,2231.7,0.0,2026-09-08,Bengaluru,Young Professional,803.54,2231.7,0.0
UT101575,Shreya Joshi,Denim,Denim Skirt,2,3077.74,30.0,2026-09-08,Kolkata,Student,951.89,4308.84,1846.64
UT102461,Neha Nair,T-Shirts,Minimal Logo Tee,1,769.14,10.0,2026-09-08,Bengaluru,Working Professional,243.54,692.23,76.91
UT102842,Kavya Sharma,Dresses,Casual Mini Dress,1,1498.23,25.0,2026-09-08,Bengaluru,Young Professional,280.96,1123.67,374.56
UT100463,Karan Shah,Denim,Denim Skirt,1,1823.51,15.0,2026-09-09,Mumbai,Working Professional,349.97,1549.98,273.53
UT101125,Aditi Shah,Denim,Mom Fit Jeans,2,2051.86,15.0,2026-09-09,Hyderabad,Premium Shopper,917.31,3488.16,615.56
UT102113,Kabir Saxena,Denim,Wide Leg Denim,1,2818.72,15.0,2026-09-09,Hyderabad,Young Professional,716.67,2395.91,422.81
UT102210,Kavya Bansal,Denim,Wide Leg Denim,1,1652.21,0.0,2026-09-09,Delhi,Casual Shopper,465.87,1652.21,0.0
UT102586,Aditya Patel,Denim,Mom Fit Jeans,1,2042.55,10.0,2026-09-09,Chandigarh,Casual Shopper,459.83,1838.3,204.25
UT100844,Diya Kapoor,Denim,Mom Fit Jeans,3,2261.18,10.0,2026-09-10,Mumbai,Casual Shopper,1623.3,6105.19,678.35
UT101398,Neha Joshi,T-Shirts,Essential Tee,4,664.65,10.0,2026-09-10,Lucknow,Young Professional,647.19,2392.74,265.86
UT102022,Kabir Verma,Dresses,Oversized Shirt Dress,1,2022.09,0.0,2026-09-10,Kolkata,Working Professional,749.98,2022.09,0.0
UT102538,Simran Saxena,Denim,Straight Fit Jeans,1,1531.43,5.0,2026-09-10,Kolkata,Student,450.86,1454.86,76.57
UT100156,Kavya Reddy,T-Shirts,Premium Cotton Tee,1,1559.28,10.0,2026-09-11,Delhi,Young Professional,414.88,1403.35,155.93
UT100325,Isha Jain,T-Shirts,Essential Tee,2,1229.2,10.0,2026-09-11,Mumbai,Young Professional,704.93,2212.56,245.84
UT100945,Tanya Sharma,Shirts,Oxford Shirt,1,2181.31,15.0,2026-09-11,Hyderabad,Premium Shopper,394.12,1854.11,327.2
UT101056,Riya Mishra,Denim,Straight Fit Jeans,1,2147.05,20.0,2026-09-11,Surat,Working Professional,473.99,1717.64,429.41
UT101269,Simran Bansal,Denim,Straight Fit Jeans,1,1923.27,15.0,2026-09-11,Delhi,Premium Shopper,489.56,1634.78,288.49
UT100190,Priya Chopra,Dresses,Ribbed Dress,4,2235.97,25.0,2026-09-12,Pune,Premium Shopper,1969.42,6707.91,2235.97
UT100358,Tanya Gupta,Dresses,Oversized Shirt Dress,2,1596.77,35.0,2026-09-12,Kolkata,Premium Shopper,667.87,2075.8,1117.74
UT100581,Aanya Bansal,Accessories,Canvas Tote,1,840.85,10.0,2026-09-12,Bengaluru,Student,244.13,756.76,84.09
UT102927,Simran Agarwal,Shirts,Oxford Shirt,2,1237.34,40.0,2026-09-12,Hyderabad,Working Professional,385.89,1484.81,989.87
UT101738,Ananya Malhotra,Shirts,Relaxed Casual Shirt,1,1209.34,25.0,2026-09-13,Chennai,Casual Shopper,194.99,907.0,302.34
UT102450,Riya Sharma,T-Shirts,Premium Cotton Tee,1,1090.09,15.0,2026-09-13,Noida,Young Professional,234.91,926.58,163.51
UT102864,Manya Malhotra,Dresses,Ribbed Dress,1,1540.05,25.0,2026-09-13,Surat,Premium Shopper,361.51,1155.04,385.01
UT100615,Anika Das,T-Shirts,Essential Tee,1,1441.67,5.0,2026-09-14,Bengaluru,Working Professional,483.86,1369.59,72.08
UT102489,Shreya Bansal,T-Shirts,Premium Cotton Tee,1,910.22,20.0,2026-09-14,Bengaluru,Student,182.7,728.18,182.04
UT102639,Kabir Jain,T-Shirts,Essential Tee,1,1576.27,10.0,2026-09-14,Surat,Young Professional,499.0,1418.64,157.63
UT100537,Diya Shah,T-Shirts,Essential Tee,2,1152.71,15.0,2026-09-15,Kolkata,Young Professional,595.03,1959.61,345.81
UT101109,Ishaan Nair,Accessories,Minimal Sling Bag,1,1593.84,5.0,2026-09-15,Lucknow,Young Professional,463.57,1514.15,79.69
UT101168,Riya Joshi,Denim,Mom Fit Jeans,2,2334.75,25.0,2026-09-15,Chandigarh,Casual Shopper,858.28,3502.12,1167.38
UT101499,Kavya Sharma,T-Shirts,Essential Tee,3,1126.28,40.0,2026-09-15,Mumbai,Working Professional,547.42,2027.3,1351.54
UT102509,Kavya Singh,Shirts,Textured Shirt,3,1356.1,35.0,2026-09-15,Chandigarh,Student,645.38,2644.4,1423.9
UT102659,Karan Sharma,T-Shirts,Essential Tee,4,1108.09,5.0,2026-09-15,Gurugram,Working Professional,1349.64,4210.74,221.62
UT100677,Aditi Jain,T-Shirts,Essential Tee,1,1053.82,0.0,2026-09-16,Gurugram,Working Professional,367.24,1053.82,0.0
UT101544,Meera Sharma,Shirts,Oxford Shirt,4,1488.01,5.0,2026-09-16,Bengaluru,Premium Shopper,1815.87,5654.44,297.6
UT101784,Riya Mehta,Shirts,Oxford Shirt,1,1489.57,25.0,2026-09-16,Noida,Student,275.71,1117.18,372.39
UT101789,Nisha Mehta,Denim,Wide Leg Denim,4,1798.59,15.0,2026-09-16,Noida,Working Professional,1617.23,6115.21,1079.15
UT102065,Neha Verma,Denim,Straight Fit Jeans,3,2338.23,0.0,2026-09-16,Gurugram,Working Professional,2051.92,7014.69,0.0
UT102298,Vivaan Sharma,Denim,Straight Fit Jeans,2,1518.93,20.0,2026-09-16,Lucknow,Student,605.42,2430.29,607.57
UT102757,Manya Jain,Denim,Wide Leg Denim,1,1562.47,20.0,2026-09-16,Chandigarh,Student,292.23,1249.98,312.49
UT102816,Sneha Kapoor,Denim,Mom Fit Jeans,2,1623.64,10.0,2026-09-16,Chandigarh,Young Professional,798.31,2922.55,324.73
UT100003,Aarav Mehta,Shirts,Linen Shirt,2,1536.52,10.0,2026-09-17,Bengaluru,Premium Shopper,882.63,2765.74,307.3
UT100134,Neha Agarwal,T-Shirts,Premium Cotton Tee,1,1522.12,10.0,2026-09-17,Surat,Casual Shopper,369.99,1369.91,152.21
UT100668,Neha Mishra,Dresses,Casual Mini Dress,1,1929.32,20.0,2026-09-18,Ahmedabad,Working Professional,452.43,1543.46,385.86
UT101036,Neha Saxena,Denim,Straight Fit Jeans,1,2934.39,15.0,2026-09-18,Surat,Student,574.29,2494.23,440.16
UT101388,Kabir Saxena,T-Shirts,Relaxed Fit Tee,4,745.93,30.0,2026-09-18,Chandigarh,Young Professional,579.59,2088.6,895.12
UT101725,Riya Kumar,Denim,Mom Fit Jeans,1,2014.11,15.0,2026-09-18,Chandigarh,Working Professional,434.21,1711.99,302.12
UT102808,Yash Singh,T-Shirts,Relaxed Fit Tee,2,1249.63,10.0,2026-09-18,Mumbai,Young Professional,652.21,2249.33,249.93
UT102834,Rahul Mehta,Denim,Mom Fit Jeans,2,2265.73,5.0,2026-09-18,Jaipur,Young Professional,1223.09,4304.89,226.57
UT100608,Arjun Kapoor,T-Shirts,Premium Cotton Tee,3,876.56,0.0,2026-09-19,Bengaluru,Working Professional,822.72,2629.68,0.0
UT100623,Riya Chopra,T-Shirts,Minimal Logo Tee,2,670.38,20.0,2026-09-19,Surat,Student,233.37,1072.61,268.15
UT102672,Vivaan Mehta,T-Shirts,Minimal Logo Tee,5,1268.63,20.0,2026-09-19,Noida,Working Professional,1424.32,5074.52,1268.63
UT100785,Yash Jain,T-Shirts,Premium Cotton Tee,1,1579.17,20.0,2026-09-20,Delhi,Student,308.11,1263.34,315.83
UT101221,Ananya Joshi,T-Shirts,Premium Cotton Tee,1,1461.75,5.0,2026-09-20,Gurugram,Working Professional,455.05,1388.66,73.09
UT101531,Manya Singh,Denim,Denim Skirt,3,1688.77,0.0,2026-09-20,Pune,Young Professional,1417.62,5066.31,0.0
UT101603,Aarav Mishra,Dresses,Floral Midi Dress,1,2538.49,15.0,2026-09-20,Bengaluru,Student,613.02,2157.72,380.77
UT101901,Simran Das,Accessories,Cap,1,521.08,25.0,2026-09-20,Bengaluru,Student,168.76,390.81,130.27
UT100673,Karan Saxena,Denim,Denim Skirt,3,2848.93,10.0,2026-09-21,Chandigarh,Young Professional,2129.75,7692.11,854.68
UT101559,Kavya Mishra,T-Shirts,Relaxed Fit Tee,2,1287.34,15.0,2026-09-21,Hyderabad,Student,625.34,2188.48,386.2
UT102013,Ananya Agarwal,Dresses,Ribbed Dress,1,2031.06,20.0,2026-09-21,Lucknow,Casual Shopper,477.69,1624.85,406.21
UT102144,Arjun Verma,T-Shirts,Relaxed Fit Tee,2,1550.79,0.0,2026-09-21,Jaipur,Student,990.6,3101.58,0.0
UT102350,Meera Chopra,T-Shirts,Relaxed Fit Tee,1,1125.22,20.0,2026-09-21,Lucknow,Student,219.01,900.18,225.04
UT100000,Ananya Agarwal,T-Shirts,Premium Cotton Tee,1,966.15,5.0,2026-09-22,Chandigarh,Working Professional,286.59,917.84,48.31
UT100100,Simran Bansal,Accessories,Cap,4,811.9,15.0,2026-09-22,Chandigarh,Working Professional,920.77,2760.46,487.14
UT100127,Aditi Reddy,Dresses,Floral Midi Dress,1,2690.38,0.0,2026-09-22,Bengaluru,Premium Shopper,906.82,2690.38,0.0
UT100840,Rahul Gupta,T-Shirts,Relaxed Fit Tee,2,842.86,25.0,2026-09-22,Bengaluru,Working Professional,387.02,1264.29,421.43
UT101103,Ananya Joshi,T-Shirts,Relaxed Fit Tee,2,771.61,5.0,2026-09-22,Lucknow,Young Professional,374.35,1466.06,77.16
UT101999,Anika Chopra,T-Shirts,Relaxed Fit Tee,2,1444.17,15.0,2026-09-22,Ahmedabad,Student,664.02,2455.09,433.25
UT102140,Aarav Chopra,Accessories,Cap,2,1329.21,25.0,2026-09-22,Mumbai,Working Professional,699.19,1993.82,664.6
UT102786,Neha Singh,Denim,Mom Fit Jeans,2,2368.9,10.0,2026-09-22,Delhi,Working Professional,1265.79,4264.02,473.78
UT100425,Yash Patel,Shirts,Relaxed Casual Shirt,2,1667.02,0.0,2026-09-23,Chennai,Working Professional,1014.83,3334.04,0.0
UT102691,Rohan Patel,Denim,Denim Skirt,1,3248.6,20.0,2026-09-23,Mumbai,Working Professional,718.69,2598.88,649.72
UT102735,Yash Mishra,T-Shirts,Minimal Logo Tee,2,710.79,35.0,2026-09-23,Noida,Casual Shopper,230.08,924.03,497.55
UT100557,Isha Shah,Dresses,Floral Midi Dress,2,2015.98,0.0,2026-09-24,Jaipur,Working Professional,1378.25,4031.96,0.0
UT100567,Manya Kumar,Shirts,Oxford Shirt,1,2391.73,0.0,2026-09-24,Jaipur,Young Professional,798.98,2391.73,0.0
UT101023,Kavya Kapoor,T-Shirts,Premium Cotton Tee,3,1064.01,10.0,2026-09-24,Kolkata,Casual Shopper,948.6,2872.83,319.2
UT101699,Tanya Shah,Denim,Straight Fit Jeans,1,2389.14,10.0,2026-09-24,Noida,Young Professional,483.19,2150.23,238.91
UT101917,Vivaan Mishra,T-Shirts,Essential Tee,5,683.26,20.0,2026-09-24,Ahmedabad,Student,785.02,2733.04,683.26
UT102494,Kabir Gupta,Denim,Wide Leg Denim,1,1799.16,5.0,2026-09-24,Mumbai,Student,457.26,1709.2,89.96
UT102520,Ishaan Chopra,Accessories,Minimal Sling Bag,1,926.71,5.0,2026-09-24,Lucknow,Student,190.47,880.37,46.34
UT102835,Shreya Saxena,T-Shirts,Minimal Logo Tee,2,1301.36,0.0,2026-09-24,Bengaluru,Working Professional,826.07,2602.72,0.0
UT100029,Manya Verma,T-Shirts,Essential Tee,3,1135.41,15.0,2026-09-25,Surat,Student,824.62,2895.3,510.93
UT100249,Rahul Verma,Dresses,Casual Mini Dress,4,2319.32,25.0,2026-09-25,Ahmedabad,Working Professional,2066.85,6957.96,2319.32
UT100465,Anika Mishra,T-Shirts,Premium Cotton Tee,1,1421.14,20.0,2026-09-25,Surat,Casual Shopper,232.63,1136.91,284.23
UT100483,Kabir Agarwal,T-Shirts,Essential Tee,2,1234.59,15.0,2026-09-25,Pune,Premium Shopper,744.07,2098.8,370.38
UT100752,Pooja Reddy,T-Shirts,Relaxed Fit Tee,3,899.84,10.0,2026-09-25,Hyderabad,Working Professional,717.66,2429.57,269.95
UT100773,Sneha Bansal,Dresses,Ribbed Dress,1,2692.22,20.0,2026-09-25,Lucknow,Casual Shopper,639.08,2153.78,538.44
UT102573,Anika Kapoor,Dresses,Ribbed Dress,1,2410.4,25.0,2026-09-25,Pune,Working Professional,514.67,1807.8,602.6
UT100470,Sakshi Kumar,Shirts,Relaxed Casual Shirt,2,2287.56,20.0,2026-09-26,Hyderabad,Premium Shopper,1065.32,3660.1,915.02
UT100640,Neha Mehta,Accessories,Minimal Sling Bag,1,1233.2,15.0,2026-09-26,Ahmedabad,Student,361.94,1048.22,184.98
UT100926,Sneha Reddy,Dresses,Ribbed Dress,2,2235.79,0.0,2026-09-26,Chandigarh,Working Professional,1480.25,4471.58,0.0
UT101000,Vivaan Patel,Accessories,Minimal Sling Bag,3,1173.16,0.0,2026-09-26,Chennai,Young Professional,1280.53,3519.48,0.0
UT101376,Shreya Gupta,Accessories,Leather Wallet,2,1762.04,15.0,2026-09-26,Delhi,Student,994.7,2995.47,528.61
UT102678,Kabir Das,Shirts,Relaxed Casual Shirt,2,1780.7,25.0,2026-09-26,Hyderabad,Working Professional,820.31,2671.05,890.35
UT102875,Aarav Gupta,Shirts,Textured Shirt,2,1143.11,25.0,2026-09-26,Hyderabad,Premium Shopper,523.44,1714.66,571.55
UT102942,Arjun Nair,Dresses,Floral Midi Dress,4,2733.01,5.0,2026-09-26,Chennai,Student,3123.49,10385.44,546.6
UT102030,Aarav Agarwal,Dresses,Ribbed Dress,1,1638.25,5.0,2026-09-27,Ahmedabad,Premium Shopper,609.53,1556.34,81.91
UT102920,Nisha Joshi,Shirts,Oxford Shirt,4,1087.87,25.0,2026-09-27,Chandigarh,Student,766.8,3263.61,1087.87
UT100388,Ananya Agarwal,Accessories,Canvas Tote,3,1630.06,15.0,2026-09-28,Hyderabad,Student,1349.98,4156.65,733.53
UT101911,Nisha Kumar,T-Shirts,Relaxed Fit Tee,4,1237.94,5.0,2026-09-28,Chennai,Student,1359.21,4704.17,247.59
UT101190,Kavya Das,T-Shirts,Relaxed Fit Tee,4,1543.46,10.0,2026-09-29,Pune,Student,1567.82,5556.46,617.38
UT101346,Diya Jain,Shirts,Oxford Shirt,1,1216.71,15.0,2026-09-29,Ahmedabad,Student,307.59,1034.2,182.51
UT101407,Diya Singh,T-Shirts,Premium Cotton Tee,4,1301.39,5.0,2026-09-29,Surat,Working Professional,1629.02,4945.28,260.28
UT101671,Pooja Verma,Dresses,Casual Mini Dress,1,2346.33,10.0,2026-09-29,Ahmedabad,Young Professional,646.7,2111.7,234.63
UT102646,Karan Chopra,T-Shirts,Relaxed Fit Tee,2,961.98,35.0,2026-09-29,Hyderabad,Working Professional,252.67,1250.57,673.39
UT102747,Manya Nair,Dresses,Oversized Shirt Dress,2,2963.68,25.0,2026-09-29,Mumbai,Student,1165.92,4445.52,1481.84
UT100026,Rohan Patel,T-Shirts,Essential Tee,3,1084.6,25.0,2026-09-30,Surat,Premium Shopper,628.59,2440.35,813.45
UT100329,Yash Jain,Shirts,Textured Shirt,2,2297.13,5.0,2026-09-30,Chennai,Working Professional,1332.29,4364.55,229.71
UT102208,Kritika Das,T-Shirts,Relaxed Fit Tee,1,894.52,20.0,2026-09-30,Delhi,Premium Shopper,294.46,715.62,178.9
UT102567,Kritika Das,T-Shirts,Essential Tee,4,1130.4,0.0,2026-09-30,Jaipur,Working Professional,1465.86,4521.6,0.0
